⚠ [8706/8709] Replayed RhAttack.P4Em
warning: RhAttack/P4Em.lean:1:0: * '/- P4Em — the 1st-order Euler–Maclaurin formula, verbatim port.':
Malformed or missing copyright header: `/-` should be alone on its own line.


Note: This linter can be disabled with `set_option linter.style.header false`
warning: RhAttack/P4Em.lean:36:68: * '':
Copyright line should start with 'Copyright (c) YYYY'


Note: This linter can be disabled with `set_option linter.style.header false`
warning: RhAttack/P4Em.lean:36:68: * '':
Copyright line should end with '. All rights reserved.'


Note: This linter can be disabled with `set_option linter.style.header false`
warning: RhAttack/P4Em.lean:4:0: * '(spec: plan/40-prize-islands/rh-attack/spec/p4-tail-law-abstract.md §0.6/§T3).

ROLE: the engine of the second-order EM derivation (Atom-2) and of the
B̂₁-remainder form of the tail of Σ k^{−s} — the definition-side core
of W_n(t) for the floor (P8).

APPROACH: VERBATIM PORT (published solution, day-017 online search;
the owner's hunch that a prior formalization exists — it does).
Source: https://github.com/AlexKontorovich/PrimeNumberTheoremAnd, file
PrimeNumberTheoremAnd/EulerMaclaurin.lean (a PNT proof in Lean,v4.32.2 / mathlib 905b958; the zeta-23-lean fork carries the same
verbatim content). Copyright the PrimeNumberTheoremAnd contributors;
Apache License 2.0. Local modifications: none (verbatim copy); the
target of our pinned 4.33.1 mathlib. The one dependency,`Mathlib.NumberTheory.AbelSummation.sum_mul_eq_sub_sub_integral_mul`,is verified present in the pinned mathlib (AbelSummation.lean:129).
`import Mathlib` (vs the upstream single-module import) matches this
package's convention; the file body is otherwise byte-identical.
Local deviations EXACTLY ONE: `set_option linter.style.longLine false`
(upstream lines exceed 100 chars; reflowing would break byte-identity).

STATUS: ported day-017; compiles against Lean 4.33.1 + pinned mathlib
(build `lake build RhAttack.P4Em`, exit 0, 8706 jobs, no errors).

THEOREMS (global names, per the ProbeN name-global pin):
  B1 — the 1st periodic Bernoulli function (x − ⌊x⌋₊ − ½)
  aestronglyMeasurable_B1, abs_B1_le_half
  integral_deriv_mul_add_const, intervalIntegrable_deriv_mul_B1
  integral_deriv_mul_floor_add_one
  sum_eq_integral_add_integral_deriv — the 1st-order EM identity:
    ∑ k ∈ Ioc ⌊a⌋ ⌊b⌋, f k =
      f a·B1 a − f b·B1 b + ∫_a^b f + ∫_a^b f′·B1
    for [RCLike 𝕜] (ℝ or ℂ), a ≤ b, f differentiable, f′ continuous.':
If an authors line spans multiple lines, each line but the last must end with a trailing comma


Note: This linter can be disabled with `set_option linter.style.header false`
warning: RhAttack/P4Em.lean:4:0: * '(spec: pl':
The authors line should begin with 'Authors: '


Note: This linter can be disabled with `set_option linter.style.header false`
warning: RhAttack/P4Em.lean:28:54: * '  ':
Double spaces are not allowed.


Note: This linter can be disabled with `set_option linter.style.header false`
warning: RhAttack/P4Em.lean:6:59: * ' and ':
Please, do not use 'and'; use ',' instead.


Note: This linter can be disabled with `set_option linter.style.header false`
warning: RhAttack/P4Em.lean:4:64: * '.':
Please, do not end the authors' line with a period.


Note: This linter can be disabled with `set_option linter.style.header false`
warning: RhAttack/P4Em.lean:3:0: * 'OUTLINE piece: P4 (the rigorous missing-tail law, §9 row P4), Atom-1':
Second copyright line should be "Released under Apache 2.0 license as described in the file LICENSE."


Note: This linter can be disabled with `set_option linter.style.header false`
warning: RhAttack/P4Em.lean:41:0: The module doc-string for a file should be the first command after the imports.
Please, add a module doc-string before `set_option linter.style.longLine false`.

Note: This linter can be disabled with `set_option linter.style.header false`
warning: RhAttack/P4Em.lean:1:0: * '/- P4Em — the 1st-order Euler–Maclaurin formula, verbatim port.':
Malformed or missing copyright header: `/-` should be alone on its own line.


Note: This linter can be disabled with `set_option linter.style.header false`
warning: RhAttack/P4Em.lean:36:68: * '':
Copyright line should start with 'Copyright (c) YYYY'


Note: This linter can be disabled with `set_option linter.style.header false`
warning: RhAttack/P4Em.lean:36:68: * '':
Copyright line should end with '. All rights reserved.'


Note: This linter can be disabled with `set_option linter.style.header false`
warning: RhAttack/P4Em.lean:4:0: * '(spec: plan/40-prize-islands/rh-attack/spec/p4-tail-law-abstract.md §0.6/§T3).

ROLE: the engine of the second-order EM derivation (Atom-2) and of the
B̂₁-remainder form of the tail of Σ k^{−s} — the definition-side core
of W_n(t) for the floor (P8).

APPROACH: VERBATIM PORT (published solution, day-017 online search;
the owner's hunch that a prior formalization exists — it does).
Source: https://github.com/AlexKontorovich/PrimeNumberTheoremAnd, file
PrimeNumberTheoremAnd/EulerMaclaurin.lean (a PNT proof in Lean,v4.32.2 / mathlib 905b958; the zeta-23-lean fork carries the same
verbatim content). Copyright the PrimeNumberTheoremAnd contributors;
Apache License 2.0. Local modifications: none (verbatim copy); the
target of our pinned 4.33.1 mathlib. The one dependency,`Mathlib.NumberTheory.AbelSummation.sum_mul_eq_sub_sub_integral_mul`,is verified present in the pinned mathlib (AbelSummation.lean:129).
`import Mathlib` (vs the upstream single-module import) matches this
package's convention; the file body is otherwise byte-identical.
Local deviations EXACTLY ONE: `set_option linter.style.longLine false`
(upstream lines exceed 100 chars; reflowing would break byte-identity).

STATUS: ported day-017; compiles against Lean 4.33.1 + pinned mathlib
(build `lake build RhAttack.P4Em`, exit 0, 8706 jobs, no errors).

THEOREMS (global names, per the ProbeN name-global pin):
  B1 — the 1st periodic Bernoulli function (x − ⌊x⌋₊ − ½)
  aestronglyMeasurable_B1, abs_B1_le_half
  integral_deriv_mul_add_const, intervalIntegrable_deriv_mul_B1
  integral_deriv_mul_floor_add_one
  sum_eq_integral_add_integral_deriv — the 1st-order EM identity:
    ∑ k ∈ Ioc ⌊a⌋ ⌊b⌋, f k =
      f a·B1 a − f b·B1 b + ∫_a^b f + ∫_a^b f′·B1
    for [RCLike 𝕜] (ℝ or ℂ), a ≤ b, f differentiable, f′ continuous.':
If an authors line spans multiple lines, each line but the last must end with a trailing comma


Note: This linter can be disabled with `set_option linter.style.header false`
warning: RhAttack/P4Em.lean:4:0: * '(spec: pl':
The authors line should begin with 'Authors: '


Note: This linter can be disabled with `set_option linter.style.header false`
warning: RhAttack/P4Em.lean:28:54: * '  ':
Double spaces are not allowed.


Note: This linter can be disabled with `set_option linter.style.header false`
warning: RhAttack/P4Em.lean:6:59: * ' and ':
Please, do not use 'and'; use ',' instead.


Note: This linter can be disabled with `set_option linter.style.header false`
warning: RhAttack/P4Em.lean:4:64: * '.':
Please, do not end the authors' line with a period.


Note: This linter can be disabled with `set_option linter.style.header false`
warning: RhAttack/P4Em.lean:3:0: * 'OUTLINE piece: P4 (the rigorous missing-tail law, §9 row P4), Atom-1':
Second copyright line should be "Released under Apache 2.0 license as described in the file LICENSE."


Note: This linter can be disabled with `set_option linter.style.header false`
warning: RhAttack/P4Em.lean:41:0: The module doc-string for a file should be the first command after the imports.
Please, add a module doc-string before `@[expose] public section`.

Note: This linter can be disabled with `set_option linter.style.header false`
warning: RhAttack/P4Em.lean:1:0: * '/- P4Em — the 1st-order Euler–Maclaurin formula, verbatim port.':
Malformed or missing copyright header: `/-` should be alone on its own line.


Note: This linter can be disabled with `set_option linter.style.header false`
warning: RhAttack/P4Em.lean:36:68: * '':
Copyright line should start with 'Copyright (c) YYYY'


Note: This linter can be disabled with `set_option linter.style.header false`
warning: RhAttack/P4Em.lean:36:68: * '':
Copyright line should end with '. All rights reserved.'


Note: This linter can be disabled with `set_option linter.style.header false`
warning: RhAttack/P4Em.lean:4:0: * '(spec: plan/40-prize-islands/rh-attack/spec/p4-tail-law-abstract.md §0.6/§T3).

ROLE: the engine of the second-order EM derivation (Atom-2) and of the
B̂₁-remainder form of the tail of Σ k^{−s} — the definition-side core
of W_n(t) for the floor (P8).

APPROACH: VERBATIM PORT (published solution, day-017 online search;
the owner's hunch that a prior formalization exists — it does).
Source: https://github.com/AlexKontorovich/PrimeNumberTheoremAnd, file
PrimeNumberTheoremAnd/EulerMaclaurin.lean (a PNT proof in Lean,v4.32.2 / mathlib 905b958; the zeta-23-lean fork carries the same
verbatim content). Copyright the PrimeNumberTheoremAnd contributors;
Apache License 2.0. Local modifications: none (verbatim copy); the
target of our pinned 4.33.1 mathlib. The one dependency,`Mathlib.NumberTheory.AbelSummation.sum_mul_eq_sub_sub_integral_mul`,is verified present in the pinned mathlib (AbelSummation.lean:129).
`import Mathlib` (vs the upstream single-module import) matches this
package's convention; the file body is otherwise byte-identical.
Local deviations EXACTLY ONE: `set_option linter.style.longLine false`
(upstream lines exceed 100 chars; reflowing would break byte-identity).

STATUS: ported day-017; compiles against Lean 4.33.1 + pinned mathlib
(build `lake build RhAttack.P4Em`, exit 0, 8706 jobs, no errors).

THEOREMS (global names, per the ProbeN name-global pin):
  B1 — the 1st periodic Bernoulli function (x − ⌊x⌋₊ − ½)
  aestronglyMeasurable_B1, abs_B1_le_half
  integral_deriv_mul_add_const, intervalIntegrable_deriv_mul_B1
  integral_deriv_mul_floor_add_one
  sum_eq_integral_add_integral_deriv — the 1st-order EM identity:
    ∑ k ∈ Ioc ⌊a⌋ ⌊b⌋, f k =
      f a·B1 a − f b·B1 b + ∫_a^b f + ∫_a^b f′·B1
    for [RCLike 𝕜] (ℝ or ℂ), a ≤ b, f differentiable, f′ continuous.':
If an authors line spans multiple lines, each line but the last must end with a trailing comma


Note: This linter can be disabled with `set_option linter.style.header false`
warning: RhAttack/P4Em.lean:4:0: * '(spec: pl':
The authors line should begin with 'Authors: '


Note: This linter can be disabled with `set_option linter.style.header false`
warning: RhAttack/P4Em.lean:28:54: * '  ':
Double spaces are not allowed.


Note: This linter can be disabled with `set_option linter.style.header false`
warning: RhAttack/P4Em.lean:6:59: * ' and ':
Please, do not use 'and'; use ',' instead.


Note: This linter can be disabled with `set_option linter.style.header false`
warning: RhAttack/P4Em.lean:4:64: * '.':
Please, do not end the authors' line with a period.


Note: This linter can be disabled with `set_option linter.style.header false`
warning: RhAttack/P4Em.lean:3:0: * 'OUTLINE piece: P4 (the rigorous missing-tail law, §9 row P4), Atom-1':
Second copyright line should be "Released under Apache 2.0 license as described in the file LICENSE."


Note: This linter can be disabled with `set_option linter.style.header false`
warning: RhAttack/P4Em.lean:41:0: The module doc-string for a file should be the first command after the imports.
Please, add a module doc-string before `open Finset Interval MeasureTheory`.

Note: This linter can be disabled with `set_option linter.style.header false`
warning: RhAttack/P4Em.lean:1:0: * '/- P4Em — the 1st-order Euler–Maclaurin formula, verbatim port.':
Malformed or missing copyright header: `/-` should be alone on its own line.


Note: This linter can be disabled with `set_option linter.style.header false`
warning: RhAttack/P4Em.lean:36:68: * '':
Copyright line should start with 'Copyright (c) YYYY'


Note: This linter can be disabled with `set_option linter.style.header false`
warning: RhAttack/P4Em.lean:36:68: * '':
Copyright line should end with '. All rights reserved.'


Note: This linter can be disabled with `set_option linter.style.header false`
warning: RhAttack/P4Em.lean:4:0: * '(spec: plan/40-prize-islands/rh-attack/spec/p4-tail-law-abstract.md §0.6/§T3).

ROLE: the engine of the second-order EM derivation (Atom-2) and of the
B̂₁-remainder form of the tail of Σ k^{−s} — the definition-side core
of W_n(t) for the floor (P8).

APPROACH: VERBATIM PORT (published solution, day-017 online search;
the owner's hunch that a prior formalization exists — it does).
Source: https://github.com/AlexKontorovich/PrimeNumberTheoremAnd, file
PrimeNumberTheoremAnd/EulerMaclaurin.lean (a PNT proof in Lean,v4.32.2 / mathlib 905b958; the zeta-23-lean fork carries the same
verbatim content). Copyright the PrimeNumberTheoremAnd contributors;
Apache License 2.0. Local modifications: none (verbatim copy); the
target of our pinned 4.33.1 mathlib. The one dependency,`Mathlib.NumberTheory.AbelSummation.sum_mul_eq_sub_sub_integral_mul`,is verified present in the pinned mathlib (AbelSummation.lean:129).
`import Mathlib` (vs the upstream single-module import) matches this
package's convention; the file body is otherwise byte-identical.
Local deviations EXACTLY ONE: `set_option linter.style.longLine false`
(upstream lines exceed 100 chars; reflowing would break byte-identity).

STATUS: ported day-017; compiles against Lean 4.33.1 + pinned mathlib
(build `lake build RhAttack.P4Em`, exit 0, 8706 jobs, no errors).

THEOREMS (global names, per the ProbeN name-global pin):
  B1 — the 1st periodic Bernoulli function (x − ⌊x⌋₊ − ½)
  aestronglyMeasurable_B1, abs_B1_le_half
  integral_deriv_mul_add_const, intervalIntegrable_deriv_mul_B1
  integral_deriv_mul_floor_add_one
  sum_eq_integral_add_integral_deriv — the 1st-order EM identity:
    ∑ k ∈ Ioc ⌊a⌋ ⌊b⌋, f k =
      f a·B1 a − f b·B1 b + ∫_a^b f + ∫_a^b f′·B1
    for [RCLike 𝕜] (ℝ or ℂ), a ≤ b, f differentiable, f′ continuous.':
If an authors line spans multiple lines, each line but the last must end with a trailing comma


Note: This linter can be disabled with `set_option linter.style.header false`
warning: RhAttack/P4Em.lean:4:0: * '(spec: pl':
The authors line should begin with 'Authors: '


Note: This linter can be disabled with `set_option linter.style.header false`
warning: RhAttack/P4Em.lean:28:54: * '  ':
Double spaces are not allowed.


Note: This linter can be disabled with `set_option linter.style.header false`
warning: RhAttack/P4Em.lean:6:59: * ' and ':
Please, do not use 'and'; use ',' instead.


Note: This linter can be disabled with `set_option linter.style.header false`
warning: RhAttack/P4Em.lean:4:64: * '.':
Please, do not end the authors' line with a period.


Note: This linter can be disabled with `set_option linter.style.header false`
warning: RhAttack/P4Em.lean:3:0: * 'OUTLINE piece: P4 (the rigorous missing-tail law, §9 row P4), Atom-1':
Second copyright line should be "Released under Apache 2.0 license as described in the file LICENSE."


Note: This linter can be disabled with `set_option linter.style.header false`
warning: RhAttack/P4Em.lean:41:0: The module doc-string for a file should be the first command after the imports.
Please, add a module doc-string before `variable {𝕜 : Type*} [RCLike 𝕜] {f : ℝ → 𝕜} {a b : ℝ}`.

Note: This linter can be disabled with `set_option linter.style.header false`
warning: RhAttack/P4Em.lean:1:0: * '/- P4Em — the 1st-order Euler–Maclaurin formula, verbatim port.':
Malformed or missing copyright header: `/-` should be alone on its own line.


Note: This linter can be disabled with `set_option linter.style.header false`
warning: RhAttack/P4Em.lean:36:68: * '':
Copyright line should start with 'Copyright (c) YYYY'


Note: This linter can be disabled with `set_option linter.style.header false`
warning: RhAttack/P4Em.lean:36:68: * '':
Copyright line should end with '. All rights reserved.'


Note: This linter can be disabled with `set_option linter.style.header false`
warning: RhAttack/P4Em.lean:4:0: * '(spec: plan/40-prize-islands/rh-attack/spec/p4-tail-law-abstract.md §0.6/§T3).

ROLE: the engine of the second-order EM derivation (Atom-2) and of the
B̂₁-remainder form of the tail of Σ k^{−s} — the definition-side core
of W_n(t) for the floor (P8).

APPROACH: VERBATIM PORT (published solution, day-017 online search;
the owner's hunch that a prior formalization exists — it does).
Source: https://github.com/AlexKontorovich/PrimeNumberTheoremAnd, file
PrimeNumberTheoremAnd/EulerMaclaurin.lean (a PNT proof in Lean,v4.32.2 / mathlib 905b958; the zeta-23-lean fork carries the same
verbatim content). Copyright the PrimeNumberTheoremAnd contributors;
Apache License 2.0. Local modifications: none (verbatim copy); the
target of our pinned 4.33.1 mathlib. The one dependency,`Mathlib.NumberTheory.AbelSummation.sum_mul_eq_sub_sub_integral_mul`,is verified present in the pinned mathlib (AbelSummation.lean:129).
`import Mathlib` (vs the upstream single-module import) matches this
package's convention; the file body is otherwise byte-identical.
Local deviations EXACTLY ONE: `set_option linter.style.longLine false`
(upstream lines exceed 100 chars; reflowing would break byte-identity).

STATUS: ported day-017; compiles against Lean 4.33.1 + pinned mathlib
(build `lake build RhAttack.P4Em`, exit 0, 8706 jobs, no errors).

THEOREMS (global names, per the ProbeN name-global pin):
  B1 — the 1st periodic Bernoulli function (x − ⌊x⌋₊ − ½)
  aestronglyMeasurable_B1, abs_B1_le_half
  integral_deriv_mul_add_const, intervalIntegrable_deriv_mul_B1
  integral_deriv_mul_floor_add_one
  sum_eq_integral_add_integral_deriv — the 1st-order EM identity:
    ∑ k ∈ Ioc ⌊a⌋ ⌊b⌋, f k =
      f a·B1 a − f b·B1 b + ∫_a^b f + ∫_a^b f′·B1
    for [RCLike 𝕜] (ℝ or ℂ), a ≤ b, f differentiable, f′ continuous.':
If an authors line spans multiple lines, each line but the last must end with a trailing comma


Note: This linter can be disabled with `set_option linter.style.header false`
warning: RhAttack/P4Em.lean:4:0: * '(spec: pl':
The authors line should begin with 'Authors: '


Note: This linter can be disabled with `set_option linter.style.header false`
warning: RhAttack/P4Em.lean:28:54: * '  ':
Double spaces are not allowed.


Note: This linter can be disabled with `set_option linter.style.header false`
warning: RhAttack/P4Em.lean:6:59: * ' and ':
Please, do not use 'and'; use ',' instead.


Note: This linter can be disabled with `set_option linter.style.header false`
warning: RhAttack/P4Em.lean:4:64: * '.':
Please, do not end the authors' line with a period.


Note: This linter can be disabled with `set_option linter.style.header false`
warning: RhAttack/P4Em.lean:3:0: * 'OUTLINE piece: P4 (the rigorous missing-tail law, §9 row P4), Atom-1':
Second copyright line should be "Released under Apache 2.0 license as described in the file LICENSE."


Note: This linter can be disabled with `set_option linter.style.header false`
warning: RhAttack/P4Em.lean:41:0: The module doc-string for a file should be the first command after the imports.
Please, add a module doc-string before `/-- The 1st Bernoulli function. -/
noncomputable def B1 (x : ℝ) : ℝ :=
  x - ⌊x⌋₊ - 1 / 2`.

Note: This linter can be disabled with `set_option linter.style.header false`
warning: RhAttack/P4Em.lean:1:0: * '/- P4Em — the 1st-order Euler–Maclaurin formula, verbatim port.':
Malformed or missing copyright header: `/-` should be alone on its own line.


Note: This linter can be disabled with `set_option linter.style.header false`
warning: RhAttack/P4Em.lean:36:68: * '':
Copyright line should start with 'Copyright (c) YYYY'


Note: This linter can be disabled with `set_option linter.style.header false`
warning: RhAttack/P4Em.lean:36:68: * '':
Copyright line should end with '. All rights reserved.'


Note: This linter can be disabled with `set_option linter.style.header false`
warning: RhAttack/P4Em.lean:4:0: * '(spec: plan/40-prize-islands/rh-attack/spec/p4-tail-law-abstract.md §0.6/§T3).

ROLE: the engine of the second-order EM derivation (Atom-2) and of the
B̂₁-remainder form of the tail of Σ k^{−s} — the definition-side core
of W_n(t) for the floor (P8).

APPROACH: VERBATIM PORT (published solution, day-017 online search;
the owner's hunch that a prior formalization exists — it does).
Source: https://github.com/AlexKontorovich/PrimeNumberTheoremAnd, file
PrimeNumberTheoremAnd/EulerMaclaurin.lean (a PNT proof in Lean,v4.32.2 / mathlib 905b958; the zeta-23-lean fork carries the same
verbatim content). Copyright the PrimeNumberTheoremAnd contributors;
Apache License 2.0. Local modifications: none (verbatim copy); the
target of our pinned 4.33.1 mathlib. The one dependency,`Mathlib.NumberTheory.AbelSummation.sum_mul_eq_sub_sub_integral_mul`,is verified present in the pinned mathlib (AbelSummation.lean:129).
`import Mathlib` (vs the upstream single-module import) matches this
package's convention; the file body is otherwise byte-identical.
Local deviations EXACTLY ONE: `set_option linter.style.longLine false`
(upstream lines exceed 100 chars; reflowing would break byte-identity).

STATUS: ported day-017; compiles against Lean 4.33.1 + pinned mathlib
(build `lake build RhAttack.P4Em`, exit 0, 8706 jobs, no errors).

THEOREMS (global names, per the ProbeN name-global pin):
  B1 — the 1st periodic Bernoulli function (x − ⌊x⌋₊ − ½)
  aestronglyMeasurable_B1, abs_B1_le_half
  integral_deriv_mul_add_const, intervalIntegrable_deriv_mul_B1
  integral_deriv_mul_floor_add_one
  sum_eq_integral_add_integral_deriv — the 1st-order EM identity:
    ∑ k ∈ Ioc ⌊a⌋ ⌊b⌋, f k =
      f a·B1 a − f b·B1 b + ∫_a^b f + ∫_a^b f′·B1
    for [RCLike 𝕜] (ℝ or ℂ), a ≤ b, f differentiable, f′ continuous.':
If an authors line spans multiple lines, each line but the last must end with a trailing comma


Note: This linter can be disabled with `set_option linter.style.header false`
warning: RhAttack/P4Em.lean:4:0: * '(spec: pl':
The authors line should begin with 'Authors: '


Note: This linter can be disabled with `set_option linter.style.header false`
warning: RhAttack/P4Em.lean:28:54: * '  ':
Double spaces are not allowed.


Note: This linter can be disabled with `set_option linter.style.header false`
warning: RhAttack/P4Em.lean:6:59: * ' and ':
Please, do not use 'and'; use ',' instead.


Note: This linter can be disabled with `set_option linter.style.header false`
warning: RhAttack/P4Em.lean:4:64: * '.':
Please, do not end the authors' line with a period.


Note: This linter can be disabled with `set_option linter.style.header false`
warning: RhAttack/P4Em.lean:3:0: * 'OUTLINE piece: P4 (the rigorous missing-tail law, §9 row P4), Atom-1':
Second copyright line should be "Released under Apache 2.0 license as described in the file LICENSE."


Note: This linter can be disabled with `set_option linter.style.header false`
warning: RhAttack/P4Em.lean:41:0: The module doc-string for a file should be the first command after the imports.
Please, add a module doc-string before `@[fun_prop]
lemma aestronglyMeasurable_B1 : AEStronglyMeasurable B1 :=
  by
  unfold B1
  fun_prop`.

Note: This linter can be disabled with `set_option linter.style.header false`
warning: RhAttack/P4Em.lean:1:0: * '/- P4Em — the 1st-order Euler–Maclaurin formula, verbatim port.':
Malformed or missing copyright header: `/-` should be alone on its own line.


Note: This linter can be disabled with `set_option linter.style.header false`
warning: RhAttack/P4Em.lean:36:68: * '':
Copyright line should start with 'Copyright (c) YYYY'


Note: This linter can be disabled with `set_option linter.style.header false`
warning: RhAttack/P4Em.lean:36:68: * '':
Copyright line should end with '. All rights reserved.'


Note: This linter can be disabled with `set_option linter.style.header false`
warning: RhAttack/P4Em.lean:4:0: * '(spec: plan/40-prize-islands/rh-attack/spec/p4-tail-law-abstract.md §0.6/§T3).

ROLE: the engine of the second-order EM derivation (Atom-2) and of the
B̂₁-remainder form of the tail of Σ k^{−s} — the definition-side core
of W_n(t) for the floor (P8).

APPROACH: VERBATIM PORT (published solution, day-017 online search;
the owner's hunch that a prior formalization exists — it does).
Source: https://github.com/AlexKontorovich/PrimeNumberTheoremAnd, file
PrimeNumberTheoremAnd/EulerMaclaurin.lean (a PNT proof in Lean,v4.32.2 / mathlib 905b958; the zeta-23-lean fork carries the same
verbatim content). Copyright the PrimeNumberTheoremAnd contributors;
Apache License 2.0. Local modifications: none (verbatim copy); the
target of our pinned 4.33.1 mathlib. The one dependency,`Mathlib.NumberTheory.AbelSummation.sum_mul_eq_sub_sub_integral_mul`,is verified present in the pinned mathlib (AbelSummation.lean:129).
`import Mathlib` (vs the upstream single-module import) matches this
package's convention; the file body is otherwise byte-identical.
Local deviations EXACTLY ONE: `set_option linter.style.longLine false`
(upstream lines exceed 100 chars; reflowing would break byte-identity).

STATUS: ported day-017; compiles against Lean 4.33.1 + pinned mathlib
(build `lake build RhAttack.P4Em`, exit 0, 8706 jobs, no errors).

THEOREMS (global names, per the ProbeN name-global pin):
  B1 — the 1st periodic Bernoulli function (x − ⌊x⌋₊ − ½)
  aestronglyMeasurable_B1, abs_B1_le_half
  integral_deriv_mul_add_const, intervalIntegrable_deriv_mul_B1
  integral_deriv_mul_floor_add_one
  sum_eq_integral_add_integral_deriv — the 1st-order EM identity:
    ∑ k ∈ Ioc ⌊a⌋ ⌊b⌋, f k =
      f a·B1 a − f b·B1 b + ∫_a^b f + ∫_a^b f′·B1
    for [RCLike 𝕜] (ℝ or ℂ), a ≤ b, f differentiable, f′ continuous.':
If an authors line spans multiple lines, each line but the last must end with a trailing comma


Note: This linter can be disabled with `set_option linter.style.header false`
warning: RhAttack/P4Em.lean:4:0: * '(spec: pl':
The authors line should begin with 'Authors: '


Note: This linter can be disabled with `set_option linter.style.header false`
warning: RhAttack/P4Em.lean:28:54: * '  ':
Double spaces are not allowed.


Note: This linter can be disabled with `set_option linter.style.header false`
warning: RhAttack/P4Em.lean:6:59: * ' and ':
Please, do not use 'and'; use ',' instead.


Note: This linter can be disabled with `set_option linter.style.header false`
warning: RhAttack/P4Em.lean:4:64: * '.':
Please, do not end the authors' line with a period.


Note: This linter can be disabled with `set_option linter.style.header false`
warning: RhAttack/P4Em.lean:3:0: * 'OUTLINE piece: P4 (the rigorous missing-tail law, §9 row P4), Atom-1':
Second copyright line should be "Released under Apache 2.0 license as described in the file LICENSE."


Note: This linter can be disabled with `set_option linter.style.header false`
warning: RhAttack/P4Em.lean:41:0: The module doc-string for a file should be the first command after the imports.
Please, add a module doc-string before `lemma abs_B1_le_half {x : ℝ} (hx : 0 ≤ x) : |B1 x| ≤ 1 / 2 :=
  by
  unfold B1
  refine abs_le.mpr ⟨?_, ?_⟩
  · grind [Nat.floor_le hx]
  · grind [Nat.lt_succ_floor x]`.

Note: This linter can be disabled with `set_option linter.style.header false`
warning: RhAttack/P4Em.lean:1:0: * '/- P4Em — the 1st-order Euler–Maclaurin formula, verbatim port.':
Malformed or missing copyright header: `/-` should be alone on its own line.


Note: This linter can be disabled with `set_option linter.style.header false`
warning: RhAttack/P4Em.lean:36:68: * '':
Copyright line should start with 'Copyright (c) YYYY'


Note: This linter can be disabled with `set_option linter.style.header false`
warning: RhAttack/P4Em.lean:36:68: * '':
Copyright line should end with '. All rights reserved.'


Note: This linter can be disabled with `set_option linter.style.header false`
warning: RhAttack/P4Em.lean:4:0: * '(spec: plan/40-prize-islands/rh-attack/spec/p4-tail-law-abstract.md §0.6/§T3).

ROLE: the engine of the second-order EM derivation (Atom-2) and of the
B̂₁-remainder form of the tail of Σ k^{−s} — the definition-side core
of W_n(t) for the floor (P8).

APPROACH: VERBATIM PORT (published solution, day-017 online search;
the owner's hunch that a prior formalization exists — it does).
Source: https://github.com/AlexKontorovich/PrimeNumberTheoremAnd, file
PrimeNumberTheoremAnd/EulerMaclaurin.lean (a PNT proof in Lean,v4.32.2 / mathlib 905b958; the zeta-23-lean fork carries the same
verbatim content). Copyright the PrimeNumberTheoremAnd contributors;
Apache License 2.0. Local modifications: none (verbatim copy); the
target of our pinned 4.33.1 mathlib. The one dependency,`Mathlib.NumberTheory.AbelSummation.sum_mul_eq_sub_sub_integral_mul`,is verified present in the pinned mathlib (AbelSummation.lean:129).
`import Mathlib` (vs the upstream single-module import) matches this
package's convention; the file body is otherwise byte-identical.
Local deviations EXACTLY ONE: `set_option linter.style.longLine false`
(upstream lines exceed 100 chars; reflowing would break byte-identity).

STATUS: ported day-017; compiles against Lean 4.33.1 + pinned mathlib
(build `lake build RhAttack.P4Em`, exit 0, 8706 jobs, no errors).

THEOREMS (global names, per the ProbeN name-global pin):
  B1 — the 1st periodic Bernoulli function (x − ⌊x⌋₊ − ½)
  aestronglyMeasurable_B1, abs_B1_le_half
  integral_deriv_mul_add_const, intervalIntegrable_deriv_mul_B1
  integral_deriv_mul_floor_add_one
  sum_eq_integral_add_integral_deriv — the 1st-order EM identity:
    ∑ k ∈ Ioc ⌊a⌋ ⌊b⌋, f k =
      f a·B1 a − f b·B1 b + ∫_a^b f + ∫_a^b f′·B1
    for [RCLike 𝕜] (ℝ or ℂ), a ≤ b, f differentiable, f′ continuous.':
If an authors line spans multiple lines, each line but the last must end with a trailing comma


Note: This linter can be disabled with `set_option linter.style.header false`
warning: RhAttack/P4Em.lean:4:0: * '(spec: pl':
The authors line should begin with 'Authors: '


Note: This linter can be disabled with `set_option linter.style.header false`
warning: RhAttack/P4Em.lean:28:54: * '  ':
Double spaces are not allowed.


Note: This linter can be disabled with `set_option linter.style.header false`
warning: RhAttack/P4Em.lean:6:59: * ' and ':
Please, do not use 'and'; use ',' instead.


Note: This linter can be disabled with `set_option linter.style.header false`
warning: RhAttack/P4Em.lean:4:64: * '.':
Please, do not end the authors' line with a period.


Note: This linter can be disabled with `set_option linter.style.header false`
warning: RhAttack/P4Em.lean:3:0: * 'OUTLINE piece: P4 (the rigorous missing-tail law, §9 row P4), Atom-1':
Second copyright line should be "Released under Apache 2.0 license as described in the file LICENSE."


Note: This linter can be disabled with `set_option linter.style.header false`
warning: RhAttack/P4Em.lean:41:0: The module doc-string for a file should be the first command after the imports.
Please, add a module doc-string before `lemma integral_deriv_mul_add_const (c : 𝕜) (hab : a ≤ b)
    (h_int : IntervalIntegrable (deriv f) volume a b) (hf_diff : ∀ t ∈ Set.Icc a b, DifferentiableAt ℝ f t) :
    ∫ t in a..b, (t + c) * deriv f t = (b + c) * f b - (a + c) * f a - ∫ t in a..b, f t :=
  by
  rw [← Set.uIcc_of_le hab] at hf_diff
  have : ∀ t ∈ [[a, b]], HasDerivAt (fun (t : ℝ) ↦ t + c) 1 t :=
    by
    intro t ht
    simp only [hasDerivAt_add_const_iff]
    convert! ContinuousLinearMap.hasDerivAt (RCLike.ofRealCLM (K := 𝕜)) using 1
    simp
  replace hf_diff := fun t ht ↦ (hf_diff t ht).hasDerivAt
  rw [intervalIntegral.integral_mul_deriv_eq_deriv_mul this hf_diff (by simp) h_int]
  simp`.

Note: This linter can be disabled with `set_option linter.style.header false`
warning: RhAttack/P4Em.lean:1:0: * '/- P4Em — the 1st-order Euler–Maclaurin formula, verbatim port.':
Malformed or missing copyright header: `/-` should be alone on its own line.


Note: This linter can be disabled with `set_option linter.style.header false`
warning: RhAttack/P4Em.lean:36:68: * '':
Copyright line should start with 'Copyright (c) YYYY'


Note: This linter can be disabled with `set_option linter.style.header false`
warning: RhAttack/P4Em.lean:36:68: * '':
Copyright line should end with '. All rights reserved.'


Note: This linter can be disabled with `set_option linter.style.header false`
warning: RhAttack/P4Em.lean:4:0: * '(spec: plan/40-prize-islands/rh-attack/spec/p4-tail-law-abstract.md §0.6/§T3).

ROLE: the engine of the second-order EM derivation (Atom-2) and of the
B̂₁-remainder form of the tail of Σ k^{−s} — the definition-side core
of W_n(t) for the floor (P8).

APPROACH: VERBATIM PORT (published solution, day-017 online search;
the owner's hunch that a prior formalization exists — it does).
Source: https://github.com/AlexKontorovich/PrimeNumberTheoremAnd, file
PrimeNumberTheoremAnd/EulerMaclaurin.lean (a PNT proof in Lean,v4.32.2 / mathlib 905b958; the zeta-23-lean fork carries the same
verbatim content). Copyright the PrimeNumberTheoremAnd contributors;
Apache License 2.0. Local modifications: none (verbatim copy); the
target of our pinned 4.33.1 mathlib. The one dependency,`Mathlib.NumberTheory.AbelSummation.sum_mul_eq_sub_sub_integral_mul`,is verified present in the pinned mathlib (AbelSummation.lean:129).
`import Mathlib` (vs the upstream single-module import) matches this
package's convention; the file body is otherwise byte-identical.
Local deviations EXACTLY ONE: `set_option linter.style.longLine false`
(upstream lines exceed 100 chars; reflowing would break byte-identity).

STATUS: ported day-017; compiles against Lean 4.33.1 + pinned mathlib
(build `lake build RhAttack.P4Em`, exit 0, 8706 jobs, no errors).

THEOREMS (global names, per the ProbeN name-global pin):
  B1 — the 1st periodic Bernoulli function (x − ⌊x⌋₊ − ½)
  aestronglyMeasurable_B1, abs_B1_le_half
  integral_deriv_mul_add_const, intervalIntegrable_deriv_mul_B1
  integral_deriv_mul_floor_add_one
  sum_eq_integral_add_integral_deriv — the 1st-order EM identity:
    ∑ k ∈ Ioc ⌊a⌋ ⌊b⌋, f k =
      f a·B1 a − f b·B1 b + ∫_a^b f + ∫_a^b f′·B1
    for [RCLike 𝕜] (ℝ or ℂ), a ≤ b, f differentiable, f′ continuous.':
If an authors line spans multiple lines, each line but the last must end with a trailing comma


Note: This linter can be disabled with `set_option linter.style.header false`
warning: RhAttack/P4Em.lean:4:0: * '(spec: pl':
The authors line should begin with 'Authors: '


Note: This linter can be disabled with `set_option linter.style.header false`
warning: RhAttack/P4Em.lean:28:54: * '  ':
Double spaces are not allowed.


Note: This linter can be disabled with `set_option linter.style.header false`
warning: RhAttack/P4Em.lean:6:59: * ' and ':
Please, do not use 'and'; use ',' instead.


Note: This linter can be disabled with `set_option linter.style.header false`
warning: RhAttack/P4Em.lean:4:64: * '.':
Please, do not end the authors' line with a period.


Note: This linter can be disabled with `set_option linter.style.header false`
warning: RhAttack/P4Em.lean:3:0: * 'OUTLINE piece: P4 (the rigorous missing-tail law, §9 row P4), Atom-1':
Second copyright line should be "Released under Apache 2.0 license as described in the file LICENSE."


Note: This linter can be disabled with `set_option linter.style.header false`
warning: RhAttack/P4Em.lean:41:0: The module doc-string for a file should be the first command after the imports.
Please, add a module doc-string before `lemma intervalIntegrable_deriv_mul_B1 (ha : 0 ≤ a) (hab : a ≤ b)
    (h_cont : ContinuousOn (deriv f) [[a, b]]) : IntervalIntegrable (fun t ↦ deriv f t * B1 t) volume a b :=
  by
  refine IntervalIntegrable.continuousOn_mul ?_ h_cont
  rw [intervalIntegrable_iff']
  apply MeasureTheory.Measure.integrableOn_of_bounded (by simp) (by fun_prop) (M := 1 / 2)
  filter_upwards [self_mem_ae_restrict (by measurability)] with x hx
  rw [Set.uIcc_of_le hab, Set.mem_Icc] at hx
  norm_cast
  exact abs_B1_le_half (by linarith)`.

Note: This linter can be disabled with `set_option linter.style.header false`
warning: RhAttack/P4Em.lean:1:0: * '/- P4Em — the 1st-order Euler–Maclaurin formula, verbatim port.':
Malformed or missing copyright header: `/-` should be alone on its own line.


Note: This linter can be disabled with `set_option linter.style.header false`
warning: RhAttack/P4Em.lean:36:68: * '':
Copyright line should start with 'Copyright (c) YYYY'


Note: This linter can be disabled with `set_option linter.style.header false`
warning: RhAttack/P4Em.lean:36:68: * '':
Copyright line should end with '. All rights reserved.'


Note: This linter can be disabled with `set_option linter.style.header false`
warning: RhAttack/P4Em.lean:4:0: * '(spec: plan/40-prize-islands/rh-attack/spec/p4-tail-law-abstract.md §0.6/§T3).

ROLE: the engine of the second-order EM derivation (Atom-2) and of the
B̂₁-remainder form of the tail of Σ k^{−s} — the definition-side core
of W_n(t) for the floor (P8).

APPROACH: VERBATIM PORT (published solution, day-017 online search;
the owner's hunch that a prior formalization exists — it does).
Source: https://github.com/AlexKontorovich/PrimeNumberTheoremAnd, file
PrimeNumberTheoremAnd/EulerMaclaurin.lean (a PNT proof in Lean,v4.32.2 / mathlib 905b958; the zeta-23-lean fork carries the same
verbatim content). Copyright the PrimeNumberTheoremAnd contributors;
Apache License 2.0. Local modifications: none (verbatim copy); the
target of our pinned 4.33.1 mathlib. The one dependency,`Mathlib.NumberTheory.AbelSummation.sum_mul_eq_sub_sub_integral_mul`,is verified present in the pinned mathlib (AbelSummation.lean:129).
`import Mathlib` (vs the upstream single-module import) matches this
package's convention; the file body is otherwise byte-identical.
Local deviations EXACTLY ONE: `set_option linter.style.longLine false`
(upstream lines exceed 100 chars; reflowing would break byte-identity).

STATUS: ported day-017; compiles against Lean 4.33.1 + pinned mathlib
(build `lake build RhAttack.P4Em`, exit 0, 8706 jobs, no errors).

THEOREMS (global names, per the ProbeN name-global pin):
  B1 — the 1st periodic Bernoulli function (x − ⌊x⌋₊ − ½)
  aestronglyMeasurable_B1, abs_B1_le_half
  integral_deriv_mul_add_const, intervalIntegrable_deriv_mul_B1
  integral_deriv_mul_floor_add_one
  sum_eq_integral_add_integral_deriv — the 1st-order EM identity:
    ∑ k ∈ Ioc ⌊a⌋ ⌊b⌋, f k =
      f a·B1 a − f b·B1 b + ∫_a^b f + ∫_a^b f′·B1
    for [RCLike 𝕜] (ℝ or ℂ), a ≤ b, f differentiable, f′ continuous.':
If an authors line spans multiple lines, each line but the last must end with a trailing comma


Note: This linter can be disabled with `set_option linter.style.header false`
warning: RhAttack/P4Em.lean:4:0: * '(spec: pl':
The authors line should begin with 'Authors: '


Note: This linter can be disabled with `set_option linter.style.header false`
warning: RhAttack/P4Em.lean:28:54: * '  ':
Double spaces are not allowed.


Note: This linter can be disabled with `set_option linter.style.header false`
warning: RhAttack/P4Em.lean:6:59: * ' and ':
Please, do not use 'and'; use ',' instead.


Note: This linter can be disabled with `set_option linter.style.header false`
warning: RhAttack/P4Em.lean:4:64: * '.':
Please, do not end the authors' line with a period.


Note: This linter can be disabled with `set_option linter.style.header false`
warning: RhAttack/P4Em.lean:3:0: * 'OUTLINE piece: P4 (the rigorous missing-tail law, §9 row P4), Atom-1':
Second copyright line should be "Released under Apache 2.0 license as described in the file LICENSE."


Note: This linter can be disabled with `set_option linter.style.header false`
warning: RhAttack/P4Em.lean:41:0: The module doc-string for a file should be the first command after the imports.
Please, add a module doc-string before `lemma integral_deriv_mul_floor_add_one (ha : 0 ≤ a) (hab : a ≤ b)
    (hf_diff : ∀ t ∈ Set.Icc a b, DifferentiableAt ℝ f t) (h_cont : ContinuousOn (deriv f) [[a, b]]) :
    ∫ t in a..b, deriv f t * (⌊t⌋₊ + 1) =
      (b + 1 / 2) * f b - (a + 1 / 2) * f a - (∫ t in a..b, f t) - ∫ t in a..b, deriv f t * B1 t :=
  by
  calc
    _ = ∫ t in a..b, (deriv f t * (t + 1 / 2) - deriv f t * B1 t) :=
      by
      congr
      ext
      simp only [B1]
      push_cast
      ring
    _ = (∫ t in a..b, deriv f t * (t + 1 / 2)) - ∫ t in a..b, deriv f t * B1 t := by
      exact
        intervalIntegral.integral_sub (ContinuousOn.intervalIntegrable (by fun_prop))
          (intervalIntegrable_deriv_mul_B1 ha hab h_cont)
    _ = _ := by
      conv => lhs; arg 1; arg 1; ext; rw [mul_comm]
      rw [integral_deriv_mul_add_const _ hab h_cont.intervalIntegrable hf_diff]`.

Note: This linter can be disabled with `set_option linter.style.header false`
warning: RhAttack/P4Em.lean:1:0: * '/- P4Em — the 1st-order Euler–Maclaurin formula, verbatim port.':
Malformed or missing copyright header: `/-` should be alone on its own line.


Note: This linter can be disabled with `set_option linter.style.header false`
warning: RhAttack/P4Em.lean:36:68: * '':
Copyright line should start with 'Copyright (c) YYYY'


Note: This linter can be disabled with `set_option linter.style.header false`
warning: RhAttack/P4Em.lean:36:68: * '':
Copyright line should end with '. All rights reserved.'


Note: This linter can be disabled with `set_option linter.style.header false`
warning: RhAttack/P4Em.lean:4:0: * '(spec: plan/40-prize-islands/rh-attack/spec/p4-tail-law-abstract.md §0.6/§T3).

ROLE: the engine of the second-order EM derivation (Atom-2) and of the
B̂₁-remainder form of the tail of Σ k^{−s} — the definition-side core
of W_n(t) for the floor (P8).

APPROACH: VERBATIM PORT (published solution, day-017 online search;
the owner's hunch that a prior formalization exists — it does).
Source: https://github.com/AlexKontorovich/PrimeNumberTheoremAnd, file
PrimeNumberTheoremAnd/EulerMaclaurin.lean (a PNT proof in Lean,v4.32.2 / mathlib 905b958; the zeta-23-lean fork carries the same
verbatim content). Copyright the PrimeNumberTheoremAnd contributors;
Apache License 2.0. Local modifications: none (verbatim copy); the
target of our pinned 4.33.1 mathlib. The one dependency,`Mathlib.NumberTheory.AbelSummation.sum_mul_eq_sub_sub_integral_mul`,is verified present in the pinned mathlib (AbelSummation.lean:129).
`import Mathlib` (vs the upstream single-module import) matches this
package's convention; the file body is otherwise byte-identical.
Local deviations EXACTLY ONE: `set_option linter.style.longLine false`
(upstream lines exceed 100 chars; reflowing would break byte-identity).

STATUS: ported day-017; compiles against Lean 4.33.1 + pinned mathlib
(build `lake build RhAttack.P4Em`, exit 0, 8706 jobs, no errors).

THEOREMS (global names, per the ProbeN name-global pin):
  B1 — the 1st periodic Bernoulli function (x − ⌊x⌋₊ − ½)
  aestronglyMeasurable_B1, abs_B1_le_half
  integral_deriv_mul_add_const, intervalIntegrable_deriv_mul_B1
  integral_deriv_mul_floor_add_one
  sum_eq_integral_add_integral_deriv — the 1st-order EM identity:
    ∑ k ∈ Ioc ⌊a⌋ ⌊b⌋, f k =
      f a·B1 a − f b·B1 b + ∫_a^b f + ∫_a^b f′·B1
    for [RCLike 𝕜] (ℝ or ℂ), a ≤ b, f differentiable, f′ continuous.':
If an authors line spans multiple lines, each line but the last must end with a trailing comma


Note: This linter can be disabled with `set_option linter.style.header false`
warning: RhAttack/P4Em.lean:4:0: * '(spec: pl':
The authors line should begin with 'Authors: '


Note: This linter can be disabled with `set_option linter.style.header false`
warning: RhAttack/P4Em.lean:28:54: * '  ':
Double spaces are not allowed.


Note: This linter can be disabled with `set_option linter.style.header false`
warning: RhAttack/P4Em.lean:6:59: * ' and ':
Please, do not use 'and'; use ',' instead.


Note: This linter can be disabled with `set_option linter.style.header false`
warning: RhAttack/P4Em.lean:4:64: * '.':
Please, do not end the authors' line with a period.


Note: This linter can be disabled with `set_option linter.style.header false`
warning: RhAttack/P4Em.lean:3:0: * 'OUTLINE piece: P4 (the rigorous missing-tail law, §9 row P4), Atom-1':
Second copyright line should be "Released under Apache 2.0 license as described in the file LICENSE."


Note: This linter can be disabled with `set_option linter.style.header false`
warning: RhAttack/P4Em.lean:41:0: The module doc-string for a file should be the first command after the imports.
Please, add a module doc-string before `theorem sum_eq_integral_add_integral_deriv (ha : 0 ≤ a) (hab : a ≤ b)
    (hf_diff : ∀ t ∈ Set.Icc a b, DifferentiableAt ℝ f t) (h_cont : ContinuousOn (deriv f) [[a, b]]) :
    ∑ k ∈ Ioc ⌊a⌋₊ ⌊b⌋₊, f k = f a * B1 a - f b * B1 b + (∫ t in a..b, f t) + ∫ t in a..b, deriv f t * B1 t :=
  by
  have := sum_mul_eq_sub_sub_integral_mul (fun _ ↦ 1) ha hab hf_diff (Set.uIcc_of_le hab ▸ h_cont).integrableOn_Icc
  simp only [mul_one, sum_const, Nat.card_Icc, tsub_zero, nsmul_eq_mul, Nat.cast_add, Nat.cast_one] at this
  rw [this, ← intervalIntegral.integral_of_le hab]
  rw [integral_deriv_mul_floor_add_one ha hab hf_diff h_cont]
  unfold B1
  push_cast
  ring`.

Note: This linter can be disabled with `set_option linter.style.header false`
warning: RhAttack/P4Em.lean:1:0: * '/- P4Em — the 1st-order Euler–Maclaurin formula, verbatim port.':
Malformed or missing copyright header: `/-` should be alone on its own line.


Note: This linter can be disabled with `set_option linter.style.header false`
warning: RhAttack/P4Em.lean:36:68: * '':
Copyright line should start with 'Copyright (c) YYYY'


Note: This linter can be disabled with `set_option linter.style.header false`
warning: RhAttack/P4Em.lean:36:68: * '':
Copyright line should end with '. All rights reserved.'


Note: This linter can be disabled with `set_option linter.style.header false`
warning: RhAttack/P4Em.lean:4:0: * '(spec: plan/40-prize-islands/rh-attack/spec/p4-tail-law-abstract.md §0.6/§T3).

ROLE: the engine of the second-order EM derivation (Atom-2) and of the
B̂₁-remainder form of the tail of Σ k^{−s} — the definition-side core
of W_n(t) for the floor (P8).

APPROACH: VERBATIM PORT (published solution, day-017 online search;
the owner's hunch that a prior formalization exists — it does).
Source: https://github.com/AlexKontorovich/PrimeNumberTheoremAnd, file
PrimeNumberTheoremAnd/EulerMaclaurin.lean (a PNT proof in Lean,v4.32.2 / mathlib 905b958; the zeta-23-lean fork carries the same
verbatim content). Copyright the PrimeNumberTheoremAnd contributors;
Apache License 2.0. Local modifications: none (verbatim copy); the
target of our pinned 4.33.1 mathlib. The one dependency,`Mathlib.NumberTheory.AbelSummation.sum_mul_eq_sub_sub_integral_mul`,is verified present in the pinned mathlib (AbelSummation.lean:129).
`import Mathlib` (vs the upstream single-module import) matches this
package's convention; the file body is otherwise byte-identical.
Local deviations EXACTLY ONE: `set_option linter.style.longLine false`
(upstream lines exceed 100 chars; reflowing would break byte-identity).

STATUS: ported day-017; compiles against Lean 4.33.1 + pinned mathlib
(build `lake build RhAttack.P4Em`, exit 0, 8706 jobs, no errors).

THEOREMS (global names, per the ProbeN name-global pin):
  B1 — the 1st periodic Bernoulli function (x − ⌊x⌋₊ − ½)
  aestronglyMeasurable_B1, abs_B1_le_half
  integral_deriv_mul_add_const, intervalIntegrable_deriv_mul_B1
  integral_deriv_mul_floor_add_one
  sum_eq_integral_add_integral_deriv — the 1st-order EM identity:
    ∑ k ∈ Ioc ⌊a⌋ ⌊b⌋, f k =
      f a·B1 a − f b·B1 b + ∫_a^b f + ∫_a^b f′·B1
    for [RCLike 𝕜] (ℝ or ℂ), a ≤ b, f differentiable, f′ continuous.':
If an authors line spans multiple lines, each line but the last must end with a trailing comma


Note: This linter can be disabled with `set_option linter.style.header false`
warning: RhAttack/P4Em.lean:4:0: * '(spec: pl':
The authors line should begin with 'Authors: '


Note: This linter can be disabled with `set_option linter.style.header false`
warning: RhAttack/P4Em.lean:28:54: * '  ':
Double spaces are not allowed.


Note: This linter can be disabled with `set_option linter.style.header false`
warning: RhAttack/P4Em.lean:6:59: * ' and ':
Please, do not use 'and'; use ',' instead.


Note: This linter can be disabled with `set_option linter.style.header false`
warning: RhAttack/P4Em.lean:4:64: * '.':
Please, do not end the authors' line with a period.


Note: This linter can be disabled with `set_option linter.style.header false`
warning: RhAttack/P4Em.lean:3:0: * 'OUTLINE piece: P4 (the rigorous missing-tail law, §9 row P4), Atom-1':
Second copyright line should be "Released under Apache 2.0 license as described in the file LICENSE."


Note: This linter can be disabled with `set_option linter.style.header false`
warning: RhAttack/P4Em.lean:41:0: The module doc-string for a file should be the first command after the imports.
Please, add a module doc-string before ``.

Note: This linter can be disabled with `set_option linter.style.header false`
⚠ [8707/8709] Replayed RhAttack.P4Tail
warning: RhAttack/P4Tail.lean:1:0: * '/- P4Tail — local P4 atom-2: the 2nd-order finite Euler–Maclaurin identity.':
Malformed or missing copyright header: `/-` should be alone on its own line.


Note: This linter can be disabled with `set_option linter.style.header false`
warning: RhAttack/P4Tail.lean:39:12: * '':
Copyright line should start with 'Copyright (c) YYYY'


Note: This linter can be disabled with `set_option linter.style.header false`
warning: RhAttack/P4Tail.lean:39:12: * '':
Copyright line should end with '. All rights reserved.'


Note: This linter can be disabled with `set_option linter.style.header false`
warning: RhAttack/P4Tail.lean:4:0: * '(spec: kainos plan/40-prize-islands/rh-attack/spec/p4-tail-law-abstract.md
§0.6/§T2/§T3).

ROLE: the second-order EM identity — the `−½f(n) + (1/12)(f′ m − f′ n) +
B̂₂·f″` kernel — from which the W_n(t) form follows. Built exclusively
from:
  (1) the ported 1st-order identity (RhAttack.P4Em, published), (2) one polynomial IBP per unit period (u = the frozen per-period
      polynomial (x−j)²−(x−j)+1/6, via
      `intervalIntegral.integral_mul_deriv_eq_deriv_mul`), plus the a.e.
      endpoint conversion `intervalIntegral.integral_congr_ae` for the
      single kink point x = j+1, (3) the pinned additivity lemma
      `intervalIntegral.sum_integral_adjacent_intervals_Ico`.
This is the ONLY local invention of the P4 line (§0.6: no published
Lean 2nd-order EM exists; the Isabelle AFP entry is the cross-check).

APPROACH: integers n ≤ m; f : ℝ → 𝕜, [RCLike 𝕜] (ℝ or ℂ). Per-period
identity (proven here: int_B1f'_period):

    ∫_j^{j+1} B̂₁·f′ = (1/12)(f′(j+1) − f′(j)) − (1/2)·∫_j^{j+1} B̂₂·f″,
from which the finite target follows by summation (atom-2b, next):

    ∑ k ∈ Ioc n m, f k = ∫_n^m f + ½(f m − f n)
                    + (1/12)(f′ m − f′ n) − ½·∫_n^m B̂₂·f″ dx.

Signs verified numerically day-017 at σ=1.5 [3.2e-7] and σ=½ [3.7e-5]
(mpmath dps-40 — computed, not recalled).

STATUS: atom-2, day-017. Build: `lake build RhAttack.P4Tail`.

THEOREMS (global names):
  B2, B2_at_int, B2_of_Icc_int, B2poly, B2_of_B2poly, abs_B2_le, aestronglyMeasurable_B2, intervalIntegrable_B2_mul_deriv2, int_B1f'_period.':
If an authors line spans multiple lines, each line but the last must end with a trailing comma


Note: This linter can be disabled with `set_option linter.style.header false`
warning: RhAttack/P4Tail.lean:4:0: * '(spec: ka':
The authors line should begin with 'Authors: '


Note: This linter can be disabled with `set_option linter.style.header false`
warning: RhAttack/P4Tail.lean:10:0: * '  ':
Double spaces are not allowed.


Note: This linter can be disabled with `set_option linter.style.header false`
warning: RhAttack/P4Tail.lean:31:47: * ' and ':
Please, do not use 'and'; use ',' instead.


Note: This linter can be disabled with `set_option linter.style.header false`
warning: RhAttack/P4Tail.lean:4:71: * '.':
Please, do not end the authors' line with a period.


Note: This linter can be disabled with `set_option linter.style.header false`
warning: RhAttack/P4Tail.lean:3:0: * 'OUTLINE piece: P4 (the rigorous missing-tail law, §9 row P4), atom-2':
Second copyright line should be "Released under Apache 2.0 license as described in the file LICENSE."


Note: This linter can be disabled with `set_option linter.style.header false`
warning: RhAttack/P4Tail.lean:44:0: The module doc-string for a file should be the first command after the imports.
Please, add a module doc-string before `open Real Set MeasureTheory intervalIntegral Finset`.

Note: This linter can be disabled with `set_option linter.style.header false`
warning: RhAttack/P4Tail.lean:1:0: * '/- P4Tail — local P4 atom-2: the 2nd-order finite Euler–Maclaurin identity.':
Malformed or missing copyright header: `/-` should be alone on its own line.


Note: This linter can be disabled with `set_option linter.style.header false`
warning: RhAttack/P4Tail.lean:39:12: * '':
Copyright line should start with 'Copyright (c) YYYY'


Note: This linter can be disabled with `set_option linter.style.header false`
warning: RhAttack/P4Tail.lean:39:12: * '':
Copyright line should end with '. All rights reserved.'


Note: This linter can be disabled with `set_option linter.style.header false`
warning: RhAttack/P4Tail.lean:4:0: * '(spec: kainos plan/40-prize-islands/rh-attack/spec/p4-tail-law-abstract.md
§0.6/§T2/§T3).

ROLE: the second-order EM identity — the `−½f(n) + (1/12)(f′ m − f′ n) +
B̂₂·f″` kernel — from which the W_n(t) form follows. Built exclusively
from:
  (1) the ported 1st-order identity (RhAttack.P4Em, published), (2) one polynomial IBP per unit period (u = the frozen per-period
      polynomial (x−j)²−(x−j)+1/6, via
      `intervalIntegral.integral_mul_deriv_eq_deriv_mul`), plus the a.e.
      endpoint conversion `intervalIntegral.integral_congr_ae` for the
      single kink point x = j+1, (3) the pinned additivity lemma
      `intervalIntegral.sum_integral_adjacent_intervals_Ico`.
This is the ONLY local invention of the P4 line (§0.6: no published
Lean 2nd-order EM exists; the Isabelle AFP entry is the cross-check).

APPROACH: integers n ≤ m; f : ℝ → 𝕜, [RCLike 𝕜] (ℝ or ℂ). Per-period
identity (proven here: int_B1f'_period):

    ∫_j^{j+1} B̂₁·f′ = (1/12)(f′(j+1) − f′(j)) − (1/2)·∫_j^{j+1} B̂₂·f″,
from which the finite target follows by summation (atom-2b, next):

    ∑ k ∈ Ioc n m, f k = ∫_n^m f + ½(f m − f n)
                    + (1/12)(f′ m − f′ n) − ½·∫_n^m B̂₂·f″ dx.

Signs verified numerically day-017 at σ=1.5 [3.2e-7] and σ=½ [3.7e-5]
(mpmath dps-40 — computed, not recalled).

STATUS: atom-2, day-017. Build: `lake build RhAttack.P4Tail`.

THEOREMS (global names):
  B2, B2_at_int, B2_of_Icc_int, B2poly, B2_of_B2poly, abs_B2_le, aestronglyMeasurable_B2, intervalIntegrable_B2_mul_deriv2, int_B1f'_period.':
If an authors line spans multiple lines, each line but the last must end with a trailing comma


Note: This linter can be disabled with `set_option linter.style.header false`
warning: RhAttack/P4Tail.lean:4:0: * '(spec: ka':
The authors line should begin with 'Authors: '


Note: This linter can be disabled with `set_option linter.style.header false`
warning: RhAttack/P4Tail.lean:10:0: * '  ':
Double spaces are not allowed.


Note: This linter can be disabled with `set_option linter.style.header false`
warning: RhAttack/P4Tail.lean:31:47: * ' and ':
Please, do not use 'and'; use ',' instead.


Note: This linter can be disabled with `set_option linter.style.header false`
warning: RhAttack/P4Tail.lean:4:71: * '.':
Please, do not end the authors' line with a period.


Note: This linter can be disabled with `set_option linter.style.header false`
warning: RhAttack/P4Tail.lean:3:0: * 'OUTLINE piece: P4 (the rigorous missing-tail law, §9 row P4), atom-2':
Second copyright line should be "Released under Apache 2.0 license as described in the file LICENSE."


Note: This linter can be disabled with `set_option linter.style.header false`
warning: RhAttack/P4Tail.lean:44:0: The module doc-string for a file should be the first command after the imports.
Please, add a module doc-string before `variable {𝕜 : Type*} [RCLike 𝕜]`.

Note: This linter can be disabled with `set_option linter.style.header false`
warning: RhAttack/P4Tail.lean:1:0: * '/- P4Tail — local P4 atom-2: the 2nd-order finite Euler–Maclaurin identity.':
Malformed or missing copyright header: `/-` should be alone on its own line.


Note: This linter can be disabled with `set_option linter.style.header false`
warning: RhAttack/P4Tail.lean:39:12: * '':
Copyright line should start with 'Copyright (c) YYYY'


Note: This linter can be disabled with `set_option linter.style.header false`
warning: RhAttack/P4Tail.lean:39:12: * '':
Copyright line should end with '. All rights reserved.'


Note: This linter can be disabled with `set_option linter.style.header false`
warning: RhAttack/P4Tail.lean:4:0: * '(spec: kainos plan/40-prize-islands/rh-attack/spec/p4-tail-law-abstract.md
§0.6/§T2/§T3).

ROLE: the second-order EM identity — the `−½f(n) + (1/12)(f′ m − f′ n) +
B̂₂·f″` kernel — from which the W_n(t) form follows. Built exclusively
from:
  (1) the ported 1st-order identity (RhAttack.P4Em, published), (2) one polynomial IBP per unit period (u = the frozen per-period
      polynomial (x−j)²−(x−j)+1/6, via
      `intervalIntegral.integral_mul_deriv_eq_deriv_mul`), plus the a.e.
      endpoint conversion `intervalIntegral.integral_congr_ae` for the
      single kink point x = j+1, (3) the pinned additivity lemma
      `intervalIntegral.sum_integral_adjacent_intervals_Ico`.
This is the ONLY local invention of the P4 line (§0.6: no published
Lean 2nd-order EM exists; the Isabelle AFP entry is the cross-check).

APPROACH: integers n ≤ m; f : ℝ → 𝕜, [RCLike 𝕜] (ℝ or ℂ). Per-period
identity (proven here: int_B1f'_period):

    ∫_j^{j+1} B̂₁·f′ = (1/12)(f′(j+1) − f′(j)) − (1/2)·∫_j^{j+1} B̂₂·f″,
from which the finite target follows by summation (atom-2b, next):

    ∑ k ∈ Ioc n m, f k = ∫_n^m f + ½(f m − f n)
                    + (1/12)(f′ m − f′ n) − ½·∫_n^m B̂₂·f″ dx.

Signs verified numerically day-017 at σ=1.5 [3.2e-7] and σ=½ [3.7e-5]
(mpmath dps-40 — computed, not recalled).

STATUS: atom-2, day-017. Build: `lake build RhAttack.P4Tail`.

THEOREMS (global names):
  B2, B2_at_int, B2_of_Icc_int, B2poly, B2_of_B2poly, abs_B2_le, aestronglyMeasurable_B2, intervalIntegrable_B2_mul_deriv2, int_B1f'_period.':
If an authors line spans multiple lines, each line but the last must end with a trailing comma


Note: This linter can be disabled with `set_option linter.style.header false`
warning: RhAttack/P4Tail.lean:4:0: * '(spec: ka':
The authors line should begin with 'Authors: '


Note: This linter can be disabled with `set_option linter.style.header false`
warning: RhAttack/P4Tail.lean:10:0: * '  ':
Double spaces are not allowed.


Note: This linter can be disabled with `set_option linter.style.header false`
warning: RhAttack/P4Tail.lean:31:47: * ' and ':
Please, do not use 'and'; use ',' instead.


Note: This linter can be disabled with `set_option linter.style.header false`
warning: RhAttack/P4Tail.lean:4:71: * '.':
Please, do not end the authors' line with a period.


Note: This linter can be disabled with `set_option linter.style.header false`
warning: RhAttack/P4Tail.lean:3:0: * 'OUTLINE piece: P4 (the rigorous missing-tail law, §9 row P4), atom-2':
Second copyright line should be "Released under Apache 2.0 license as described in the file LICENSE."


Note: This linter can be disabled with `set_option linter.style.header false`
warning: RhAttack/P4Tail.lean:44:0: The module doc-string for a file should be the first command after the imports.
Please, add a module doc-string before `noncomputable section`.

Note: This linter can be disabled with `set_option linter.style.header false`
warning: RhAttack/P4Tail.lean:1:0: * '/- P4Tail — local P4 atom-2: the 2nd-order finite Euler–Maclaurin identity.':
Malformed or missing copyright header: `/-` should be alone on its own line.


Note: This linter can be disabled with `set_option linter.style.header false`
warning: RhAttack/P4Tail.lean:39:12: * '':
Copyright line should start with 'Copyright (c) YYYY'


Note: This linter can be disabled with `set_option linter.style.header false`
warning: RhAttack/P4Tail.lean:39:12: * '':
Copyright line should end with '. All rights reserved.'


Note: This linter can be disabled with `set_option linter.style.header false`
warning: RhAttack/P4Tail.lean:4:0: * '(spec: kainos plan/40-prize-islands/rh-attack/spec/p4-tail-law-abstract.md
§0.6/§T2/§T3).

ROLE: the second-order EM identity — the `−½f(n) + (1/12)(f′ m − f′ n) +
B̂₂·f″` kernel — from which the W_n(t) form follows. Built exclusively
from:
  (1) the ported 1st-order identity (RhAttack.P4Em, published), (2) one polynomial IBP per unit period (u = the frozen per-period
      polynomial (x−j)²−(x−j)+1/6, via
      `intervalIntegral.integral_mul_deriv_eq_deriv_mul`), plus the a.e.
      endpoint conversion `intervalIntegral.integral_congr_ae` for the
      single kink point x = j+1, (3) the pinned additivity lemma
      `intervalIntegral.sum_integral_adjacent_intervals_Ico`.
This is the ONLY local invention of the P4 line (§0.6: no published
Lean 2nd-order EM exists; the Isabelle AFP entry is the cross-check).

APPROACH: integers n ≤ m; f : ℝ → 𝕜, [RCLike 𝕜] (ℝ or ℂ). Per-period
identity (proven here: int_B1f'_period):

    ∫_j^{j+1} B̂₁·f′ = (1/12)(f′(j+1) − f′(j)) − (1/2)·∫_j^{j+1} B̂₂·f″,
from which the finite target follows by summation (atom-2b, next):

    ∑ k ∈ Ioc n m, f k = ∫_n^m f + ½(f m − f n)
                    + (1/12)(f′ m − f′ n) − ½·∫_n^m B̂₂·f″ dx.

Signs verified numerically day-017 at σ=1.5 [3.2e-7] and σ=½ [3.7e-5]
(mpmath dps-40 — computed, not recalled).

STATUS: atom-2, day-017. Build: `lake build RhAttack.P4Tail`.

THEOREMS (global names):
  B2, B2_at_int, B2_of_Icc_int, B2poly, B2_of_B2poly, abs_B2_le, aestronglyMeasurable_B2, intervalIntegrable_B2_mul_deriv2, int_B1f'_period.':
If an authors line spans multiple lines, each line but the last must end with a trailing comma


Note: This linter can be disabled with `set_option linter.style.header false`
warning: RhAttack/P4Tail.lean:4:0: * '(spec: ka':
The authors line should begin with 'Authors: '


Note: This linter can be disabled with `set_option linter.style.header false`
warning: RhAttack/P4Tail.lean:10:0: * '  ':
Double spaces are not allowed.


Note: This linter can be disabled with `set_option linter.style.header false`
warning: RhAttack/P4Tail.lean:31:47: * ' and ':
Please, do not use 'and'; use ',' instead.


Note: This linter can be disabled with `set_option linter.style.header false`
warning: RhAttack/P4Tail.lean:4:71: * '.':
Please, do not end the authors' line with a period.


Note: This linter can be disabled with `set_option linter.style.header false`
warning: RhAttack/P4Tail.lean:3:0: * 'OUTLINE piece: P4 (the rigorous missing-tail law, §9 row P4), atom-2':
Second copyright line should be "Released under Apache 2.0 license as described in the file LICENSE."


Note: This linter can be disabled with `set_option linter.style.header false`
warning: RhAttack/P4Tail.lean:44:0: The module doc-string for a file should be the first command after the imports.
Please, add a module doc-string before `/-- The 2nd periodic Bernoulli function: B̂₂(x) = (x−⌊x⌋₊)² − (x−⌊x⌋₊) + 1/6. -/
def B2 (x : ℝ) : ℝ :=
  (x - ⌊x⌋₊) ^ 2 - (x - ⌊x⌋₊) + 1 / 6`.

Note: This linter can be disabled with `set_option linter.style.header false`
warning: RhAttack/P4Tail.lean:1:0: * '/- P4Tail — local P4 atom-2: the 2nd-order finite Euler–Maclaurin identity.':
Malformed or missing copyright header: `/-` should be alone on its own line.


Note: This linter can be disabled with `set_option linter.style.header false`
warning: RhAttack/P4Tail.lean:39:12: * '':
Copyright line should start with 'Copyright (c) YYYY'


Note: This linter can be disabled with `set_option linter.style.header false`
warning: RhAttack/P4Tail.lean:39:12: * '':
Copyright line should end with '. All rights reserved.'


Note: This linter can be disabled with `set_option linter.style.header false`
warning: RhAttack/P4Tail.lean:4:0: * '(spec: kainos plan/40-prize-islands/rh-attack/spec/p4-tail-law-abstract.md
§0.6/§T2/§T3).

ROLE: the second-order EM identity — the `−½f(n) + (1/12)(f′ m − f′ n) +
B̂₂·f″` kernel — from which the W_n(t) form follows. Built exclusively
from:
  (1) the ported 1st-order identity (RhAttack.P4Em, published), (2) one polynomial IBP per unit period (u = the frozen per-period
      polynomial (x−j)²−(x−j)+1/6, via
      `intervalIntegral.integral_mul_deriv_eq_deriv_mul`), plus the a.e.
      endpoint conversion `intervalIntegral.integral_congr_ae` for the
      single kink point x = j+1, (3) the pinned additivity lemma
      `intervalIntegral.sum_integral_adjacent_intervals_Ico`.
This is the ONLY local invention of the P4 line (§0.6: no published
Lean 2nd-order EM exists; the Isabelle AFP entry is the cross-check).

APPROACH: integers n ≤ m; f : ℝ → 𝕜, [RCLike 𝕜] (ℝ or ℂ). Per-period
identity (proven here: int_B1f'_period):

    ∫_j^{j+1} B̂₁·f′ = (1/12)(f′(j+1) − f′(j)) − (1/2)·∫_j^{j+1} B̂₂·f″,
from which the finite target follows by summation (atom-2b, next):

    ∑ k ∈ Ioc n m, f k = ∫_n^m f + ½(f m − f n)
                    + (1/12)(f′ m − f′ n) − ½·∫_n^m B̂₂·f″ dx.

Signs verified numerically day-017 at σ=1.5 [3.2e-7] and σ=½ [3.7e-5]
(mpmath dps-40 — computed, not recalled).

STATUS: atom-2, day-017. Build: `lake build RhAttack.P4Tail`.

THEOREMS (global names):
  B2, B2_at_int, B2_of_Icc_int, B2poly, B2_of_B2poly, abs_B2_le, aestronglyMeasurable_B2, intervalIntegrable_B2_mul_deriv2, int_B1f'_period.':
If an authors line spans multiple lines, each line but the last must end with a trailing comma


Note: This linter can be disabled with `set_option linter.style.header false`
warning: RhAttack/P4Tail.lean:4:0: * '(spec: ka':
The authors line should begin with 'Authors: '


Note: This linter can be disabled with `set_option linter.style.header false`
warning: RhAttack/P4Tail.lean:10:0: * '  ':
Double spaces are not allowed.


Note: This linter can be disabled with `set_option linter.style.header false`
warning: RhAttack/P4Tail.lean:31:47: * ' and ':
Please, do not use 'and'; use ',' instead.


Note: This linter can be disabled with `set_option linter.style.header false`
warning: RhAttack/P4Tail.lean:4:71: * '.':
Please, do not end the authors' line with a period.


Note: This linter can be disabled with `set_option linter.style.header false`
warning: RhAttack/P4Tail.lean:3:0: * 'OUTLINE piece: P4 (the rigorous missing-tail law, §9 row P4), atom-2':
Second copyright line should be "Released under Apache 2.0 license as described in the file LICENSE."


Note: This linter can be disabled with `set_option linter.style.header false`
warning: RhAttack/P4Tail.lean:44:0: The module doc-string for a file should be the first command after the imports.
Please, add a module doc-string before `@[fun_prop]
lemma aestronglyMeasurable_B2 : AEStronglyMeasurable B2 :=
  by
  unfold B2
  fun_prop`.

Note: This linter can be disabled with `set_option linter.style.header false`
warning: RhAttack/P4Tail.lean:1:0: * '/- P4Tail — local P4 atom-2: the 2nd-order finite Euler–Maclaurin identity.':
Malformed or missing copyright header: `/-` should be alone on its own line.


Note: This linter can be disabled with `set_option linter.style.header false`
warning: RhAttack/P4Tail.lean:39:12: * '':
Copyright line should start with 'Copyright (c) YYYY'


Note: This linter can be disabled with `set_option linter.style.header false`
warning: RhAttack/P4Tail.lean:39:12: * '':
Copyright line should end with '. All rights reserved.'


Note: This linter can be disabled with `set_option linter.style.header false`
warning: RhAttack/P4Tail.lean:4:0: * '(spec: kainos plan/40-prize-islands/rh-attack/spec/p4-tail-law-abstract.md
§0.6/§T2/§T3).

ROLE: the second-order EM identity — the `−½f(n) + (1/12)(f′ m − f′ n) +
B̂₂·f″` kernel — from which the W_n(t) form follows. Built exclusively
from:
  (1) the ported 1st-order identity (RhAttack.P4Em, published), (2) one polynomial IBP per unit period (u = the frozen per-period
      polynomial (x−j)²−(x−j)+1/6, via
      `intervalIntegral.integral_mul_deriv_eq_deriv_mul`), plus the a.e.
      endpoint conversion `intervalIntegral.integral_congr_ae` for the
      single kink point x = j+1, (3) the pinned additivity lemma
      `intervalIntegral.sum_integral_adjacent_intervals_Ico`.
This is the ONLY local invention of the P4 line (§0.6: no published
Lean 2nd-order EM exists; the Isabelle AFP entry is the cross-check).

APPROACH: integers n ≤ m; f : ℝ → 𝕜, [RCLike 𝕜] (ℝ or ℂ). Per-period
identity (proven here: int_B1f'_period):

    ∫_j^{j+1} B̂₁·f′ = (1/12)(f′(j+1) − f′(j)) − (1/2)·∫_j^{j+1} B̂₂·f″,
from which the finite target follows by summation (atom-2b, next):

    ∑ k ∈ Ioc n m, f k = ∫_n^m f + ½(f m − f n)
                    + (1/12)(f′ m − f′ n) − ½·∫_n^m B̂₂·f″ dx.

Signs verified numerically day-017 at σ=1.5 [3.2e-7] and σ=½ [3.7e-5]
(mpmath dps-40 — computed, not recalled).

STATUS: atom-2, day-017. Build: `lake build RhAttack.P4Tail`.

THEOREMS (global names):
  B2, B2_at_int, B2_of_Icc_int, B2poly, B2_of_B2poly, abs_B2_le, aestronglyMeasurable_B2, intervalIntegrable_B2_mul_deriv2, int_B1f'_period.':
If an authors line spans multiple lines, each line but the last must end with a trailing comma


Note: This linter can be disabled with `set_option linter.style.header false`
warning: RhAttack/P4Tail.lean:4:0: * '(spec: ka':
The authors line should begin with 'Authors: '


Note: This linter can be disabled with `set_option linter.style.header false`
warning: RhAttack/P4Tail.lean:10:0: * '  ':
Double spaces are not allowed.


Note: This linter can be disabled with `set_option linter.style.header false`
warning: RhAttack/P4Tail.lean:31:47: * ' and ':
Please, do not use 'and'; use ',' instead.


Note: This linter can be disabled with `set_option linter.style.header false`
warning: RhAttack/P4Tail.lean:4:71: * '.':
Please, do not end the authors' line with a period.


Note: This linter can be disabled with `set_option linter.style.header false`
warning: RhAttack/P4Tail.lean:3:0: * 'OUTLINE piece: P4 (the rigorous missing-tail law, §9 row P4), atom-2':
Second copyright line should be "Released under Apache 2.0 license as described in the file LICENSE."


Note: This linter can be disabled with `set_option linter.style.header false`
warning: RhAttack/P4Tail.lean:44:0: The module doc-string for a file should be the first command after the imports.
Please, add a module doc-string before `/-- |B̂₂(x)| ≤ 1/6. -/
lemma abs_B2_le {x : ℝ} (hx : 0 ≤ x) : |B2 x| ≤ 1 / 6 :=
  by
  unfold B2
  set v := (x - ⌊x⌋₊ : ℝ) with hv
  have hv0 : 0 ≤ v := by grind [Nat.floor_le hx]
  have hv1 : v ≤ 1 := by grind [Nat.lt_succ_floor x]
  have hrew : (x - ⌊x⌋₊ : ℝ) ^ 2 - (x - ⌊x⌋₊) + 1 / 6 = v ^ 2 - v + 1 / 6 := by rfl
  have htop : v ^ 2 - v + 1 / 6 ≤ 1 / 6 := by nlinarith [hv0, hv1]
  have hbot : -(1 / 6 : ℝ) ≤ v ^ 2 - v + 1 / 6 :=
    by
    have hsq : v ^ 2 - v + 1 / 6 = (v - 1 / 2) ^ 2 - 1 / 12 := by ring
    nlinarith [hsq, sq_nonneg (v - 1 / 2)]
  simpa only [← hrew] using abs_le.mpr ⟨hbot, htop⟩`.

Note: This linter can be disabled with `set_option linter.style.header false`
warning: RhAttack/P4Tail.lean:1:0: * '/- P4Tail — local P4 atom-2: the 2nd-order finite Euler–Maclaurin identity.':
Malformed or missing copyright header: `/-` should be alone on its own line.


Note: This linter can be disabled with `set_option linter.style.header false`
warning: RhAttack/P4Tail.lean:39:12: * '':
Copyright line should start with 'Copyright (c) YYYY'


Note: This linter can be disabled with `set_option linter.style.header false`
warning: RhAttack/P4Tail.lean:39:12: * '':
Copyright line should end with '. All rights reserved.'


Note: This linter can be disabled with `set_option linter.style.header false`
warning: RhAttack/P4Tail.lean:4:0: * '(spec: kainos plan/40-prize-islands/rh-attack/spec/p4-tail-law-abstract.md
§0.6/§T2/§T3).

ROLE: the second-order EM identity — the `−½f(n) + (1/12)(f′ m − f′ n) +
B̂₂·f″` kernel — from which the W_n(t) form follows. Built exclusively
from:
  (1) the ported 1st-order identity (RhAttack.P4Em, published), (2) one polynomial IBP per unit period (u = the frozen per-period
      polynomial (x−j)²−(x−j)+1/6, via
      `intervalIntegral.integral_mul_deriv_eq_deriv_mul`), plus the a.e.
      endpoint conversion `intervalIntegral.integral_congr_ae` for the
      single kink point x = j+1, (3) the pinned additivity lemma
      `intervalIntegral.sum_integral_adjacent_intervals_Ico`.
This is the ONLY local invention of the P4 line (§0.6: no published
Lean 2nd-order EM exists; the Isabelle AFP entry is the cross-check).

APPROACH: integers n ≤ m; f : ℝ → 𝕜, [RCLike 𝕜] (ℝ or ℂ). Per-period
identity (proven here: int_B1f'_period):

    ∫_j^{j+1} B̂₁·f′ = (1/12)(f′(j+1) − f′(j)) − (1/2)·∫_j^{j+1} B̂₂·f″,
from which the finite target follows by summation (atom-2b, next):

    ∑ k ∈ Ioc n m, f k = ∫_n^m f + ½(f m − f n)
                    + (1/12)(f′ m − f′ n) − ½·∫_n^m B̂₂·f″ dx.

Signs verified numerically day-017 at σ=1.5 [3.2e-7] and σ=½ [3.7e-5]
(mpmath dps-40 — computed, not recalled).

STATUS: atom-2, day-017. Build: `lake build RhAttack.P4Tail`.

THEOREMS (global names):
  B2, B2_at_int, B2_of_Icc_int, B2poly, B2_of_B2poly, abs_B2_le, aestronglyMeasurable_B2, intervalIntegrable_B2_mul_deriv2, int_B1f'_period.':
If an authors line spans multiple lines, each line but the last must end with a trailing comma


Note: This linter can be disabled with `set_option linter.style.header false`
warning: RhAttack/P4Tail.lean:4:0: * '(spec: ka':
The authors line should begin with 'Authors: '


Note: This linter can be disabled with `set_option linter.style.header false`
warning: RhAttack/P4Tail.lean:10:0: * '  ':
Double spaces are not allowed.


Note: This linter can be disabled with `set_option linter.style.header false`
warning: RhAttack/P4Tail.lean:31:47: * ' and ':
Please, do not use 'and'; use ',' instead.


Note: This linter can be disabled with `set_option linter.style.header false`
warning: RhAttack/P4Tail.lean:4:71: * '.':
Please, do not end the authors' line with a period.


Note: This linter can be disabled with `set_option linter.style.header false`
warning: RhAttack/P4Tail.lean:3:0: * 'OUTLINE piece: P4 (the rigorous missing-tail law, §9 row P4), atom-2':
Second copyright line should be "Released under Apache 2.0 license as described in the file LICENSE."


Note: This linter can be disabled with `set_option linter.style.header false`
warning: RhAttack/P4Tail.lean:44:0: The module doc-string for a file should be the first command after the imports.
Please, add a module doc-string before `/-- B̂₂(n) = 1/6 at integers (the kernel is continuous at its kinks). -/
lemma B2_at_int (n : ℕ) : B2 (n : ℝ) = 1 / 6 := by
  unfold B2
  have hn : (⌊(n : ℝ)⌋₊ : ℝ) = (n : ℝ) := by
    norm_cast
    rw [Nat.floor_eq_iff (Nat.cast_nonneg n)]
    constructor
    · norm_num
    · norm_num
  rw [hn]
  ring`.

Note: This linter can be disabled with `set_option linter.style.header false`
warning: RhAttack/P4Tail.lean:1:0: * '/- P4Tail — local P4 atom-2: the 2nd-order finite Euler–Maclaurin identity.':
Malformed or missing copyright header: `/-` should be alone on its own line.


Note: This linter can be disabled with `set_option linter.style.header false`
warning: RhAttack/P4Tail.lean:39:12: * '':
Copyright line should start with 'Copyright (c) YYYY'


Note: This linter can be disabled with `set_option linter.style.header false`
warning: RhAttack/P4Tail.lean:39:12: * '':
Copyright line should end with '. All rights reserved.'


Note: This linter can be disabled with `set_option linter.style.header false`
warning: RhAttack/P4Tail.lean:4:0: * '(spec: kainos plan/40-prize-islands/rh-attack/spec/p4-tail-law-abstract.md
§0.6/§T2/§T3).

ROLE: the second-order EM identity — the `−½f(n) + (1/12)(f′ m − f′ n) +
B̂₂·f″` kernel — from which the W_n(t) form follows. Built exclusively
from:
  (1) the ported 1st-order identity (RhAttack.P4Em, published), (2) one polynomial IBP per unit period (u = the frozen per-period
      polynomial (x−j)²−(x−j)+1/6, via
      `intervalIntegral.integral_mul_deriv_eq_deriv_mul`), plus the a.e.
      endpoint conversion `intervalIntegral.integral_congr_ae` for the
      single kink point x = j+1, (3) the pinned additivity lemma
      `intervalIntegral.sum_integral_adjacent_intervals_Ico`.
This is the ONLY local invention of the P4 line (§0.6: no published
Lean 2nd-order EM exists; the Isabelle AFP entry is the cross-check).

APPROACH: integers n ≤ m; f : ℝ → 𝕜, [RCLike 𝕜] (ℝ or ℂ). Per-period
identity (proven here: int_B1f'_period):

    ∫_j^{j+1} B̂₁·f′ = (1/12)(f′(j+1) − f′(j)) − (1/2)·∫_j^{j+1} B̂₂·f″,
from which the finite target follows by summation (atom-2b, next):

    ∑ k ∈ Ioc n m, f k = ∫_n^m f + ½(f m − f n)
                    + (1/12)(f′ m − f′ n) − ½·∫_n^m B̂₂·f″ dx.

Signs verified numerically day-017 at σ=1.5 [3.2e-7] and σ=½ [3.7e-5]
(mpmath dps-40 — computed, not recalled).

STATUS: atom-2, day-017. Build: `lake build RhAttack.P4Tail`.

THEOREMS (global names):
  B2, B2_at_int, B2_of_Icc_int, B2poly, B2_of_B2poly, abs_B2_le, aestronglyMeasurable_B2, intervalIntegrable_B2_mul_deriv2, int_B1f'_period.':
If an authors line spans multiple lines, each line but the last must end with a trailing comma


Note: This linter can be disabled with `set_option linter.style.header false`
warning: RhAttack/P4Tail.lean:4:0: * '(spec: ka':
The authors line should begin with 'Authors: '


Note: This linter can be disabled with `set_option linter.style.header false`
warning: RhAttack/P4Tail.lean:10:0: * '  ':
Double spaces are not allowed.


Note: This linter can be disabled with `set_option linter.style.header false`
warning: RhAttack/P4Tail.lean:31:47: * ' and ':
Please, do not use 'and'; use ',' instead.


Note: This linter can be disabled with `set_option linter.style.header false`
warning: RhAttack/P4Tail.lean:4:71: * '.':
Please, do not end the authors' line with a period.


Note: This linter can be disabled with `set_option linter.style.header false`
warning: RhAttack/P4Tail.lean:3:0: * 'OUTLINE piece: P4 (the rigorous missing-tail law, §9 row P4), atom-2':
Second copyright line should be "Released under Apache 2.0 license as described in the file LICENSE."


Note: This linter can be disabled with `set_option linter.style.header false`
warning: RhAttack/P4Tail.lean:44:0: The module doc-string for a file should be the first command after the imports.
Please, add a module doc-string before `/-- The per-period polynomial (the kernel with the floor frozen). -/
def B2poly (n : ℕ) (x : ℝ) : ℝ :=
  (x - n) ^ 2 - (x - n) + 1 / 6`.

Note: This linter can be disabled with `set_option linter.style.header false`
warning: RhAttack/P4Tail.lean:1:0: * '/- P4Tail — local P4 atom-2: the 2nd-order finite Euler–Maclaurin identity.':
Malformed or missing copyright header: `/-` should be alone on its own line.


Note: This linter can be disabled with `set_option linter.style.header false`
warning: RhAttack/P4Tail.lean:39:12: * '':
Copyright line should start with 'Copyright (c) YYYY'


Note: This linter can be disabled with `set_option linter.style.header false`
warning: RhAttack/P4Tail.lean:39:12: * '':
Copyright line should end with '. All rights reserved.'


Note: This linter can be disabled with `set_option linter.style.header false`
warning: RhAttack/P4Tail.lean:4:0: * '(spec: kainos plan/40-prize-islands/rh-attack/spec/p4-tail-law-abstract.md
§0.6/§T2/§T3).

ROLE: the second-order EM identity — the `−½f(n) + (1/12)(f′ m − f′ n) +
B̂₂·f″` kernel — from which the W_n(t) form follows. Built exclusively
from:
  (1) the ported 1st-order identity (RhAttack.P4Em, published), (2) one polynomial IBP per unit period (u = the frozen per-period
      polynomial (x−j)²−(x−j)+1/6, via
      `intervalIntegral.integral_mul_deriv_eq_deriv_mul`), plus the a.e.
      endpoint conversion `intervalIntegral.integral_congr_ae` for the
      single kink point x = j+1, (3) the pinned additivity lemma
      `intervalIntegral.sum_integral_adjacent_intervals_Ico`.
This is the ONLY local invention of the P4 line (§0.6: no published
Lean 2nd-order EM exists; the Isabelle AFP entry is the cross-check).

APPROACH: integers n ≤ m; f : ℝ → 𝕜, [RCLike 𝕜] (ℝ or ℂ). Per-period
identity (proven here: int_B1f'_period):

    ∫_j^{j+1} B̂₁·f′ = (1/12)(f′(j+1) − f′(j)) − (1/2)·∫_j^{j+1} B̂₂·f″,
from which the finite target follows by summation (atom-2b, next):

    ∑ k ∈ Ioc n m, f k = ∫_n^m f + ½(f m − f n)
                    + (1/12)(f′ m − f′ n) − ½·∫_n^m B̂₂·f″ dx.

Signs verified numerically day-017 at σ=1.5 [3.2e-7] and σ=½ [3.7e-5]
(mpmath dps-40 — computed, not recalled).

STATUS: atom-2, day-017. Build: `lake build RhAttack.P4Tail`.

THEOREMS (global names):
  B2, B2_at_int, B2_of_Icc_int, B2poly, B2_of_B2poly, abs_B2_le, aestronglyMeasurable_B2, intervalIntegrable_B2_mul_deriv2, int_B1f'_period.':
If an authors line spans multiple lines, each line but the last must end with a trailing comma


Note: This linter can be disabled with `set_option linter.style.header false`
warning: RhAttack/P4Tail.lean:4:0: * '(spec: ka':
The authors line should begin with 'Authors: '


Note: This linter can be disabled with `set_option linter.style.header false`
warning: RhAttack/P4Tail.lean:10:0: * '  ':
Double spaces are not allowed.


Note: This linter can be disabled with `set_option linter.style.header false`
warning: RhAttack/P4Tail.lean:31:47: * ' and ':
Please, do not use 'and'; use ',' instead.


Note: This linter can be disabled with `set_option linter.style.header false`
warning: RhAttack/P4Tail.lean:4:71: * '.':
Please, do not end the authors' line with a period.


Note: This linter can be disabled with `set_option linter.style.header false`
warning: RhAttack/P4Tail.lean:3:0: * 'OUTLINE piece: P4 (the rigorous missing-tail law, §9 row P4), atom-2':
Second copyright line should be "Released under Apache 2.0 license as described in the file LICENSE."


Note: This linter can be disabled with `set_option linter.style.header false`
warning: RhAttack/P4Tail.lean:44:0: The module doc-string for a file should be the first command after the imports.
Please, add a module doc-string before `/-- On [n, n+1]: B̂₂ = the frozen polynomial. -/
lemma B2_of_Icc_int (n : ℕ) {x : ℝ} (hx : x ∈ Set.Icc (n : ℝ) (n + 1 : ℝ)) : B2 x = (x - n) ^ 2 - (x - n) + 1 / 6 :=
  by
  unfold B2
  by_cases htop : x = (n + 1 : ℝ)
  · rw [htop]
    have hfl : (⌊(n + 1 : ℝ)⌋₊ : ℕ) = n + 1 :=
      (Nat.floor_eq_iff (ha := by positivity)).mpr
        ⟨by norm_cast, by
          norm_cast
          linarith⟩
    rw [hfl]
    norm_num
  · have hn : (⌊x⌋₊ : ℝ) = (n : ℝ) := by
      norm_cast
      rw [Nat.floor_eq_iff (by linarith [show (0 : ℝ) ≤ x from le_trans (Nat.cast_nonneg n) hx.1])]
      constructor
      · linarith [hx.1]
      · exact lt_of_le_of_ne hx.2 htop
    rw [hn]`.

Note: This linter can be disabled with `set_option linter.style.header false`
warning: RhAttack/P4Tail.lean:1:0: * '/- P4Tail — local P4 atom-2: the 2nd-order finite Euler–Maclaurin identity.':
Malformed or missing copyright header: `/-` should be alone on its own line.


Note: This linter can be disabled with `set_option linter.style.header false`
warning: RhAttack/P4Tail.lean:39:12: * '':
Copyright line should start with 'Copyright (c) YYYY'


Note: This linter can be disabled with `set_option linter.style.header false`
warning: RhAttack/P4Tail.lean:39:12: * '':
Copyright line should end with '. All rights reserved.'


Note: This linter can be disabled with `set_option linter.style.header false`
warning: RhAttack/P4Tail.lean:4:0: * '(spec: kainos plan/40-prize-islands/rh-attack/spec/p4-tail-law-abstract.md
§0.6/§T2/§T3).

ROLE: the second-order EM identity — the `−½f(n) + (1/12)(f′ m − f′ n) +
B̂₂·f″` kernel — from which the W_n(t) form follows. Built exclusively
from:
  (1) the ported 1st-order identity (RhAttack.P4Em, published), (2) one polynomial IBP per unit period (u = the frozen per-period
      polynomial (x−j)²−(x−j)+1/6, via
      `intervalIntegral.integral_mul_deriv_eq_deriv_mul`), plus the a.e.
      endpoint conversion `intervalIntegral.integral_congr_ae` for the
      single kink point x = j+1, (3) the pinned additivity lemma
      `intervalIntegral.sum_integral_adjacent_intervals_Ico`.
This is the ONLY local invention of the P4 line (§0.6: no published
Lean 2nd-order EM exists; the Isabelle AFP entry is the cross-check).

APPROACH: integers n ≤ m; f : ℝ → 𝕜, [RCLike 𝕜] (ℝ or ℂ). Per-period
identity (proven here: int_B1f'_period):

    ∫_j^{j+1} B̂₁·f′ = (1/12)(f′(j+1) − f′(j)) − (1/2)·∫_j^{j+1} B̂₂·f″,
from which the finite target follows by summation (atom-2b, next):

    ∑ k ∈ Ioc n m, f k = ∫_n^m f + ½(f m − f n)
                    + (1/12)(f′ m − f′ n) − ½·∫_n^m B̂₂·f″ dx.

Signs verified numerically day-017 at σ=1.5 [3.2e-7] and σ=½ [3.7e-5]
(mpmath dps-40 — computed, not recalled).

STATUS: atom-2, day-017. Build: `lake build RhAttack.P4Tail`.

THEOREMS (global names):
  B2, B2_at_int, B2_of_Icc_int, B2poly, B2_of_B2poly, abs_B2_le, aestronglyMeasurable_B2, intervalIntegrable_B2_mul_deriv2, int_B1f'_period.':
If an authors line spans multiple lines, each line but the last must end with a trailing comma


Note: This linter can be disabled with `set_option linter.style.header false`
warning: RhAttack/P4Tail.lean:4:0: * '(spec: ka':
The authors line should begin with 'Authors: '


Note: This linter can be disabled with `set_option linter.style.header false`
warning: RhAttack/P4Tail.lean:10:0: * '  ':
Double spaces are not allowed.


Note: This linter can be disabled with `set_option linter.style.header false`
warning: RhAttack/P4Tail.lean:31:47: * ' and ':
Please, do not use 'and'; use ',' instead.


Note: This linter can be disabled with `set_option linter.style.header false`
warning: RhAttack/P4Tail.lean:4:71: * '.':
Please, do not end the authors' line with a period.


Note: This linter can be disabled with `set_option linter.style.header false`
warning: RhAttack/P4Tail.lean:3:0: * 'OUTLINE piece: P4 (the rigorous missing-tail law, §9 row P4), atom-2':
Second copyright line should be "Released under Apache 2.0 license as described in the file LICENSE."


Note: This linter can be disabled with `set_option linter.style.header false`
warning: RhAttack/P4Tail.lean:44:0: The module doc-string for a file should be the first command after the imports.
Please, add a module doc-string before `lemma B2_of_B2poly (n : ℕ) {x : ℝ} (hx : x ∈ Set.Icc (n : ℝ) (n + 1 : ℝ)) :
    B2 x = B2poly n x := by
  rw [B2_of_Icc_int n hx]
  dsimp only [B2poly]`.

Note: This linter can be disabled with `set_option linter.style.header false`
warning: RhAttack/P4Tail.lean:1:0: * '/- P4Tail — local P4 atom-2: the 2nd-order finite Euler–Maclaurin identity.':
Malformed or missing copyright header: `/-` should be alone on its own line.


Note: This linter can be disabled with `set_option linter.style.header false`
warning: RhAttack/P4Tail.lean:39:12: * '':
Copyright line should start with 'Copyright (c) YYYY'


Note: This linter can be disabled with `set_option linter.style.header false`
warning: RhAttack/P4Tail.lean:39:12: * '':
Copyright line should end with '. All rights reserved.'


Note: This linter can be disabled with `set_option linter.style.header false`
warning: RhAttack/P4Tail.lean:4:0: * '(spec: kainos plan/40-prize-islands/rh-attack/spec/p4-tail-law-abstract.md
§0.6/§T2/§T3).

ROLE: the second-order EM identity — the `−½f(n) + (1/12)(f′ m − f′ n) +
B̂₂·f″` kernel — from which the W_n(t) form follows. Built exclusively
from:
  (1) the ported 1st-order identity (RhAttack.P4Em, published), (2) one polynomial IBP per unit period (u = the frozen per-period
      polynomial (x−j)²−(x−j)+1/6, via
      `intervalIntegral.integral_mul_deriv_eq_deriv_mul`), plus the a.e.
      endpoint conversion `intervalIntegral.integral_congr_ae` for the
      single kink point x = j+1, (3) the pinned additivity lemma
      `intervalIntegral.sum_integral_adjacent_intervals_Ico`.
This is the ONLY local invention of the P4 line (§0.6: no published
Lean 2nd-order EM exists; the Isabelle AFP entry is the cross-check).

APPROACH: integers n ≤ m; f : ℝ → 𝕜, [RCLike 𝕜] (ℝ or ℂ). Per-period
identity (proven here: int_B1f'_period):

    ∫_j^{j+1} B̂₁·f′ = (1/12)(f′(j+1) − f′(j)) − (1/2)·∫_j^{j+1} B̂₂·f″,
from which the finite target follows by summation (atom-2b, next):

    ∑ k ∈ Ioc n m, f k = ∫_n^m f + ½(f m − f n)
                    + (1/12)(f′ m − f′ n) − ½·∫_n^m B̂₂·f″ dx.

Signs verified numerically day-017 at σ=1.5 [3.2e-7] and σ=½ [3.7e-5]
(mpmath dps-40 — computed, not recalled).

STATUS: atom-2, day-017. Build: `lake build RhAttack.P4Tail`.

THEOREMS (global names):
  B2, B2_at_int, B2_of_Icc_int, B2poly, B2_of_B2poly, abs_B2_le, aestronglyMeasurable_B2, intervalIntegrable_B2_mul_deriv2, int_B1f'_period.':
If an authors line spans multiple lines, each line but the last must end with a trailing comma


Note: This linter can be disabled with `set_option linter.style.header false`
warning: RhAttack/P4Tail.lean:4:0: * '(spec: ka':
The authors line should begin with 'Authors: '


Note: This linter can be disabled with `set_option linter.style.header false`
warning: RhAttack/P4Tail.lean:10:0: * '  ':
Double spaces are not allowed.


Note: This linter can be disabled with `set_option linter.style.header false`
warning: RhAttack/P4Tail.lean:31:47: * ' and ':
Please, do not use 'and'; use ',' instead.


Note: This linter can be disabled with `set_option linter.style.header false`
warning: RhAttack/P4Tail.lean:4:71: * '.':
Please, do not end the authors' line with a period.


Note: This linter can be disabled with `set_option linter.style.header false`
warning: RhAttack/P4Tail.lean:3:0: * 'OUTLINE piece: P4 (the rigorous missing-tail law, §9 row P4), atom-2':
Second copyright line should be "Released under Apache 2.0 license as described in the file LICENSE."


Note: This linter can be disabled with `set_option linter.style.header false`
warning: RhAttack/P4Tail.lean:44:0: The module doc-string for a file should be the first command after the imports.
Please, add a module doc-string before `section`.

Note: This linter can be disabled with `set_option linter.style.header false`
warning: RhAttack/P4Tail.lean:1:0: * '/- P4Tail — local P4 atom-2: the 2nd-order finite Euler–Maclaurin identity.':
Malformed or missing copyright header: `/-` should be alone on its own line.


Note: This linter can be disabled with `set_option linter.style.header false`
warning: RhAttack/P4Tail.lean:39:12: * '':
Copyright line should start with 'Copyright (c) YYYY'


Note: This linter can be disabled with `set_option linter.style.header false`
warning: RhAttack/P4Tail.lean:39:12: * '':
Copyright line should end with '. All rights reserved.'


Note: This linter can be disabled with `set_option linter.style.header false`
warning: RhAttack/P4Tail.lean:4:0: * '(spec: kainos plan/40-prize-islands/rh-attack/spec/p4-tail-law-abstract.md
§0.6/§T2/§T3).

ROLE: the second-order EM identity — the `−½f(n) + (1/12)(f′ m − f′ n) +
B̂₂·f″` kernel — from which the W_n(t) form follows. Built exclusively
from:
  (1) the ported 1st-order identity (RhAttack.P4Em, published), (2) one polynomial IBP per unit period (u = the frozen per-period
      polynomial (x−j)²−(x−j)+1/6, via
      `intervalIntegral.integral_mul_deriv_eq_deriv_mul`), plus the a.e.
      endpoint conversion `intervalIntegral.integral_congr_ae` for the
      single kink point x = j+1, (3) the pinned additivity lemma
      `intervalIntegral.sum_integral_adjacent_intervals_Ico`.
This is the ONLY local invention of the P4 line (§0.6: no published
Lean 2nd-order EM exists; the Isabelle AFP entry is the cross-check).

APPROACH: integers n ≤ m; f : ℝ → 𝕜, [RCLike 𝕜] (ℝ or ℂ). Per-period
identity (proven here: int_B1f'_period):

    ∫_j^{j+1} B̂₁·f′ = (1/12)(f′(j+1) − f′(j)) − (1/2)·∫_j^{j+1} B̂₂·f″,
from which the finite target follows by summation (atom-2b, next):

    ∑ k ∈ Ioc n m, f k = ∫_n^m f + ½(f m − f n)
                    + (1/12)(f′ m − f′ n) − ½·∫_n^m B̂₂·f″ dx.

Signs verified numerically day-017 at σ=1.5 [3.2e-7] and σ=½ [3.7e-5]
(mpmath dps-40 — computed, not recalled).

STATUS: atom-2, day-017. Build: `lake build RhAttack.P4Tail`.

THEOREMS (global names):
  B2, B2_at_int, B2_of_Icc_int, B2poly, B2_of_B2poly, abs_B2_le, aestronglyMeasurable_B2, intervalIntegrable_B2_mul_deriv2, int_B1f'_period.':
If an authors line spans multiple lines, each line but the last must end with a trailing comma


Note: This linter can be disabled with `set_option linter.style.header false`
warning: RhAttack/P4Tail.lean:4:0: * '(spec: ka':
The authors line should begin with 'Authors: '


Note: This linter can be disabled with `set_option linter.style.header false`
warning: RhAttack/P4Tail.lean:10:0: * '  ':
Double spaces are not allowed.


Note: This linter can be disabled with `set_option linter.style.header false`
warning: RhAttack/P4Tail.lean:31:47: * ' and ':
Please, do not use 'and'; use ',' instead.


Note: This linter can be disabled with `set_option linter.style.header false`
warning: RhAttack/P4Tail.lean:4:71: * '.':
Please, do not end the authors' line with a period.


Note: This linter can be disabled with `set_option linter.style.header false`
warning: RhAttack/P4Tail.lean:3:0: * 'OUTLINE piece: P4 (the rigorous missing-tail law, §9 row P4), atom-2':
Second copyright line should be "Released under Apache 2.0 license as described in the file LICENSE."


Note: This linter can be disabled with `set_option linter.style.header false`
warning: RhAttack/P4Tail.lean:44:0: The module doc-string for a file should be the first command after the imports.
Please, add a module doc-string before `variable (f : ℝ → 𝕜)`.

Note: This linter can be disabled with `set_option linter.style.header false`
warning: RhAttack/P4Tail.lean:1:0: * '/- P4Tail — local P4 atom-2: the 2nd-order finite Euler–Maclaurin identity.':
Malformed or missing copyright header: `/-` should be alone on its own line.


Note: This linter can be disabled with `set_option linter.style.header false`
warning: RhAttack/P4Tail.lean:39:12: * '':
Copyright line should start with 'Copyright (c) YYYY'


Note: This linter can be disabled with `set_option linter.style.header false`
warning: RhAttack/P4Tail.lean:39:12: * '':
Copyright line should end with '. All rights reserved.'


Note: This linter can be disabled with `set_option linter.style.header false`
warning: RhAttack/P4Tail.lean:4:0: * '(spec: kainos plan/40-prize-islands/rh-attack/spec/p4-tail-law-abstract.md
§0.6/§T2/§T3).

ROLE: the second-order EM identity — the `−½f(n) + (1/12)(f′ m − f′ n) +
B̂₂·f″` kernel — from which the W_n(t) form follows. Built exclusively
from:
  (1) the ported 1st-order identity (RhAttack.P4Em, published), (2) one polynomial IBP per unit period (u = the frozen per-period
      polynomial (x−j)²−(x−j)+1/6, via
      `intervalIntegral.integral_mul_deriv_eq_deriv_mul`), plus the a.e.
      endpoint conversion `intervalIntegral.integral_congr_ae` for the
      single kink point x = j+1, (3) the pinned additivity lemma
      `intervalIntegral.sum_integral_adjacent_intervals_Ico`.
This is the ONLY local invention of the P4 line (§0.6: no published
Lean 2nd-order EM exists; the Isabelle AFP entry is the cross-check).

APPROACH: integers n ≤ m; f : ℝ → 𝕜, [RCLike 𝕜] (ℝ or ℂ). Per-period
identity (proven here: int_B1f'_period):

    ∫_j^{j+1} B̂₁·f′ = (1/12)(f′(j+1) − f′(j)) − (1/2)·∫_j^{j+1} B̂₂·f″,
from which the finite target follows by summation (atom-2b, next):

    ∑ k ∈ Ioc n m, f k = ∫_n^m f + ½(f m − f n)
                    + (1/12)(f′ m − f′ n) − ½·∫_n^m B̂₂·f″ dx.

Signs verified numerically day-017 at σ=1.5 [3.2e-7] and σ=½ [3.7e-5]
(mpmath dps-40 — computed, not recalled).

STATUS: atom-2, day-017. Build: `lake build RhAttack.P4Tail`.

THEOREMS (global names):
  B2, B2_at_int, B2_of_Icc_int, B2poly, B2_of_B2poly, abs_B2_le, aestronglyMeasurable_B2, intervalIntegrable_B2_mul_deriv2, int_B1f'_period.':
If an authors line spans multiple lines, each line but the last must end with a trailing comma


Note: This linter can be disabled with `set_option linter.style.header false`
warning: RhAttack/P4Tail.lean:4:0: * '(spec: ka':
The authors line should begin with 'Authors: '


Note: This linter can be disabled with `set_option linter.style.header false`
warning: RhAttack/P4Tail.lean:10:0: * '  ':
Double spaces are not allowed.


Note: This linter can be disabled with `set_option linter.style.header false`
warning: RhAttack/P4Tail.lean:31:47: * ' and ':
Please, do not use 'and'; use ',' instead.


Note: This linter can be disabled with `set_option linter.style.header false`
warning: RhAttack/P4Tail.lean:4:71: * '.':
Please, do not end the authors' line with a period.


Note: This linter can be disabled with `set_option linter.style.header false`
warning: RhAttack/P4Tail.lean:3:0: * 'OUTLINE piece: P4 (the rigorous missing-tail law, §9 row P4), atom-2':
Second copyright line should be "Released under Apache 2.0 license as described in the file LICENSE."


Note: This linter can be disabled with `set_option linter.style.header false`
warning: RhAttack/P4Tail.lean:44:0: The module doc-string for a file should be the first command after the imports.
Please, add a module doc-string before `/-- The B̂₂·f″ integrand is interval-integrable (bounded measurable ×
    continuous). -/
lemma intervalIntegrable_B2_mul_deriv2 (a b : ℝ) (ha0 : 0 ≤ a) (hab : a ≤ b)
    (hcont_f'' : ContinuousOn (deriv (deriv f)) (Set.uIcc a b)) :
    IntervalIntegrable (fun t => B2 t * deriv (deriv f) t) volume a b :=
  by
  refine IntervalIntegrable.mul_continuousOn ?_ hcont_f''
  rw [intervalIntegrable_iff']
  apply MeasureTheory.Measure.integrableOn_of_bounded (by simp) (by fun_prop) (M := 1 / 6)
  filter_upwards [self_mem_ae_restrict (by measurability)] with x hx
  rw [Set.uIcc_of_le hab, Set.mem_Icc] at hx
  norm_cast
  exact abs_B2_le (le_trans ha0 hx.1)`.

Note: This linter can be disabled with `set_option linter.style.header false`
warning: RhAttack/P4Tail.lean:1:0: * '/- P4Tail — local P4 atom-2: the 2nd-order finite Euler–Maclaurin identity.':
Malformed or missing copyright header: `/-` should be alone on its own line.


Note: This linter can be disabled with `set_option linter.style.header false`
warning: RhAttack/P4Tail.lean:39:12: * '':
Copyright line should start with 'Copyright (c) YYYY'


Note: This linter can be disabled with `set_option linter.style.header false`
warning: RhAttack/P4Tail.lean:39:12: * '':
Copyright line should end with '. All rights reserved.'


Note: This linter can be disabled with `set_option linter.style.header false`
warning: RhAttack/P4Tail.lean:4:0: * '(spec: kainos plan/40-prize-islands/rh-attack/spec/p4-tail-law-abstract.md
§0.6/§T2/§T3).

ROLE: the second-order EM identity — the `−½f(n) + (1/12)(f′ m − f′ n) +
B̂₂·f″` kernel — from which the W_n(t) form follows. Built exclusively
from:
  (1) the ported 1st-order identity (RhAttack.P4Em, published), (2) one polynomial IBP per unit period (u = the frozen per-period
      polynomial (x−j)²−(x−j)+1/6, via
      `intervalIntegral.integral_mul_deriv_eq_deriv_mul`), plus the a.e.
      endpoint conversion `intervalIntegral.integral_congr_ae` for the
      single kink point x = j+1, (3) the pinned additivity lemma
      `intervalIntegral.sum_integral_adjacent_intervals_Ico`.
This is the ONLY local invention of the P4 line (§0.6: no published
Lean 2nd-order EM exists; the Isabelle AFP entry is the cross-check).

APPROACH: integers n ≤ m; f : ℝ → 𝕜, [RCLike 𝕜] (ℝ or ℂ). Per-period
identity (proven here: int_B1f'_period):

    ∫_j^{j+1} B̂₁·f′ = (1/12)(f′(j+1) − f′(j)) − (1/2)·∫_j^{j+1} B̂₂·f″,
from which the finite target follows by summation (atom-2b, next):

    ∑ k ∈ Ioc n m, f k = ∫_n^m f + ½(f m − f n)
                    + (1/12)(f′ m − f′ n) − ½·∫_n^m B̂₂·f″ dx.

Signs verified numerically day-017 at σ=1.5 [3.2e-7] and σ=½ [3.7e-5]
(mpmath dps-40 — computed, not recalled).

STATUS: atom-2, day-017. Build: `lake build RhAttack.P4Tail`.

THEOREMS (global names):
  B2, B2_at_int, B2_of_Icc_int, B2poly, B2_of_B2poly, abs_B2_le, aestronglyMeasurable_B2, intervalIntegrable_B2_mul_deriv2, int_B1f'_period.':
If an authors line spans multiple lines, each line but the last must end with a trailing comma


Note: This linter can be disabled with `set_option linter.style.header false`
warning: RhAttack/P4Tail.lean:4:0: * '(spec: ka':
The authors line should begin with 'Authors: '


Note: This linter can be disabled with `set_option linter.style.header false`
warning: RhAttack/P4Tail.lean:10:0: * '  ':
Double spaces are not allowed.


Note: This linter can be disabled with `set_option linter.style.header false`
warning: RhAttack/P4Tail.lean:31:47: * ' and ':
Please, do not use 'and'; use ',' instead.


Note: This linter can be disabled with `set_option linter.style.header false`
warning: RhAttack/P4Tail.lean:4:71: * '.':
Please, do not end the authors' line with a period.


Note: This linter can be disabled with `set_option linter.style.header false`
warning: RhAttack/P4Tail.lean:3:0: * 'OUTLINE piece: P4 (the rigorous missing-tail law, §9 row P4), atom-2':
Second copyright line should be "Released under Apache 2.0 license as described in the file LICENSE."


Note: This linter can be disabled with `set_option linter.style.header false`
warning: RhAttack/P4Tail.lean:44:0: The module doc-string for a file should be the first command after the imports.
Please, add a module doc-string before `section`.

Note: This linter can be disabled with `set_option linter.style.header false`
warning: RhAttack/P4Tail.lean:1:0: * '/- P4Tail — local P4 atom-2: the 2nd-order finite Euler–Maclaurin identity.':
Malformed or missing copyright header: `/-` should be alone on its own line.


Note: This linter can be disabled with `set_option linter.style.header false`
warning: RhAttack/P4Tail.lean:39:12: * '':
Copyright line should start with 'Copyright (c) YYYY'


Note: This linter can be disabled with `set_option linter.style.header false`
warning: RhAttack/P4Tail.lean:39:12: * '':
Copyright line should end with '. All rights reserved.'


Note: This linter can be disabled with `set_option linter.style.header false`
warning: RhAttack/P4Tail.lean:4:0: * '(spec: kainos plan/40-prize-islands/rh-attack/spec/p4-tail-law-abstract.md
§0.6/§T2/§T3).

ROLE: the second-order EM identity — the `−½f(n) + (1/12)(f′ m − f′ n) +
B̂₂·f″` kernel — from which the W_n(t) form follows. Built exclusively
from:
  (1) the ported 1st-order identity (RhAttack.P4Em, published), (2) one polynomial IBP per unit period (u = the frozen per-period
      polynomial (x−j)²−(x−j)+1/6, via
      `intervalIntegral.integral_mul_deriv_eq_deriv_mul`), plus the a.e.
      endpoint conversion `intervalIntegral.integral_congr_ae` for the
      single kink point x = j+1, (3) the pinned additivity lemma
      `intervalIntegral.sum_integral_adjacent_intervals_Ico`.
This is the ONLY local invention of the P4 line (§0.6: no published
Lean 2nd-order EM exists; the Isabelle AFP entry is the cross-check).

APPROACH: integers n ≤ m; f : ℝ → 𝕜, [RCLike 𝕜] (ℝ or ℂ). Per-period
identity (proven here: int_B1f'_period):

    ∫_j^{j+1} B̂₁·f′ = (1/12)(f′(j+1) − f′(j)) − (1/2)·∫_j^{j+1} B̂₂·f″,
from which the finite target follows by summation (atom-2b, next):

    ∑ k ∈ Ioc n m, f k = ∫_n^m f + ½(f m − f n)
                    + (1/12)(f′ m − f′ n) − ½·∫_n^m B̂₂·f″ dx.

Signs verified numerically day-017 at σ=1.5 [3.2e-7] and σ=½ [3.7e-5]
(mpmath dps-40 — computed, not recalled).

STATUS: atom-2, day-017. Build: `lake build RhAttack.P4Tail`.

THEOREMS (global names):
  B2, B2_at_int, B2_of_Icc_int, B2poly, B2_of_B2poly, abs_B2_le, aestronglyMeasurable_B2, intervalIntegrable_B2_mul_deriv2, int_B1f'_period.':
If an authors line spans multiple lines, each line but the last must end with a trailing comma


Note: This linter can be disabled with `set_option linter.style.header false`
warning: RhAttack/P4Tail.lean:4:0: * '(spec: ka':
The authors line should begin with 'Authors: '


Note: This linter can be disabled with `set_option linter.style.header false`
warning: RhAttack/P4Tail.lean:10:0: * '  ':
Double spaces are not allowed.


Note: This linter can be disabled with `set_option linter.style.header false`
warning: RhAttack/P4Tail.lean:31:47: * ' and ':
Please, do not use 'and'; use ',' instead.


Note: This linter can be disabled with `set_option linter.style.header false`
warning: RhAttack/P4Tail.lean:4:71: * '.':
Please, do not end the authors' line with a period.


Note: This linter can be disabled with `set_option linter.style.header false`
warning: RhAttack/P4Tail.lean:3:0: * 'OUTLINE piece: P4 (the rigorous missing-tail law, §9 row P4), atom-2':
Second copyright line should be "Released under Apache 2.0 license as described in the file LICENSE."


Note: This linter can be disabled with `set_option linter.style.header false`
warning: RhAttack/P4Tail.lean:44:0: The module doc-string for a file should be the first command after the imports.
Please, add a module doc-string before `variable (j : ℕ)`.

Note: This linter can be disabled with `set_option linter.style.header false`
warning: RhAttack/P4Tail.lean:291:8: `push_neg` has been deprecated. Prefer using `push Not` instead.
If you'd rather continue using `push_neg` in your project, you can implement it as follows:
```
open Lean.Parser.Tactic in
macro "push_neg" cfg:optConfig loc:(location)? : tactic =>
  `(tactic| push $cfg:optConfig Not $[$loc]?)
```
warning: RhAttack/P4Tail.lean:294:8: `push_neg` has been deprecated. Prefer using `push Not` instead.
If you'd rather continue using `push_neg` in your project, you can implement it as follows:
```
open Lean.Parser.Tactic in
macro "push_neg" cfg:optConfig loc:(location)? : tactic =>
  `(tactic| push $cfg:optConfig Not $[$loc]?)
```
warning: RhAttack/P4Tail.lean:1:0: * '/- P4Tail — local P4 atom-2: the 2nd-order finite Euler–Maclaurin identity.':
Malformed or missing copyright header: `/-` should be alone on its own line.


Note: This linter can be disabled with `set_option linter.style.header false`
warning: RhAttack/P4Tail.lean:39:12: * '':
Copyright line should start with 'Copyright (c) YYYY'


Note: This linter can be disabled with `set_option linter.style.header false`
warning: RhAttack/P4Tail.lean:39:12: * '':
Copyright line should end with '. All rights reserved.'


Note: This linter can be disabled with `set_option linter.style.header false`
warning: RhAttack/P4Tail.lean:4:0: * '(spec: kainos plan/40-prize-islands/rh-attack/spec/p4-tail-law-abstract.md
§0.6/§T2/§T3).

ROLE: the second-order EM identity — the `−½f(n) + (1/12)(f′ m − f′ n) +
B̂₂·f″` kernel — from which the W_n(t) form follows. Built exclusively
from:
  (1) the ported 1st-order identity (RhAttack.P4Em, published), (2) one polynomial IBP per unit period (u = the frozen per-period
      polynomial (x−j)²−(x−j)+1/6, via
      `intervalIntegral.integral_mul_deriv_eq_deriv_mul`), plus the a.e.
      endpoint conversion `intervalIntegral.integral_congr_ae` for the
      single kink point x = j+1, (3) the pinned additivity lemma
      `intervalIntegral.sum_integral_adjacent_intervals_Ico`.
This is the ONLY local invention of the P4 line (§0.6: no published
Lean 2nd-order EM exists; the Isabelle AFP entry is the cross-check).

APPROACH: integers n ≤ m; f : ℝ → 𝕜, [RCLike 𝕜] (ℝ or ℂ). Per-period
identity (proven here: int_B1f'_period):

    ∫_j^{j+1} B̂₁·f′ = (1/12)(f′(j+1) − f′(j)) − (1/2)·∫_j^{j+1} B̂₂·f″,
from which the finite target follows by summation (atom-2b, next):

    ∑ k ∈ Ioc n m, f k = ∫_n^m f + ½(f m − f n)
                    + (1/12)(f′ m − f′ n) − ½·∫_n^m B̂₂·f″ dx.

Signs verified numerically day-017 at σ=1.5 [3.2e-7] and σ=½ [3.7e-5]
(mpmath dps-40 — computed, not recalled).

STATUS: atom-2, day-017. Build: `lake build RhAttack.P4Tail`.

THEOREMS (global names):
  B2, B2_at_int, B2_of_Icc_int, B2poly, B2_of_B2poly, abs_B2_le, aestronglyMeasurable_B2, intervalIntegrable_B2_mul_deriv2, int_B1f'_period.':
If an authors line spans multiple lines, each line but the last must end with a trailing comma


Note: This linter can be disabled with `set_option linter.style.header false`
warning: RhAttack/P4Tail.lean:4:0: * '(spec: ka':
The authors line should begin with 'Authors: '


Note: This linter can be disabled with `set_option linter.style.header false`
warning: RhAttack/P4Tail.lean:10:0: * '  ':
Double spaces are not allowed.


Note: This linter can be disabled with `set_option linter.style.header false`
warning: RhAttack/P4Tail.lean:31:47: * ' and ':
Please, do not use 'and'; use ',' instead.


Note: This linter can be disabled with `set_option linter.style.header false`
warning: RhAttack/P4Tail.lean:4:71: * '.':
Please, do not end the authors' line with a period.


Note: This linter can be disabled with `set_option linter.style.header false`
warning: RhAttack/P4Tail.lean:3:0: * 'OUTLINE piece: P4 (the rigorous missing-tail law, §9 row P4), atom-2':
Second copyright line should be "Released under Apache 2.0 license as described in the file LICENSE."


Note: This linter can be disabled with `set_option linter.style.header false`
warning: RhAttack/P4Tail.lean:44:0: The module doc-string for a file should be the first command after the imports.
Please, add a module doc-string before `/-- Per-period IBP over [j, j+1]:
      ∫_j^{j+1} B̂₁·f′ = (1/12)(f′(j+1) − f′(j)) − (1/2)·∫_j^{j+1} B̂₂·f″. -/
lemma int_B1f'_period (hf2 : ∀ t ∈ Set.uIcc (j : ℝ) (j + 1 : ℝ), DifferentiableAt ℝ (deriv f) t)
    (hcont_f' : ContinuousOn (deriv f) (Set.uIcc (j : ℝ) (j + 1 : ℝ)))
    (hcont_f'' : ContinuousOn (deriv (deriv f)) (Set.uIcc (j : ℝ) (j + 1 : ℝ))) :
    (∫ x in (j : ℝ)..(j + 1 : ℝ), B1 x * deriv f x) =
      (1 / 12 : 𝕜) * (deriv f (j + 1 : ℝ) - deriv f (j : ℝ)) -
        (1 / 2 : 𝕜) * (∫ x in (j : ℝ)..(j + 1 : ℝ), B2 x * deriv (deriv f) x) :=
  by
  -- the frozen per-period polynomial kernel, built directly in 𝕜 as a pointwise
    -- Pi-combination, so the HasDerivAt chain below has a function field that is
    -- definitionally `u` (no function congruence needed)
  
  set cE : ℝ → 𝕜 := (RCLike.ofRealCLM (K := 𝕜) : ℝ → 𝕜) with hcE
  set cJ : ℝ → 𝕜 := (fun _ : ℝ => (j : 𝕜)) with hcJ
  set u : ℝ → 𝕜 := (cE - cJ) * (cE - cJ) - (cE - cJ) + (fun _ : ℝ => (1 / 6 : 𝕜)) with hu
  set u' : ℝ → 𝕜 := fun x => (2 : 𝕜) * (cE x - cJ x) - (1 : 𝕜) with hup
  have hu' : ∀ x ∈ Set.uIcc (j : ℝ) (j + 1 : ℝ), HasDerivAt u (u' x) x :=
    by
    intro x _
    have hS :=
      (ContinuousLinearMap.hasDerivAt (RCLike.ofRealCLM (K := 𝕜)) (x := x)).sub
        (hasDerivAt_const (c := (j : 𝕜)) (x := x))
    have hU :
      HasDerivAt u
        ((RCLike.ofRealCLM (K := 𝕜) 1 - 0) * ((x : 𝕜) - (j : 𝕜)) +
              ((x : 𝕜) - (j : 𝕜)) * (RCLike.ofRealCLM (K := 𝕜) 1 - 0) -
            (RCLike.ofRealCLM (K := 𝕜) 1 - 0) +
          0)
        x :=
      hS.mul hS |>.sub hS |>.add (hasDerivAt_const (c := (1 / 6 : 𝕜)) (x := x))
    have hD :
      (RCLike.ofRealCLM (K := 𝕜) 1 - 0) * ((x : 𝕜) - (j : 𝕜)) +
              ((x : 𝕜) - (j : 𝕜)) * (RCLike.ofRealCLM (K := 𝕜) 1 - 0) -
            (RCLike.ofRealCLM (K := 𝕜) 1 - 0) +
          0 =
        u' x :=
      by
      dsimp only [u', cE, cJ]
      simp
      ring
        -- `convert` leaves an IFF obligation between the two forms; rewriting the
            -- deriv value makes it (P ↔ P)
        
    convert hU using 1
    rw [hD]
      -- v := f′ (so v′ := f″)
      
  have hv' : ∀ x ∈ Set.uIcc (j : ℝ) (j + 1 : ℝ), HasDerivAt (deriv f) (deriv (deriv f) x) x := fun x hx =>
    (hf2 x hx).hasDerivAt
  have hup_int : IntervalIntegrable (fun x : ℝ => u' x) volume (j : ℝ) (j + 1) :=
    by
    dsimp only [u', cE, cJ]
    simp
    have hcont : Continuous (fun (q : ℝ) => (2 : 𝕜) * ((q : 𝕜) - (j : 𝕜)) - (1 : 𝕜)) := by continuity
    exact hcont.continuousOn.intervalIntegrable
  have hvf_int : IntervalIntegrable (deriv f) volume (j : ℝ) (j + 1) := hcont_f'.intervalIntegrable
  have hIBP :
    (∫ x in (j : ℝ)..(j + 1 : ℝ), u x * deriv (deriv f) x) =
      u (j + 1 : ℝ) * deriv f (j + 1 : ℝ) - u (j : ℝ) * deriv f (j : ℝ) -
        (∫ x in (j : ℝ)..(j + 1 : ℝ), u' x * deriv f x) :=
    integral_mul_deriv_eq_deriv_mul hu' hv' hup_int (hcont_f''.intervalIntegrable)
  have hu_j : u (j : ℝ) = 1 / 6 := by
    dsimp only [u, cE, cJ]
    simp
  have hu_j1 : u (j + 1 : ℝ) = 1 / 6 := by
    dsimp only [u, cE, cJ]
    simp
  rw [hu_j, hu_j1] at hIBP
  have hB2 :
    (∫ x in (j : ℝ)..(j + 1 : ℝ), u x * deriv (deriv f) x) = (∫ x in (j : ℝ)..(j + 1 : ℝ), B2 x * deriv (deriv f) x) :=
    by
    apply intervalIntegral.integral_congr
    intro x hx
    change u x * deriv (deriv f) x = (B2 x : 𝕜) * deriv (deriv f) x
    have hI : x ∈ Set.Icc (j : ℝ) (j + 1 : ℝ) :=
      by
      have hmin : min (j : ℝ) (j + 1 : ℝ) = (j : ℝ) := min_eq_left (by linarith)
      have hmax : max (j : ℝ) (j + 1 : ℝ) = (j + 1 : ℝ) := max_eq_right (by linarith)
      simpa [hmin, hmax] using hx
    have hb : B2 x = (x - (j : ℝ)) ^ 2 - (x - (j : ℝ)) + 1 / 6 := B2_of_Icc_int j hI
    have hreal : (1 / 6 : ℝ) = ((1 / 6 : ℚ) : ℝ) := by norm_num
    have hconst : ((1 / 6 : ℝ) : 𝕜) = (1 / 6 : 𝕜) :=
      by
      rw [hreal, RCLike.ofReal_ratCast (1 / 6 : ℚ)]
      norm_num
    have hkr : u x = (((x - (j : ℝ)) ^ 2 - (x - (j : ℝ)) + 1 / 6 : ℝ) : 𝕜) :=
      by
      dsimp only [u, cE, cJ]
      simp
        -- both sides expand to the same real polynomial in (x-j); the only mismatch is
              -- the constant (1/6 : 𝕜) vs ((algebraMap ℝ 𝕜) 6)⁻¹. ofReal_natCast bridges it:
              -- (algebraMap ℝ 𝕜) 6 = (6 : 𝕜) is definitional (rfl), so `have`-ing it in
              -- algebraMap form lets `rw` match (direct rw of the ↑-form does not).
        
      have h6 : ((algebraMap ℝ 𝕜) 6) = (6 : 𝕜) := RCLike.ofReal_natCast 6
      rw [h6]
      ring
    rw [hkr, hb]
  rw [hB2] at hIBP
  have h1 :
    (∫ x in (j : ℝ)..(j + 1 : ℝ), u' x * deriv f x) =
      (1 / 6 : 𝕜) * (deriv f (j + 1 : ℝ) - deriv f (j : ℝ)) - (∫ x in (j : ℝ)..(j + 1 : ℝ), B2 x * deriv (deriv f) x) :=
    by linear_combination hIBP
  let S : Set ℝ := {x : ℝ | x ∈ Set.uIoc (j : ℝ) (j + 1 : ℝ) ∧ u' x * deriv f x ≠ (2 : 𝕜) * (B1 x : 𝕜) * deriv f x}
  have hS : S ⊆ ({(j + 1 : ℝ)} : Set ℝ) := by
    intro x hx
    have hmin : min (j : ℝ) (j + 1 : ℝ) = (j : ℝ) := min_eq_left (by linarith)
    have hmax : max (j : ℝ) (j + 1 : ℝ) = (j + 1 : ℝ) := max_eq_right (by linarith)
    have hxlo : (j : ℝ) < x := by simpa [hmin] using hx.1.1
    have hxhi : x ≤ (j + 1 : ℝ) := by simpa [hmax] using hx.1.2
    by_contra! htop
    have hxhi' : x < (j + 1 : ℝ) := lt_of_le_of_ne hxhi htop
    have hfloor : (⌊x⌋₊ : ℝ) = (j : ℝ) := by
      norm_cast
      rw [Nat.floor_eq_iff (by linarith [show (0 : ℝ) ≤ x from le_trans (Nat.cast_nonneg j) (le_of_lt hxlo)])]
      constructor
      · norm_cast
        linarith [hxlo]
      · linarith [hxhi']
    have hB1r : (2 : ℝ) * (x - (j : ℝ)) - 1 = 2 * B1 x :=
      by
      dsimp only [B1]
      rw [hfloor]
      ring
        -- split into a scalar identity (no deriv f factor, so `ring` can normalize the
            -- rational constants) and a trivial factor-preserving step
        
    have hb1 : B1 x = x - (j : ℝ) - 1 / 2 := by
      dsimp only [B1]
      rw [hfloor]
    have hupB1 : u' x = (2 : 𝕜) * (B1 x : 𝕜) := by
      rw [hb1]
      dsimp only [u', cE, cJ]
        -- push the algebraMap into the real RHS constant
        
      have h1b : ((x - (j : ℝ) - 1 / 2 : ℝ) : 𝕜) = ((x : 𝕜) - (j : 𝕜)) - (1 / 2 : 𝕜) :=
        by
        have hsub : ((x - (j : ℝ) - 1 / 2 : ℝ) : 𝕜) = ((x - (j : ℝ) : ℝ) : 𝕜) - ((1 / 2 : ℝ) : 𝕜) := by norm_cast
        have hc1 : ((1 / 2 : ℝ) : 𝕜) = (1 / 2 : 𝕜) :=
          by
          have hcast : ((1 / 2 : ℝ) : 𝕜) = (((1 / 2 : ℚ) : ℝ) : 𝕜) :=
            by
            have : (1 / 2 : ℝ) = ((1 / 2 : ℚ) : ℝ) := by norm_num
            rw [this]
          rw [hcast, RCLike.ofReal_ratCast (1 / 2 : ℚ)]
          norm_num
        have hc2 : ((x - (j : ℝ) : ℝ) : 𝕜) = (x : 𝕜) - (j : 𝕜) := by norm_cast
        rw [hsub, hc1, hc2]
      rw [h1b]
        -- unify the two notations for the real embedding (ofRealCLM vs ↑) so ring sees one atom
        
      have hE : (RCLike.ofRealCLM (K := 𝕜) x) = (x : 𝕜) := by rfl
      rw [← hE]
      ring
    have heq : u' x * deriv f x = (2 : 𝕜) * (B1 x : 𝕜) * deriv f x := by rw [hupB1]
    exact hx.2 heq
  have hae : ∀ᵐ x ∂volume, x ∈ Set.uIoc (j : ℝ) (j + 1 : ℝ) → u' x * deriv f x = (2 : 𝕜) * (B1 x : 𝕜) * deriv f x :=
    by
    refine
      (MeasureTheory.ae_iff (p := fun x =>
            x ∈ Set.uIoc (j : ℝ) (j + 1 : ℝ) → u' x * deriv f x = (2 : 𝕜) * (B1 x : 𝕜) * deriv f x)).mpr
        ?_
          -- {x | ¬p x} = S up to the definitional form of ¬(P → Q)
          
    have hneg :
      {x : ℝ | ¬(x ∈ Set.uIoc (j : ℝ) (j + 1 : ℝ) → u' x * deriv f x = (2 : 𝕜) * (B1 x : 𝕜) * deriv f x)} = S :=
      by
      ext x
      constructor
      · intro hx
        push_neg at hx
        exact ⟨hx.1, hx.2⟩
      · intro hx
        push_neg
        exact ⟨hx.1, hx.2⟩
    rw [hneg]
      -- S ⊆ {j+1} and volume {j+1} = 0, so volume S = 0
      
    have htop1 : volume S ≤ volume ({(j + 1 : ℝ)} : Set ℝ) := MeasureTheory.measure_mono hS
    have htop0 : volume ({(j + 1 : ℝ)} : Set ℝ) = 0 := by simp
    have htop2 : 0 ≤ volume S := by positivity
    exact le_antisymm (le_trans htop1 (le_of_eq htop0)) htop2
  have h2 :
    (∫ x in (j : ℝ)..(j + 1 : ℝ), (2 : 𝕜) * (B1 x : 𝕜) * deriv f x) =
      (1 / 6 : 𝕜) * (deriv f (j + 1 : ℝ) - deriv f (j : ℝ)) - (∫ x in (j : ℝ)..(j + 1 : ℝ), B2 x * deriv (deriv f) x) :=
    by
    rw [← intervalIntegral.integral_congr_ae hae, h1]
      -- factor ½.
        -- the (1/2 : 𝕜)↔((algebraMap ℝ 𝕜) 2)⁻¹ scalar bridge (generic RCLike):
        -- `RCLike.real_smul_eq_coe_mul (1/2 : ℝ) _` normalizes its coe to
        -- ((algebraMap ℝ 𝕜) 2)⁻¹, so hhalf is stated in that form (ofReal_natCast 2
        -- then norm_num). `simpa [hhalf]` closes the two smul↔mul steps.
      
  have hhalf : (1 / 2 : 𝕜) = ((algebraMap ℝ 𝕜) 2)⁻¹ :=
    by
    have h2c : ((algebraMap ℝ 𝕜) 2) = (2 : 𝕜) := RCLike.ofReal_natCast 2
    rw [h2c]
    norm_num
  calc
    (∫ x in (j : ℝ)..(j + 1 : ℝ), B1 x * deriv f x) =
        (1 / 2 : ℝ) • (∫ x in (j : ℝ)..(j + 1 : ℝ), (2 : 𝕜) * (B1 x : 𝕜) * deriv f x) :=
      by
      rw [show
          (∫ x in (j : ℝ)..(j + 1 : ℝ), B1 x * deriv f x) =
            (∫ x in (j : ℝ)..(j + 1 : ℝ), ((2 : 𝕜) * (B1 x : 𝕜) * deriv f x) * (1 / 2 : 𝕜))
          from by
          apply intervalIntegral.integral_congr
          intro x _
          norm_num
          ring,
        intervalIntegral.integral_mul_const (1 / 2 : 𝕜) (fun x => (2 : 𝕜) * (B1 x : 𝕜) * deriv f x), mul_comm]
      simpa [hhalf] using
        (RCLike.real_smul_eq_coe_mul (1 / 2 : ℝ) (∫ x in (j : ℝ)..(j + 1 : ℝ), (2 : 𝕜) * (B1 x : 𝕜) * deriv f x)).symm
    _ =
        (1 / 2 : 𝕜) *
          ((1 / 6 : 𝕜) * (deriv f (j + 1 : ℝ) - deriv f (j : ℝ)) -
            (∫ x in (j : ℝ)..(j + 1 : ℝ), B2 x * deriv (deriv f) x)) :=
      by
      rw [h2]
      simpa [hhalf] using
        RCLike.real_smul_eq_coe_mul (1 / 2 : ℝ)
          ((1 / 6 : 𝕜) * (deriv f (j + 1 : ℝ) - deriv f (j : ℝ)) -
            (∫ x in (j : ℝ)..(j + 1 : ℝ), B2 x * deriv (deriv f) x))
    _ =
        (1 / 12 : 𝕜) * (deriv f (j + 1 : ℝ) - deriv f (j : ℝ)) -
          (1 / 2 : 𝕜) * (∫ x in (j : ℝ)..(j + 1 : ℝ), B2 x * deriv (deriv f) x) :=
      by ring`.

Note: This linter can be disabled with `set_option linter.style.header false`
warning: RhAttack/P4Tail.lean:175:4: `simp` is a flexible tactic modifying `⊢`. Try `simp?` and use the suggested `simp only [...]`. Alternatively, use `suffices` to explicitly state the simplified form.

Note: This linter can be disabled with `set_option linter.flexible false`
info: RhAttack/P4Tail.lean:175:4: Try this:
  [apply] simp only [RCLike.ofRealCLM_apply]
info: RhAttack/P4Tail.lean:176:4: `have hcont : Continuous (fun (q : ℝ) => (2 : 𝕜) * ((q : 𝕜) - (j : 𝕜)) - (1 : 𝕜)) := by continuity`
modifies the current goal, which was modified by the flexible tactic `simp` on line 175!
warning: RhAttack/P4Tail.lean:175:4: `simp` is a flexible tactic modifying `⊢`. Try `simp?` and use the suggested `simp only [...]`. Alternatively, use `suffices` to explicitly state the simplified form.

Note: This linter can be disabled with `set_option linter.flexible false`
info: RhAttack/P4Tail.lean:175:4: Try this:
  [apply] simp only [RCLike.ofRealCLM_apply]
info: RhAttack/P4Tail.lean:177:4: `exact hcont.continuousOn.intervalIntegrable`
modifies the current goal, which was modified by the flexible tactic `simp` on line 175!
warning: RhAttack/P4Tail.lean:213:6: `simp
      -- both sides expand to the same real polynomial in (x-j); the only mismatch is
      -- the constant (1/6 : 𝕜) vs ((algebraMap ℝ 𝕜) 6)⁻¹. ofReal_natCast bridges it:
      -- (algebraMap ℝ 𝕜) 6 = (6 : 𝕜) is definitional (rfl), so `have`-ing it in
      -- algebraMap form lets `rw` match (direct rw of the ↑-form does not).` is a flexible tactic modifying `⊢`. Try `simp?` and use the suggested `simp only [...]`. Alternatively, use `suffices` to explicitly state the simplified form.

Note: This linter can be disabled with `set_option linter.flexible false`
info: RhAttack/P4Tail.lean:213:6: Try this:
  [apply] simp only [RCLike.ofRealCLM_apply, one_div, Pi.add_apply, Pi.sub_apply, Pi.mul_apply, map_add, map_sub,
    map_pow, map_natCast, map_inv₀]
info: RhAttack/P4Tail.lean:219:6: `rw [h6]`
modifies the current goal, which was modified by the flexible tactic `simp` on line 213!
warning: RhAttack/P4Tail.lean:244:8: Unused tactic linter: `norm_cast` does nothing

Note: This linter can be disabled with `set_option linter.unusedTactic false`
warning: RhAttack/P4Tail.lean:161:100: This line exceeds the 100 character limit, please shorten it!

Note: This linter can be disabled with `set_option linter.style.longLine false`
warning: RhAttack/P4Tail.lean:176:100: This line exceeds the 100 character limit, please shorten it!

Note: This linter can be disabled with `set_option linter.style.longLine false`
warning: RhAttack/P4Tail.lean:242:100: This line exceeds the 100 character limit, please shorten it!

Note: This linter can be disabled with `set_option linter.style.longLine false`
warning: RhAttack/P4Tail.lean:1:0: * '/- P4Tail — local P4 atom-2: the 2nd-order finite Euler–Maclaurin identity.':
Malformed or missing copyright header: `/-` should be alone on its own line.


Note: This linter can be disabled with `set_option linter.style.header false`
warning: RhAttack/P4Tail.lean:39:12: * '':
Copyright line should start with 'Copyright (c) YYYY'


Note: This linter can be disabled with `set_option linter.style.header false`
warning: RhAttack/P4Tail.lean:39:12: * '':
Copyright line should end with '. All rights reserved.'


Note: This linter can be disabled with `set_option linter.style.header false`
warning: RhAttack/P4Tail.lean:4:0: * '(spec: kainos plan/40-prize-islands/rh-attack/spec/p4-tail-law-abstract.md
§0.6/§T2/§T3).

ROLE: the second-order EM identity — the `−½f(n) + (1/12)(f′ m − f′ n) +
B̂₂·f″` kernel — from which the W_n(t) form follows. Built exclusively
from:
  (1) the ported 1st-order identity (RhAttack.P4Em, published), (2) one polynomial IBP per unit period (u = the frozen per-period
      polynomial (x−j)²−(x−j)+1/6, via
      `intervalIntegral.integral_mul_deriv_eq_deriv_mul`), plus the a.e.
      endpoint conversion `intervalIntegral.integral_congr_ae` for the
      single kink point x = j+1, (3) the pinned additivity lemma
      `intervalIntegral.sum_integral_adjacent_intervals_Ico`.
This is the ONLY local invention of the P4 line (§0.6: no published
Lean 2nd-order EM exists; the Isabelle AFP entry is the cross-check).

APPROACH: integers n ≤ m; f : ℝ → 𝕜, [RCLike 𝕜] (ℝ or ℂ). Per-period
identity (proven here: int_B1f'_period):

    ∫_j^{j+1} B̂₁·f′ = (1/12)(f′(j+1) − f′(j)) − (1/2)·∫_j^{j+1} B̂₂·f″,
from which the finite target follows by summation (atom-2b, next):

    ∑ k ∈ Ioc n m, f k = ∫_n^m f + ½(f m − f n)
                    + (1/12)(f′ m − f′ n) − ½·∫_n^m B̂₂·f″ dx.

Signs verified numerically day-017 at σ=1.5 [3.2e-7] and σ=½ [3.7e-5]
(mpmath dps-40 — computed, not recalled).

STATUS: atom-2, day-017. Build: `lake build RhAttack.P4Tail`.

THEOREMS (global names):
  B2, B2_at_int, B2_of_Icc_int, B2poly, B2_of_B2poly, abs_B2_le, aestronglyMeasurable_B2, intervalIntegrable_B2_mul_deriv2, int_B1f'_period.':
If an authors line spans multiple lines, each line but the last must end with a trailing comma


Note: This linter can be disabled with `set_option linter.style.header false`
warning: RhAttack/P4Tail.lean:4:0: * '(spec: ka':
The authors line should begin with 'Authors: '


Note: This linter can be disabled with `set_option linter.style.header false`
warning: RhAttack/P4Tail.lean:10:0: * '  ':
Double spaces are not allowed.


Note: This linter can be disabled with `set_option linter.style.header false`
warning: RhAttack/P4Tail.lean:31:47: * ' and ':
Please, do not use 'and'; use ',' instead.


Note: This linter can be disabled with `set_option linter.style.header false`
warning: RhAttack/P4Tail.lean:4:71: * '.':
Please, do not end the authors' line with a period.


Note: This linter can be disabled with `set_option linter.style.header false`
warning: RhAttack/P4Tail.lean:3:0: * 'OUTLINE piece: P4 (the rigorous missing-tail law, §9 row P4), atom-2':
Second copyright line should be "Released under Apache 2.0 license as described in the file LICENSE."


Note: This linter can be disabled with `set_option linter.style.header false`
warning: RhAttack/P4Tail.lean:44:0: The module doc-string for a file should be the first command after the imports.
Please, add a module doc-string before `end`.

Note: This linter can be disabled with `set_option linter.style.header false`
warning: RhAttack/P4Tail.lean:1:0: * '/- P4Tail — local P4 atom-2: the 2nd-order finite Euler–Maclaurin identity.':
Malformed or missing copyright header: `/-` should be alone on its own line.


Note: This linter can be disabled with `set_option linter.style.header false`
warning: RhAttack/P4Tail.lean:39:12: * '':
Copyright line should start with 'Copyright (c) YYYY'


Note: This linter can be disabled with `set_option linter.style.header false`
warning: RhAttack/P4Tail.lean:39:12: * '':
Copyright line should end with '. All rights reserved.'


Note: This linter can be disabled with `set_option linter.style.header false`
warning: RhAttack/P4Tail.lean:4:0: * '(spec: kainos plan/40-prize-islands/rh-attack/spec/p4-tail-law-abstract.md
§0.6/§T2/§T3).

ROLE: the second-order EM identity — the `−½f(n) + (1/12)(f′ m − f′ n) +
B̂₂·f″` kernel — from which the W_n(t) form follows. Built exclusively
from:
  (1) the ported 1st-order identity (RhAttack.P4Em, published), (2) one polynomial IBP per unit period (u = the frozen per-period
      polynomial (x−j)²−(x−j)+1/6, via
      `intervalIntegral.integral_mul_deriv_eq_deriv_mul`), plus the a.e.
      endpoint conversion `intervalIntegral.integral_congr_ae` for the
      single kink point x = j+1, (3) the pinned additivity lemma
      `intervalIntegral.sum_integral_adjacent_intervals_Ico`.
This is the ONLY local invention of the P4 line (§0.6: no published
Lean 2nd-order EM exists; the Isabelle AFP entry is the cross-check).

APPROACH: integers n ≤ m; f : ℝ → 𝕜, [RCLike 𝕜] (ℝ or ℂ). Per-period
identity (proven here: int_B1f'_period):

    ∫_j^{j+1} B̂₁·f′ = (1/12)(f′(j+1) − f′(j)) − (1/2)·∫_j^{j+1} B̂₂·f″,
from which the finite target follows by summation (atom-2b, next):

    ∑ k ∈ Ioc n m, f k = ∫_n^m f + ½(f m − f n)
                    + (1/12)(f′ m − f′ n) − ½·∫_n^m B̂₂·f″ dx.

Signs verified numerically day-017 at σ=1.5 [3.2e-7] and σ=½ [3.7e-5]
(mpmath dps-40 — computed, not recalled).

STATUS: atom-2, day-017. Build: `lake build RhAttack.P4Tail`.

THEOREMS (global names):
  B2, B2_at_int, B2_of_Icc_int, B2poly, B2_of_B2poly, abs_B2_le, aestronglyMeasurable_B2, intervalIntegrable_B2_mul_deriv2, int_B1f'_period.':
If an authors line spans multiple lines, each line but the last must end with a trailing comma


Note: This linter can be disabled with `set_option linter.style.header false`
warning: RhAttack/P4Tail.lean:4:0: * '(spec: ka':
The authors line should begin with 'Authors: '


Note: This linter can be disabled with `set_option linter.style.header false`
warning: RhAttack/P4Tail.lean:10:0: * '  ':
Double spaces are not allowed.


Note: This linter can be disabled with `set_option linter.style.header false`
warning: RhAttack/P4Tail.lean:31:47: * ' and ':
Please, do not use 'and'; use ',' instead.


Note: This linter can be disabled with `set_option linter.style.header false`
warning: RhAttack/P4Tail.lean:4:71: * '.':
Please, do not end the authors' line with a period.


Note: This linter can be disabled with `set_option linter.style.header false`
warning: RhAttack/P4Tail.lean:3:0: * 'OUTLINE piece: P4 (the rigorous missing-tail law, §9 row P4), atom-2':
Second copyright line should be "Released under Apache 2.0 license as described in the file LICENSE."


Note: This linter can be disabled with `set_option linter.style.header false`
warning: RhAttack/P4Tail.lean:44:0: The module doc-string for a file should be the first command after the imports.
Please, add a module doc-string before `end`.

Note: This linter can be disabled with `set_option linter.style.header false`
warning: RhAttack/P4Tail.lean:1:0: * '/- P4Tail — local P4 atom-2: the 2nd-order finite Euler–Maclaurin identity.':
Malformed or missing copyright header: `/-` should be alone on its own line.


Note: This linter can be disabled with `set_option linter.style.header false`
warning: RhAttack/P4Tail.lean:39:12: * '':
Copyright line should start with 'Copyright (c) YYYY'


Note: This linter can be disabled with `set_option linter.style.header false`
warning: RhAttack/P4Tail.lean:39:12: * '':
Copyright line should end with '. All rights reserved.'


Note: This linter can be disabled with `set_option linter.style.header false`
warning: RhAttack/P4Tail.lean:4:0: * '(spec: kainos plan/40-prize-islands/rh-attack/spec/p4-tail-law-abstract.md
§0.6/§T2/§T3).

ROLE: the second-order EM identity — the `−½f(n) + (1/12)(f′ m − f′ n) +
B̂₂·f″` kernel — from which the W_n(t) form follows. Built exclusively
from:
  (1) the ported 1st-order identity (RhAttack.P4Em, published), (2) one polynomial IBP per unit period (u = the frozen per-period
      polynomial (x−j)²−(x−j)+1/6, via
      `intervalIntegral.integral_mul_deriv_eq_deriv_mul`), plus the a.e.
      endpoint conversion `intervalIntegral.integral_congr_ae` for the
      single kink point x = j+1, (3) the pinned additivity lemma
      `intervalIntegral.sum_integral_adjacent_intervals_Ico`.
This is the ONLY local invention of the P4 line (§0.6: no published
Lean 2nd-order EM exists; the Isabelle AFP entry is the cross-check).

APPROACH: integers n ≤ m; f : ℝ → 𝕜, [RCLike 𝕜] (ℝ or ℂ). Per-period
identity (proven here: int_B1f'_period):

    ∫_j^{j+1} B̂₁·f′ = (1/12)(f′(j+1) − f′(j)) − (1/2)·∫_j^{j+1} B̂₂·f″,
from which the finite target follows by summation (atom-2b, next):

    ∑ k ∈ Ioc n m, f k = ∫_n^m f + ½(f m − f n)
                    + (1/12)(f′ m − f′ n) − ½·∫_n^m B̂₂·f″ dx.

Signs verified numerically day-017 at σ=1.5 [3.2e-7] and σ=½ [3.7e-5]
(mpmath dps-40 — computed, not recalled).

STATUS: atom-2, day-017. Build: `lake build RhAttack.P4Tail`.

THEOREMS (global names):
  B2, B2_at_int, B2_of_Icc_int, B2poly, B2_of_B2poly, abs_B2_le, aestronglyMeasurable_B2, intervalIntegrable_B2_mul_deriv2, int_B1f'_period.':
If an authors line spans multiple lines, each line but the last must end with a trailing comma


Note: This linter can be disabled with `set_option linter.style.header false`
warning: RhAttack/P4Tail.lean:4:0: * '(spec: ka':
The authors line should begin with 'Authors: '


Note: This linter can be disabled with `set_option linter.style.header false`
warning: RhAttack/P4Tail.lean:10:0: * '  ':
Double spaces are not allowed.


Note: This linter can be disabled with `set_option linter.style.header false`
warning: RhAttack/P4Tail.lean:31:47: * ' and ':
Please, do not use 'and'; use ',' instead.


Note: This linter can be disabled with `set_option linter.style.header false`
warning: RhAttack/P4Tail.lean:4:71: * '.':
Please, do not end the authors' line with a period.


Note: This linter can be disabled with `set_option linter.style.header false`
warning: RhAttack/P4Tail.lean:3:0: * 'OUTLINE piece: P4 (the rigorous missing-tail law, §9 row P4), atom-2':
Second copyright line should be "Released under Apache 2.0 license as described in the file LICENSE."


Note: This linter can be disabled with `set_option linter.style.header false`
warning: RhAttack/P4Tail.lean:44:0: The module doc-string for a file should be the first command after the imports.
Please, add a module doc-string before `end`.

Note: This linter can be disabled with `set_option linter.style.header false`
warning: RhAttack/P4Tail.lean:1:0: * '/- P4Tail — local P4 atom-2: the 2nd-order finite Euler–Maclaurin identity.':
Malformed or missing copyright header: `/-` should be alone on its own line.


Note: This linter can be disabled with `set_option linter.style.header false`
warning: RhAttack/P4Tail.lean:39:12: * '':
Copyright line should start with 'Copyright (c) YYYY'


Note: This linter can be disabled with `set_option linter.style.header false`
warning: RhAttack/P4Tail.lean:39:12: * '':
Copyright line should end with '. All rights reserved.'


Note: This linter can be disabled with `set_option linter.style.header false`
warning: RhAttack/P4Tail.lean:4:0: * '(spec: kainos plan/40-prize-islands/rh-attack/spec/p4-tail-law-abstract.md
§0.6/§T2/§T3).

ROLE: the second-order EM identity — the `−½f(n) + (1/12)(f′ m − f′ n) +
B̂₂·f″` kernel — from which the W_n(t) form follows. Built exclusively
from:
  (1) the ported 1st-order identity (RhAttack.P4Em, published), (2) one polynomial IBP per unit period (u = the frozen per-period
      polynomial (x−j)²−(x−j)+1/6, via
      `intervalIntegral.integral_mul_deriv_eq_deriv_mul`), plus the a.e.
      endpoint conversion `intervalIntegral.integral_congr_ae` for the
      single kink point x = j+1, (3) the pinned additivity lemma
      `intervalIntegral.sum_integral_adjacent_intervals_Ico`.
This is the ONLY local invention of the P4 line (§0.6: no published
Lean 2nd-order EM exists; the Isabelle AFP entry is the cross-check).

APPROACH: integers n ≤ m; f : ℝ → 𝕜, [RCLike 𝕜] (ℝ or ℂ). Per-period
identity (proven here: int_B1f'_period):

    ∫_j^{j+1} B̂₁·f′ = (1/12)(f′(j+1) − f′(j)) − (1/2)·∫_j^{j+1} B̂₂·f″,
from which the finite target follows by summation (atom-2b, next):

    ∑ k ∈ Ioc n m, f k = ∫_n^m f + ½(f m − f n)
                    + (1/12)(f′ m − f′ n) − ½·∫_n^m B̂₂·f″ dx.

Signs verified numerically day-017 at σ=1.5 [3.2e-7] and σ=½ [3.7e-5]
(mpmath dps-40 — computed, not recalled).

STATUS: atom-2, day-017. Build: `lake build RhAttack.P4Tail`.

THEOREMS (global names):
  B2, B2_at_int, B2_of_Icc_int, B2poly, B2_of_B2poly, abs_B2_le, aestronglyMeasurable_B2, intervalIntegrable_B2_mul_deriv2, int_B1f'_period.':
If an authors line spans multiple lines, each line but the last must end with a trailing comma


Note: This linter can be disabled with `set_option linter.style.header false`
warning: RhAttack/P4Tail.lean:4:0: * '(spec: ka':
The authors line should begin with 'Authors: '


Note: This linter can be disabled with `set_option linter.style.header false`
warning: RhAttack/P4Tail.lean:10:0: * '  ':
Double spaces are not allowed.


Note: This linter can be disabled with `set_option linter.style.header false`
warning: RhAttack/P4Tail.lean:31:47: * ' and ':
Please, do not use 'and'; use ',' instead.


Note: This linter can be disabled with `set_option linter.style.header false`
warning: RhAttack/P4Tail.lean:4:71: * '.':
Please, do not end the authors' line with a period.


Note: This linter can be disabled with `set_option linter.style.header false`
warning: RhAttack/P4Tail.lean:3:0: * 'OUTLINE piece: P4 (the rigorous missing-tail law, §9 row P4), atom-2':
Second copyright line should be "Released under Apache 2.0 license as described in the file LICENSE."


Note: This linter can be disabled with `set_option linter.style.header false`
warning: RhAttack/P4Tail.lean:44:0: The module doc-string for a file should be the first command after the imports.
Please, add a module doc-string before ``.

Note: This linter can be disabled with `set_option linter.style.header false`
⚠ [8708/8709] Replayed RhAttack.P4Em2
warning: RhAttack/P4Em2.lean:1:0: * '/- P4Em2 — P4 atom-2b: the GLOBAL finite second-order Euler–Maclaurin law.':
Malformed or missing copyright header: `/-` should be alone on its own line.


Note: This linter can be disabled with `set_option linter.style.header false`
warning: RhAttack/P4Em2.lean:56:38: * '':
Copyright line should start with 'Copyright (c) YYYY'


Note: This linter can be disabled with `set_option linter.style.header false`
warning: RhAttack/P4Em2.lean:56:38: * '':
Copyright line should end with '. All rights reserved.'


Note: This linter can be disabled with `set_option linter.style.header false`
warning: RhAttack/P4Em2.lean:4:0: * '(spec: kainos plan/40-prize-islands/rh-attack/spec/p4-tail-law-abstract.md
§T3; the §4 finite target).

ROLE: stitches the per-period second-order identity
(RhAttack.P4Tail.int_B1f'_period, atom-2) over every unit period of
[n, m] into the global finite law

  ∑ k ∈ Finset.Ioc n m, f k
    = ∫_n^m f + ½(f m − f n) + (1/12)(f′ m − f′ n) − ½·∫_n^m B̂₂·f″ dx

the finite core of the Riemann 1859 identity, from which the
missing-tail W_n(t) form follows at σ = ½ (P4 no-ζ core convention:
the finite/derivative EM machinery is machine-checked here; the 1859
continuation identification is cited under the same convention as
B-3's DLMF 25.2.12 citation).

Built exclusively from:
  (1) the 1st-order sum identity at integer endpoints
      (RhAttack.P4Em.sum_eq_integral_add_integral_deriv, published), (2) the per-period 2nd-order identity
      (RhAttack.P4Tail.int_B1f'_period, atom-2), (3) additivity of adjacent interval integrals
      (intervalIntegral.sum_integral_adjacent_intervals_Ico —
      Mathlib/MeasureTheory/Integral/IntervalIntegral/Basic.lean, used
      here exactly as in Mathlib's Analysis/SumIntegralComparisons.lean
      with `a := (↑·)` and `Nat.cast_add`/`Nat.cast_one` endpoint
      normalization, as in Mathlib's NumberTheory/AbelSummation.lean), (4) one local finite additive telescope (ico_sum_telescope, this file).

APPROACH / pinned APIs (Lean 4.33.1, mathlib f001ca3a4):
  * `Set.uIcc a b` is the UNORDERED CLOSED interval `Icc (min a b)
    (max a b)` (Order/Interval/Set/UnorderedInterval.lean:59); with
    ordered endpoints, `Set.uIcc_of_le (h : a ≤ b) : uIcc a b = Icc a b`
    and `Set.mem_uIcc_of_le`.
  * The additivity lemma's period endpoints are nat-cast form
    `a (k + 1) = ((k + 1 : ℕ) : ℝ)`; the source notation
    `(j + 1 : ℝ)` elaborates to real-add form `((j : ℝ) + 1)`. Bridge:
    `simp only [Nat.cast_add, Nat.cast_one]` (both directions), or for
    `rw` first `rw [← Nat.cast_one]` (the real literal `1` is OfNat,   not defeq to `↑(1 : ℕ)`).
  * `ContinuousOn` restriction is `ContinuousOn.mono`
    (Topology/ContinuousOn.lean:320); there is NO `restrict_set` in
    this checkout.
  * `Finset.sum_insert (by simp [Finset.mem_Ico])` + `abel` for the
    telescope step; `rw` auto-closes rfl goals in this toolchain.
  * `push_cast; ring` closes the mixed ℝ-scalar/𝕜 endpoint forms
    (probed).

STATUS: GREEN (day-019, 2026-09-12, Lean 4.33.1): both theorems compile;
full build 17424 jobs, 0 errors; all four `rhattack` gates PASS.
(First red pass landed day-017/018 — the fixed errors are captured in
the day-019 journal and the wiki.)
THEOREMS: ico_sum_telescope, em2_finite -/
':
If an authors line spans multiple lines, each line but the last must end with a trailing comma


Note: This linter can be disabled with `set_option linter.style.header false`
warning: RhAttack/P4Em2.lean:4:0: * '(spec: ka':
The authors line should begin with 'Authors: '


Note: This linter can be disabled with `set_option linter.style.header false`
warning: RhAttack/P4Em2.lean:11:0: * '  ':
Double spaces are not allowed.


Note: This linter can be disabled with `set_option linter.style.header false`
warning: RhAttack/P4Em2.lean:29:19: * ' and ':
Please, do not use 'and'; use ',' instead.


Note: This linter can be disabled with `set_option linter.style.header false`
warning: RhAttack/P4Em2.lean:3:0: * 'OUTLINE piece: P4 (the rigorous missing-tail law, §9 row P4), atom-2b':
Second copyright line should be "Released under Apache 2.0 license as described in the file LICENSE."


Note: This linter can be disabled with `set_option linter.style.header false`
warning: RhAttack/P4Em2.lean:61:0: The module doc-string for a file should be the first command after the imports.
Please, add a module doc-string before `open Real Set MeasureTheory intervalIntegral Finset`.

Note: This linter can be disabled with `set_option linter.style.header false`
warning: RhAttack/P4Em2.lean:1:0: * '/- P4Em2 — P4 atom-2b: the GLOBAL finite second-order Euler–Maclaurin law.':
Malformed or missing copyright header: `/-` should be alone on its own line.


Note: This linter can be disabled with `set_option linter.style.header false`
warning: RhAttack/P4Em2.lean:56:38: * '':
Copyright line should start with 'Copyright (c) YYYY'


Note: This linter can be disabled with `set_option linter.style.header false`
warning: RhAttack/P4Em2.lean:56:38: * '':
Copyright line should end with '. All rights reserved.'


Note: This linter can be disabled with `set_option linter.style.header false`
warning: RhAttack/P4Em2.lean:4:0: * '(spec: kainos plan/40-prize-islands/rh-attack/spec/p4-tail-law-abstract.md
§T3; the §4 finite target).

ROLE: stitches the per-period second-order identity
(RhAttack.P4Tail.int_B1f'_period, atom-2) over every unit period of
[n, m] into the global finite law

  ∑ k ∈ Finset.Ioc n m, f k
    = ∫_n^m f + ½(f m − f n) + (1/12)(f′ m − f′ n) − ½·∫_n^m B̂₂·f″ dx

the finite core of the Riemann 1859 identity, from which the
missing-tail W_n(t) form follows at σ = ½ (P4 no-ζ core convention:
the finite/derivative EM machinery is machine-checked here; the 1859
continuation identification is cited under the same convention as
B-3's DLMF 25.2.12 citation).

Built exclusively from:
  (1) the 1st-order sum identity at integer endpoints
      (RhAttack.P4Em.sum_eq_integral_add_integral_deriv, published), (2) the per-period 2nd-order identity
      (RhAttack.P4Tail.int_B1f'_period, atom-2), (3) additivity of adjacent interval integrals
      (intervalIntegral.sum_integral_adjacent_intervals_Ico —
      Mathlib/MeasureTheory/Integral/IntervalIntegral/Basic.lean, used
      here exactly as in Mathlib's Analysis/SumIntegralComparisons.lean
      with `a := (↑·)` and `Nat.cast_add`/`Nat.cast_one` endpoint
      normalization, as in Mathlib's NumberTheory/AbelSummation.lean), (4) one local finite additive telescope (ico_sum_telescope, this file).

APPROACH / pinned APIs (Lean 4.33.1, mathlib f001ca3a4):
  * `Set.uIcc a b` is the UNORDERED CLOSED interval `Icc (min a b)
    (max a b)` (Order/Interval/Set/UnorderedInterval.lean:59); with
    ordered endpoints, `Set.uIcc_of_le (h : a ≤ b) : uIcc a b = Icc a b`
    and `Set.mem_uIcc_of_le`.
  * The additivity lemma's period endpoints are nat-cast form
    `a (k + 1) = ((k + 1 : ℕ) : ℝ)`; the source notation
    `(j + 1 : ℝ)` elaborates to real-add form `((j : ℝ) + 1)`. Bridge:
    `simp only [Nat.cast_add, Nat.cast_one]` (both directions), or for
    `rw` first `rw [← Nat.cast_one]` (the real literal `1` is OfNat,   not defeq to `↑(1 : ℕ)`).
  * `ContinuousOn` restriction is `ContinuousOn.mono`
    (Topology/ContinuousOn.lean:320); there is NO `restrict_set` in
    this checkout.
  * `Finset.sum_insert (by simp [Finset.mem_Ico])` + `abel` for the
    telescope step; `rw` auto-closes rfl goals in this toolchain.
  * `push_cast; ring` closes the mixed ℝ-scalar/𝕜 endpoint forms
    (probed).

STATUS: GREEN (day-019, 2026-09-12, Lean 4.33.1): both theorems compile;
full build 17424 jobs, 0 errors; all four `rhattack` gates PASS.
(First red pass landed day-017/018 — the fixed errors are captured in
the day-019 journal and the wiki.)
THEOREMS: ico_sum_telescope, em2_finite -/
':
If an authors line spans multiple lines, each line but the last must end with a trailing comma


Note: This linter can be disabled with `set_option linter.style.header false`
warning: RhAttack/P4Em2.lean:4:0: * '(spec: ka':
The authors line should begin with 'Authors: '


Note: This linter can be disabled with `set_option linter.style.header false`
warning: RhAttack/P4Em2.lean:11:0: * '  ':
Double spaces are not allowed.


Note: This linter can be disabled with `set_option linter.style.header false`
warning: RhAttack/P4Em2.lean:29:19: * ' and ':
Please, do not use 'and'; use ',' instead.


Note: This linter can be disabled with `set_option linter.style.header false`
warning: RhAttack/P4Em2.lean:3:0: * 'OUTLINE piece: P4 (the rigorous missing-tail law, §9 row P4), atom-2b':
Second copyright line should be "Released under Apache 2.0 license as described in the file LICENSE."


Note: This linter can be disabled with `set_option linter.style.header false`
warning: RhAttack/P4Em2.lean:61:0: The module doc-string for a file should be the first command after the imports.
Please, add a module doc-string before `variable {𝕜 : Type*} [RCLike 𝕜]`.

Note: This linter can be disabled with `set_option linter.style.header false`
warning: RhAttack/P4Em2.lean:1:0: * '/- P4Em2 — P4 atom-2b: the GLOBAL finite second-order Euler–Maclaurin law.':
Malformed or missing copyright header: `/-` should be alone on its own line.


Note: This linter can be disabled with `set_option linter.style.header false`
warning: RhAttack/P4Em2.lean:56:38: * '':
Copyright line should start with 'Copyright (c) YYYY'


Note: This linter can be disabled with `set_option linter.style.header false`
warning: RhAttack/P4Em2.lean:56:38: * '':
Copyright line should end with '. All rights reserved.'


Note: This linter can be disabled with `set_option linter.style.header false`
warning: RhAttack/P4Em2.lean:4:0: * '(spec: kainos plan/40-prize-islands/rh-attack/spec/p4-tail-law-abstract.md
§T3; the §4 finite target).

ROLE: stitches the per-period second-order identity
(RhAttack.P4Tail.int_B1f'_period, atom-2) over every unit period of
[n, m] into the global finite law

  ∑ k ∈ Finset.Ioc n m, f k
    = ∫_n^m f + ½(f m − f n) + (1/12)(f′ m − f′ n) − ½·∫_n^m B̂₂·f″ dx

the finite core of the Riemann 1859 identity, from which the
missing-tail W_n(t) form follows at σ = ½ (P4 no-ζ core convention:
the finite/derivative EM machinery is machine-checked here; the 1859
continuation identification is cited under the same convention as
B-3's DLMF 25.2.12 citation).

Built exclusively from:
  (1) the 1st-order sum identity at integer endpoints
      (RhAttack.P4Em.sum_eq_integral_add_integral_deriv, published), (2) the per-period 2nd-order identity
      (RhAttack.P4Tail.int_B1f'_period, atom-2), (3) additivity of adjacent interval integrals
      (intervalIntegral.sum_integral_adjacent_intervals_Ico —
      Mathlib/MeasureTheory/Integral/IntervalIntegral/Basic.lean, used
      here exactly as in Mathlib's Analysis/SumIntegralComparisons.lean
      with `a := (↑·)` and `Nat.cast_add`/`Nat.cast_one` endpoint
      normalization, as in Mathlib's NumberTheory/AbelSummation.lean), (4) one local finite additive telescope (ico_sum_telescope, this file).

APPROACH / pinned APIs (Lean 4.33.1, mathlib f001ca3a4):
  * `Set.uIcc a b` is the UNORDERED CLOSED interval `Icc (min a b)
    (max a b)` (Order/Interval/Set/UnorderedInterval.lean:59); with
    ordered endpoints, `Set.uIcc_of_le (h : a ≤ b) : uIcc a b = Icc a b`
    and `Set.mem_uIcc_of_le`.
  * The additivity lemma's period endpoints are nat-cast form
    `a (k + 1) = ((k + 1 : ℕ) : ℝ)`; the source notation
    `(j + 1 : ℝ)` elaborates to real-add form `((j : ℝ) + 1)`. Bridge:
    `simp only [Nat.cast_add, Nat.cast_one]` (both directions), or for
    `rw` first `rw [← Nat.cast_one]` (the real literal `1` is OfNat,   not defeq to `↑(1 : ℕ)`).
  * `ContinuousOn` restriction is `ContinuousOn.mono`
    (Topology/ContinuousOn.lean:320); there is NO `restrict_set` in
    this checkout.
  * `Finset.sum_insert (by simp [Finset.mem_Ico])` + `abel` for the
    telescope step; `rw` auto-closes rfl goals in this toolchain.
  * `push_cast; ring` closes the mixed ℝ-scalar/𝕜 endpoint forms
    (probed).

STATUS: GREEN (day-019, 2026-09-12, Lean 4.33.1): both theorems compile;
full build 17424 jobs, 0 errors; all four `rhattack` gates PASS.
(First red pass landed day-017/018 — the fixed errors are captured in
the day-019 journal and the wiki.)
THEOREMS: ico_sum_telescope, em2_finite -/
':
If an authors line spans multiple lines, each line but the last must end with a trailing comma


Note: This linter can be disabled with `set_option linter.style.header false`
warning: RhAttack/P4Em2.lean:4:0: * '(spec: ka':
The authors line should begin with 'Authors: '


Note: This linter can be disabled with `set_option linter.style.header false`
warning: RhAttack/P4Em2.lean:11:0: * '  ':
Double spaces are not allowed.


Note: This linter can be disabled with `set_option linter.style.header false`
warning: RhAttack/P4Em2.lean:29:19: * ' and ':
Please, do not use 'and'; use ',' instead.


Note: This linter can be disabled with `set_option linter.style.header false`
warning: RhAttack/P4Em2.lean:3:0: * 'OUTLINE piece: P4 (the rigorous missing-tail law, §9 row P4), atom-2b':
Second copyright line should be "Released under Apache 2.0 license as described in the file LICENSE."


Note: This linter can be disabled with `set_option linter.style.header false`
warning: RhAttack/P4Em2.lean:61:0: The module doc-string for a file should be the first command after the imports.
Please, add a module doc-string before `noncomputable section`.

Note: This linter can be disabled with `set_option linter.style.header false`
warning: RhAttack/P4Em2.lean:1:0: * '/- P4Em2 — P4 atom-2b: the GLOBAL finite second-order Euler–Maclaurin law.':
Malformed or missing copyright header: `/-` should be alone on its own line.


Note: This linter can be disabled with `set_option linter.style.header false`
warning: RhAttack/P4Em2.lean:56:38: * '':
Copyright line should start with 'Copyright (c) YYYY'


Note: This linter can be disabled with `set_option linter.style.header false`
warning: RhAttack/P4Em2.lean:56:38: * '':
Copyright line should end with '. All rights reserved.'


Note: This linter can be disabled with `set_option linter.style.header false`
warning: RhAttack/P4Em2.lean:4:0: * '(spec: kainos plan/40-prize-islands/rh-attack/spec/p4-tail-law-abstract.md
§T3; the §4 finite target).

ROLE: stitches the per-period second-order identity
(RhAttack.P4Tail.int_B1f'_period, atom-2) over every unit period of
[n, m] into the global finite law

  ∑ k ∈ Finset.Ioc n m, f k
    = ∫_n^m f + ½(f m − f n) + (1/12)(f′ m − f′ n) − ½·∫_n^m B̂₂·f″ dx

the finite core of the Riemann 1859 identity, from which the
missing-tail W_n(t) form follows at σ = ½ (P4 no-ζ core convention:
the finite/derivative EM machinery is machine-checked here; the 1859
continuation identification is cited under the same convention as
B-3's DLMF 25.2.12 citation).

Built exclusively from:
  (1) the 1st-order sum identity at integer endpoints
      (RhAttack.P4Em.sum_eq_integral_add_integral_deriv, published), (2) the per-period 2nd-order identity
      (RhAttack.P4Tail.int_B1f'_period, atom-2), (3) additivity of adjacent interval integrals
      (intervalIntegral.sum_integral_adjacent_intervals_Ico —
      Mathlib/MeasureTheory/Integral/IntervalIntegral/Basic.lean, used
      here exactly as in Mathlib's Analysis/SumIntegralComparisons.lean
      with `a := (↑·)` and `Nat.cast_add`/`Nat.cast_one` endpoint
      normalization, as in Mathlib's NumberTheory/AbelSummation.lean), (4) one local finite additive telescope (ico_sum_telescope, this file).

APPROACH / pinned APIs (Lean 4.33.1, mathlib f001ca3a4):
  * `Set.uIcc a b` is the UNORDERED CLOSED interval `Icc (min a b)
    (max a b)` (Order/Interval/Set/UnorderedInterval.lean:59); with
    ordered endpoints, `Set.uIcc_of_le (h : a ≤ b) : uIcc a b = Icc a b`
    and `Set.mem_uIcc_of_le`.
  * The additivity lemma's period endpoints are nat-cast form
    `a (k + 1) = ((k + 1 : ℕ) : ℝ)`; the source notation
    `(j + 1 : ℝ)` elaborates to real-add form `((j : ℝ) + 1)`. Bridge:
    `simp only [Nat.cast_add, Nat.cast_one]` (both directions), or for
    `rw` first `rw [← Nat.cast_one]` (the real literal `1` is OfNat,   not defeq to `↑(1 : ℕ)`).
  * `ContinuousOn` restriction is `ContinuousOn.mono`
    (Topology/ContinuousOn.lean:320); there is NO `restrict_set` in
    this checkout.
  * `Finset.sum_insert (by simp [Finset.mem_Ico])` + `abel` for the
    telescope step; `rw` auto-closes rfl goals in this toolchain.
  * `push_cast; ring` closes the mixed ℝ-scalar/𝕜 endpoint forms
    (probed).

STATUS: GREEN (day-019, 2026-09-12, Lean 4.33.1): both theorems compile;
full build 17424 jobs, 0 errors; all four `rhattack` gates PASS.
(First red pass landed day-017/018 — the fixed errors are captured in
the day-019 journal and the wiki.)
THEOREMS: ico_sum_telescope, em2_finite -/
':
If an authors line spans multiple lines, each line but the last must end with a trailing comma


Note: This linter can be disabled with `set_option linter.style.header false`
warning: RhAttack/P4Em2.lean:4:0: * '(spec: ka':
The authors line should begin with 'Authors: '


Note: This linter can be disabled with `set_option linter.style.header false`
warning: RhAttack/P4Em2.lean:11:0: * '  ':
Double spaces are not allowed.


Note: This linter can be disabled with `set_option linter.style.header false`
warning: RhAttack/P4Em2.lean:29:19: * ' and ':
Please, do not use 'and'; use ',' instead.


Note: This linter can be disabled with `set_option linter.style.header false`
warning: RhAttack/P4Em2.lean:3:0: * 'OUTLINE piece: P4 (the rigorous missing-tail law, §9 row P4), atom-2b':
Second copyright line should be "Released under Apache 2.0 license as described in the file LICENSE."


Note: This linter can be disabled with `set_option linter.style.header false`
warning: RhAttack/P4Em2.lean:61:0: The module doc-string for a file should be the first command after the imports.
Please, add a module doc-string before `/-- Finite additive telescope over `Ico n m` in any additive commutative
    group: `∑ i ∈ Ico n m, (g (i + 1) - g i) = g m - g n`.

Used by `em2_finite` to collapse the sum of the per-period endpoint
differences `f′(j+1) − f′(j)` into `f′(m) − f′(n)`. `n = m` is the
reflexive base case. -/
theorem ico_sum_telescope (g : ℕ → 𝕜) (n m : ℕ) (hnm : n ≤ m) : ∑ i ∈ Finset.Ico n m, (g (i + 1) - g i) = g m - g n :=
  by
  refine Nat.le_induction ?_ ?_ m hnm
  · simp
  · intro p _ IH
    have hsplit : Finset.Ico n (p + 1) = insert p (Finset.Ico n p) :=
      by
      ext i
      simp [Finset.mem_Ico]
      omega
    rw [hsplit, Finset.sum_insert (by simp [Finset.mem_Ico]), IH]
    abel`.

Note: This linter can be disabled with `set_option linter.style.header false`
warning: RhAttack/P4Em2.lean:1:0: * '/- P4Em2 — P4 atom-2b: the GLOBAL finite second-order Euler–Maclaurin law.':
Malformed or missing copyright header: `/-` should be alone on its own line.


Note: This linter can be disabled with `set_option linter.style.header false`
warning: RhAttack/P4Em2.lean:56:38: * '':
Copyright line should start with 'Copyright (c) YYYY'


Note: This linter can be disabled with `set_option linter.style.header false`
warning: RhAttack/P4Em2.lean:56:38: * '':
Copyright line should end with '. All rights reserved.'


Note: This linter can be disabled with `set_option linter.style.header false`
warning: RhAttack/P4Em2.lean:4:0: * '(spec: kainos plan/40-prize-islands/rh-attack/spec/p4-tail-law-abstract.md
§T3; the §4 finite target).

ROLE: stitches the per-period second-order identity
(RhAttack.P4Tail.int_B1f'_period, atom-2) over every unit period of
[n, m] into the global finite law

  ∑ k ∈ Finset.Ioc n m, f k
    = ∫_n^m f + ½(f m − f n) + (1/12)(f′ m − f′ n) − ½·∫_n^m B̂₂·f″ dx

the finite core of the Riemann 1859 identity, from which the
missing-tail W_n(t) form follows at σ = ½ (P4 no-ζ core convention:
the finite/derivative EM machinery is machine-checked here; the 1859
continuation identification is cited under the same convention as
B-3's DLMF 25.2.12 citation).

Built exclusively from:
  (1) the 1st-order sum identity at integer endpoints
      (RhAttack.P4Em.sum_eq_integral_add_integral_deriv, published), (2) the per-period 2nd-order identity
      (RhAttack.P4Tail.int_B1f'_period, atom-2), (3) additivity of adjacent interval integrals
      (intervalIntegral.sum_integral_adjacent_intervals_Ico —
      Mathlib/MeasureTheory/Integral/IntervalIntegral/Basic.lean, used
      here exactly as in Mathlib's Analysis/SumIntegralComparisons.lean
      with `a := (↑·)` and `Nat.cast_add`/`Nat.cast_one` endpoint
      normalization, as in Mathlib's NumberTheory/AbelSummation.lean), (4) one local finite additive telescope (ico_sum_telescope, this file).

APPROACH / pinned APIs (Lean 4.33.1, mathlib f001ca3a4):
  * `Set.uIcc a b` is the UNORDERED CLOSED interval `Icc (min a b)
    (max a b)` (Order/Interval/Set/UnorderedInterval.lean:59); with
    ordered endpoints, `Set.uIcc_of_le (h : a ≤ b) : uIcc a b = Icc a b`
    and `Set.mem_uIcc_of_le`.
  * The additivity lemma's period endpoints are nat-cast form
    `a (k + 1) = ((k + 1 : ℕ) : ℝ)`; the source notation
    `(j + 1 : ℝ)` elaborates to real-add form `((j : ℝ) + 1)`. Bridge:
    `simp only [Nat.cast_add, Nat.cast_one]` (both directions), or for
    `rw` first `rw [← Nat.cast_one]` (the real literal `1` is OfNat,   not defeq to `↑(1 : ℕ)`).
  * `ContinuousOn` restriction is `ContinuousOn.mono`
    (Topology/ContinuousOn.lean:320); there is NO `restrict_set` in
    this checkout.
  * `Finset.sum_insert (by simp [Finset.mem_Ico])` + `abel` for the
    telescope step; `rw` auto-closes rfl goals in this toolchain.
  * `push_cast; ring` closes the mixed ℝ-scalar/𝕜 endpoint forms
    (probed).

STATUS: GREEN (day-019, 2026-09-12, Lean 4.33.1): both theorems compile;
full build 17424 jobs, 0 errors; all four `rhattack` gates PASS.
(First red pass landed day-017/018 — the fixed errors are captured in
the day-019 journal and the wiki.)
THEOREMS: ico_sum_telescope, em2_finite -/
':
If an authors line spans multiple lines, each line but the last must end with a trailing comma


Note: This linter can be disabled with `set_option linter.style.header false`
warning: RhAttack/P4Em2.lean:4:0: * '(spec: ka':
The authors line should begin with 'Authors: '


Note: This linter can be disabled with `set_option linter.style.header false`
warning: RhAttack/P4Em2.lean:11:0: * '  ':
Double spaces are not allowed.


Note: This linter can be disabled with `set_option linter.style.header false`
warning: RhAttack/P4Em2.lean:29:19: * ' and ':
Please, do not use 'and'; use ',' instead.


Note: This linter can be disabled with `set_option linter.style.header false`
warning: RhAttack/P4Em2.lean:3:0: * 'OUTLINE piece: P4 (the rigorous missing-tail law, §9 row P4), atom-2b':
Second copyright line should be "Released under Apache 2.0 license as described in the file LICENSE."


Note: This linter can be disabled with `set_option linter.style.header false`
warning: RhAttack/P4Em2.lean:61:0: The module doc-string for a file should be the first command after the imports.
Please, add a module doc-string before `section`.

Note: This linter can be disabled with `set_option linter.style.header false`
warning: RhAttack/P4Em2.lean:1:0: * '/- P4Em2 — P4 atom-2b: the GLOBAL finite second-order Euler–Maclaurin law.':
Malformed or missing copyright header: `/-` should be alone on its own line.


Note: This linter can be disabled with `set_option linter.style.header false`
warning: RhAttack/P4Em2.lean:56:38: * '':
Copyright line should start with 'Copyright (c) YYYY'


Note: This linter can be disabled with `set_option linter.style.header false`
warning: RhAttack/P4Em2.lean:56:38: * '':
Copyright line should end with '. All rights reserved.'


Note: This linter can be disabled with `set_option linter.style.header false`
warning: RhAttack/P4Em2.lean:4:0: * '(spec: kainos plan/40-prize-islands/rh-attack/spec/p4-tail-law-abstract.md
§T3; the §4 finite target).

ROLE: stitches the per-period second-order identity
(RhAttack.P4Tail.int_B1f'_period, atom-2) over every unit period of
[n, m] into the global finite law

  ∑ k ∈ Finset.Ioc n m, f k
    = ∫_n^m f + ½(f m − f n) + (1/12)(f′ m − f′ n) − ½·∫_n^m B̂₂·f″ dx

the finite core of the Riemann 1859 identity, from which the
missing-tail W_n(t) form follows at σ = ½ (P4 no-ζ core convention:
the finite/derivative EM machinery is machine-checked here; the 1859
continuation identification is cited under the same convention as
B-3's DLMF 25.2.12 citation).

Built exclusively from:
  (1) the 1st-order sum identity at integer endpoints
      (RhAttack.P4Em.sum_eq_integral_add_integral_deriv, published), (2) the per-period 2nd-order identity
      (RhAttack.P4Tail.int_B1f'_period, atom-2), (3) additivity of adjacent interval integrals
      (intervalIntegral.sum_integral_adjacent_intervals_Ico —
      Mathlib/MeasureTheory/Integral/IntervalIntegral/Basic.lean, used
      here exactly as in Mathlib's Analysis/SumIntegralComparisons.lean
      with `a := (↑·)` and `Nat.cast_add`/`Nat.cast_one` endpoint
      normalization, as in Mathlib's NumberTheory/AbelSummation.lean), (4) one local finite additive telescope (ico_sum_telescope, this file).

APPROACH / pinned APIs (Lean 4.33.1, mathlib f001ca3a4):
  * `Set.uIcc a b` is the UNORDERED CLOSED interval `Icc (min a b)
    (max a b)` (Order/Interval/Set/UnorderedInterval.lean:59); with
    ordered endpoints, `Set.uIcc_of_le (h : a ≤ b) : uIcc a b = Icc a b`
    and `Set.mem_uIcc_of_le`.
  * The additivity lemma's period endpoints are nat-cast form
    `a (k + 1) = ((k + 1 : ℕ) : ℝ)`; the source notation
    `(j + 1 : ℝ)` elaborates to real-add form `((j : ℝ) + 1)`. Bridge:
    `simp only [Nat.cast_add, Nat.cast_one]` (both directions), or for
    `rw` first `rw [← Nat.cast_one]` (the real literal `1` is OfNat,   not defeq to `↑(1 : ℕ)`).
  * `ContinuousOn` restriction is `ContinuousOn.mono`
    (Topology/ContinuousOn.lean:320); there is NO `restrict_set` in
    this checkout.
  * `Finset.sum_insert (by simp [Finset.mem_Ico])` + `abel` for the
    telescope step; `rw` auto-closes rfl goals in this toolchain.
  * `push_cast; ring` closes the mixed ℝ-scalar/𝕜 endpoint forms
    (probed).

STATUS: GREEN (day-019, 2026-09-12, Lean 4.33.1): both theorems compile;
full build 17424 jobs, 0 errors; all four `rhattack` gates PASS.
(First red pass landed day-017/018 — the fixed errors are captured in
the day-019 journal and the wiki.)
THEOREMS: ico_sum_telescope, em2_finite -/
':
If an authors line spans multiple lines, each line but the last must end with a trailing comma


Note: This linter can be disabled with `set_option linter.style.header false`
warning: RhAttack/P4Em2.lean:4:0: * '(spec: ka':
The authors line should begin with 'Authors: '


Note: This linter can be disabled with `set_option linter.style.header false`
warning: RhAttack/P4Em2.lean:11:0: * '  ':
Double spaces are not allowed.


Note: This linter can be disabled with `set_option linter.style.header false`
warning: RhAttack/P4Em2.lean:29:19: * ' and ':
Please, do not use 'and'; use ',' instead.


Note: This linter can be disabled with `set_option linter.style.header false`
warning: RhAttack/P4Em2.lean:3:0: * 'OUTLINE piece: P4 (the rigorous missing-tail law, §9 row P4), atom-2b':
Second copyright line should be "Released under Apache 2.0 license as described in the file LICENSE."


Note: This linter can be disabled with `set_option linter.style.header false`
warning: RhAttack/P4Em2.lean:61:0: The module doc-string for a file should be the first command after the imports.
Please, add a module doc-string before `variable (f : ℝ → 𝕜)`.

Note: This linter can be disabled with `set_option linter.style.header false`
warning: RhAttack/P4Em2.lean:1:0: * '/- P4Em2 — P4 atom-2b: the GLOBAL finite second-order Euler–Maclaurin law.':
Malformed or missing copyright header: `/-` should be alone on its own line.


Note: This linter can be disabled with `set_option linter.style.header false`
warning: RhAttack/P4Em2.lean:56:38: * '':
Copyright line should start with 'Copyright (c) YYYY'


Note: This linter can be disabled with `set_option linter.style.header false`
warning: RhAttack/P4Em2.lean:56:38: * '':
Copyright line should end with '. All rights reserved.'


Note: This linter can be disabled with `set_option linter.style.header false`
warning: RhAttack/P4Em2.lean:4:0: * '(spec: kainos plan/40-prize-islands/rh-attack/spec/p4-tail-law-abstract.md
§T3; the §4 finite target).

ROLE: stitches the per-period second-order identity
(RhAttack.P4Tail.int_B1f'_period, atom-2) over every unit period of
[n, m] into the global finite law

  ∑ k ∈ Finset.Ioc n m, f k
    = ∫_n^m f + ½(f m − f n) + (1/12)(f′ m − f′ n) − ½·∫_n^m B̂₂·f″ dx

the finite core of the Riemann 1859 identity, from which the
missing-tail W_n(t) form follows at σ = ½ (P4 no-ζ core convention:
the finite/derivative EM machinery is machine-checked here; the 1859
continuation identification is cited under the same convention as
B-3's DLMF 25.2.12 citation).

Built exclusively from:
  (1) the 1st-order sum identity at integer endpoints
      (RhAttack.P4Em.sum_eq_integral_add_integral_deriv, published), (2) the per-period 2nd-order identity
      (RhAttack.P4Tail.int_B1f'_period, atom-2), (3) additivity of adjacent interval integrals
      (intervalIntegral.sum_integral_adjacent_intervals_Ico —
      Mathlib/MeasureTheory/Integral/IntervalIntegral/Basic.lean, used
      here exactly as in Mathlib's Analysis/SumIntegralComparisons.lean
      with `a := (↑·)` and `Nat.cast_add`/`Nat.cast_one` endpoint
      normalization, as in Mathlib's NumberTheory/AbelSummation.lean), (4) one local finite additive telescope (ico_sum_telescope, this file).

APPROACH / pinned APIs (Lean 4.33.1, mathlib f001ca3a4):
  * `Set.uIcc a b` is the UNORDERED CLOSED interval `Icc (min a b)
    (max a b)` (Order/Interval/Set/UnorderedInterval.lean:59); with
    ordered endpoints, `Set.uIcc_of_le (h : a ≤ b) : uIcc a b = Icc a b`
    and `Set.mem_uIcc_of_le`.
  * The additivity lemma's period endpoints are nat-cast form
    `a (k + 1) = ((k + 1 : ℕ) : ℝ)`; the source notation
    `(j + 1 : ℝ)` elaborates to real-add form `((j : ℝ) + 1)`. Bridge:
    `simp only [Nat.cast_add, Nat.cast_one]` (both directions), or for
    `rw` first `rw [← Nat.cast_one]` (the real literal `1` is OfNat,   not defeq to `↑(1 : ℕ)`).
  * `ContinuousOn` restriction is `ContinuousOn.mono`
    (Topology/ContinuousOn.lean:320); there is NO `restrict_set` in
    this checkout.
  * `Finset.sum_insert (by simp [Finset.mem_Ico])` + `abel` for the
    telescope step; `rw` auto-closes rfl goals in this toolchain.
  * `push_cast; ring` closes the mixed ℝ-scalar/𝕜 endpoint forms
    (probed).

STATUS: GREEN (day-019, 2026-09-12, Lean 4.33.1): both theorems compile;
full build 17424 jobs, 0 errors; all four `rhattack` gates PASS.
(First red pass landed day-017/018 — the fixed errors are captured in
the day-019 journal and the wiki.)
THEOREMS: ico_sum_telescope, em2_finite -/
':
If an authors line spans multiple lines, each line but the last must end with a trailing comma


Note: This linter can be disabled with `set_option linter.style.header false`
warning: RhAttack/P4Em2.lean:4:0: * '(spec: ka':
The authors line should begin with 'Authors: '


Note: This linter can be disabled with `set_option linter.style.header false`
warning: RhAttack/P4Em2.lean:11:0: * '  ':
Double spaces are not allowed.


Note: This linter can be disabled with `set_option linter.style.header false`
warning: RhAttack/P4Em2.lean:29:19: * ' and ':
Please, do not use 'and'; use ',' instead.


Note: This linter can be disabled with `set_option linter.style.header false`
warning: RhAttack/P4Em2.lean:3:0: * 'OUTLINE piece: P4 (the rigorous missing-tail law, §9 row P4), atom-2b':
Second copyright line should be "Released under Apache 2.0 license as described in the file LICENSE."


Note: This linter can be disabled with `set_option linter.style.header false`
warning: RhAttack/P4Em2.lean:61:0: The module doc-string for a file should be the first command after the imports.
Please, add a module doc-string before `/-- The P4 finite second-order Euler--Maclaurin identity, global form at
    integer endpoints `n ≤ m` (outline §4/§9 -- the rigorous finite law
    behind the missing tail; the finite core of the Riemann 1859 identity).

    ```
    ∑ k ∈ Finset.Ioc n m, f k
      = ∫_n^m f + ½(f m − f n) + (1/12)(f′ m − f′ n) − ½·∫_n^m B̂₂·f″ dx
    ```

    `Set.uIcc (n : ℝ) (m : ℝ)` with `n ≤ m` is just `Set.Icc (n : ℝ)
    (m : ℝ)` (unordered closed interval), so the hypotheses are: `f`
    differentiable on `[n, m]`; `f′` continuous on `[n, m]`; `f′`
    differentiable (i.e. `f` twice differentiable) on
    `uIcc (n : ℝ) (m : ℝ)`; `f″` continuous on `[n, m]`. The edge
    terms use the ordinary `deriv` at the (hence differentiable)
    endpoints. `n = m` holds as the empty/reflexive case. -/
theorem em2_finite (n m : ℕ) (hnm : n ≤ m) (hf_diff : ∀ t ∈ Set.Icc (n : ℝ) (m : ℝ), DifferentiableAt ℝ f t)
    (hcont_f' : ContinuousOn (deriv f) (Set.Icc (n : ℝ) (m : ℝ)))
    (hd2 : ∀ t ∈ Set.uIcc (n : ℝ) (m : ℝ), DifferentiableAt ℝ (deriv f) t)
    (hcont_f'' : ContinuousOn (deriv (deriv f)) (Set.Icc (n : ℝ) (m : ℝ))) :
    ∑ k ∈ Finset.Ioc n m, f k =
      (∫ x in (n : ℝ)..(m : ℝ), f x) + (1 / 2 : 𝕜) * (f (m : ℝ) - f (n : ℝ)) +
          (1 / 12 : 𝕜) * (deriv f (m : ℝ) - deriv f (n : ℝ)) -
        (1 / 2 : 𝕜) * (∫ x in (n : ℝ)..(m : ℝ), B2 x * deriv (deriv f) x) :=
  by
  -- n, m are naturals: floors are themselves, and B1 = -1/2 there.
  
  have hnfl : ⌊(n : ℝ)⌋₊ = n := by
    norm_cast
    rw [Nat.floor_eq_iff (Nat.cast_nonneg n)]
    constructor <;> norm_num
  have hmfl : ⌊(m : ℝ)⌋₊ = m := by
    norm_cast
    rw [Nat.floor_eq_iff (Nat.cast_nonneg m)]
    constructor <;> norm_num
  have hB1n : B1 (n : ℝ) = -1 / 2 := by
    dsimp only [B1]
    rw [hnfl]
    ring
  have hB1m : B1 (m : ℝ) = -1 / 2 := by
    dsimp only [B1]
    rw [hmfl]
    ring
      -- Each unit period [j, j+1] (j ∈ Ico n m) sits inside [n, m].
      
  have hp_Icc (j : ℕ) (hj : j ∈ Finset.Ico n m) : Set.Icc (j : ℝ) (j + 1 : ℝ) ⊆ Set.Icc (n : ℝ) (m : ℝ) :=
    by
    intro t ⟨hlo, hhi⟩
    have h1 : (n : ℝ) ≤ (j : ℝ) := Nat.cast_le.mpr (Finset.mem_Ico.mp hj).1
    have h2 : (j + 1 : ℝ) ≤ (m : ℝ) :=
      by
      rw [show (j + 1 : ℝ) = ((j + 1 : ℕ) : ℝ) from by simp [Nat.cast_add, Nat.cast_one]]
      exact Nat.cast_le.mpr (Nat.succ_le_of_lt (Finset.mem_Ico.mp hj).2)
    exact
      ⟨by linarith [h1, hlo], by linarith [h2, hhi]⟩
        -- `Set.uIcc a b` is the unordered closed interval; for ordered
          -- endpoints it is just `Icc` (this is all the per-period atoms need).
        
  have hp_uIcc (j : ℕ) (hj : j ∈ Finset.Ico n m) : Set.uIcc (j : ℝ) (j + 1 : ℝ) ⊆ Set.Icc (n : ℝ) (m : ℝ) :=
    by
    intro t ht
    rw [Set.uIcc_of_le (by linarith)] at ht
    exact hp_Icc j hj ht
  have hp_uIcc_to (j : ℕ) (hj : j ∈ Finset.Ico n m) : Set.uIcc (j : ℝ) (j + 1 : ℝ) ⊆ Set.uIcc (n : ℝ) (m : ℝ) :=
    by
    intro t ht
    rw [Set.uIcc_of_le (by linarith)] at ht
    exact
      Set.mem_uIcc_of_le (hp_Icc j hj ht).1
        (hp_Icc j hj ht).2
          -- Per-period integrability of the two stitched integrands. The period
            -- endpoint is written in nat-cast form `((j + 1 : ℕ) : ℝ)` so that it
            -- matches `a (k + 1)` in `sum_integral_adjacent_intervals_Ico` (the
            -- SumIntegralComparisons pattern); the real-add form is bridged by
            -- `Nat.cast_add` / `Nat.cast_one`.
          
  have hIB1 (j : ℕ) (hj : j ∈ Finset.Ico n m) :
    IntervalIntegrable (fun t => deriv f t * B1 t) volume (j : ℝ) ((j + 1 : ℕ) : ℝ) := by
    simpa [Nat.cast_add, Nat.cast_one] using
      intervalIntegrable_deriv_mul_B1 (f := f) (a := (j : ℝ)) (b := (j + 1 : ℝ)) (by norm_num) (by norm_num)
        (hcont_f'.mono (hp_uIcc j hj))
  have hIB2 (j : ℕ) (hj : j ∈ Finset.Ico n m) :
    IntervalIntegrable (fun t => B2 t * deriv (deriv f) t) volume (j : ℝ) ((j + 1 : ℕ) : ℝ) := by
    simpa [Nat.cast_add, Nat.cast_one] using
      intervalIntegrable_B2_mul_deriv2 f (j : ℝ) (j + 1 : ℝ) (by norm_num) (by norm_num)
        (hcont_f''.mono (hp_uIcc j hj))
          -- The per-period second-order identity (atom-2, the RCLike core) on each j.
          
  have hper (j : ℕ) (hj : j ∈ Finset.Ico n m) :
    (∫ x in (j : ℝ)..(j + 1 : ℝ), B1 x * deriv f x) =
      (1 / 12 : 𝕜) * (deriv f (j + 1 : ℝ) - deriv f (j : ℝ)) -
        (1 / 2 : 𝕜) * (∫ x in (j : ℝ)..(j + 1 : ℝ), B2 x * deriv (deriv f) x) :=
    int_B1f'_period (f := f) (j := j) (fun t ht => hd2 _ (hp_uIcc_to j hj ht)) (hcont_f'.mono (hp_uIcc j hj))
      (hcont_f''.mono (hp_uIcc j hj))
        -- Stitch the per-period identity over [n, m]: additivity, endpoint-form
          -- bridges (Nat.cast_add / Nat.cast_one), per-period application, scalar
          -- extraction, additivity again, telescope.
        
  have hstitch :
    (∫ x in (n : ℝ)..(m : ℝ), deriv f x * B1 x) =
      (1 / 12 : 𝕜) * (deriv f (m : ℝ) - deriv f (n : ℝ)) -
        (1 / 2 : 𝕜) * (∫ x in (n : ℝ)..(m : ℝ), B2 x * deriv (deriv f) x) :=
    by
    calc
      (∫ x in (n : ℝ)..(m : ℝ), deriv f x * B1 x) =
          ∑ j ∈ Finset.Ico n m, (∫ x in (j : ℝ)..((j + 1 : ℕ) : ℝ), deriv f x * B1 x) :=
        by
        rw [←
          sum_integral_adjacent_intervals_Ico (a := fun k => (k : ℝ)) (hmn := hnm) (hint := fun j hj =>
            hIB1 j (by simpa using hj))]
      _ = ∑ j ∈ Finset.Ico n m, (∫ x in (j : ℝ)..(j + 1 : ℝ), deriv f x * B1 x) := by
        simp only [Nat.cast_add, Nat.cast_one]
      _ = ∑ j ∈ Finset.Ico n m, (∫ x in (j : ℝ)..(j + 1 : ℝ), B1 x * deriv f x) :=
        by
        apply Finset.sum_congr rfl
        intro j _
        apply intervalIntegral.integral_congr
        intro x _
        ring
      _ =
          ∑ j ∈ Finset.Ico n m,
            ((1 / 12 : 𝕜) * (deriv f (j + 1 : ℝ) - deriv f (j : ℝ)) -
              (1 / 2 : 𝕜) * (∫ x in (j : ℝ)..(j + 1 : ℝ), B2 x * deriv (deriv f) x)) :=
        by refine Finset.sum_congr rfl (fun j hj => hper j hj)
      _ =
          (1 / 12 : 𝕜) * (∑ j ∈ Finset.Ico n m, (deriv f (j + 1 : ℝ) - deriv f (j : ℝ))) -
            (1 / 2 : 𝕜) * (∑ j ∈ Finset.Ico n m, (∫ x in (j : ℝ)..(j + 1 : ℝ), B2 x * deriv (deriv f) x)) :=
        by rw [Finset.sum_sub_distrib, ← Finset.mul_sum, ← Finset.mul_sum]
      _ =
          (1 / 12 : 𝕜) * (∑ j ∈ Finset.Ico n m, (deriv f ((j + 1 : ℕ) : ℝ) - deriv f (j : ℝ))) -
            (1 / 2 : 𝕜) * (∑ j ∈ Finset.Ico n m, (∫ x in (j : ℝ)..((j + 1 : ℕ) : ℝ), B2 x * deriv (deriv f) x)) :=
        by simp only [Nat.cast_add, Nat.cast_one]
      _ =
          (1 / 12 : 𝕜) * (deriv f (m : ℝ) - deriv f (n : ℝ)) -
            (1 / 2 : 𝕜) * (∫ x in (n : ℝ)..(m : ℝ), B2 x * deriv (deriv f) x) :=
        by
        rw [ico_sum_telescope (fun j => deriv f (j : ℝ)) n m hnm,
          sum_integral_adjacent_intervals_Ico (a := fun k => (k : ℝ)) (hmn := hnm) (hint := fun j hj =>
            hIB2 j (by simpa using hj))]
  calc
    ∑ k ∈ Finset.Ioc n m, f k = ∑ k ∈ Finset.Ioc ⌊(n : ℝ)⌋₊ ⌊(m : ℝ)⌋₊, f k := by rw [hnfl, hmfl]
    _ =
        f (n : ℝ) * B1 (n : ℝ) - f (m : ℝ) * B1 (m : ℝ) + (∫ x in (n : ℝ)..(m : ℝ), f x) +
          (∫ x in (n : ℝ)..(m : ℝ), deriv f x * B1 x) :=
      by
      exact
        sum_eq_integral_add_integral_deriv (f := f) (a := (n : ℝ)) (b := (m : ℝ)) (Nat.cast_nonneg n)
          (Nat.cast_le.mpr hnm) hf_diff
          (hcont_f'.mono (Set.uIcc_subset_Icc ⟨le_rfl, Nat.cast_le.mpr hnm⟩ ⟨Nat.cast_le.mpr hnm, le_rfl⟩))
    _ =
        (1 / 2 : 𝕜) * (f (m : ℝ) - f (n : ℝ)) + (∫ x in (n : ℝ)..(m : ℝ), f x) +
          (∫ x in (n : ℝ)..(m : ℝ), deriv f x * B1 x) :=
      by
      rw [hB1n, hB1m]
      push_cast
      ring
    _ =
        (1 / 2 : 𝕜) * (f (m : ℝ) - f (n : ℝ)) + (∫ x in (n : ℝ)..(m : ℝ), f x) +
          (((1 / 12 : 𝕜) * (deriv f (m : ℝ) - deriv f (n : ℝ))) -
            (1 / 2 : 𝕜) * (∫ x in (n : ℝ)..(m : ℝ), B2 x * deriv (deriv f) x)) :=
      by rw [hstitch]
    _ =
        (∫ x in (n : ℝ)..(m : ℝ), f x) + (1 / 2 : 𝕜) * (f (m : ℝ) - f (n : ℝ)) +
            (1 / 12 : 𝕜) * (deriv f (m : ℝ) - deriv f (n : ℝ)) -
          (1 / 2 : 𝕜) * (∫ x in (n : ℝ)..(m : ℝ), B2 x * deriv (deriv f) x) :=
      by ring`.

Note: This linter can be disabled with `set_option linter.style.header false`
warning: RhAttack/P4Em2.lean:116:4: Unused tactic linter: `norm_cast` does nothing

Note: This linter can be disabled with `set_option linter.unusedTactic false`
warning: RhAttack/P4Em2.lean:120:4: Unused tactic linter: `norm_cast` does nothing

Note: This linter can be disabled with `set_option linter.unusedTactic false`
warning: RhAttack/P4Em2.lean:222:100: This line exceeds the 100 character limit, please shorten it!

Note: This linter can be disabled with `set_option linter.style.longLine false`
warning: RhAttack/P4Em2.lean:1:0: * '/- P4Em2 — P4 atom-2b: the GLOBAL finite second-order Euler–Maclaurin law.':
Malformed or missing copyright header: `/-` should be alone on its own line.


Note: This linter can be disabled with `set_option linter.style.header false`
warning: RhAttack/P4Em2.lean:56:38: * '':
Copyright line should start with 'Copyright (c) YYYY'


Note: This linter can be disabled with `set_option linter.style.header false`
warning: RhAttack/P4Em2.lean:56:38: * '':
Copyright line should end with '. All rights reserved.'


Note: This linter can be disabled with `set_option linter.style.header false`
warning: RhAttack/P4Em2.lean:4:0: * '(spec: kainos plan/40-prize-islands/rh-attack/spec/p4-tail-law-abstract.md
§T3; the §4 finite target).

ROLE: stitches the per-period second-order identity
(RhAttack.P4Tail.int_B1f'_period, atom-2) over every unit period of
[n, m] into the global finite law

  ∑ k ∈ Finset.Ioc n m, f k
    = ∫_n^m f + ½(f m − f n) + (1/12)(f′ m − f′ n) − ½·∫_n^m B̂₂·f″ dx

the finite core of the Riemann 1859 identity, from which the
missing-tail W_n(t) form follows at σ = ½ (P4 no-ζ core convention:
the finite/derivative EM machinery is machine-checked here; the 1859
continuation identification is cited under the same convention as
B-3's DLMF 25.2.12 citation).

Built exclusively from:
  (1) the 1st-order sum identity at integer endpoints
      (RhAttack.P4Em.sum_eq_integral_add_integral_deriv, published), (2) the per-period 2nd-order identity
      (RhAttack.P4Tail.int_B1f'_period, atom-2), (3) additivity of adjacent interval integrals
      (intervalIntegral.sum_integral_adjacent_intervals_Ico —
      Mathlib/MeasureTheory/Integral/IntervalIntegral/Basic.lean, used
      here exactly as in Mathlib's Analysis/SumIntegralComparisons.lean
      with `a := (↑·)` and `Nat.cast_add`/`Nat.cast_one` endpoint
      normalization, as in Mathlib's NumberTheory/AbelSummation.lean), (4) one local finite additive telescope (ico_sum_telescope, this file).

APPROACH / pinned APIs (Lean 4.33.1, mathlib f001ca3a4):
  * `Set.uIcc a b` is the UNORDERED CLOSED interval `Icc (min a b)
    (max a b)` (Order/Interval/Set/UnorderedInterval.lean:59); with
    ordered endpoints, `Set.uIcc_of_le (h : a ≤ b) : uIcc a b = Icc a b`
    and `Set.mem_uIcc_of_le`.
  * The additivity lemma's period endpoints are nat-cast form
    `a (k + 1) = ((k + 1 : ℕ) : ℝ)`; the source notation
    `(j + 1 : ℝ)` elaborates to real-add form `((j : ℝ) + 1)`. Bridge:
    `simp only [Nat.cast_add, Nat.cast_one]` (both directions), or for
    `rw` first `rw [← Nat.cast_one]` (the real literal `1` is OfNat,   not defeq to `↑(1 : ℕ)`).
  * `ContinuousOn` restriction is `ContinuousOn.mono`
    (Topology/ContinuousOn.lean:320); there is NO `restrict_set` in
    this checkout.
  * `Finset.sum_insert (by simp [Finset.mem_Ico])` + `abel` for the
    telescope step; `rw` auto-closes rfl goals in this toolchain.
  * `push_cast; ring` closes the mixed ℝ-scalar/𝕜 endpoint forms
    (probed).

STATUS: GREEN (day-019, 2026-09-12, Lean 4.33.1): both theorems compile;
full build 17424 jobs, 0 errors; all four `rhattack` gates PASS.
(First red pass landed day-017/018 — the fixed errors are captured in
the day-019 journal and the wiki.)
THEOREMS: ico_sum_telescope, em2_finite -/
':
If an authors line spans multiple lines, each line but the last must end with a trailing comma


Note: This linter can be disabled with `set_option linter.style.header false`
warning: RhAttack/P4Em2.lean:4:0: * '(spec: ka':
The authors line should begin with 'Authors: '


Note: This linter can be disabled with `set_option linter.style.header false`
warning: RhAttack/P4Em2.lean:11:0: * '  ':
Double spaces are not allowed.


Note: This linter can be disabled with `set_option linter.style.header false`
warning: RhAttack/P4Em2.lean:29:19: * ' and ':
Please, do not use 'and'; use ',' instead.


Note: This linter can be disabled with `set_option linter.style.header false`
warning: RhAttack/P4Em2.lean:3:0: * 'OUTLINE piece: P4 (the rigorous missing-tail law, §9 row P4), atom-2b':
Second copyright line should be "Released under Apache 2.0 license as described in the file LICENSE."


Note: This linter can be disabled with `set_option linter.style.header false`
warning: RhAttack/P4Em2.lean:61:0: The module doc-string for a file should be the first command after the imports.
Please, add a module doc-string before `end`.

Note: This linter can be disabled with `set_option linter.style.header false`
warning: RhAttack/P4Em2.lean:1:0: * '/- P4Em2 — P4 atom-2b: the GLOBAL finite second-order Euler–Maclaurin law.':
Malformed or missing copyright header: `/-` should be alone on its own line.


Note: This linter can be disabled with `set_option linter.style.header false`
warning: RhAttack/P4Em2.lean:56:38: * '':
Copyright line should start with 'Copyright (c) YYYY'


Note: This linter can be disabled with `set_option linter.style.header false`
warning: RhAttack/P4Em2.lean:56:38: * '':
Copyright line should end with '. All rights reserved.'


Note: This linter can be disabled with `set_option linter.style.header false`
warning: RhAttack/P4Em2.lean:4:0: * '(spec: kainos plan/40-prize-islands/rh-attack/spec/p4-tail-law-abstract.md
§T3; the §4 finite target).

ROLE: stitches the per-period second-order identity
(RhAttack.P4Tail.int_B1f'_period, atom-2) over every unit period of
[n, m] into the global finite law

  ∑ k ∈ Finset.Ioc n m, f k
    = ∫_n^m f + ½(f m − f n) + (1/12)(f′ m − f′ n) − ½·∫_n^m B̂₂·f″ dx

the finite core of the Riemann 1859 identity, from which the
missing-tail W_n(t) form follows at σ = ½ (P4 no-ζ core convention:
the finite/derivative EM machinery is machine-checked here; the 1859
continuation identification is cited under the same convention as
B-3's DLMF 25.2.12 citation).

Built exclusively from:
  (1) the 1st-order sum identity at integer endpoints
      (RhAttack.P4Em.sum_eq_integral_add_integral_deriv, published), (2) the per-period 2nd-order identity
      (RhAttack.P4Tail.int_B1f'_period, atom-2), (3) additivity of adjacent interval integrals
      (intervalIntegral.sum_integral_adjacent_intervals_Ico —
      Mathlib/MeasureTheory/Integral/IntervalIntegral/Basic.lean, used
      here exactly as in Mathlib's Analysis/SumIntegralComparisons.lean
      with `a := (↑·)` and `Nat.cast_add`/`Nat.cast_one` endpoint
      normalization, as in Mathlib's NumberTheory/AbelSummation.lean), (4) one local finite additive telescope (ico_sum_telescope, this file).

APPROACH / pinned APIs (Lean 4.33.1, mathlib f001ca3a4):
  * `Set.uIcc a b` is the UNORDERED CLOSED interval `Icc (min a b)
    (max a b)` (Order/Interval/Set/UnorderedInterval.lean:59); with
    ordered endpoints, `Set.uIcc_of_le (h : a ≤ b) : uIcc a b = Icc a b`
    and `Set.mem_uIcc_of_le`.
  * The additivity lemma's period endpoints are nat-cast form
    `a (k + 1) = ((k + 1 : ℕ) : ℝ)`; the source notation
    `(j + 1 : ℝ)` elaborates to real-add form `((j : ℝ) + 1)`. Bridge:
    `simp only [Nat.cast_add, Nat.cast_one]` (both directions), or for
    `rw` first `rw [← Nat.cast_one]` (the real literal `1` is OfNat,   not defeq to `↑(1 : ℕ)`).
  * `ContinuousOn` restriction is `ContinuousOn.mono`
    (Topology/ContinuousOn.lean:320); there is NO `restrict_set` in
    this checkout.
  * `Finset.sum_insert (by simp [Finset.mem_Ico])` + `abel` for the
    telescope step; `rw` auto-closes rfl goals in this toolchain.
  * `push_cast; ring` closes the mixed ℝ-scalar/𝕜 endpoint forms
    (probed).

STATUS: GREEN (day-019, 2026-09-12, Lean 4.33.1): both theorems compile;
full build 17424 jobs, 0 errors; all four `rhattack` gates PASS.
(First red pass landed day-017/018 — the fixed errors are captured in
the day-019 journal and the wiki.)
THEOREMS: ico_sum_telescope, em2_finite -/
':
If an authors line spans multiple lines, each line but the last must end with a trailing comma


Note: This linter can be disabled with `set_option linter.style.header false`
warning: RhAttack/P4Em2.lean:4:0: * '(spec: ka':
The authors line should begin with 'Authors: '


Note: This linter can be disabled with `set_option linter.style.header false`
warning: RhAttack/P4Em2.lean:11:0: * '  ':
Double spaces are not allowed.


Note: This linter can be disabled with `set_option linter.style.header false`
warning: RhAttack/P4Em2.lean:29:19: * ' and ':
Please, do not use 'and'; use ',' instead.


Note: This linter can be disabled with `set_option linter.style.header false`
warning: RhAttack/P4Em2.lean:3:0: * 'OUTLINE piece: P4 (the rigorous missing-tail law, §9 row P4), atom-2b':
Second copyright line should be "Released under Apache 2.0 license as described in the file LICENSE."


Note: This linter can be disabled with `set_option linter.style.header false`
warning: RhAttack/P4Em2.lean:61:0: The module doc-string for a file should be the first command after the imports.
Please, add a module doc-string before `end`.

Note: This linter can be disabled with `set_option linter.style.header false`
warning: RhAttack/P4Em2.lean:1:0: * '/- P4Em2 — P4 atom-2b: the GLOBAL finite second-order Euler–Maclaurin law.':
Malformed or missing copyright header: `/-` should be alone on its own line.


Note: This linter can be disabled with `set_option linter.style.header false`
warning: RhAttack/P4Em2.lean:56:38: * '':
Copyright line should start with 'Copyright (c) YYYY'


Note: This linter can be disabled with `set_option linter.style.header false`
warning: RhAttack/P4Em2.lean:56:38: * '':
Copyright line should end with '. All rights reserved.'


Note: This linter can be disabled with `set_option linter.style.header false`
warning: RhAttack/P4Em2.lean:4:0: * '(spec: kainos plan/40-prize-islands/rh-attack/spec/p4-tail-law-abstract.md
§T3; the §4 finite target).

ROLE: stitches the per-period second-order identity
(RhAttack.P4Tail.int_B1f'_period, atom-2) over every unit period of
[n, m] into the global finite law

  ∑ k ∈ Finset.Ioc n m, f k
    = ∫_n^m f + ½(f m − f n) + (1/12)(f′ m − f′ n) − ½·∫_n^m B̂₂·f″ dx

the finite core of the Riemann 1859 identity, from which the
missing-tail W_n(t) form follows at σ = ½ (P4 no-ζ core convention:
the finite/derivative EM machinery is machine-checked here; the 1859
continuation identification is cited under the same convention as
B-3's DLMF 25.2.12 citation).

Built exclusively from:
  (1) the 1st-order sum identity at integer endpoints
      (RhAttack.P4Em.sum_eq_integral_add_integral_deriv, published), (2) the per-period 2nd-order identity
      (RhAttack.P4Tail.int_B1f'_period, atom-2), (3) additivity of adjacent interval integrals
      (intervalIntegral.sum_integral_adjacent_intervals_Ico —
      Mathlib/MeasureTheory/Integral/IntervalIntegral/Basic.lean, used
      here exactly as in Mathlib's Analysis/SumIntegralComparisons.lean
      with `a := (↑·)` and `Nat.cast_add`/`Nat.cast_one` endpoint
      normalization, as in Mathlib's NumberTheory/AbelSummation.lean), (4) one local finite additive telescope (ico_sum_telescope, this file).

APPROACH / pinned APIs (Lean 4.33.1, mathlib f001ca3a4):
  * `Set.uIcc a b` is the UNORDERED CLOSED interval `Icc (min a b)
    (max a b)` (Order/Interval/Set/UnorderedInterval.lean:59); with
    ordered endpoints, `Set.uIcc_of_le (h : a ≤ b) : uIcc a b = Icc a b`
    and `Set.mem_uIcc_of_le`.
  * The additivity lemma's period endpoints are nat-cast form
    `a (k + 1) = ((k + 1 : ℕ) : ℝ)`; the source notation
    `(j + 1 : ℝ)` elaborates to real-add form `((j : ℝ) + 1)`. Bridge:
    `simp only [Nat.cast_add, Nat.cast_one]` (both directions), or for
    `rw` first `rw [← Nat.cast_one]` (the real literal `1` is OfNat,   not defeq to `↑(1 : ℕ)`).
  * `ContinuousOn` restriction is `ContinuousOn.mono`
    (Topology/ContinuousOn.lean:320); there is NO `restrict_set` in
    this checkout.
  * `Finset.sum_insert (by simp [Finset.mem_Ico])` + `abel` for the
    telescope step; `rw` auto-closes rfl goals in this toolchain.
  * `push_cast; ring` closes the mixed ℝ-scalar/𝕜 endpoint forms
    (probed).

STATUS: GREEN (day-019, 2026-09-12, Lean 4.33.1): both theorems compile;
full build 17424 jobs, 0 errors; all four `rhattack` gates PASS.
(First red pass landed day-017/018 — the fixed errors are captured in
the day-019 journal and the wiki.)
THEOREMS: ico_sum_telescope, em2_finite -/
':
If an authors line spans multiple lines, each line but the last must end with a trailing comma


Note: This linter can be disabled with `set_option linter.style.header false`
warning: RhAttack/P4Em2.lean:4:0: * '(spec: ka':
The authors line should begin with 'Authors: '


Note: This linter can be disabled with `set_option linter.style.header false`
warning: RhAttack/P4Em2.lean:11:0: * '  ':
Double spaces are not allowed.


Note: This linter can be disabled with `set_option linter.style.header false`
warning: RhAttack/P4Em2.lean:29:19: * ' and ':
Please, do not use 'and'; use ',' instead.


Note: This linter can be disabled with `set_option linter.style.header false`
warning: RhAttack/P4Em2.lean:3:0: * 'OUTLINE piece: P4 (the rigorous missing-tail law, §9 row P4), atom-2b':
Second copyright line should be "Released under Apache 2.0 license as described in the file LICENSE."


Note: This linter can be disabled with `set_option linter.style.header false`
warning: RhAttack/P4Em2.lean:61:0: The module doc-string for a file should be the first command after the imports.
Please, add a module doc-string before ``.

Note: This linter can be disabled with `set_option linter.style.header false`
✖ [8709/8709] Building RhAttack.P4Limit (14s)
trace: .> LEAN_PATH=/home/jsmille/Projects/rh-missing-tail/formal/.lake/packages/Cli/.lake/build/lib/lean:/home/jsmille/Projects/rh-missing-tail/formal/.lake/packages/batteries/.lake/build/lib/lean:/home/jsmille/Projects/rh-missing-tail/formal/.lake/packages/Qq/.lake/build/lib/lean:/home/jsmille/Projects/rh-missing-tail/formal/.lake/packages/aesop/.lake/build/lib/lean:/home/jsmille/Projects/rh-missing-tail/formal/.lake/packages/proofwidgets/.lake/build/lib/lean:/home/jsmille/Projects/rh-missing-tail/formal/.lake/packages/importGraph/.lake/build/lib/lean:/home/jsmille/Projects/rh-missing-tail/formal/.lake/packages/LeanSearchClient/.lake/build/lib/lean:/home/jsmille/Projects/rh-missing-tail/formal/.lake/packages/plausible/.lake/build/lib/lean:/home/jsmille/Projects/rh-missing-tail/formal/.lake/packages/mathlib/.lake/build/lib/lean:/home/jsmille/Projects/rh-missing-tail/formal/.lake/build/lib/lean /home/jsmille/.elan/toolchains/leanprover--lean4---v4.33.1/bin/lean /home/jsmille/Projects/rh-missing-tail/formal/RhAttack/P4Limit.lean -o /home/jsmille/Projects/rh-missing-tail/formal/.lake/build/lib/lean/RhAttack/P4Limit.olean -i /home/jsmille/Projects/rh-missing-tail/formal/.lake/build/lib/lean/RhAttack/P4Limit.ilean -c /home/jsmille/Projects/rh-missing-tail/formal/.lake/build/ir/RhAttack/P4Limit.c --setup /home/jsmille/Projects/rh-missing-tail/formal/.lake/build/ir/RhAttack/P4Limit.setup.json --json
warning: RhAttack/P4Limit.lean:1:0: * '/- P4Limit — P4 atoms L1..L5: the M→∞ passage of the second-order EM law,  the remainder bounds (OP1/OP2), and the stated zero-free bound B_n(t)':
Malformed or missing copyright header: `/-` should be alone on its own line.


Note: This linter can be disabled with `set_option linter.style.header false`
warning: RhAttack/P4Limit.lean:2:71: * '   for the missi':
Copyright line should start with 'Copyright (c) YYYY'


Note: This linter can be disabled with `set_option linter.style.header false`
warning: RhAttack/P4Limit.lean:3:7: * 'e missing tail W_n(t).':
Copyright line should end with '. All rights reserved.'


Note: This linter can be disabled with `set_option linter.style.header false`
warning: RhAttack/P4Limit.lean:3:31: * 'OUTLINE piece: P4 (the rigorous missing-tail law, outline §9 row P4), the
M→∞ passage (spec: kainos plan/40-prize-islands/rh-attack/spec/
p4-tail-law-abstract.md §T2–T4; operational decomposition:
plan/.../spec/p4limit-module-sketch.md, atoms L1–L5).

ROLE: turns the green finite law (RhAttack.P4Em2.em2_finite) into the
line-statement: for s = ½ + it, n ≥ 1, with
  W_n(s) := riemannZeta s - P_n s + I(n,s),  I(n,s) := n^{1-s}/(1-s),the identity (Riemann 1859, cited under the B-3 no-ζ-identity convention;
published form: DLMF 25.2.8 (ℜs > 0) / 25.2.9 n = 1 (ℜs > -2),cross-checked against the DLMF form to 3.5e-18, day-019):

  W_n(s) = -½·n^{-s} + (s/12)·n^{-s-1} - ½·∫_n^∞ B̂₂({x})·f″(x) dx

and therefore the stated output — a zero-free, explicit, computable
upper bound feeding the floor (P8):

  |W_n(t)| ≤ B_n(t) := ½·n^{-1/2} + (|s|/12)·n^{-3/2}
                   + (√3/216)·|s|·(|s|+1)·n^{-5/2}.

Built from:
  (1) RhAttack.P4Em2.em2_finite (global finite 2nd-order EM, green), (2) RhAttack.P4Tail.B2 (periodic B̂₂, green) and the pinned mathlib
      machinery of the research log (IntegrationByParts.lean,     IntervalIntegral/Periodic.lean, bernoulli polynomials,     zeta_eq_tsum_one_div_nat_cpow), (3) atoms L1–L5 of this file (draft in progress).

APPROACH / pinned APIs (Lean 4.33.1, mathlib f001ca3a4; see the P4Em2
header for the uIcc/Nat.cast_add/ContinuousOn.mono conventions):
  * `hasDerivAt_ofReal_cpow_const {x : ℝ} (hx : x ≠ 0) {r : ℂ}
    (hr : r ≠ 0) : HasDerivAt (fun y => (y : ℂ) ^ r) (r * x ^ (r - 1)) x`
    (Analysis/SpecialFunctions/Pow/Deriv.lean:288) — all cpow derivative
    facts (L1).
  * `hasDerivAt_ofReal_cpow_const' {x} (hx : x ≠ 0) {r : ℂ}
    (hr : r ≠ -1) : HasDerivAt (fun y => (y : ℂ) ^ (r + 1) / (r + 1))
    (x ^ r) x` (:248) — the antiderivative fact (L2) at r := -s, i.e.
    the s ≠ 1 hypothesis.
  * `HasDerivAt.const_mul (c : ℂ) (hd : HasDerivAt d d' x) :
    HasDerivAt (fun y => c * d y) (c * d') x` (Calculus/Deriv/Mul.lean:355).
  * `intervalIntegral.integral_eq_sub_of_hasDerivAt (hderiv :
    ∀ x ∈ uIcc a b, HasDerivAt f (f' x) x) (hint : IntervalIntegrable f'
    volume a b) : ∫ y in a..b, f' y = f b - f a`
    (IntervalIntegral/FundThmCalculus.lean:1148) — antiderivative
    evaluation (L2).
  * `DifferentiableOn.continuousOn` (Calculus/FDeriv/Basic.lean:664).

STATUS (2026-09-15, Lean 4.33.1): atoms L1, L2, L3, L4, L5.a-e GREEN.  L4 is the missing-tail law (IBP route: `p4_op2c_bound` + `p4_f2_tail_bound`); L5 is the composition root: `p4_Tn_Tendsto` (L5.a, the M-to-infinity limit of the tail partial sums), `p4_zeta_split` (L5.b), `p4_Tn_eq` (L5.c, the tsum passage to `p4_Tn_lim`), `p4_identity` (L5.d, the P4 line-statement for Re s > 1) and `p4_T4_bound` (L5.e, the bound on `p4_em_expr` at Re s = 1/2; the W_n-equality at Re s = 1/2 is cited, DLMF 25.2.8 / Apostol 12.21 - see section doc) and L5.f (`p4_one_minus_s_conj`, `p4_T4_ratio`) the T4 ratio corollary - the correction scale |1-s| = |s| on the critical line and the three-term ratio bound, pure division algebra from L5.e.  No sorry.
STATUS (2026-09-16, Lean 4.33.1): 25ae Stage 3A GREEN - periodic `B8` (def + measurability + `B8_of_Icc_int` + `abs_B8_le` via the pure-algebra `B8poly_bound_Icc`), the finite telescoping lemma `p4_25ae_telescope_pow` (own induction; no Ico-telescope in mathlib 4.33.1), and `p4_25ae_J_finite` (the finite-M identity for the EM tail integral: the 7-level per-period IBP ladder over period sums S3-S8, endpoint differences at n and M with the verbatim Stage-2 coefficient atoms, and the B8 period-sum residue S8).  Full package build: 17434 jobs, 0 errors, 0 sorry.
STATUS (2026-09-16, Lean 4.33.1): 25ae Stage 3B atoms 3B.1-3B.10 GREEN - `p4_25ae_J_iota` (M -> oo passage), `p4_25ae_int_Icc_rpow172`/`_Ioi_rpow172` (FTC-2), `p4_25ae_I8_bound` (|I8| <= n^(-15/2)/225), `p4_25ae_t3kernel_integrableOn_Ioi`, `p4_25ae_J_eq` (the EM tail equals the exact 4-term expression), and `p4_25ae_T3_bound` (the sharpened 4-term triangle bound with the CORRECTED exponents: n^(-7/2), n^(-11/2), n^(-15/2), n^(-15/2) - the anchor F1 script's n^(-9/2) second-term exponent was WRONG: on the critical line Re(-s-5) = -11/2).  The 25ae wall re-anchors to t ~= 1.217e8 at list scale; see DISCOVERY_LOG 25ae Stage 3B.
THEOREMS (L1): p4_f_hasDerivAt, p4_f1_hasDerivAt, p4_f2_hasDerivAt, p4_f1_at, p4_f2_at, p4_f1_on_Icc, p4_f2_on_Icc.
THEOREMS (L2): p4_integral_closed, p4_finite_em2.
THEOREMS (L3): p4_f2_abs_eq, p4_f2_continuousOn_Ioi, p4_f2_integrableOn_Ioi, p4_f2_integral_Ioi_eq, p4_kernel_integrableOn_Ioi, p4_kernel_tendsto, p4_f2_tendsto.
THEOREMS (L4): B3poly, B3poly_at_0, B3poly_at_1, B3poly_max_val, B3poly_min_val, abs_B3poly_le, p4_op2c_bound, p4_f2_tail_bound.

L4 TRANSFERABLE NOTES (the IBP/missing-tail route):
  * The missing-tail constant is NOT `sqrt(3)/108`.  Integrating by parts
    twice with the periodic `B3poly` gives
    `INT B2 x * x^(-s-2) = B3poly(x)*x^(-s-2)| + INT B3poly *
    ((s+1)(s+2) * x^(-s-3))` and `|B3poly| <= sqrt(3)/36` at
    `u=(3±sqrt 3)/6` (computed, never recalled).  The numeric refutation of
    `sqrt(3)/108` happened on day-019; the `sqrt(3)/270 * ||s+2||` form is
    what holds on a 15-point grid before formalization (P4 numeric rule).
  * `HasDerivAt.comp` in 4.33.1 takes the point `x` as an explicit first
    argument: `HasDerivAt.comp x (h2 : HasDerivAt h2 h2' (h x))
    (h : HasDerivAt h h' x) : HasDerivAt (h2 ∘ h) (h2' * h') x`.
  * `intervalIntegral.intervalIntegrable` (ContinuousOn form) takes NO
    explicit endpoint arguments in 4.33.1; the pointwise
    `continuousAt_rpow_const ... |>.continuousWithinAt` is the
    one-sided-continuity idiom, and `uIcc`'s lower bound is a `min`
    (bridge with `min_eq_left` before feeding it to `nlinarith`).
  * `tendsto_order : Tendsto f l (𝓝 a) ↔
    (∀ a' < a, ∀ᶠ b, a' < f b) ∧ (∀ a' > a, ∀ᶠ b, f b < a')` — the
    one-sided eventual-inequality idiom.  AND: the eventual upper bound
    passes to the limit directly via `le_of_tendsto (lim : Tendsto f x
    (𝓝 a)) (h : ∀ᶠ c, f c ≤ b) : a ≤ b` (ClosedIicTopology + x.NeBot
    instance) — this REPLACES the by_contra + `filter_upwards`-on-`False`
    dance (`filter_upwards` needs a pi-goal, not `False`).
  * `Filter.Eventually` is a Prop (`l.Eventually p = {x | p x} ∈ l`), so
    there is NO `.imp` dot-notation on a `∀ᶠ`; to compose eventuals,   `filter_upwards [h1, h2] with x h1 h2` and feed separate names.
  * For a real-constant times an interval integral, pull the constant out
    with `intervalIntegral.integral_const_mul`, not `integral_smul` (which
    is the `•` form — for ℂ-smul over ℂ, `c • z = c * z` is definitional).
  * `Complex.norm_cpow_eq_rpow_re_of_pos` needs STRICT `0 < x`, and must be
    applied BEFORE rewriting the exponent's real part; the endpoint forms
    `((k+1 : ℕ) : ℝ)` vs `(k : ℝ) + 1` are not definitionally equal —
    bridge with `Nat.cast_succ`.

L3 TRANSFERABLE NOTES (keep — drafted from the published Gamma example,Mathlib/Analysis/SpecialFunctions/Gamma/Basic.lean, `Complex.
GammaIntegral_convergent` / `tendsto_partialGamma`):
  * `IntegrableOn f s` = `Integrable f (volume.restrict s)` = the pair
    `⟨AEStronglyMeasurable, HasFiniteIntegral⟩` on that restricted measure;
    `constructor` splits it.  Set integrals `∫ x in s, f x` are
    definitionally `∫ x, f x ∂ (volume.restrict s)`, so univariate
    lemmas (`MeasureTheory.integral_smul`, `integral_Ioi_cpow_of_lt`)
    match set integrals directly.
  * `MeasureTheory.ae_of_all {p} (μ : F) (hp : ∀ a, p a) : ∀ᵐ a ∂μ, p a`
    — the MEASURE (outer measure) is the FIRST explicit argument; passing
    the `by`-block first sends it into the `μ : F` slot (goal becomes a
    bare meta, `introN` fails on `?m` — the symptom).
  * After `← hasFiniteIntegral_norm_iff`, mono' sees the NORM of the norm:
    `‖(‖f x‖ : ℝ)‖` — strip it with a one-line `have h1 := by simp`
    (verified by probe: `‖(‖z‖ : ℝ)‖ = ‖z‖` is a simp fact).
  * `ContinuousOn.aestronglyMeasurable (hf : ContinuousOn f s)
    (hs : MeasurableSet s) : AEStronglyMeasurable f (μ.restrict s)`;
    narrowing the set: `ContinuousOn.mono (hf : ContinuousOn f s0)
    (h : t ⊆ s0)`; `Ioi c ⊆ Ioi 0` via `Ioi_subset_Ioi_iff.mpr` (there is
    NO `Ioi_subset_Ioi_left` in 4.33.1).
  * `continuousOn_const` is argument-free in 4.33.1 (`fun_prop` lemma,   both s and c implicit) — spell the type in a `have`.
  * For ℂ-smul over ℂ, `c • z = c * z` is DEFINITIONAL (`rfl` closes it;
    verified by probe) — no `smul_def` needed; bare `smul_def` is a trap
    here: `open Finset` makes it resolve to `Finset.smul_def`.
  * Kernel B2-side aes: P4Tail's `fun_prop` aes +
    `Continuous.comp_aestronglyMeasurable (hg := Complex.continuous_ofReal)`
    + `AEStronglyMeasurable.mono_measure` (aes descends to smaller
    measures; `Measure.restrict_mono (Ioi c).subset_univ le_rfl` trans
    `le_of_eq Measure.restrict_univ`).
  * The `0` in `Set.Ioi 0` and lambda binders `fun (x : ℝ) => ...` must be
    explicitly typed — underdetermined `0`/`x` default to ℂ here.
  * `Complex.add_re` (NOT `re_add`), `Complex.neg_re`, `Complex.norm_def`,   `Complex.normSq_ofReal`, `Real.sqrt_sq_eq_abs` — the |B2| bridge chain.

L2 REMAINDER-TERM MATCHING (transferable technique, keep for L3–L5):
`em2_finite` lives in a `[RCLike 𝕜]` context, where its tail integrand
`B2 x * deriv (deriv f) x` elaborates the ℝ→𝕜 scalar through the
RCLike coercion `ofReal := Algebra.cast` (= `algebraMap ℝ 𝕜`). In a
concrete `ℂ` file the same printed term `B2 x * d` — or even the
explicit cast `(B2 x : ℂ) * d` — elaborates through the higher-priority
`Coe ℝ ℂ` (Data/Complex, `Complex.ofReal`). The two kernel terms print
identically (`↑(B2 x) * d`) but are NOT unification-equal, so
`rw [hRem]` silently fails with "did not find an occurrence". Fix:
spell the scalar explicitly as `algebraMap (R := ℝ) (A := ℂ) (B2 x)`
in both the congruence hypothesis (hIC) and the remainder equality
(hRem) — verified by a four-form probe (bare / Coe / Algebra.cast /
algebraMap): only the last two rewrite-match. `algebraMap x = (x : ℂ)`
itself closes by `rfl`, so this costs nothing mathematically. -/
':
If an authors line spans multiple lines, each line but the last must end with a trailing comma


Note: This linter can be disabled with `set_option linter.style.header false`
warning: RhAttack/P4Limit.lean:3:31: * 'OUTLINE p':
The authors line should begin with 'Authors: '


Note: This linter can be disabled with `set_option linter.style.header false`
warning: RhAttack/P4Limit.lean:11:42: * '  ':
Double spaces are not allowed.


Note: This linter can be disabled with `set_option linter.style.header false`
warning: RhAttack/P4Limit.lean:27:40: * ' and ':
Please, do not use 'and'; use ',' instead.


Note: This linter can be disabled with `set_option linter.style.header false`
warning: RhAttack/P4Limit.lean:147:45: * '':
Second copyright line should be "Released under Apache 2.0 license as described in the file LICENSE."


Note: This linter can be disabled with `set_option linter.style.header false`
warning: RhAttack/P4Limit.lean:152:0: The module doc-string for a file should be the first command after the imports.
Please, add a module doc-string before `open Real Set Filter MeasureTheory intervalIntegral Finset`.

Note: This linter can be disabled with `set_option linter.style.header false`
warning: RhAttack/P4Limit.lean:1:0: * '/- P4Limit — P4 atoms L1..L5: the M→∞ passage of the second-order EM law,  the remainder bounds (OP1/OP2), and the stated zero-free bound B_n(t)':
Malformed or missing copyright header: `/-` should be alone on its own line.


Note: This linter can be disabled with `set_option linter.style.header false`
warning: RhAttack/P4Limit.lean:2:71: * '   for the missi':
Copyright line should start with 'Copyright (c) YYYY'


Note: This linter can be disabled with `set_option linter.style.header false`
warning: RhAttack/P4Limit.lean:3:7: * 'e missing tail W_n(t).':
Copyright line should end with '. All rights reserved.'


Note: This linter can be disabled with `set_option linter.style.header false`
warning: RhAttack/P4Limit.lean:3:31: * 'OUTLINE piece: P4 (the rigorous missing-tail law, outline §9 row P4), the
M→∞ passage (spec: kainos plan/40-prize-islands/rh-attack/spec/
p4-tail-law-abstract.md §T2–T4; operational decomposition:
plan/.../spec/p4limit-module-sketch.md, atoms L1–L5).

ROLE: turns the green finite law (RhAttack.P4Em2.em2_finite) into the
line-statement: for s = ½ + it, n ≥ 1, with
  W_n(s) := riemannZeta s - P_n s + I(n,s),  I(n,s) := n^{1-s}/(1-s),the identity (Riemann 1859, cited under the B-3 no-ζ-identity convention;
published form: DLMF 25.2.8 (ℜs > 0) / 25.2.9 n = 1 (ℜs > -2),cross-checked against the DLMF form to 3.5e-18, day-019):

  W_n(s) = -½·n^{-s} + (s/12)·n^{-s-1} - ½·∫_n^∞ B̂₂({x})·f″(x) dx

and therefore the stated output — a zero-free, explicit, computable
upper bound feeding the floor (P8):

  |W_n(t)| ≤ B_n(t) := ½·n^{-1/2} + (|s|/12)·n^{-3/2}
                   + (√3/216)·|s|·(|s|+1)·n^{-5/2}.

Built from:
  (1) RhAttack.P4Em2.em2_finite (global finite 2nd-order EM, green), (2) RhAttack.P4Tail.B2 (periodic B̂₂, green) and the pinned mathlib
      machinery of the research log (IntegrationByParts.lean,     IntervalIntegral/Periodic.lean, bernoulli polynomials,     zeta_eq_tsum_one_div_nat_cpow), (3) atoms L1–L5 of this file (draft in progress).

APPROACH / pinned APIs (Lean 4.33.1, mathlib f001ca3a4; see the P4Em2
header for the uIcc/Nat.cast_add/ContinuousOn.mono conventions):
  * `hasDerivAt_ofReal_cpow_const {x : ℝ} (hx : x ≠ 0) {r : ℂ}
    (hr : r ≠ 0) : HasDerivAt (fun y => (y : ℂ) ^ r) (r * x ^ (r - 1)) x`
    (Analysis/SpecialFunctions/Pow/Deriv.lean:288) — all cpow derivative
    facts (L1).
  * `hasDerivAt_ofReal_cpow_const' {x} (hx : x ≠ 0) {r : ℂ}
    (hr : r ≠ -1) : HasDerivAt (fun y => (y : ℂ) ^ (r + 1) / (r + 1))
    (x ^ r) x` (:248) — the antiderivative fact (L2) at r := -s, i.e.
    the s ≠ 1 hypothesis.
  * `HasDerivAt.const_mul (c : ℂ) (hd : HasDerivAt d d' x) :
    HasDerivAt (fun y => c * d y) (c * d') x` (Calculus/Deriv/Mul.lean:355).
  * `intervalIntegral.integral_eq_sub_of_hasDerivAt (hderiv :
    ∀ x ∈ uIcc a b, HasDerivAt f (f' x) x) (hint : IntervalIntegrable f'
    volume a b) : ∫ y in a..b, f' y = f b - f a`
    (IntervalIntegral/FundThmCalculus.lean:1148) — antiderivative
    evaluation (L2).
  * `DifferentiableOn.continuousOn` (Calculus/FDeriv/Basic.lean:664).

STATUS (2026-09-15, Lean 4.33.1): atoms L1, L2, L3, L4, L5.a-e GREEN.  L4 is the missing-tail law (IBP route: `p4_op2c_bound` + `p4_f2_tail_bound`); L5 is the composition root: `p4_Tn_Tendsto` (L5.a, the M-to-infinity limit of the tail partial sums), `p4_zeta_split` (L5.b), `p4_Tn_eq` (L5.c, the tsum passage to `p4_Tn_lim`), `p4_identity` (L5.d, the P4 line-statement for Re s > 1) and `p4_T4_bound` (L5.e, the bound on `p4_em_expr` at Re s = 1/2; the W_n-equality at Re s = 1/2 is cited, DLMF 25.2.8 / Apostol 12.21 - see section doc) and L5.f (`p4_one_minus_s_conj`, `p4_T4_ratio`) the T4 ratio corollary - the correction scale |1-s| = |s| on the critical line and the three-term ratio bound, pure division algebra from L5.e.  No sorry.
STATUS (2026-09-16, Lean 4.33.1): 25ae Stage 3A GREEN - periodic `B8` (def + measurability + `B8_of_Icc_int` + `abs_B8_le` via the pure-algebra `B8poly_bound_Icc`), the finite telescoping lemma `p4_25ae_telescope_pow` (own induction; no Ico-telescope in mathlib 4.33.1), and `p4_25ae_J_finite` (the finite-M identity for the EM tail integral: the 7-level per-period IBP ladder over period sums S3-S8, endpoint differences at n and M with the verbatim Stage-2 coefficient atoms, and the B8 period-sum residue S8).  Full package build: 17434 jobs, 0 errors, 0 sorry.
STATUS (2026-09-16, Lean 4.33.1): 25ae Stage 3B atoms 3B.1-3B.10 GREEN - `p4_25ae_J_iota` (M -> oo passage), `p4_25ae_int_Icc_rpow172`/`_Ioi_rpow172` (FTC-2), `p4_25ae_I8_bound` (|I8| <= n^(-15/2)/225), `p4_25ae_t3kernel_integrableOn_Ioi`, `p4_25ae_J_eq` (the EM tail equals the exact 4-term expression), and `p4_25ae_T3_bound` (the sharpened 4-term triangle bound with the CORRECTED exponents: n^(-7/2), n^(-11/2), n^(-15/2), n^(-15/2) - the anchor F1 script's n^(-9/2) second-term exponent was WRONG: on the critical line Re(-s-5) = -11/2).  The 25ae wall re-anchors to t ~= 1.217e8 at list scale; see DISCOVERY_LOG 25ae Stage 3B.
THEOREMS (L1): p4_f_hasDerivAt, p4_f1_hasDerivAt, p4_f2_hasDerivAt, p4_f1_at, p4_f2_at, p4_f1_on_Icc, p4_f2_on_Icc.
THEOREMS (L2): p4_integral_closed, p4_finite_em2.
THEOREMS (L3): p4_f2_abs_eq, p4_f2_continuousOn_Ioi, p4_f2_integrableOn_Ioi, p4_f2_integral_Ioi_eq, p4_kernel_integrableOn_Ioi, p4_kernel_tendsto, p4_f2_tendsto.
THEOREMS (L4): B3poly, B3poly_at_0, B3poly_at_1, B3poly_max_val, B3poly_min_val, abs_B3poly_le, p4_op2c_bound, p4_f2_tail_bound.

L4 TRANSFERABLE NOTES (the IBP/missing-tail route):
  * The missing-tail constant is NOT `sqrt(3)/108`.  Integrating by parts
    twice with the periodic `B3poly` gives
    `INT B2 x * x^(-s-2) = B3poly(x)*x^(-s-2)| + INT B3poly *
    ((s+1)(s+2) * x^(-s-3))` and `|B3poly| <= sqrt(3)/36` at
    `u=(3±sqrt 3)/6` (computed, never recalled).  The numeric refutation of
    `sqrt(3)/108` happened on day-019; the `sqrt(3)/270 * ||s+2||` form is
    what holds on a 15-point grid before formalization (P4 numeric rule).
  * `HasDerivAt.comp` in 4.33.1 takes the point `x` as an explicit first
    argument: `HasDerivAt.comp x (h2 : HasDerivAt h2 h2' (h x))
    (h : HasDerivAt h h' x) : HasDerivAt (h2 ∘ h) (h2' * h') x`.
  * `intervalIntegral.intervalIntegrable` (ContinuousOn form) takes NO
    explicit endpoint arguments in 4.33.1; the pointwise
    `continuousAt_rpow_const ... |>.continuousWithinAt` is the
    one-sided-continuity idiom, and `uIcc`'s lower bound is a `min`
    (bridge with `min_eq_left` before feeding it to `nlinarith`).
  * `tendsto_order : Tendsto f l (𝓝 a) ↔
    (∀ a' < a, ∀ᶠ b, a' < f b) ∧ (∀ a' > a, ∀ᶠ b, f b < a')` — the
    one-sided eventual-inequality idiom.  AND: the eventual upper bound
    passes to the limit directly via `le_of_tendsto (lim : Tendsto f x
    (𝓝 a)) (h : ∀ᶠ c, f c ≤ b) : a ≤ b` (ClosedIicTopology + x.NeBot
    instance) — this REPLACES the by_contra + `filter_upwards`-on-`False`
    dance (`filter_upwards` needs a pi-goal, not `False`).
  * `Filter.Eventually` is a Prop (`l.Eventually p = {x | p x} ∈ l`), so
    there is NO `.imp` dot-notation on a `∀ᶠ`; to compose eventuals,   `filter_upwards [h1, h2] with x h1 h2` and feed separate names.
  * For a real-constant times an interval integral, pull the constant out
    with `intervalIntegral.integral_const_mul`, not `integral_smul` (which
    is the `•` form — for ℂ-smul over ℂ, `c • z = c * z` is definitional).
  * `Complex.norm_cpow_eq_rpow_re_of_pos` needs STRICT `0 < x`, and must be
    applied BEFORE rewriting the exponent's real part; the endpoint forms
    `((k+1 : ℕ) : ℝ)` vs `(k : ℝ) + 1` are not definitionally equal —
    bridge with `Nat.cast_succ`.

L3 TRANSFERABLE NOTES (keep — drafted from the published Gamma example,Mathlib/Analysis/SpecialFunctions/Gamma/Basic.lean, `Complex.
GammaIntegral_convergent` / `tendsto_partialGamma`):
  * `IntegrableOn f s` = `Integrable f (volume.restrict s)` = the pair
    `⟨AEStronglyMeasurable, HasFiniteIntegral⟩` on that restricted measure;
    `constructor` splits it.  Set integrals `∫ x in s, f x` are
    definitionally `∫ x, f x ∂ (volume.restrict s)`, so univariate
    lemmas (`MeasureTheory.integral_smul`, `integral_Ioi_cpow_of_lt`)
    match set integrals directly.
  * `MeasureTheory.ae_of_all {p} (μ : F) (hp : ∀ a, p a) : ∀ᵐ a ∂μ, p a`
    — the MEASURE (outer measure) is the FIRST explicit argument; passing
    the `by`-block first sends it into the `μ : F` slot (goal becomes a
    bare meta, `introN` fails on `?m` — the symptom).
  * After `← hasFiniteIntegral_norm_iff`, mono' sees the NORM of the norm:
    `‖(‖f x‖ : ℝ)‖` — strip it with a one-line `have h1 := by simp`
    (verified by probe: `‖(‖z‖ : ℝ)‖ = ‖z‖` is a simp fact).
  * `ContinuousOn.aestronglyMeasurable (hf : ContinuousOn f s)
    (hs : MeasurableSet s) : AEStronglyMeasurable f (μ.restrict s)`;
    narrowing the set: `ContinuousOn.mono (hf : ContinuousOn f s0)
    (h : t ⊆ s0)`; `Ioi c ⊆ Ioi 0` via `Ioi_subset_Ioi_iff.mpr` (there is
    NO `Ioi_subset_Ioi_left` in 4.33.1).
  * `continuousOn_const` is argument-free in 4.33.1 (`fun_prop` lemma,   both s and c implicit) — spell the type in a `have`.
  * For ℂ-smul over ℂ, `c • z = c * z` is DEFINITIONAL (`rfl` closes it;
    verified by probe) — no `smul_def` needed; bare `smul_def` is a trap
    here: `open Finset` makes it resolve to `Finset.smul_def`.
  * Kernel B2-side aes: P4Tail's `fun_prop` aes +
    `Continuous.comp_aestronglyMeasurable (hg := Complex.continuous_ofReal)`
    + `AEStronglyMeasurable.mono_measure` (aes descends to smaller
    measures; `Measure.restrict_mono (Ioi c).subset_univ le_rfl` trans
    `le_of_eq Measure.restrict_univ`).
  * The `0` in `Set.Ioi 0` and lambda binders `fun (x : ℝ) => ...` must be
    explicitly typed — underdetermined `0`/`x` default to ℂ here.
  * `Complex.add_re` (NOT `re_add`), `Complex.neg_re`, `Complex.norm_def`,   `Complex.normSq_ofReal`, `Real.sqrt_sq_eq_abs` — the |B2| bridge chain.

L2 REMAINDER-TERM MATCHING (transferable technique, keep for L3–L5):
`em2_finite` lives in a `[RCLike 𝕜]` context, where its tail integrand
`B2 x * deriv (deriv f) x` elaborates the ℝ→𝕜 scalar through the
RCLike coercion `ofReal := Algebra.cast` (= `algebraMap ℝ 𝕜`). In a
concrete `ℂ` file the same printed term `B2 x * d` — or even the
explicit cast `(B2 x : ℂ) * d` — elaborates through the higher-priority
`Coe ℝ ℂ` (Data/Complex, `Complex.ofReal`). The two kernel terms print
identically (`↑(B2 x) * d`) but are NOT unification-equal, so
`rw [hRem]` silently fails with "did not find an occurrence". Fix:
spell the scalar explicitly as `algebraMap (R := ℝ) (A := ℂ) (B2 x)`
in both the congruence hypothesis (hIC) and the remainder equality
(hRem) — verified by a four-form probe (bare / Coe / Algebra.cast /
algebraMap): only the last two rewrite-match. `algebraMap x = (x : ℂ)`
itself closes by `rfl`, so this costs nothing mathematically. -/
':
If an authors line spans multiple lines, each line but the last must end with a trailing comma


Note: This linter can be disabled with `set_option linter.style.header false`
warning: RhAttack/P4Limit.lean:3:31: * 'OUTLINE p':
The authors line should begin with 'Authors: '


Note: This linter can be disabled with `set_option linter.style.header false`
warning: RhAttack/P4Limit.lean:11:42: * '  ':
Double spaces are not allowed.


Note: This linter can be disabled with `set_option linter.style.header false`
warning: RhAttack/P4Limit.lean:27:40: * ' and ':
Please, do not use 'and'; use ',' instead.


Note: This linter can be disabled with `set_option linter.style.header false`
warning: RhAttack/P4Limit.lean:147:45: * '':
Second copyright line should be "Released under Apache 2.0 license as described in the file LICENSE."


Note: This linter can be disabled with `set_option linter.style.header false`
warning: RhAttack/P4Limit.lean:152:0: The module doc-string for a file should be the first command after the imports.
Please, add a module doc-string before `open scoped Topology`.

Note: This linter can be disabled with `set_option linter.style.header false`
warning: RhAttack/P4Limit.lean:1:0: * '/- P4Limit — P4 atoms L1..L5: the M→∞ passage of the second-order EM law,  the remainder bounds (OP1/OP2), and the stated zero-free bound B_n(t)':
Malformed or missing copyright header: `/-` should be alone on its own line.


Note: This linter can be disabled with `set_option linter.style.header false`
warning: RhAttack/P4Limit.lean:2:71: * '   for the missi':
Copyright line should start with 'Copyright (c) YYYY'


Note: This linter can be disabled with `set_option linter.style.header false`
warning: RhAttack/P4Limit.lean:3:7: * 'e missing tail W_n(t).':
Copyright line should end with '. All rights reserved.'


Note: This linter can be disabled with `set_option linter.style.header false`
warning: RhAttack/P4Limit.lean:3:31: * 'OUTLINE piece: P4 (the rigorous missing-tail law, outline §9 row P4), the
M→∞ passage (spec: kainos plan/40-prize-islands/rh-attack/spec/
p4-tail-law-abstract.md §T2–T4; operational decomposition:
plan/.../spec/p4limit-module-sketch.md, atoms L1–L5).

ROLE: turns the green finite law (RhAttack.P4Em2.em2_finite) into the
line-statement: for s = ½ + it, n ≥ 1, with
  W_n(s) := riemannZeta s - P_n s + I(n,s),  I(n,s) := n^{1-s}/(1-s),the identity (Riemann 1859, cited under the B-3 no-ζ-identity convention;
published form: DLMF 25.2.8 (ℜs > 0) / 25.2.9 n = 1 (ℜs > -2),cross-checked against the DLMF form to 3.5e-18, day-019):

  W_n(s) = -½·n^{-s} + (s/12)·n^{-s-1} - ½·∫_n^∞ B̂₂({x})·f″(x) dx

and therefore the stated output — a zero-free, explicit, computable
upper bound feeding the floor (P8):

  |W_n(t)| ≤ B_n(t) := ½·n^{-1/2} + (|s|/12)·n^{-3/2}
                   + (√3/216)·|s|·(|s|+1)·n^{-5/2}.

Built from:
  (1) RhAttack.P4Em2.em2_finite (global finite 2nd-order EM, green), (2) RhAttack.P4Tail.B2 (periodic B̂₂, green) and the pinned mathlib
      machinery of the research log (IntegrationByParts.lean,     IntervalIntegral/Periodic.lean, bernoulli polynomials,     zeta_eq_tsum_one_div_nat_cpow), (3) atoms L1–L5 of this file (draft in progress).

APPROACH / pinned APIs (Lean 4.33.1, mathlib f001ca3a4; see the P4Em2
header for the uIcc/Nat.cast_add/ContinuousOn.mono conventions):
  * `hasDerivAt_ofReal_cpow_const {x : ℝ} (hx : x ≠ 0) {r : ℂ}
    (hr : r ≠ 0) : HasDerivAt (fun y => (y : ℂ) ^ r) (r * x ^ (r - 1)) x`
    (Analysis/SpecialFunctions/Pow/Deriv.lean:288) — all cpow derivative
    facts (L1).
  * `hasDerivAt_ofReal_cpow_const' {x} (hx : x ≠ 0) {r : ℂ}
    (hr : r ≠ -1) : HasDerivAt (fun y => (y : ℂ) ^ (r + 1) / (r + 1))
    (x ^ r) x` (:248) — the antiderivative fact (L2) at r := -s, i.e.
    the s ≠ 1 hypothesis.
  * `HasDerivAt.const_mul (c : ℂ) (hd : HasDerivAt d d' x) :
    HasDerivAt (fun y => c * d y) (c * d') x` (Calculus/Deriv/Mul.lean:355).
  * `intervalIntegral.integral_eq_sub_of_hasDerivAt (hderiv :
    ∀ x ∈ uIcc a b, HasDerivAt f (f' x) x) (hint : IntervalIntegrable f'
    volume a b) : ∫ y in a..b, f' y = f b - f a`
    (IntervalIntegral/FundThmCalculus.lean:1148) — antiderivative
    evaluation (L2).
  * `DifferentiableOn.continuousOn` (Calculus/FDeriv/Basic.lean:664).

STATUS (2026-09-15, Lean 4.33.1): atoms L1, L2, L3, L4, L5.a-e GREEN.  L4 is the missing-tail law (IBP route: `p4_op2c_bound` + `p4_f2_tail_bound`); L5 is the composition root: `p4_Tn_Tendsto` (L5.a, the M-to-infinity limit of the tail partial sums), `p4_zeta_split` (L5.b), `p4_Tn_eq` (L5.c, the tsum passage to `p4_Tn_lim`), `p4_identity` (L5.d, the P4 line-statement for Re s > 1) and `p4_T4_bound` (L5.e, the bound on `p4_em_expr` at Re s = 1/2; the W_n-equality at Re s = 1/2 is cited, DLMF 25.2.8 / Apostol 12.21 - see section doc) and L5.f (`p4_one_minus_s_conj`, `p4_T4_ratio`) the T4 ratio corollary - the correction scale |1-s| = |s| on the critical line and the three-term ratio bound, pure division algebra from L5.e.  No sorry.
STATUS (2026-09-16, Lean 4.33.1): 25ae Stage 3A GREEN - periodic `B8` (def + measurability + `B8_of_Icc_int` + `abs_B8_le` via the pure-algebra `B8poly_bound_Icc`), the finite telescoping lemma `p4_25ae_telescope_pow` (own induction; no Ico-telescope in mathlib 4.33.1), and `p4_25ae_J_finite` (the finite-M identity for the EM tail integral: the 7-level per-period IBP ladder over period sums S3-S8, endpoint differences at n and M with the verbatim Stage-2 coefficient atoms, and the B8 period-sum residue S8).  Full package build: 17434 jobs, 0 errors, 0 sorry.
STATUS (2026-09-16, Lean 4.33.1): 25ae Stage 3B atoms 3B.1-3B.10 GREEN - `p4_25ae_J_iota` (M -> oo passage), `p4_25ae_int_Icc_rpow172`/`_Ioi_rpow172` (FTC-2), `p4_25ae_I8_bound` (|I8| <= n^(-15/2)/225), `p4_25ae_t3kernel_integrableOn_Ioi`, `p4_25ae_J_eq` (the EM tail equals the exact 4-term expression), and `p4_25ae_T3_bound` (the sharpened 4-term triangle bound with the CORRECTED exponents: n^(-7/2), n^(-11/2), n^(-15/2), n^(-15/2) - the anchor F1 script's n^(-9/2) second-term exponent was WRONG: on the critical line Re(-s-5) = -11/2).  The 25ae wall re-anchors to t ~= 1.217e8 at list scale; see DISCOVERY_LOG 25ae Stage 3B.
THEOREMS (L1): p4_f_hasDerivAt, p4_f1_hasDerivAt, p4_f2_hasDerivAt, p4_f1_at, p4_f2_at, p4_f1_on_Icc, p4_f2_on_Icc.
THEOREMS (L2): p4_integral_closed, p4_finite_em2.
THEOREMS (L3): p4_f2_abs_eq, p4_f2_continuousOn_Ioi, p4_f2_integrableOn_Ioi, p4_f2_integral_Ioi_eq, p4_kernel_integrableOn_Ioi, p4_kernel_tendsto, p4_f2_tendsto.
THEOREMS (L4): B3poly, B3poly_at_0, B3poly_at_1, B3poly_max_val, B3poly_min_val, abs_B3poly_le, p4_op2c_bound, p4_f2_tail_bound.

L4 TRANSFERABLE NOTES (the IBP/missing-tail route):
  * The missing-tail constant is NOT `sqrt(3)/108`.  Integrating by parts
    twice with the periodic `B3poly` gives
    `INT B2 x * x^(-s-2) = B3poly(x)*x^(-s-2)| + INT B3poly *
    ((s+1)(s+2) * x^(-s-3))` and `|B3poly| <= sqrt(3)/36` at
    `u=(3±sqrt 3)/6` (computed, never recalled).  The numeric refutation of
    `sqrt(3)/108` happened on day-019; the `sqrt(3)/270 * ||s+2||` form is
    what holds on a 15-point grid before formalization (P4 numeric rule).
  * `HasDerivAt.comp` in 4.33.1 takes the point `x` as an explicit first
    argument: `HasDerivAt.comp x (h2 : HasDerivAt h2 h2' (h x))
    (h : HasDerivAt h h' x) : HasDerivAt (h2 ∘ h) (h2' * h') x`.
  * `intervalIntegral.intervalIntegrable` (ContinuousOn form) takes NO
    explicit endpoint arguments in 4.33.1; the pointwise
    `continuousAt_rpow_const ... |>.continuousWithinAt` is the
    one-sided-continuity idiom, and `uIcc`'s lower bound is a `min`
    (bridge with `min_eq_left` before feeding it to `nlinarith`).
  * `tendsto_order : Tendsto f l (𝓝 a) ↔
    (∀ a' < a, ∀ᶠ b, a' < f b) ∧ (∀ a' > a, ∀ᶠ b, f b < a')` — the
    one-sided eventual-inequality idiom.  AND: the eventual upper bound
    passes to the limit directly via `le_of_tendsto (lim : Tendsto f x
    (𝓝 a)) (h : ∀ᶠ c, f c ≤ b) : a ≤ b` (ClosedIicTopology + x.NeBot
    instance) — this REPLACES the by_contra + `filter_upwards`-on-`False`
    dance (`filter_upwards` needs a pi-goal, not `False`).
  * `Filter.Eventually` is a Prop (`l.Eventually p = {x | p x} ∈ l`), so
    there is NO `.imp` dot-notation on a `∀ᶠ`; to compose eventuals,   `filter_upwards [h1, h2] with x h1 h2` and feed separate names.
  * For a real-constant times an interval integral, pull the constant out
    with `intervalIntegral.integral_const_mul`, not `integral_smul` (which
    is the `•` form — for ℂ-smul over ℂ, `c • z = c * z` is definitional).
  * `Complex.norm_cpow_eq_rpow_re_of_pos` needs STRICT `0 < x`, and must be
    applied BEFORE rewriting the exponent's real part; the endpoint forms
    `((k+1 : ℕ) : ℝ)` vs `(k : ℝ) + 1` are not definitionally equal —
    bridge with `Nat.cast_succ`.

L3 TRANSFERABLE NOTES (keep — drafted from the published Gamma example,Mathlib/Analysis/SpecialFunctions/Gamma/Basic.lean, `Complex.
GammaIntegral_convergent` / `tendsto_partialGamma`):
  * `IntegrableOn f s` = `Integrable f (volume.restrict s)` = the pair
    `⟨AEStronglyMeasurable, HasFiniteIntegral⟩` on that restricted measure;
    `constructor` splits it.  Set integrals `∫ x in s, f x` are
    definitionally `∫ x, f x ∂ (volume.restrict s)`, so univariate
    lemmas (`MeasureTheory.integral_smul`, `integral_Ioi_cpow_of_lt`)
    match set integrals directly.
  * `MeasureTheory.ae_of_all {p} (μ : F) (hp : ∀ a, p a) : ∀ᵐ a ∂μ, p a`
    — the MEASURE (outer measure) is the FIRST explicit argument; passing
    the `by`-block first sends it into the `μ : F` slot (goal becomes a
    bare meta, `introN` fails on `?m` — the symptom).
  * After `← hasFiniteIntegral_norm_iff`, mono' sees the NORM of the norm:
    `‖(‖f x‖ : ℝ)‖` — strip it with a one-line `have h1 := by simp`
    (verified by probe: `‖(‖z‖ : ℝ)‖ = ‖z‖` is a simp fact).
  * `ContinuousOn.aestronglyMeasurable (hf : ContinuousOn f s)
    (hs : MeasurableSet s) : AEStronglyMeasurable f (μ.restrict s)`;
    narrowing the set: `ContinuousOn.mono (hf : ContinuousOn f s0)
    (h : t ⊆ s0)`; `Ioi c ⊆ Ioi 0` via `Ioi_subset_Ioi_iff.mpr` (there is
    NO `Ioi_subset_Ioi_left` in 4.33.1).
  * `continuousOn_const` is argument-free in 4.33.1 (`fun_prop` lemma,   both s and c implicit) — spell the type in a `have`.
  * For ℂ-smul over ℂ, `c • z = c * z` is DEFINITIONAL (`rfl` closes it;
    verified by probe) — no `smul_def` needed; bare `smul_def` is a trap
    here: `open Finset` makes it resolve to `Finset.smul_def`.
  * Kernel B2-side aes: P4Tail's `fun_prop` aes +
    `Continuous.comp_aestronglyMeasurable (hg := Complex.continuous_ofReal)`
    + `AEStronglyMeasurable.mono_measure` (aes descends to smaller
    measures; `Measure.restrict_mono (Ioi c).subset_univ le_rfl` trans
    `le_of_eq Measure.restrict_univ`).
  * The `0` in `Set.Ioi 0` and lambda binders `fun (x : ℝ) => ...` must be
    explicitly typed — underdetermined `0`/`x` default to ℂ here.
  * `Complex.add_re` (NOT `re_add`), `Complex.neg_re`, `Complex.norm_def`,   `Complex.normSq_ofReal`, `Real.sqrt_sq_eq_abs` — the |B2| bridge chain.

L2 REMAINDER-TERM MATCHING (transferable technique, keep for L3–L5):
`em2_finite` lives in a `[RCLike 𝕜]` context, where its tail integrand
`B2 x * deriv (deriv f) x` elaborates the ℝ→𝕜 scalar through the
RCLike coercion `ofReal := Algebra.cast` (= `algebraMap ℝ 𝕜`). In a
concrete `ℂ` file the same printed term `B2 x * d` — or even the
explicit cast `(B2 x : ℂ) * d` — elaborates through the higher-priority
`Coe ℝ ℂ` (Data/Complex, `Complex.ofReal`). The two kernel terms print
identically (`↑(B2 x) * d`) but are NOT unification-equal, so
`rw [hRem]` silently fails with "did not find an occurrence". Fix:
spell the scalar explicitly as `algebraMap (R := ℝ) (A := ℂ) (B2 x)`
in both the congruence hypothesis (hIC) and the remainder equality
(hRem) — verified by a four-form probe (bare / Coe / Algebra.cast /
algebraMap): only the last two rewrite-match. `algebraMap x = (x : ℂ)`
itself closes by `rfl`, so this costs nothing mathematically. -/
':
If an authors line spans multiple lines, each line but the last must end with a trailing comma


Note: This linter can be disabled with `set_option linter.style.header false`
warning: RhAttack/P4Limit.lean:3:31: * 'OUTLINE p':
The authors line should begin with 'Authors: '


Note: This linter can be disabled with `set_option linter.style.header false`
warning: RhAttack/P4Limit.lean:11:42: * '  ':
Double spaces are not allowed.


Note: This linter can be disabled with `set_option linter.style.header false`
warning: RhAttack/P4Limit.lean:27:40: * ' and ':
Please, do not use 'and'; use ',' instead.


Note: This linter can be disabled with `set_option linter.style.header false`
warning: RhAttack/P4Limit.lean:147:45: * '':
Second copyright line should be "Released under Apache 2.0 license as described in the file LICENSE."


Note: This linter can be disabled with `set_option linter.style.header false`
warning: RhAttack/P4Limit.lean:152:0: The module doc-string for a file should be the first command after the imports.
Please, add a module doc-string before `noncomputable section`.

Note: This linter can be disabled with `set_option linter.style.header false`
warning: RhAttack/P4Limit.lean:1:0: * '/- P4Limit — P4 atoms L1..L5: the M→∞ passage of the second-order EM law,  the remainder bounds (OP1/OP2), and the stated zero-free bound B_n(t)':
Malformed or missing copyright header: `/-` should be alone on its own line.


Note: This linter can be disabled with `set_option linter.style.header false`
warning: RhAttack/P4Limit.lean:2:71: * '   for the missi':
Copyright line should start with 'Copyright (c) YYYY'


Note: This linter can be disabled with `set_option linter.style.header false`
warning: RhAttack/P4Limit.lean:3:7: * 'e missing tail W_n(t).':
Copyright line should end with '. All rights reserved.'


Note: This linter can be disabled with `set_option linter.style.header false`
warning: RhAttack/P4Limit.lean:3:31: * 'OUTLINE piece: P4 (the rigorous missing-tail law, outline §9 row P4), the
M→∞ passage (spec: kainos plan/40-prize-islands/rh-attack/spec/
p4-tail-law-abstract.md §T2–T4; operational decomposition:
plan/.../spec/p4limit-module-sketch.md, atoms L1–L5).

ROLE: turns the green finite law (RhAttack.P4Em2.em2_finite) into the
line-statement: for s = ½ + it, n ≥ 1, with
  W_n(s) := riemannZeta s - P_n s + I(n,s),  I(n,s) := n^{1-s}/(1-s),the identity (Riemann 1859, cited under the B-3 no-ζ-identity convention;
published form: DLMF 25.2.8 (ℜs > 0) / 25.2.9 n = 1 (ℜs > -2),cross-checked against the DLMF form to 3.5e-18, day-019):

  W_n(s) = -½·n^{-s} + (s/12)·n^{-s-1} - ½·∫_n^∞ B̂₂({x})·f″(x) dx

and therefore the stated output — a zero-free, explicit, computable
upper bound feeding the floor (P8):

  |W_n(t)| ≤ B_n(t) := ½·n^{-1/2} + (|s|/12)·n^{-3/2}
                   + (√3/216)·|s|·(|s|+1)·n^{-5/2}.

Built from:
  (1) RhAttack.P4Em2.em2_finite (global finite 2nd-order EM, green), (2) RhAttack.P4Tail.B2 (periodic B̂₂, green) and the pinned mathlib
      machinery of the research log (IntegrationByParts.lean,     IntervalIntegral/Periodic.lean, bernoulli polynomials,     zeta_eq_tsum_one_div_nat_cpow), (3) atoms L1–L5 of this file (draft in progress).

APPROACH / pinned APIs (Lean 4.33.1, mathlib f001ca3a4; see the P4Em2
header for the uIcc/Nat.cast_add/ContinuousOn.mono conventions):
  * `hasDerivAt_ofReal_cpow_const {x : ℝ} (hx : x ≠ 0) {r : ℂ}
    (hr : r ≠ 0) : HasDerivAt (fun y => (y : ℂ) ^ r) (r * x ^ (r - 1)) x`
    (Analysis/SpecialFunctions/Pow/Deriv.lean:288) — all cpow derivative
    facts (L1).
  * `hasDerivAt_ofReal_cpow_const' {x} (hx : x ≠ 0) {r : ℂ}
    (hr : r ≠ -1) : HasDerivAt (fun y => (y : ℂ) ^ (r + 1) / (r + 1))
    (x ^ r) x` (:248) — the antiderivative fact (L2) at r := -s, i.e.
    the s ≠ 1 hypothesis.
  * `HasDerivAt.const_mul (c : ℂ) (hd : HasDerivAt d d' x) :
    HasDerivAt (fun y => c * d y) (c * d') x` (Calculus/Deriv/Mul.lean:355).
  * `intervalIntegral.integral_eq_sub_of_hasDerivAt (hderiv :
    ∀ x ∈ uIcc a b, HasDerivAt f (f' x) x) (hint : IntervalIntegrable f'
    volume a b) : ∫ y in a..b, f' y = f b - f a`
    (IntervalIntegral/FundThmCalculus.lean:1148) — antiderivative
    evaluation (L2).
  * `DifferentiableOn.continuousOn` (Calculus/FDeriv/Basic.lean:664).

STATUS (2026-09-15, Lean 4.33.1): atoms L1, L2, L3, L4, L5.a-e GREEN.  L4 is the missing-tail law (IBP route: `p4_op2c_bound` + `p4_f2_tail_bound`); L5 is the composition root: `p4_Tn_Tendsto` (L5.a, the M-to-infinity limit of the tail partial sums), `p4_zeta_split` (L5.b), `p4_Tn_eq` (L5.c, the tsum passage to `p4_Tn_lim`), `p4_identity` (L5.d, the P4 line-statement for Re s > 1) and `p4_T4_bound` (L5.e, the bound on `p4_em_expr` at Re s = 1/2; the W_n-equality at Re s = 1/2 is cited, DLMF 25.2.8 / Apostol 12.21 - see section doc) and L5.f (`p4_one_minus_s_conj`, `p4_T4_ratio`) the T4 ratio corollary - the correction scale |1-s| = |s| on the critical line and the three-term ratio bound, pure division algebra from L5.e.  No sorry.
STATUS (2026-09-16, Lean 4.33.1): 25ae Stage 3A GREEN - periodic `B8` (def + measurability + `B8_of_Icc_int` + `abs_B8_le` via the pure-algebra `B8poly_bound_Icc`), the finite telescoping lemma `p4_25ae_telescope_pow` (own induction; no Ico-telescope in mathlib 4.33.1), and `p4_25ae_J_finite` (the finite-M identity for the EM tail integral: the 7-level per-period IBP ladder over period sums S3-S8, endpoint differences at n and M with the verbatim Stage-2 coefficient atoms, and the B8 period-sum residue S8).  Full package build: 17434 jobs, 0 errors, 0 sorry.
STATUS (2026-09-16, Lean 4.33.1): 25ae Stage 3B atoms 3B.1-3B.10 GREEN - `p4_25ae_J_iota` (M -> oo passage), `p4_25ae_int_Icc_rpow172`/`_Ioi_rpow172` (FTC-2), `p4_25ae_I8_bound` (|I8| <= n^(-15/2)/225), `p4_25ae_t3kernel_integrableOn_Ioi`, `p4_25ae_J_eq` (the EM tail equals the exact 4-term expression), and `p4_25ae_T3_bound` (the sharpened 4-term triangle bound with the CORRECTED exponents: n^(-7/2), n^(-11/2), n^(-15/2), n^(-15/2) - the anchor F1 script's n^(-9/2) second-term exponent was WRONG: on the critical line Re(-s-5) = -11/2).  The 25ae wall re-anchors to t ~= 1.217e8 at list scale; see DISCOVERY_LOG 25ae Stage 3B.
THEOREMS (L1): p4_f_hasDerivAt, p4_f1_hasDerivAt, p4_f2_hasDerivAt, p4_f1_at, p4_f2_at, p4_f1_on_Icc, p4_f2_on_Icc.
THEOREMS (L2): p4_integral_closed, p4_finite_em2.
THEOREMS (L3): p4_f2_abs_eq, p4_f2_continuousOn_Ioi, p4_f2_integrableOn_Ioi, p4_f2_integral_Ioi_eq, p4_kernel_integrableOn_Ioi, p4_kernel_tendsto, p4_f2_tendsto.
THEOREMS (L4): B3poly, B3poly_at_0, B3poly_at_1, B3poly_max_val, B3poly_min_val, abs_B3poly_le, p4_op2c_bound, p4_f2_tail_bound.

L4 TRANSFERABLE NOTES (the IBP/missing-tail route):
  * The missing-tail constant is NOT `sqrt(3)/108`.  Integrating by parts
    twice with the periodic `B3poly` gives
    `INT B2 x * x^(-s-2) = B3poly(x)*x^(-s-2)| + INT B3poly *
    ((s+1)(s+2) * x^(-s-3))` and `|B3poly| <= sqrt(3)/36` at
    `u=(3±sqrt 3)/6` (computed, never recalled).  The numeric refutation of
    `sqrt(3)/108` happened on day-019; the `sqrt(3)/270 * ||s+2||` form is
    what holds on a 15-point grid before formalization (P4 numeric rule).
  * `HasDerivAt.comp` in 4.33.1 takes the point `x` as an explicit first
    argument: `HasDerivAt.comp x (h2 : HasDerivAt h2 h2' (h x))
    (h : HasDerivAt h h' x) : HasDerivAt (h2 ∘ h) (h2' * h') x`.
  * `intervalIntegral.intervalIntegrable` (ContinuousOn form) takes NO
    explicit endpoint arguments in 4.33.1; the pointwise
    `continuousAt_rpow_const ... |>.continuousWithinAt` is the
    one-sided-continuity idiom, and `uIcc`'s lower bound is a `min`
    (bridge with `min_eq_left` before feeding it to `nlinarith`).
  * `tendsto_order : Tendsto f l (𝓝 a) ↔
    (∀ a' < a, ∀ᶠ b, a' < f b) ∧ (∀ a' > a, ∀ᶠ b, f b < a')` — the
    one-sided eventual-inequality idiom.  AND: the eventual upper bound
    passes to the limit directly via `le_of_tendsto (lim : Tendsto f x
    (𝓝 a)) (h : ∀ᶠ c, f c ≤ b) : a ≤ b` (ClosedIicTopology + x.NeBot
    instance) — this REPLACES the by_contra + `filter_upwards`-on-`False`
    dance (`filter_upwards` needs a pi-goal, not `False`).
  * `Filter.Eventually` is a Prop (`l.Eventually p = {x | p x} ∈ l`), so
    there is NO `.imp` dot-notation on a `∀ᶠ`; to compose eventuals,   `filter_upwards [h1, h2] with x h1 h2` and feed separate names.
  * For a real-constant times an interval integral, pull the constant out
    with `intervalIntegral.integral_const_mul`, not `integral_smul` (which
    is the `•` form — for ℂ-smul over ℂ, `c • z = c * z` is definitional).
  * `Complex.norm_cpow_eq_rpow_re_of_pos` needs STRICT `0 < x`, and must be
    applied BEFORE rewriting the exponent's real part; the endpoint forms
    `((k+1 : ℕ) : ℝ)` vs `(k : ℝ) + 1` are not definitionally equal —
    bridge with `Nat.cast_succ`.

L3 TRANSFERABLE NOTES (keep — drafted from the published Gamma example,Mathlib/Analysis/SpecialFunctions/Gamma/Basic.lean, `Complex.
GammaIntegral_convergent` / `tendsto_partialGamma`):
  * `IntegrableOn f s` = `Integrable f (volume.restrict s)` = the pair
    `⟨AEStronglyMeasurable, HasFiniteIntegral⟩` on that restricted measure;
    `constructor` splits it.  Set integrals `∫ x in s, f x` are
    definitionally `∫ x, f x ∂ (volume.restrict s)`, so univariate
    lemmas (`MeasureTheory.integral_smul`, `integral_Ioi_cpow_of_lt`)
    match set integrals directly.
  * `MeasureTheory.ae_of_all {p} (μ : F) (hp : ∀ a, p a) : ∀ᵐ a ∂μ, p a`
    — the MEASURE (outer measure) is the FIRST explicit argument; passing
    the `by`-block first sends it into the `μ : F` slot (goal becomes a
    bare meta, `introN` fails on `?m` — the symptom).
  * After `← hasFiniteIntegral_norm_iff`, mono' sees the NORM of the norm:
    `‖(‖f x‖ : ℝ)‖` — strip it with a one-line `have h1 := by simp`
    (verified by probe: `‖(‖z‖ : ℝ)‖ = ‖z‖` is a simp fact).
  * `ContinuousOn.aestronglyMeasurable (hf : ContinuousOn f s)
    (hs : MeasurableSet s) : AEStronglyMeasurable f (μ.restrict s)`;
    narrowing the set: `ContinuousOn.mono (hf : ContinuousOn f s0)
    (h : t ⊆ s0)`; `Ioi c ⊆ Ioi 0` via `Ioi_subset_Ioi_iff.mpr` (there is
    NO `Ioi_subset_Ioi_left` in 4.33.1).
  * `continuousOn_const` is argument-free in 4.33.1 (`fun_prop` lemma,   both s and c implicit) — spell the type in a `have`.
  * For ℂ-smul over ℂ, `c • z = c * z` is DEFINITIONAL (`rfl` closes it;
    verified by probe) — no `smul_def` needed; bare `smul_def` is a trap
    here: `open Finset` makes it resolve to `Finset.smul_def`.
  * Kernel B2-side aes: P4Tail's `fun_prop` aes +
    `Continuous.comp_aestronglyMeasurable (hg := Complex.continuous_ofReal)`
    + `AEStronglyMeasurable.mono_measure` (aes descends to smaller
    measures; `Measure.restrict_mono (Ioi c).subset_univ le_rfl` trans
    `le_of_eq Measure.restrict_univ`).
  * The `0` in `Set.Ioi 0` and lambda binders `fun (x : ℝ) => ...` must be
    explicitly typed — underdetermined `0`/`x` default to ℂ here.
  * `Complex.add_re` (NOT `re_add`), `Complex.neg_re`, `Complex.norm_def`,   `Complex.normSq_ofReal`, `Real.sqrt_sq_eq_abs` — the |B2| bridge chain.

L2 REMAINDER-TERM MATCHING (transferable technique, keep for L3–L5):
`em2_finite` lives in a `[RCLike 𝕜]` context, where its tail integrand
`B2 x * deriv (deriv f) x` elaborates the ℝ→𝕜 scalar through the
RCLike coercion `ofReal := Algebra.cast` (= `algebraMap ℝ 𝕜`). In a
concrete `ℂ` file the same printed term `B2 x * d` — or even the
explicit cast `(B2 x : ℂ) * d` — elaborates through the higher-priority
`Coe ℝ ℂ` (Data/Complex, `Complex.ofReal`). The two kernel terms print
identically (`↑(B2 x) * d`) but are NOT unification-equal, so
`rw [hRem]` silently fails with "did not find an occurrence". Fix:
spell the scalar explicitly as `algebraMap (R := ℝ) (A := ℂ) (B2 x)`
in both the congruence hypothesis (hIC) and the remainder equality
(hRem) — verified by a four-form probe (bare / Coe / Algebra.cast /
algebraMap): only the last two rewrite-match. `algebraMap x = (x : ℂ)`
itself closes by `rfl`, so this costs nothing mathematically. -/
':
If an authors line spans multiple lines, each line but the last must end with a trailing comma


Note: This linter can be disabled with `set_option linter.style.header false`
warning: RhAttack/P4Limit.lean:3:31: * 'OUTLINE p':
The authors line should begin with 'Authors: '


Note: This linter can be disabled with `set_option linter.style.header false`
warning: RhAttack/P4Limit.lean:11:42: * '  ':
Double spaces are not allowed.


Note: This linter can be disabled with `set_option linter.style.header false`
warning: RhAttack/P4Limit.lean:27:40: * ' and ':
Please, do not use 'and'; use ',' instead.


Note: This linter can be disabled with `set_option linter.style.header false`
warning: RhAttack/P4Limit.lean:147:45: * '':
Second copyright line should be "Released under Apache 2.0 license as described in the file LICENSE."


Note: This linter can be disabled with `set_option linter.style.header false`
warning: RhAttack/P4Limit.lean:152:0: The module doc-string for a file should be the first command after the imports.
Please, add a module doc-string before `/-!The P4 family, at a complex exponent `s` (the line case is
`s = 1/2 + t·i`, Re s = ½): `f(x) = x^{-s}` on x > 0, with the explicit
first/second derivatives. -/
`.

Note: This linter can be disabled with `set_option linter.style.header false`
warning: RhAttack/P4Limit.lean:179:34: Variable name `hs1` is not explicitly referenced.

Hint: The binding can be removed (if unused) or named `_` (if used implicitly). Alternatively, prefix the name with `_` to silence this warning:
  [apply] _hs1

Note: This linter can be disabled with `set_option linter.unusedVariables false`
warning: RhAttack/P4Limit.lean:196:34: Variable name `hs1` is not explicitly referenced.

Hint: The binding can be removed (if unused) or named `_` (if used implicitly). Alternatively, prefix the name with `_` to silence this warning:
  [apply] _hs1

Note: This linter can be disabled with `set_option linter.unusedVariables false`
warning: RhAttack/P4Limit.lean:196:48: Variable name `hs2` is not explicitly referenced.

Hint: The binding can be removed (if unused) or named `_` (if used implicitly). Alternatively, prefix the name with `_` to silence this warning:
  [apply] _hs2

Note: This linter can be disabled with `set_option linter.unusedVariables false`
warning: RhAttack/P4Limit.lean:241:66: Variable name `hnm` is not explicitly referenced.

Hint: The binding can be removed (if unused) or named `_` (if used implicitly). Alternatively, prefix the name with `_` to silence this warning:
  [apply] _hnm

Note: This linter can be disabled with `set_option linter.unusedVariables false`
warning: RhAttack/P4Limit.lean:251:5: Variable name `hnm` is not explicitly referenced.

Hint: The binding can be removed (if unused) or named `_` (if used implicitly). Alternatively, prefix the name with `_` to silence this warning:
  [apply] _hnm

Note: This linter can be disabled with `set_option linter.unusedVariables false`
warning: RhAttack/P4Limit.lean:352:100: This line exceeds the 100 character limit, please shorten it!

Note: This linter can be disabled with `set_option linter.style.longLine false`
warning: RhAttack/P4Limit.lean:418:2: 'theorem p4_f2_abs_eq {s : ℂ} {x : ℝ} (hx : 0 < x) : ‖p4_f2 s x‖ = ‖s * (s + 1)‖ * x ^ (-(s.re + 2)) :=
  by
  dsimp only [p4_f2]
  rw [norm_mul, Complex.norm_cpow_eq_rpow_re_of_pos hx _]
  rw [show (-s - 2 : ℂ).re = -(s.re + 2) from by
      rw [show (-s - 2 : ℂ) = -((s : ℂ) + 2) from by ring, Complex.neg_re, Complex.add_re,
        show (2 : ℂ).re = 2 from by
          norm_num]]' starts on column 2, but all commands should start at the beginning of the line.

Note: This linter can be disabled with `set_option linter.style.whitespace false`
warning: RhAttack/P4Limit.lean:434:100: This line exceeds the 100 character limit, please shorten it!

Note: This linter can be disabled with `set_option linter.style.longLine false`
warning: RhAttack/P4Limit.lean:428:2: 'theorem p4_f2_continuousOn_Ioi {s : ℂ} : ContinuousOn (p4_f2 s) (Set.Ioi (0 : ℝ)) :=
  by
  have hbase : ContinuousOn (fun (x : ℝ) => (x : ℂ) ^ (-s - 2)) (Set.Ioi (0 : ℝ)) :=
    by
    intro x hx
    exact (Complex.continuousAt_ofReal_cpow_const x (-s - 2) (Or.inr (ne_of_gt hx))).continuousWithinAt
  have hConst : ContinuousOn (fun _ => (s * (s + 1) : ℂ)) (Set.Ioi (0 : ℝ)) := continuousOn_const
  have hprod : ContinuousOn (fun (x : ℝ) => (s * (s + 1)) * (x : ℂ) ^ (-s - 2)) (Set.Ioi (0 : ℝ)) := hConst.mul hbase
  exact
    hprod.congr
      (fun x _ => by
        dsimp only [p4_f2])' starts on column 2, but all commands should start at the beginning of the line.

Note: This linter can be disabled with `set_option linter.style.whitespace false`
warning: RhAttack/P4Limit.lean:443:2: 'theorem p4_f2_integrableOn_Ioi {s : ℂ} (hsre : s.re > -1) {c : ℝ} (hc : 0 < c) : IntegrableOn (p4_f2 s) (Set.Ioi c) :=
  by
  have hRpow : Integrable (fun x : ℝ => x ^ (-(s.re + 2))) (volume.restrict (Set.Ioi c)) :=
    (integrableOn_Ioi_rpow_of_lt (by linarith) hc).integrable
  have hMajor : HasFiniteIntegral (fun x : ℝ => ‖s * (s + 1)‖ * x ^ (-(s.re + 2))) (volume.restrict (Set.Ioi c)) :=
    Integrable.hasFiniteIntegral (hRpow.const_mul (‖s * (s + 1)‖ : ℝ))
  constructor
  · refine ContinuousOn.aestronglyMeasurable ?_ measurableSet_Ioi
    exact (p4_f2_continuousOn_Ioi).mono (Ioi_subset_Ioi_iff.mpr hc.le)
  · rw [← hasFiniteIntegral_norm_iff]
    exact
      HasFiniteIntegral.mono' hMajor
        (by
          rw [ae_restrict_iff' measurableSet_Ioi]
          exact
            MeasureTheory.ae_of_all (μ := (volume : Measure ℝ))
              (fun x hx =>
                le_of_eq
                  (by
                    have h1 : ‖(‖p4_f2 s x‖ : ℝ)‖ = ‖p4_f2 s x‖ := by simp
                    rw [h1,
                      p4_f2_abs_eq
                        (hc.trans
                          hx)])))' starts on column 2, but all commands should start at the beginning of the line.

Note: This linter can be disabled with `set_option linter.style.whitespace false`
warning: RhAttack/P4Limit.lean:465:2: 'theorem p4_f2_integral_Ioi_eq {s : ℂ} (hsre : s.re > -1) {c : ℝ} (hc : 0 < c) :
    (∫ x : ℝ in Set.Ioi c, p4_f2 s x) = s * (c : ℂ) ^ (-s - 1) :=
  by
  have hs1 : (s + 1 : ℂ) ≠ 0 := by
    intro h
    have hre : (s + 1 : ℂ).re = 0 := by rw [h]; simp
    rw [Complex.add_re, Complex.one_re] at hre
    linarith [hsre, hre]
  have ha : (-s - 2 : ℂ).re < -1 :=
    by
    rw [show (-s - 2 : ℂ) = -((s : ℂ) + 2) from by ring, Complex.neg_re, Complex.add_re,
      show (2 : ℂ).re = 2 from by norm_num]
    linarith
  have hNeg : -s - 1 ≠ 0 := by
    intro h
    rw [show (-s - 1 : ℂ) = -((s : ℂ) + 1) from by ring, neg_eq_zero] at h
    exact hs1 h
  have hEqForm : (∫ x : ℝ in Set.Ioi c, p4_f2 s x) = (∫ x : ℝ in Set.Ioi c, (s * (s + 1)) • (x : ℂ) ^ (-s - 2)) :=
    by
    apply MeasureTheory.integral_congr_ae
    exact
      MeasureTheory.ae_of_all (μ := (volume.restrict (Set.Ioi c)))
        (fun x => by
          dsimp only [p4_f2]
          rfl)
  rw [hEqForm]
  have hPull :
    (∫ x : ℝ in Set.Ioi c, (s * (s + 1)) • (x : ℂ) ^ (-s - 2)) =
      (s * (s + 1)) • (∫ x : ℝ in Set.Ioi c, (x : ℂ) ^ (-s - 2)) :=
    by rw [MeasureTheory.integral_smul]
  rw [hPull, integral_Ioi_cpow_of_lt ha hc]
  rw [show (-s - 2 + 1 : ℂ) = -s - 1 from by ring]
  have hSm : (s * (s + 1)) • (-(c : ℂ) ^ (-s - 1) / (-s - 1)) = (s * (s + 1)) * (-(c : ℂ) ^ (-s - 1) / (-s - 1)) := rfl
  rw [hSm]
  have hFrac : (-(c : ℂ) ^ (-s - 1)) / (-s - 1) = (c : ℂ) ^ (-s - 1) / (s + 1) :=
    by
    rw [show (-s - 1 : ℂ) = -((s : ℂ) + 1) from by ring]
    field_simp [hNeg, hs1]
  rw [hFrac]
  field_simp [hs1]' starts on column 2, but all commands should start at the beginning of the line.

Note: This linter can be disabled with `set_option linter.style.whitespace false`
warning: RhAttack/P4Limit.lean:516:100: This line exceeds the 100 character limit, please shorten it!

Note: This linter can be disabled with `set_option linter.style.longLine false`
warning: RhAttack/P4Limit.lean:510:2: 'theorem p4_kernel_integrableOn_Ioi {s : ℂ} (hsre : s.re > -1) {c : ℝ} (hc : 0 < c) :
    IntegrableOn (fun x => (B2 x : ℂ) * p4_f2 s x) (Set.Ioi c) :=
  by
  have hB2aes : AEStronglyMeasurable (fun x => (B2 x : ℂ)) (volume.restrict (Set.Ioi c)) := by
    exact
      (AEStronglyMeasurable.mono_measure
        (Continuous.comp_aestronglyMeasurable (hg := Complex.continuous_ofReal)
          (aestronglyMeasurable_B2 : AEStronglyMeasurable B2))
        ((Measure.restrict_mono (Set.Ioi c).subset_univ le_rfl).trans (le_of_eq Measure.restrict_univ)))
  have hF2aes : AEStronglyMeasurable (p4_f2 s) (volume.restrict (Set.Ioi c)) :=
    ContinuousOn.aestronglyMeasurable ((p4_f2_continuousOn_Ioi).mono (Ioi_subset_Ioi_iff.mpr hc.le)) measurableSet_Ioi
  have hRpow : Integrable (fun x : ℝ => x ^ (-(s.re + 2))) (volume.restrict (Set.Ioi c)) :=
    (integrableOn_Ioi_rpow_of_lt (by linarith) hc).integrable
  have hMajor :
    HasFiniteIntegral (fun x : ℝ => (1 / 6) * (‖s * (s + 1)‖ * x ^ (-(s.re + 2)))) (volume.restrict (Set.Ioi c)) :=
    Integrable.hasFiniteIntegral ((hRpow.const_mul (‖s * (s + 1)‖ : ℝ)).const_mul ((1 / 6) : ℝ))
  constructor
  · exact hB2aes.mul hF2aes
  · rw [← hasFiniteIntegral_norm_iff]
    exact
      HasFiniteIntegral.mono' hMajor
        (by
          rw [ae_restrict_iff' measurableSet_Ioi]
          exact
            MeasureTheory.ae_of_all (μ := (volume : Measure ℝ))
              (fun x hx => by
                have hxpos : 0 < x := hc.trans hx
                have h1 : ‖(‖(B2 x : ℂ) * p4_f2 s x‖ : ℝ)‖ = ‖(B2 x : ℂ) * p4_f2 s x‖ := by simp
                rw [h1]
                calc
                  ‖(B2 x : ℂ) * p4_f2 s x‖
                  _ = ‖(B2 x : ℂ)‖ * ‖p4_f2 s x‖ := by rw [norm_mul]
                  _ ≤ (1 / 6) * ‖p4_f2 s x‖ := by
                    gcongr
                    calc
                      ‖(B2 x : ℂ)‖
                      _ = Real.sqrt (((B2 x : ℝ) ^ 2)) := by rw [Complex.norm_def, Complex.normSq_ofReal, ← pow_two]
                      _ = |B2 x| := by rw [Real.sqrt_sq_eq_abs]
                      _ ≤ 1 / 6 := abs_B2_le hxpos.le
                  _ ≤ (1 / 6) * (‖s * (s + 1)‖ * x ^ (-(s.re + 2))) :=
                    by
                    gcongr
                    exact
                      le_of_eq
                        (p4_f2_abs_eq
                          hxpos)))' starts on column 2, but all commands should start at the beginning of the line.

Note: This linter can be disabled with `set_option linter.style.whitespace false`
warning: RhAttack/P4Limit.lean:551:2: 'theorem p4_kernel_tendsto {s : ℂ} (hsre : s.re > -1) (n : ℕ) (hn : 0 < n) :
    Tendsto (fun M : ℝ => ∫ x in (n : ℝ)..M, (B2 x : ℂ) * p4_f2 s x) atTop
      (𝓝 (∫ x : ℝ in Set.Ioi (n : ℝ), (B2 x : ℂ) * p4_f2 s x)) :=
  intervalIntegral_tendsto_integral_Ioi (a := (n : ℝ)) (p4_kernel_integrableOn_Ioi hsre (Nat.cast_pos.mpr hn))
    tendsto_id' starts on column 2, but all commands should start at the beginning of the line.

Note: This linter can be disabled with `set_option linter.style.whitespace false`
warning: RhAttack/P4Limit.lean:560:2: 'theorem p4_f2_tendsto {s : ℂ} (hsre : s.re > -1) (n : ℕ) (hn : 0 < n) :
    Tendsto (fun M : ℝ => ∫ x in (n : ℝ)..M, p4_f2 s x) atTop (𝓝 (s * (n : ℂ) ^ (-s - 1))) :=
  by
  have hLim :=
    intervalIntegral_tendsto_integral_Ioi (a := (n : ℝ)) (p4_f2_integrableOn_Ioi hsre (Nat.cast_pos.mpr hn)) tendsto_id
  rw [p4_f2_integral_Ioi_eq hsre (Nat.cast_pos.mpr hn)] at hLim
  exact hLim' starts on column 2, but all commands should start at the beginning of the line.

Note: This linter can be disabled with `set_option linter.style.whitespace false`
warning: RhAttack/P4Limit.lean:580:2: 'def B3 (x : ℝ) : ℝ :=
  (x - ⌊x⌋₊) ^ 3 - (3 / 2) * (x - ⌊x⌋₊) ^ 2 +
    (1 / 2) * (x - ⌊x⌋₊)' starts on column 2, but all commands should start at the beginning of the line.

Note: This linter can be disabled with `set_option linter.style.whitespace false`
warning: RhAttack/P4Limit.lean:582:2: 'def B3poly (u : ℝ) : ℝ :=
  u ^ 3 - (3 / 2) * u ^ 2 + (1 / 2) * u' starts on column 2, but all commands should start at the beginning of the line.

Note: This linter can be disabled with `set_option linter.style.whitespace false`
warning: RhAttack/P4Limit.lean:586:2: '@[simp]
lemma B3poly_at_0 : B3poly 0 = 0 := by dsimp only [B3poly];
  norm_num' starts on column 2, but all commands should start at the beginning of the line.

Note: This linter can be disabled with `set_option linter.style.whitespace false`
warning: RhAttack/P4Limit.lean:589:2: '@[simp]
lemma B3poly_at_1 : B3poly 1 = 0 := by dsimp only [B3poly];
  norm_num' starts on column 2, but all commands should start at the beginning of the line.

Note: This linter can be disabled with `set_option linter.style.whitespace false`
warning: RhAttack/P4Limit.lean:614:100: This line exceeds the 100 character limit, please shorten it!

Note: This linter can be disabled with `set_option linter.style.longLine false`
warning: RhAttack/P4Limit.lean:594:2: 'lemma B3poly_hasDerivAt (u : ℝ) : HasDerivAt B3poly (3 * (u ^ 2 - u + 1 / 6)) u := by
  -- (a) the polynomial is differentiable at u (explicit-lambda form:
      --     `dsimp` does not delta-unfold a bare def in 4.33.1)
  
  have hd : DifferentiableAt ℝ (fun u : ℝ => u ^ 3 - (3 / 2) * u ^ 2 + (1 / 2) * u) u := by
    fun_prop
      -- (b) the derivative value, by linearity of deriv
      
  have hId : DifferentiableAt ℝ (fun u : ℝ => u) u := (hasDerivAt_id' u).differentiableAt
  have h1 : DifferentiableAt ℝ ((fun u : ℝ => u) ^ 3) u := by fun_prop
  have h2sq : DifferentiableAt ℝ ((fun u : ℝ => u) ^ 2) u := by fun_prop
  have h2 : DifferentiableAt ℝ (fun u : ℝ => (3 / 2) * u ^ 2) u := by fun_prop
  have h3 : DifferentiableAt ℝ (fun u : ℝ => (1 / 2) * u) u := by fun_prop
  have h12 : DifferentiableAt ℝ (((fun u : ℝ => u) ^ 3) - (fun u : ℝ => (3 / 2) * u ^ 2)) u :=
    DifferentiableAt.sub h1 h2
  have hIdDer : deriv (fun u : ℝ => u) u = 1 := by rw [deriv_id'']
  have h2dF : (fun u : ℝ => (3 / 2) * u ^ 2) = (fun y : ℝ => (3 / 2) * (((fun y : ℝ => y) ^ 2) y)) :=
    by
    funext y
    dsimp
  have h3dF : (fun u : ℝ => (1 / 2) * u) = (fun y : ℝ => (1 / 2) * ((fun y : ℝ => y) y)) :=
    by
    funext y
    dsimp
  have h2deriv : deriv (fun u : ℝ => (3 / 2) * u ^ 2) u = (3 / 2) * (2 * u) :=
    by
    rw [h2dF]
    rw [deriv_const_mul ((3 / 2 : ℝ)) h2sq, deriv_pow hId 2, hIdDer]
    ring
  have h3deriv : deriv (fun u : ℝ => (1 / 2) * u) u = 1 / 2 :=
    by
    rw [h3dF]
    rw [deriv_const_mul ((1 / 2 : ℝ)) hId, hIdDer]
    ring
  have hder :
    deriv ((((fun u : ℝ => u) ^ 3) - (fun u : ℝ => (3 / 2) * u ^ 2)) + (fun u : ℝ => (1 / 2) * u)) u =
      3 * (u ^ 2 - u + 1 / 6) :=
    by
    rw [deriv_add h12 h3, deriv_sub h1 h2, deriv_pow hId 3, h2deriv, h3deriv, hIdDer]
    ring
      -- (c) glue: HasDerivAt with the derivative value
      
  have hFin : HasDerivAt B3poly (deriv B3poly u) u := hd.hasDerivAt
  have hAddL :
    (fun u : ℝ => u ^ 3 - (3 / 2) * u ^ 2 + (1 / 2) * u) =
      (((fun u : ℝ => u) ^ 3) - (fun u : ℝ => (3 / 2) * u ^ 2)) + (fun u : ℝ => (1 / 2) * u) :=
    by
    funext x
    dsimp
  have hDerivB3 : deriv B3poly u = 3 * (u ^ 2 - u + 1 / 6) :=
    by
    rw [show deriv B3poly u = deriv (fun u : ℝ => u ^ 3 - (3 / 2) * u ^ 2 + (1 / 2) * u) u from rfl]
    rw [hAddL]
    exact hder
  rw [← hDerivB3]
  exact hFin' starts on column 2, but all commands should start at the beginning of the line.

Note: This linter can be disabled with `set_option linter.style.whitespace false`
warning: RhAttack/P4Limit.lean:649:2: 'lemma B3poly_max_val : B3poly ((3 - Real.sqrt 3) / 6) = Real.sqrt 3 / 36 :=
  by
  dsimp only [B3poly]
  have hw : (Real.sqrt 3) ^ 2 = 3 := Real.sq_sqrt (by norm_num)
  have hU2 : ((3 - Real.sqrt 3) / 6) ^ 2 = (2 - Real.sqrt 3) / 6 :=
    by
    field_simp [pow_two]
    nlinarith [hw]
  have hMid : ((3 - Real.sqrt 3) / 6) ^ 2 - (3 / 2) * ((3 - Real.sqrt 3) / 6) + 1 / 2 = (1 + Real.sqrt 3) / 12 :=
    by
    rw [hU2]
    field_simp
    nlinarith [hw]
  have hFac :
    ((3 - Real.sqrt 3) / 6) ^ 3 - (3 / 2) * ((3 - Real.sqrt 3) / 6) ^ 2 + (1 / 2) * ((3 - Real.sqrt 3) / 6) =
      ((3 - Real.sqrt 3) / 6) * ((((3 - Real.sqrt 3) / 6) ^ 2 - (3 / 2) * ((3 - Real.sqrt 3) / 6) + 1 / 2)) :=
    by ring
  rw [hFac, hMid]
  field_simp
  nlinarith [hw]' starts on column 2, but all commands should start at the beginning of the line.

Note: This linter can be disabled with `set_option linter.style.whitespace false`
warning: RhAttack/P4Limit.lean:669:2: 'lemma B3poly_min_val : B3poly ((3 + Real.sqrt 3) / 6) = -(Real.sqrt 3 / 36) :=
  by
  dsimp only [B3poly]
  have hw : (Real.sqrt 3) ^ 2 = 3 := Real.sq_sqrt (by norm_num)
  have hU2 : ((3 + Real.sqrt 3) / 6) ^ 2 = (2 + Real.sqrt 3) / 6 :=
    by
    field_simp [pow_two]
    nlinarith [hw]
  have hMid : ((3 + Real.sqrt 3) / 6) ^ 2 - (3 / 2) * ((3 + Real.sqrt 3) / 6) + 1 / 2 = (1 - Real.sqrt 3) / 12 :=
    by
    rw [hU2]
    field_simp
    nlinarith [hw]
  have hFac :
    ((3 + Real.sqrt 3) / 6) ^ 3 - (3 / 2) * ((3 + Real.sqrt 3) / 6) ^ 2 + (1 / 2) * ((3 + Real.sqrt 3) / 6) =
      ((3 + Real.sqrt 3) / 6) * ((((3 + Real.sqrt 3) / 6) ^ 2 - (3 / 2) * ((3 + Real.sqrt 3) / 6) + 1 / 2)) :=
    by ring
  rw [hFac, hMid]
  field_simp
  nlinarith [hw]' starts on column 2, but all commands should start at the beginning of the line.

Note: This linter can be disabled with `set_option linter.style.whitespace false`
warning: RhAttack/P4Limit.lean:744:6: `push_neg` has been deprecated. Prefer using `push Not` instead.
If you'd rather continue using `push_neg` in your project, you can implement it as follows:
```
open Lean.Parser.Tactic in
macro "push_neg" cfg:optConfig loc:(location)? : tactic =>
  `(tactic| push $cfg:optConfig Not $[$loc]?)
```
warning: RhAttack/P4Limit.lean:763:8: `push_neg` has been deprecated. Prefer using `push Not` instead.
If you'd rather continue using `push_neg` in your project, you can implement it as follows:
```
open Lean.Parser.Tactic in
macro "push_neg" cfg:optConfig loc:(location)? : tactic =>
  `(tactic| push $cfg:optConfig Not $[$loc]?)
```
warning: RhAttack/P4Limit.lean:693:2: 'theorem abs_B3poly_le (u : ℝ) (hu : u ∈ Set.Icc 0 1) : |B3poly u| ≤ Real.sqrt 3 / 36 :=
  by
  set w := Real.sqrt 3 with hw_def
  set u1 := (3 - w) / 6 with hu1_def
  set u2 := (3 + w) / 6 with hu2_def
  have hw : w ^ 2 = 3 := Real.sq_sqrt (by norm_num)
  have hwnn : 0 ≤ w := Real.sqrt_nonneg 3
  have h0u1 : 0 < u1 := by nlinarith [hw, hwnn]
  have hu1u2 : u1 < u2 := by nlinarith [hw, hwnn]
  have hu21 : u2 < 1 := by nlinarith [hw, hwnn]
  have h0u2 : 0 < u2 := by nlinarith [hw, hwnn]
  have hFact : ∀ t : ℝ, 3 * t ^ 2 - 3 * t + 1 / 2 = 3 * (t - u1) * (t - u2) :=
    by
    intro t
    have hsum : u1 + u2 = 1 := by nlinarith [hw, hwnn]
    have hprod : u1 * u2 = 1 / 6 := by nlinarith [hw, hwnn]
    have h1 : (t - u1) * (t - u2) = t ^ 2 - (u1 + u2) * t + u1 * u2 := by ring
    calc
      3 * t ^ 2 - 3 * t + 1 / 2
      _ = 3 * (t ^ 2 - t + 1 / 6) := by ring
      _ = 3 * (t ^ 2 - (u1 + u2) * t + u1 * u2) := by rw [hsum, hprod]; ring
      _ = 3 * ((t - u1) * (t - u2)) := by rw [← h1]
      _ = 3 * (t - u1) * (t - u2) := by
        ring
          -- deriv B3poly x = 3x² − 3x + 1/2 (from B3poly_hasDerivAt via HasDerivAt.deriv)
          
  have hDeriv : ∀ x : ℝ, deriv B3poly x = 3 * x ^ 2 - 3 * x + 1 / 2 :=
    by
    intro x
    rw [HasDerivAt.deriv (B3poly_hasDerivAt x)]
    ring
  have hCont (t : Set ℝ) : ContinuousOn B3poly t := by
    intro x _
    have hc : Continuous fun u : ℝ => u ^ 3 - (3 / 2) * u ^ 2 + (1 / 2) * u := by continuity
    exact hc.continuousWithinAt
  have hDiff (t : Set ℝ) : DifferentiableOn ℝ B3poly t := fun x _ =>
    (B3poly_hasDerivAt x).differentiableAt.differentiableWithinAt
  have hMax : B3poly u1 = Real.sqrt 3 / 36 := by simpa [hw_def] using B3poly_max_val
  have hMin : B3poly u2 = -(Real.sqrt 3 / 36) := by simpa [hw_def] using B3poly_min_val
  by_cases hL : u ≤ u1
  · -- u ∈ [0, u1]: B3poly nondecreasing (deriv ≥ 0 on (0, u1))
    
    have hmono : MonotoneOn B3poly (Set.Icc 0 u1) :=
      monotoneOn_of_deriv_nonneg (convex_Icc (0 : ℝ) u1) (hCont (Set.Icc 0 u1)) (hDiff (interior (Set.Icc 0 u1)))
        (fun x hx => by
          have hIo : x ∈ Set.Ioo 0 u1 := by simpa [interior_Icc] using hx
          rw [hDeriv x, hFact x]
          nlinarith [h0u1, hIo.1, hIo.2, hu1u2])
    have hA : B3poly 0 ≤ B3poly u := hmono ⟨le_rfl, h0u1.le⟩ ⟨hu.1, hL⟩ hu.1
    have hpos : 0 ≤ B3poly u := by simpa [B3poly_at_0] using hA
    have hB : B3poly u ≤ B3poly u1 := hmono ⟨hu.1, hL⟩ ⟨h0u1.le, le_rfl⟩ hL
    rw [abs_of_nonneg hpos]
    nlinarith [hB, hMax]
  · push_neg at hL
    by_cases hR : u ≥ u2
    · -- u ∈ [u2, 1]: B3poly nondecreasing (deriv ≥ 0 on (u2, 1))
      
      have hmono : MonotoneOn B3poly (Set.Icc u2 1) :=
        monotoneOn_of_deriv_nonneg (convex_Icc u2 1) (hCont (Set.Icc u2 1)) (hDiff (interior (Set.Icc u2 1)))
          (fun x hx => by
            have hIo : x ∈ Set.Ioo u2 1 := by simpa [interior_Icc] using hx
            rw [hDeriv x, hFact x]
            nlinarith [h0u1, hIo.1, hIo.2, hu1u2])
      have hA : B3poly u2 ≤ B3poly u := hmono ⟨le_rfl, hu21.le⟩ ⟨hR, hu.2⟩ hR
      have hneg : B3poly u ≤ 0 :=
        by
        have hB : B3poly u ≤ B3poly 1 := hmono ⟨hR, hu.2⟩ ⟨hu21.le, le_rfl⟩ hu.2
        simpa [B3poly_at_1] using hB
      rw [abs_of_nonpos hneg]
      nlinarith [hA, hMin]
    · -- u₁ < u < u₂: B3poly nonincreasing (deriv ≤ 0 on (u1, u2))
      
      push_neg at hR
      have hanti : AntitoneOn B3poly (Set.Icc u1 u2) :=
        antitoneOn_of_deriv_nonpos (convex_Icc u1 u2) (hCont (Set.Icc u1 u2)) (hDiff (interior (Set.Icc u1 u2)))
          (fun x hx => by
            have hIo : x ∈ Set.Ioo u1 u2 := by simpa [interior_Icc] using hx
            rw [hDeriv x, hFact x]
            nlinarith [hIo.1, hIo.2])
      have hA : B3poly u2 ≤ B3poly u := hanti ⟨le_of_lt hL, hR.le⟩ ⟨hu1u2.le, le_rfl⟩ hR.le
      have hB : B3poly u ≤ B3poly u1 := hanti ⟨le_rfl, hu1u2.le⟩ ⟨le_of_lt hL, hR.le⟩ (le_of_lt hL)
      rw [abs_le]
      constructor
      · nlinarith [hA, hMin]
      · nlinarith [hB, hMax]' starts on column 2, but all commands should start at the beginning of the line.

Note: This linter can be disabled with `set_option linter.style.whitespace false`
warning: RhAttack/P4Limit.lean:877:48: try 'simp' instead of 'simpa'

Note: This linter can be disabled with `set_option linter.unnecessarySimpa false`
warning: RhAttack/P4Limit.lean:798:100: This line exceeds the 100 character limit, please shorten it!

Note: This linter can be disabled with `set_option linter.style.longLine false`
warning: RhAttack/P4Limit.lean:844:100: This line exceeds the 100 character limit, please shorten it!

Note: This linter can be disabled with `set_option linter.style.longLine false`
warning: RhAttack/P4Limit.lean:861:100: This line exceeds the 100 character limit, please shorten it!

Note: This linter can be disabled with `set_option linter.style.longLine false`
warning: RhAttack/P4Limit.lean:966:100: This line exceeds the 100 character limit, please shorten it!

Note: This linter can be disabled with `set_option linter.style.longLine false`
warning: RhAttack/P4Limit.lean:973:100: This line exceeds the 100 character limit, please shorten it!

Note: This linter can be disabled with `set_option linter.style.longLine false`
warning: RhAttack/P4Limit.lean:1004:100: This line exceeds the 100 character limit, please shorten it!

Note: This linter can be disabled with `set_option linter.style.longLine false`
warning: RhAttack/P4Limit.lean:1102:100: This line exceeds the 100 character limit, please shorten it!

Note: This linter can be disabled with `set_option linter.style.longLine false`
warning: RhAttack/P4Limit.lean:1122:100: This line exceeds the 100 character limit, please shorten it!

Note: This linter can be disabled with `set_option linter.style.longLine false`
warning: RhAttack/P4Limit.lean:1129:100: This line exceeds the 100 character limit, please shorten it!

Note: This linter can be disabled with `set_option linter.style.longLine false`
warning: RhAttack/P4Limit.lean:1142:100: This line exceeds the 100 character limit, please shorten it!

Note: This linter can be disabled with `set_option linter.style.longLine false`
warning: RhAttack/P4Limit.lean:1162:100: This line exceeds the 100 character limit, please shorten it!

Note: This linter can be disabled with `set_option linter.style.longLine false`
warning: RhAttack/P4Limit.lean:1175:100: This line exceeds the 100 character limit, please shorten it!

Note: This linter can be disabled with `set_option linter.style.longLine false`
warning: RhAttack/P4Limit.lean:1177:100: This line exceeds the 100 character limit, please shorten it!

Note: This linter can be disabled with `set_option linter.style.longLine false`
warning: RhAttack/P4Limit.lean:1179:100: This line exceeds the 100 character limit, please shorten it!

Note: This linter can be disabled with `set_option linter.style.longLine false`
warning: RhAttack/P4Limit.lean:790:2: 'theorem p4_op2c_bound {s : ℂ} (hsre : s.re = 1 / 2) (n : ℕ) (hn : 0 < n) :
    ‖∫ x : ℝ in Set.Ioi (n : ℝ), (B2 x : ℂ) * (x : ℂ) ^ (-s - 2)‖ ≤
      Real.sqrt 3 / 270 * ‖s + 2‖ * (n : ℝ) ^ (-5 / 2 : ℝ) :=
  by
  have hnpos : 0 < (n : ℝ) := Nat.cast_pos.mpr hn
  set f : ℝ → ℂ := fun (x : ℝ) => (B2 x : ℂ) * (x : ℂ) ^ (-s - 2) with hf
  have hCpowCO : ContinuousOn (fun x : ℝ => (x : ℂ) ^ (-s - 2)) (Set.Ioi (n : ℝ)) :=
    by
    intro x hx
    exact (Complex.continuousAt_ofReal_cpow_const x (-s - 2) (Or.inr (ne_of_gt (hnpos.trans hx)))).continuousWithinAt
  have hB2aesIoi : AEStronglyMeasurable (fun x : ℝ => (B2 x : ℂ)) (volume.restrict (Set.Ioi (n : ℝ))) :=
    AEStronglyMeasurable.mono_measure
      (Continuous.comp_aestronglyMeasurable (hg := Complex.continuous_ofReal)
        (aestronglyMeasurable_B2 : AEStronglyMeasurable B2))
      ((Measure.restrict_mono (Set.Ioi (n : ℝ)).subset_univ le_rfl).trans (le_of_eq Measure.restrict_univ))
  have hCpowaes : AEStronglyMeasurable (fun x : ℝ => (x : ℂ) ^ (-s - 2)) (volume.restrict (Set.Ioi (n : ℝ))) :=
    ContinuousOn.aestronglyMeasurable hCpowCO measurableSet_Ioi
  have hRe : (-(s.re + 2) : ℝ) < -1 := by nlinarith [hsre]
  have hRpow : Integrable (fun x : ℝ => x ^ (-(s.re + 2))) (volume.restrict (Set.Ioi (n : ℝ))) :=
    (integrableOn_Ioi_rpow_of_lt (a := (-(s.re + 2) : ℝ)) hRe hnpos).integrable
  have hMajor : HasFiniteIntegral (fun x : ℝ => (1 / 6 : ℝ) * x ^ (-(s.re + 2))) (volume.restrict (Set.Ioi (n : ℝ))) :=
    Integrable.hasFiniteIntegral (hRpow.const_mul (1 / 6 : ℝ))
  have hInt : IntegrableOn f (Set.Ioi (n : ℝ)) :=
    by
    refine ⟨hB2aesIoi.mul hCpowaes, ?_⟩
    rw [← hasFiniteIntegral_norm_iff]
    exact
      HasFiniteIntegral.mono' hMajor
        (by
          rw [ae_restrict_iff' measurableSet_Ioi]
          exact
            MeasureTheory.ae_of_all (μ := (volume : Measure ℝ))
              (fun x hx => by
                have hxpos : 0 < x := hnpos.trans hx
                have h1 : ‖(‖f x‖ : ℝ)‖ = ‖f x‖ := by simp
                rw [h1]
                calc
                  ‖f x‖
                  _ = ‖(B2 x : ℂ)‖ * ‖(x : ℂ) ^ (-s - 2)‖ := by rw [hf, norm_mul]
                  _ = |B2 x| * ‖(x : ℂ) ^ (-s - 2)‖ :=
                    by
                    have hb2 : ‖(B2 x : ℂ)‖ = Real.sqrt ((B2 x : ℝ) ^ 2) := by
                      rw [Complex.norm_def, Complex.normSq_ofReal, ← pow_two]
                    rw [hb2, Real.sqrt_sq_eq_abs]
                  _ ≤ (1 / 6 : ℝ) * ‖(x : ℂ) ^ (-s - 2)‖ := by
                    gcongr
                    exact abs_B2_le (le_of_lt hxpos)
                  _ = (1 / 6 : ℝ) * (x : ℝ) ^ (-(s.re + 2)) :=
                    by
                    rw [Complex.norm_cpow_eq_rpow_re_of_pos hxpos]
                    rw [show (-(s : ℂ) - 2).re = -(s.re + 2) from by
                        rw [show (-(s : ℂ) - 2 : ℂ) = -((s : ℂ) + 2) from by ring, Complex.neg_re, Complex.add_re,
                          show (2 : ℂ).re = 2 from by norm_num]]))
          -- (1) continuity of the tail integrand on each unit period [k, k+1]
          
  have hCpow3CO : ContinuousOn (fun x : ℝ => (x : ℂ) ^ (-s - 3)) (Set.Ioi (n : ℝ)) :=
    by
    intro x hx
    exact (Complex.continuousAt_ofReal_cpow_const x (-s - 3) (Or.inr (ne_of_gt (hnpos.trans hx)))).continuousWithinAt
  have hPeriodCont (k : ℕ) (hk : n ≤ k) : ContinuousOn f (Set.Icc (k : ℝ) (k + 1 : ℝ)) :=
    by
    have hco2 : ContinuousOn (fun x : ℝ => (B2 x : ℂ)) (Set.Icc (k : ℝ) (k + 1 : ℝ)) :=
      by
      have hpoly :
        ContinuousOn (fun x : ℝ => (((x - (k : ℝ)) ^ 2 - (x - (k : ℝ)) + 1 / 6 : ℝ) : ℂ))
          (Set.Icc (k : ℝ) (k + 1 : ℝ)) :=
        by fun_prop
      exact
        ContinuousOn.congr hpoly
          (by
            intro x hx
            dsimp only
            rw [B2_of_Icc_int (n := (k : ℕ)) hx])
    exact
      hco2.mul
        (by
          intro x hx
          have hpos : 0 < x := by
            calc
              0 < (n : ℝ) := Nat.cast_pos.mpr hn
              _ ≤ (k : ℝ) := ((Nat.cast_le (α := ℝ)).mpr hk)
              _ ≤ x := hx.1
          exact (Complex.continuousAt_ofReal_cpow_const x (-s - 2) (Or.inr (ne_of_gt hpos))).continuousWithinAt)
          -- (2) derivatives for the per-period IBP
          
  have hGderiv (k : ℕ) (hk : n ≤ k) :
    ∀ x ∈ Set.uIcc (k : ℝ) (k + 1 : ℝ),
      HasDerivAt (fun x : ℝ => (x : ℂ) ^ (-s - 2)) ((-s - 2) * (x : ℂ) ^ (-s - 3)) x :=
    by
    intro x hx
    have hx0 : x ≠ 0 := by
      intro h
      have hxge : (n : ℝ) ≤ x :=
        (Nat.cast_le.mpr hk).trans
          (by simpa [show min (k : ℝ) (k + 1) = (k : ℝ) from min_eq_left (by nlinarith)] using hx.1)
      linarith [hn, hxge, h]
    have hsc : -s - 2 ≠ 0 := by
      intro h
      have hre0 : (-(s : ℂ) - 2).re = 0 := by simpa [h]
      rw [show (-(s : ℂ) - 2 : ℂ) = -((s : ℂ) + 2) from by ring, Complex.neg_re, Complex.add_re,
        show (2 : ℂ).re = 2 from by norm_num] at hre0
      linarith [hsre]
    have hexp : (-s - 2 : ℂ) - 1 = -s - 3 := by ring
    simpa [hexp] using hasDerivAt_ofReal_cpow_const hx0 hsc
  have hVderiv (k : ℕ) :
    ∀ x ∈ Set.uIcc (k : ℝ) (k + 1 : ℝ),
      HasDerivAt (fun x : ℝ => (B3poly (x - (k : ℝ)) / 3 : ℂ)) (((x - (k : ℝ)) ^ 2 - (x - (k : ℝ)) + 1 / 6 : ℂ)) x :=
    by
    intro x _
    have hU : HasDerivAt (fun t : ℝ => t - (k : ℝ)) 1 x :=
      by
      have hsub : HasDerivAt ((id : ℝ → ℝ) - (fun _ : ℝ => (k : ℝ))) (1 - 0) x := by
        simpa using (hasDerivAt_id x).sub (hasDerivAt_const x (k : ℝ))
      have hfun : (id : ℝ → ℝ) - (fun _ : ℝ => (k : ℝ)) = (fun t : ℝ => t - (k : ℝ)) :=
        by
        funext t
        dsimp
      simpa [hfun] using hsub
    have hW : HasDerivAt (fun t : ℝ => B3poly (t - (k : ℝ))) (3 * ((x - (k : ℝ)) ^ 2 - (x - (k : ℝ)) + 1 / 6)) x :=
      by
      have hW0 := HasDerivAt.comp x (B3poly_hasDerivAt (x - (k : ℝ))) hU
      have hfun : (B3poly ∘ (fun t : ℝ => t - (k : ℝ))) = (fun t : ℝ => B3poly (t - (k : ℝ))) :=
        by
        funext t
        dsimp
      have hder :
        3 * ((x - (k : ℝ)) ^ 2 - (x - (k : ℝ)) + 1 / 6) * 1 = 3 * ((x - (k : ℝ)) ^ 2 - (x - (k : ℝ)) + 1 / 6) := by ring
      simpa [hfun, hder] using hW0
    have hV2 : HasDerivAt (fun t : ℝ => (B3poly (t - (k : ℝ))) / 3) ((x - (k : ℝ)) ^ 2 - (x - (k : ℝ)) + 1 / 6) x := by
      simpa using hW.div_const 3
    simpa using HasDerivAt.ofReal_comp hV2
  have hIBP (k : ℕ) (hk : n ≤ k) :
    (∫ x in (k : ℝ)..(k + 1 : ℝ), f x) =
      (s + 2) / 3 * (∫ x in (k : ℝ)..(k + 1 : ℝ), (B3poly (x - (k : ℝ)) : ℂ) * (x : ℂ) ^ (-s - 3)) :=
    by
    set u : ℝ → ℂ := (fun (x : ℝ) => (x : ℂ) ^ (-s - 2)) with hu
    set v : ℝ → ℂ := (fun (x : ℝ) => (B3poly (x - (k : ℝ)) / 3 : ℂ)) with hv
    have hU : ∀ x ∈ Set.uIcc (k : ℝ) (k + 1 : ℝ), HasDerivAt u ((-s - 2) * (x : ℂ) ^ (-s - 3)) x := hGderiv k hk
    have hV : ∀ x ∈ Set.uIcc (k : ℝ) (k + 1 : ℝ), HasDerivAt v (((x - (k : ℝ)) ^ 2 - (x - (k : ℝ)) + 1 / 6 : ℂ)) x :=
      hVderiv k
    have hUint : IntervalIntegrable (fun x : ℝ => (-s - 2) * (x : ℂ) ^ (-s - 3)) volume (k : ℝ) (k + 1 : ℝ) :=
      by
      have hm : ContinuousOn (fun x : ℝ => (-s - 2) * (x : ℂ) ^ (-s - 3)) (Set.uIcc (k : ℝ) (k + 1 : ℝ)) :=
        continuousOn_const.mul
          (by
            intro x hx
            have hpos : 0 < x := by
              calc
                0 < (n : ℝ) := Nat.cast_pos.mpr hn
                _ ≤ (k : ℝ) := ((Nat.cast_le (α := ℝ)).mpr hk)
                _ ≤ x := by simpa [show min (k : ℝ) (k + 1) = (k : ℝ) from min_eq_left (by nlinarith)] using hx.1
            exact (Complex.continuousAt_ofReal_cpow_const x (-s - 3) (Or.inr (ne_of_gt hpos))).continuousWithinAt)
      exact hm.intervalIntegrable
    have hVint :
      IntervalIntegrable (fun x : ℝ => ((x - (k : ℝ)) ^ 2 - (x - (k : ℝ)) + 1 / 6 : ℂ)) volume (k : ℝ) (k + 1 : ℝ) :=
      by
      have hm :
        ContinuousOn (fun x : ℝ => ((x - (k : ℝ)) ^ 2 - (x - (k : ℝ)) + 1 / 6 : ℂ)) (Set.uIcc (k : ℝ) (k + 1 : ℝ)) := by
        fun_prop
      exact hm.intervalIntegrable
    have H :
      (∫ x in (k : ℝ)..(k + 1 : ℝ), u x * (((x - (k : ℝ)) ^ 2 - (x - (k : ℝ)) + 1 / 6 : ℂ))) =
        u (k + 1 : ℝ) * v (k + 1 : ℝ) - u (k : ℝ) * v (k : ℝ) -
          (∫ x in (k : ℝ)..(k + 1 : ℝ), ((-s - 2) * (x : ℂ) ^ (-s - 3)) * v x) :=
      (intervalIntegral.integral_mul_deriv_eq_deriv_mul (fun x hx => hU x hx) (fun x hx => hV x hx) hUint hVint : _ = _)
    calc
      (∫ x in (k : ℝ)..(k + 1 : ℝ), f x)
      _ = (∫ x in (k : ℝ)..(k + 1 : ℝ), u x * (((x - (k : ℝ)) ^ 2 - (x - (k : ℝ)) + 1 / 6 : ℂ))) :=
        by
        have hEq :
          EqOn (fun x : ℝ => (B2 x : ℂ) * (x : ℂ) ^ (-s - 2))
            (fun x : ℝ => u x * (((x - (k : ℝ)) ^ 2 - (x - (k : ℝ)) + 1 / 6 : ℂ))) (Set.Icc (k : ℝ) (k + 1 : ℝ)) :=
          by
          intro x hx
          dsimp only [f, u]
          rw [B2_of_Icc_int (n := (k : ℕ)) hx]
          rw [mul_comm]
          congr 1
          apply Complex.ext
          · simp [Complex.ofReal_re]
          · simp [Complex.ofReal_im]
        have hEqU :
          EqOn f (fun x : ℝ => u x * (((x - (k : ℝ)) ^ 2 - (x - (k : ℝ)) + 1 / 6 : ℂ)))
            (Set.uIcc (k : ℝ) (k + 1 : ℝ)) :=
          (hf.symm ▸ hEq).mono
            (by
              intro x hx
              simpa [show min (k : ℝ) (k + 1) = (k : ℝ) from min_eq_left (by nlinarith),
                show max (k : ℝ) (k + 1) = (k + 1 : ℝ) from max_eq_right (by nlinarith)] using hx)
        simpa using (intervalIntegral.integral_congr (μ := (MeasureTheory.volume : Measure ℝ)) hEqU)
      _ =
          u (k + 1 : ℝ) * v (k + 1 : ℝ) - u (k : ℝ) * v (k : ℝ) -
            (∫ x in (k : ℝ)..(k + 1 : ℝ), ((-s - 2) * (x : ℂ) ^ (-s - 3)) * v x) :=
        H
      _ = -(∫ x in (k : ℝ)..(k + 1 : ℝ), ((-s - 2) * (x : ℂ) ^ (-s - 3)) * v x) :=
        by
        have hvk1 : v (k + 1 : ℝ) = 0 := by
          dsimp only [v]
          rw [show ((k + 1 : ℝ) - (k : ℝ) : ℝ) = 1 by ring, B3poly_at_1]
          norm_num
        have hvk0 : v (k : ℝ) = 0 := by
          dsimp only [v]
          rw [show ((k : ℝ) - (k : ℝ) : ℝ) = 0 by ring, B3poly_at_0]
          norm_num
        rw [hvk1, hvk0]
        ring
      _ = ((s + 2) / 3 : ℂ) * (∫ x in (k : ℝ)..(k + 1 : ℝ), (B3poly (x - (k : ℝ)) : ℂ) * (x : ℂ) ^ (-s - 3)) :=
        by
        have hX :
          (∫ x in (k : ℝ)..(k + 1 : ℝ), ((-s - 2) * (x : ℂ) ^ (-s - 3)) * v x) =
            ((-(s + 2 : ℂ)) / 3) * (∫ x in (k : ℝ)..(k + 1 : ℝ), (B3poly (x - (k : ℝ)) : ℂ) * (x : ℂ) ^ (-s - 3)) :=
          by
          have hEq :
            EqOn (fun x : ℝ => ((-s - 2) * (x : ℂ) ^ (-s - 3)) * v x)
              (fun x : ℝ => (-(s + 2 : ℂ)) / 3 * ((B3poly (x - (k : ℝ)) : ℂ) * (x : ℂ) ^ (-s - 3)))
              (Set.uIcc (k : ℝ) (k + 1 : ℝ)) :=
            by
            intro x _
            dsimp only [v]
            ring
          exact
            (intervalIntegral.integral_congr (μ := (MeasureTheory.volume : Measure ℝ)) hEq).trans
              (by rw [intervalIntegral.integral_const_mul ((-(s + 2 : ℂ)) / 3)])
        rw [hX]
        ring
          -- (4) the per-period bound after the IBP
          
  have hper (k : ℕ) (hk : n ≤ k) :
    ‖∫ x in (k : ℝ)..(k + 1 : ℝ), (B3poly (x - (k : ℝ)) : ℂ) * (x : ℂ) ^ (-s - 3)‖ ≤
      (∫ x in (k : ℝ)..(k + 1 : ℝ), Real.sqrt 3 / 36 * (x ^ (-7 / 2 : ℝ))) :=
    by
    apply intervalIntegral.norm_integral_le_of_norm_le (g := fun x : ℝ => Real.sqrt 3 / 36 * (x ^ (-7 / 2 : ℝ)))
    · linarith
    ·
      exact
        MeasureTheory.ae_of_all (μ := (volume : Measure ℝ))
          (fun t htx =>
            by
            have htxpos : 0 < t := by
              calc
                0 < (n : ℝ) := Nat.cast_pos.mpr hn
                _ ≤ (k : ℝ) := ((Nat.cast_le (α := ℝ)).mpr hk)
                _ ≤ t := le_of_lt htx.1
            have hB3 : |B3poly (t - (k : ℝ))| ≤ Real.sqrt 3 / 36 :=
              abs_B3poly_le (t - (k : ℝ)) ⟨by linarith [htx.1], by nlinarith [htx.2]⟩
            calc
              ‖(B3poly (t - (k : ℝ)) : ℂ) * (t : ℂ) ^ (-s - 3)‖
              _ = ‖(B3poly (t - (k : ℝ)) : ℂ)‖ * ‖(t : ℂ) ^ (-s - 3)‖ := by rw [norm_mul]
              _ = |B3poly (t - (k : ℝ))| * ‖(t : ℂ) ^ (-s - 3)‖ :=
                by
                have hb3 : ‖(B3poly (t - (k : ℝ)) : ℂ)‖ = Real.sqrt ((B3poly (t - (k : ℝ)) : ℝ) ^ 2) := by
                  rw [Complex.norm_def, Complex.normSq_ofReal, ← pow_two]
                rw [hb3, Real.sqrt_sq_eq_abs]
              _ ≤ Real.sqrt 3 / 36 * ‖(t : ℂ) ^ (-s - 3)‖ := by gcongr
              _ = Real.sqrt 3 / 36 * (t : ℝ) ^ (-(s.re + 3)) :=
                by
                rw [Complex.norm_cpow_eq_rpow_re_of_pos htxpos ((-s : ℂ) - 3)]
                rw [show (-(s : ℂ) - 3).re = -(s.re + 3) from by
                    rw [show (-(s : ℂ) - 3 : ℂ) = -((s : ℂ) + 3) from by ring, Complex.neg_re, Complex.add_re,
                      show (3 : ℂ).re = 3 from by norm_num]]
              _ = Real.sqrt 3 / 36 * (t ^ (-7 / 2 : ℝ)) := by
                rw [show (-(s.re + 3) : ℝ) = (-7 / 2 : ℝ) from by
                    rw [hsre]
                    norm_num])
    · have hco : ContinuousOn (fun x : ℝ => x ^ (-7 / 2 : ℝ)) (Set.uIcc (k : ℝ) (k + 1 : ℝ)) :=
        by
        intro x hx
        exact
          (continuousAt_rpow_const x (-7 / 2)
              (Or.inl
                (ne_of_gt
                  (by
                    calc
                      0 < (n : ℝ) := Nat.cast_pos.mpr hn
                      _ ≤ (k : ℝ) := ((Nat.cast_le (α := ℝ)).mpr hk)
                      _ ≤ x := by
                        simpa [show min (k : ℝ) (k + 1) = (k : ℝ) from min_eq_left (by nlinarith)] using
                          hx.1)))).continuousWithinAt
      have hc : ContinuousOn (fun _ : ℝ => (Real.sqrt 3 / 36 : ℝ) : ℝ → ℝ) (Set.uIcc (k : ℝ) (k + 1 : ℝ)) :=
        continuousOn_const
      exact (hc.mul hco).intervalIntegrable
  have hSum (N : ℕ) (hN : n ≤ N) :
    (∫ x in (n : ℝ)..(N : ℝ), f x) = ∑ k ∈ Finset.Ico n N, ∫ x in (k : ℝ)..(k + 1 : ℝ), f x :=
    by
    rw [←
      sum_integral_adjacent_intervals_Ico (a := fun k : ℕ => (k : ℝ)) (by exact hN)
        (fun (k : ℕ) hk => by
          have hco0 := hPeriodCont k (Set.mem_Ico.mp hk |>.1)
          have hco : ContinuousOn f (Set.Icc (k : ℝ) ((k + 1 : ℕ) : ℝ)) :=
            hco0.mono
              (by
                intro x hx
                rw [show (k : ℝ) + 1 = ((k + 1 : ℕ) : ℝ) from (Nat.cast_succ k).symm]
                exact hx)
          exact hco.intervalIntegrable_of_Icc (by norm_num))]
    rw [Finset.sum_congr rfl (fun k hk => by rw [show ((k + 1 : ℕ) : ℝ) = (k : ℝ) + 1 from Nat.cast_succ k])]
  have hBoundN (N : ℕ) (hN : n ≤ N) :
    ‖∫ x in (n : ℝ)..(N : ℝ), f x‖ ≤ Real.sqrt 3 / 270 * ‖s + 2‖ * (n : ℝ) ^ (-5 / 2 : ℝ) :=
    by
    have hper2 (k : ℕ) (hk : n ≤ k) :
      ‖∫ x in (k : ℝ)..(k + 1 : ℝ), f x‖ ≤
        Real.sqrt 3 / 108 * ‖s + 2‖ * (∫ x in (k : ℝ)..(k + 1 : ℝ), x ^ (-7 / 2 : ℝ)) :=
      by
      calc
        ‖∫ x in (k : ℝ)..(k + 1 : ℝ), f x‖
        _ = ‖((s + 2) / 3 : ℂ) * (∫ x in (k : ℝ)..(k + 1 : ℝ), (B3poly (x - (k : ℝ)) : ℂ) * (x : ℂ) ^ (-s - 3))‖ := by
          rw [hIBP k hk]
        _ = ‖s + 2‖ / 3 * ‖∫ x in (k : ℝ)..(k + 1 : ℝ), (B3poly (x - (k : ℝ)) : ℂ) * (x : ℂ) ^ (-s - 3)‖ :=
          by
          rw [norm_mul]
          rw [show ‖((s + 2) / 3 : ℂ)‖ = ‖s + 2‖ / 3 from by
              rw [norm_div]
              norm_num]
        _ ≤ ‖s + 2‖ / 3 * (Real.sqrt 3 / 36 * (∫ x in (k : ℝ)..(k + 1 : ℝ), x ^ (-7 / 2 : ℝ))) :=
          by
          gcongr
          simpa using hper k hk
        _ = Real.sqrt 3 / 108 * ‖s + 2‖ * (∫ x in (k : ℝ)..(k + 1 : ℝ), x ^ (-7 / 2 : ℝ)) := by ring
    calc
      ‖∫ x in (n : ℝ)..(N : ℝ), f x‖
      _ = ‖∑ k ∈ Finset.Ico n N, ∫ x in (k : ℝ)..(k + 1 : ℝ), f x‖ := by rw [hSum N hN]
      _ ≤ ∑ k ∈ Finset.Ico n N, ‖∫ x in (k : ℝ)..(k + 1 : ℝ), f x‖ :=
        (norm_sum_le (Finset.Ico n N) (fun k : ℕ => ∫ x in (k : ℝ)..(k + 1 : ℝ), f x))
      _ ≤ ∑ k ∈ Finset.Ico n N, (Real.sqrt 3 / 108 * ‖s + 2‖ * (∫ x in (k : ℝ)..(k + 1 : ℝ), x ^ (-7 / 2 : ℝ))) :=
        by
        apply Finset.sum_le_sum
        intro k hk
        simpa using hper2 k (Finset.mem_Ico.mp hk |>.1)
      _ = (Real.sqrt 3 / 108 * ‖s + 2‖) * (∫ x in (n : ℝ)..(N : ℝ), x ^ (-7 / 2 : ℝ)) :=
        by
        rw [←
          Finset.mul_sum (Finset.Ico n N) (fun k : ℕ => ∫ x in (k : ℝ)..(k + 1 : ℝ), x ^ (-7 / 2 : ℝ))
            (Real.sqrt 3 / 108 * ‖s + 2‖)]
        rw [show
            ∫ x in (n : ℝ)..(N : ℝ), x ^ (-7 / 2 : ℝ) =
              ∑ k ∈ Finset.Ico n N, ∫ x in (k : ℝ)..(k + 1 : ℝ), x ^ (-7 / 2 : ℝ)
            from
            by
            have hS :
              (∫ x in (n : ℝ)..(N : ℝ), x ^ (-7 / 2 : ℝ)) =
                (∑ k ∈ Finset.Ico n N, ∫ x in (k : ℝ)..((k + 1 : ℕ) : ℝ), x ^ (-7 / 2 : ℝ)) :=
              (sum_integral_adjacent_intervals_Ico (a := fun k : ℕ => (k : ℝ)) hN
                  (fun k hk =>
                    by
                    have hco0 : ContinuousOn (fun x : ℝ => x ^ (-7 / 2 : ℝ)) (Set.Icc (k : ℝ) (k + 1 : ℝ)) :=
                      by
                      intro x hx
                      have hxpos : 0 < x := by
                        nlinarith [hx.1, (Nat.cast_le (α := ℝ)).mpr (Set.mem_Ico.mp hk |>.1),
                          (Nat.cast_pos (α := ℝ)).mpr hn]
                      exact (continuousAt_rpow_const x (-7 / 2) (Or.inl (ne_of_gt hxpos))).continuousWithinAt
                    have hco : ContinuousOn (fun x : ℝ => x ^ (-7 / 2 : ℝ)) (Set.Icc (k : ℝ) ((k + 1 : ℕ) : ℝ)) :=
                      hco0.mono
                        (by
                          intro x hx
                          rw [show (k : ℝ) + 1 = ((k + 1 : ℕ) : ℝ) from (Nat.cast_succ k).symm]
                          exact hx)
                    exact
                      hco.intervalIntegrable_of_Icc (μ := (MeasureTheory.volume : Measure ℝ))
                        (by
                          rw [Nat.cast_succ]
                          nlinarith))).symm
            rw [hS,
              Finset.sum_congr rfl (fun k hk => by rw [show ((k + 1 : ℕ) : ℝ) = (k : ℝ) + 1 from Nat.cast_succ k])]]
      _ ≤ (Real.sqrt 3 / 108 * ‖s + 2‖) * ((2 / 5) * (n : ℝ) ^ (-5 / 2 : ℝ)) :=
        by
        gcongr
          -- ∫_n^N x^{−7/2} = (2/5)·(n^{−5/2} − N^{−5/2}) ≤ (2/5)·n^{−5/2}
          
        have hFTC :
          (∫ x in (n : ℝ)..(N : ℝ), x ^ (-7 / 2 : ℝ)) =
            (-(2 / 5)) * ((N : ℝ) ^ (-5 / 2 : ℝ) - (n : ℝ) ^ (-5 / 2 : ℝ)) :=
          by
          have hDeriv :
            ∀ x ∈ Set.Ioo (n : ℝ) (N : ℝ),
              HasDerivAt (fun x : ℝ => (-(2 / 5)) * (x ^ (-5 / 2 : ℝ))) (x ^ (-7 / 2 : ℝ)) x :=
            by
            intro x hx
            have hxpos : 0 < x := by nlinarith [hx.1, (Nat.cast_pos (α := ℝ)).mpr hn]
            have hrp : HasDerivAt (fun x : ℝ => x ^ (-5 / 2 : ℝ)) (((-5 / 2) : ℝ) * (x ^ (((-5 / 2) : ℝ) - 1))) x :=
              hasDerivAt_rpow_const (Or.inl (ne_of_gt hxpos))
            have hm :
              HasDerivAt (fun x : ℝ => (-(2 / 5)) * (x ^ (-5 / 2 : ℝ)))
                (-(2 / 5) * (((-5 / 2) : ℝ) * (x ^ ((-5 / 2 : ℝ) - 1)))) x :=
              HasDerivAt.const_mul (c := (-(2 / 5) : ℝ)) hrp
            have hd : (-(2 / 5)) * (((-5 / 2) : ℝ) * (x ^ ((-5 / 2 : ℝ) - 1))) = x ^ (-7 / 2 : ℝ) :=
              by
              rw [show (((-5 / 2) : ℝ) - 1) = (-7 / 2 : ℝ) from by norm_num]
              ring
            simpa [hd] using hm
          have hCont : ContinuousOn (fun x : ℝ => (-(2 / 5)) * (x ^ (-5 / 2 : ℝ))) (Set.Icc (n : ℝ) (N : ℝ)) :=
            by
            have hR : ContinuousOn (fun x : ℝ => x ^ (-5 / 2 : ℝ)) (Set.Icc (n : ℝ) (N : ℝ)) :=
              by
              intro x hx
              have hxpos : 0 < x := by nlinarith [hx.1, (Nat.cast_pos (α := ℝ)).mpr hn]
              exact (continuousAt_rpow_const x (-5 / 2) (Or.inl (ne_of_gt hxpos))).continuousWithinAt
            have hc : ContinuousOn (fun _ : ℝ => (-(2 / 5) : ℝ) : ℝ → ℝ) (Set.Icc (n : ℝ) (N : ℝ)) := continuousOn_const
            exact hc.mul hR
          have hIntg : IntervalIntegrable (fun x : ℝ => x ^ (-7 / 2 : ℝ)) volume (n : ℝ) (N : ℝ) :=
            by
            have hco : ContinuousOn (fun x : ℝ => x ^ (-7 / 2 : ℝ)) (Set.uIcc (n : ℝ) (N : ℝ)) :=
              by
              intro x hx
              have hxpos : 0 < x := by
                calc
                  0 < (n : ℝ) := (Nat.cast_pos (α := ℝ)).mpr hn
                  _ = min (n : ℝ) (N : ℝ) := (min_eq_left ((Nat.cast_le (α := ℝ)).mpr hN)).symm
                  _ ≤ x := hx.1
              exact (continuousAt_rpow_const x (-7 / 2) (Or.inl (ne_of_gt hxpos))).continuousWithinAt
            exact hco.intervalIntegrable
          have hH := integral_eq_sub_of_hasDerivAt_of_le ((Nat.cast_le (α := ℝ)).mpr hN) hCont hDeriv hIntg
          simpa [show
                ((-(2 / 5) : ℝ)) * ((N : ℝ) ^ (-5 / 2 : ℝ) - (n : ℝ) ^ (-5 / 2 : ℝ)) =
                  (-(2 / 5) : ℝ) * (N : ℝ) ^ (-5 / 2 : ℝ) + (2 / 5) * (n : ℝ) ^ (-5 / 2 : ℝ)
                from by ring] using
            hH
        rw [hFTC]
        nlinarith [show 0 ≤ (N : ℝ) ^ (-5 / 2 : ℝ) from
            by
            apply Real.rpow_nonneg
            norm_num]
      _ = Real.sqrt 3 / 270 * ‖s + 2‖ * (n : ℝ) ^ (-5 / 2 : ℝ) := by
        ring
          -- (6) the M→∞ passage (L3 pattern) + the bounded-limit argument
          
  set L := (∫ x, f x ∂volume.restrict (Set.Ioi (n : ℝ))) with hLdef
  have hSeq : Tendsto (fun N : ℕ => ∫ x in (n : ℝ)..(N : ℝ), f x) atTop (𝓝 L) :=
    by
    have hSeqR : Tendsto (fun M : ℝ => ∫ x in (n : ℝ)..M, f x) atTop (𝓝 L) :=
      intervalIntegral_tendsto_integral_Ioi (a := (n : ℝ)) hInt tendsto_id
    exact hSeqR.comp (tendsto_natCast_atTop_atTop (R := ℝ))
  have hNorm : Tendsto (fun N : ℕ => ‖∫ x in (n : ℝ)..(N : ℝ), f x‖) atTop (𝓝 ‖L‖) :=
    by
    have hcn : Continuous (fun z : ℂ => ‖z‖) := by continuity
    exact (hcn.tendsto L).comp hSeq
  set C := Real.sqrt 3 / 270 * ‖s + 2‖ * (n : ℝ) ^ (-5 / 2 : ℝ) with hCdef
  have hBoundSeq : ∀ᶠ (N : ℕ) in atTop, ‖∫ x in (n : ℝ)..(N : ℝ), f x‖ ≤ C :=
    by
    filter_upwards [eventually_ge_atTop n] with N hN
    exact hBoundN N hN
  have hLbound : ‖L‖ ≤ C := le_of_tendsto hNorm hBoundSeq
  simpa [f] using hLbound' starts on column 2, but all commands should start at the beginning of the line.

Note: This linter can be disabled with `set_option linter.style.whitespace false`
warning: RhAttack/P4Limit.lean:1209:2: 'theorem p4_f2_tail_bound {s : ℂ} (hsre : s.re = 1 / 2) (n : ℕ) (hn : 0 < n) :
    ‖∫ x : ℝ in Set.Ioi (n : ℝ), (B2 x : ℂ) * p4_f2 s x‖ ≤
      Real.sqrt 3 / 270 * ‖s * (s + 1)‖ * ‖s + 2‖ * (n : ℝ) ^ (-5 / 2 : ℝ) :=
  by
  set f : ℝ → ℂ := fun (x : ℝ) => (B2 x : ℂ) * (x : ℂ) ^ (-s - 2) with hf
  dsimp only [p4_f2]
  have hFactor :
    (∫ x : ℝ in Set.Ioi (n : ℝ), (B2 x : ℂ) * (s * (s + 1) * (x : ℂ) ^ (-s - 2))) =
      (s * (s + 1)) • (∫ x : ℝ in Set.Ioi (n : ℝ), f x) :=
    by
    have hM :
      Integrable (fun x : ℝ => (B2 x : ℂ) * (s * (s + 1) * (x : ℂ) ^ (-s - 2))) (volume.restrict (Set.Ioi (n : ℝ))) :=
      (p4_kernel_integrableOn_Ioi (by nlinarith [hsre]) (Nat.cast_pos.mpr hn)).integrable.congr
        (MeasureTheory.ae_of_all (μ := (volume.restrict (Set.Ioi (n : ℝ)))) (fun x => by dsimp only [p4_f2]))
    rw [show
        (∫ x : ℝ in Set.Ioi (n : ℝ), (B2 x : ℂ) * (s * (s + 1) * (x : ℂ) ^ (-s - 2))) =
          (∫ x : ℝ in Set.Ioi (n : ℝ), (s * (s + 1)) • f x)
        from by
        refine (MeasureTheory.integral_congr_ae ?_)
        exact
          MeasureTheory.ae_of_all (μ := (volume.restrict (Set.Ioi (n : ℝ))))
            (fun x => by
              dsimp only [f]
              rw [show
                  (s * (s + 1) : ℂ) • ((B2 x : ℂ) * (x : ℂ) ^ (-s - 2)) =
                    (s * (s + 1)) * ((B2 x : ℂ) * (x : ℂ) ^ (-s - 2))
                  from rfl]
              ring)]
    rw [MeasureTheory.integral_smul]
  rw [hFactor]
  rw [show ‖(s * (s + 1)) • (∫ x : ℝ in Set.Ioi (n : ℝ), f x)‖ = ‖(s * (s + 1)) * (∫ x : ℝ in Set.Ioi (n : ℝ), f x)‖
      from rfl]
  rw [norm_mul]
  have hRHS :
    Real.sqrt 3 / 270 * ‖s * (s + 1)‖ * ‖s + 2‖ * (n : ℝ) ^ (-5 / 2 : ℝ) =
      ‖s * (s + 1)‖ * (Real.sqrt 3 / 270 * ‖s + 2‖ * (n : ℝ) ^ (-5 / 2 : ℝ)) :=
    by ring
  rw [hRHS]
  apply mul_le_mul_of_nonneg_left
  · simpa [f] using (p4_op2c_bound hsre n hn)
  · exact norm_nonneg (s * (s + 1))' starts on column 2, but all commands should start at the beginning of the line.

Note: This linter can be disabled with `set_option linter.style.whitespace false`
warning: RhAttack/P4Limit.lean:1245:100: This line exceeds the 100 character limit, please shorten it!

Note: This linter can be disabled with `set_option linter.style.longLine false`
warning: RhAttack/P4Limit.lean:1327:36: try 'simp' instead of 'simpa'

Note: This linter can be disabled with `set_option linter.unnecessarySimpa false`
warning: RhAttack/P4Limit.lean:1331:36: try 'simp' instead of 'simpa'

Note: This linter can be disabled with `set_option linter.unnecessarySimpa false`
warning: RhAttack/P4Limit.lean:1335:37: try 'simp' instead of 'simpa'

Note: This linter can be disabled with `set_option linter.unnecessarySimpa false`
warning: RhAttack/P4Limit.lean:1339:37: try 'simp' instead of 'simpa'

Note: This linter can be disabled with `set_option linter.unnecessarySimpa false`
warning: RhAttack/P4Limit.lean:1384:100: This line exceeds the 100 character limit, please shorten it!

Note: This linter can be disabled with `set_option linter.style.longLine false`
warning: RhAttack/P4Limit.lean:1440:100: This line exceeds the 100 character limit, please shorten it!

Note: This linter can be disabled with `set_option linter.style.longLine false`
warning: RhAttack/P4Limit.lean:1470:100: This line exceeds the 100 character limit, please shorten it!

Note: This linter can be disabled with `set_option linter.style.longLine false`
warning: RhAttack/P4Limit.lean:1474:100: This line exceeds the 100 character limit, please shorten it!

Note: This linter can be disabled with `set_option linter.style.longLine false`
warning: RhAttack/P4Limit.lean:1480:100: This line exceeds the 100 character limit, please shorten it!

Note: This linter can be disabled with `set_option linter.style.longLine false`
warning: RhAttack/P4Limit.lean:1515:2: 'def B4poly (u : ℝ) : ℝ :=
  u ^ 4 - 2 * u ^ 3 + u ^ 2 - 1 / 30' starts on column 2, but all commands should start at the beginning of the line.

Note: This linter can be disabled with `set_option linter.style.whitespace false`
warning: RhAttack/P4Limit.lean:1517:2: 'def B5poly (u : ℝ) : ℝ :=
  u ^ 5 - (5 / 2) * u ^ 4 + (5 / 3) * u ^ 3 -
    (1 / 6) * u' starts on column 2, but all commands should start at the beginning of the line.

Note: This linter can be disabled with `set_option linter.style.whitespace false`
warning: RhAttack/P4Limit.lean:1519:2: 'def B6poly (u : ℝ) : ℝ :=
  u ^ 6 - 3 * u ^ 5 + (5 / 2) * u ^ 4 - (1 / 2) * u ^ 2 +
    1 / 42' starts on column 2, but all commands should start at the beginning of the line.

Note: This linter can be disabled with `set_option linter.style.whitespace false`
warning: RhAttack/P4Limit.lean:1521:101: This line exceeds the 100 character limit, please shorten it!

Note: This linter can be disabled with `set_option linter.style.longLine false`
warning: RhAttack/P4Limit.lean:1521:2: 'def B7poly (u : ℝ) : ℝ :=
  u ^ 7 - (7 / 2) * u ^ 6 + (7 / 2) * u ^ 5 - (7 / 6) * u ^ 3 +
    (1 / 6) * u' starts on column 2, but all commands should start at the beginning of the line.

Note: This linter can be disabled with `set_option linter.style.whitespace false`
warning: RhAttack/P4Limit.lean:1523:2: 'def B8poly (u : ℝ) : ℝ :=
  u ^ 8 - 4 * u ^ 7 + (14 / 3) * u ^ 6 - (7 / 3) * u ^ 4 + (2 / 3) * u ^ 2 -
    1 / 30' starts on column 2, but all commands should start at the beginning of the line.

Note: This linter can be disabled with `set_option linter.style.whitespace false`
warning: RhAttack/P4Limit.lean:1530:2: '@[simp]
lemma B4poly_at_0 : B4poly 0 = -1 / 30 := by dsimp only [B4poly];
  norm_num' starts on column 2, but all commands should start at the beginning of the line.

Note: This linter can be disabled with `set_option linter.style.whitespace false`
warning: RhAttack/P4Limit.lean:1531:2: '@[simp]
lemma B4poly_at_1 : B4poly 1 = -1 / 30 := by dsimp only [B4poly];
  norm_num' starts on column 2, but all commands should start at the beginning of the line.

Note: This linter can be disabled with `set_option linter.style.whitespace false`
warning: RhAttack/P4Limit.lean:1532:2: '@[simp]
lemma B5poly_at_0 : B5poly 0 = 0 := by dsimp only [B5poly];
  norm_num' starts on column 2, but all commands should start at the beginning of the line.

Note: This linter can be disabled with `set_option linter.style.whitespace false`
warning: RhAttack/P4Limit.lean:1533:2: '@[simp]
lemma B5poly_at_1 : B5poly 1 = 0 := by dsimp only [B5poly];
  norm_num' starts on column 2, but all commands should start at the beginning of the line.

Note: This linter can be disabled with `set_option linter.style.whitespace false`
warning: RhAttack/P4Limit.lean:1534:2: '@[simp]
lemma B6poly_at_0 : B6poly 0 = 1 / 42 := by dsimp only [B6poly];
  norm_num' starts on column 2, but all commands should start at the beginning of the line.

Note: This linter can be disabled with `set_option linter.style.whitespace false`
warning: RhAttack/P4Limit.lean:1535:2: '@[simp]
lemma B6poly_at_1 : B6poly 1 = 1 / 42 := by dsimp only [B6poly];
  norm_num' starts on column 2, but all commands should start at the beginning of the line.

Note: This linter can be disabled with `set_option linter.style.whitespace false`
warning: RhAttack/P4Limit.lean:1536:2: '@[simp]
lemma B7poly_at_0 : B7poly 0 = 0 := by dsimp only [B7poly];
  norm_num' starts on column 2, but all commands should start at the beginning of the line.

Note: This linter can be disabled with `set_option linter.style.whitespace false`
warning: RhAttack/P4Limit.lean:1537:2: '@[simp]
lemma B7poly_at_1 : B7poly 1 = 0 := by dsimp only [B7poly];
  norm_num' starts on column 2, but all commands should start at the beginning of the line.

Note: This linter can be disabled with `set_option linter.style.whitespace false`
warning: RhAttack/P4Limit.lean:1538:2: '@[simp]
lemma B8poly_at_0 : B8poly 0 = -1 / 30 := by dsimp only [B8poly];
  norm_num' starts on column 2, but all commands should start at the beginning of the line.

Note: This linter can be disabled with `set_option linter.style.whitespace false`
warning: RhAttack/P4Limit.lean:1539:2: '@[simp]
lemma B8poly_at_1 : B8poly 1 = -1 / 30 := by dsimp only [B8poly];
  norm_num' starts on column 2, but all commands should start at the beginning of the line.

Note: This linter can be disabled with `set_option linter.style.whitespace false`
warning: RhAttack/P4Limit.lean:1543:102: This line exceeds the 100 character limit, please shorten it!

Note: This linter can be disabled with `set_option linter.style.longLine false`
warning: RhAttack/P4Limit.lean:1545:100: This line exceeds the 100 character limit, please shorten it!

Note: This linter can be disabled with `set_option linter.style.longLine false`
warning: RhAttack/P4Limit.lean:1548:100: This line exceeds the 100 character limit, please shorten it!

Note: This linter can be disabled with `set_option linter.style.longLine false`
warning: RhAttack/P4Limit.lean:1543:2: 'theorem B4poly_hasDerivAt (u : ℝ) : HasDerivAt B4poly (4 * u ^ 3 - 2 * (3 * u ^ 2) + 2 * u - 0) u :=
  by
  have h1 : HasDerivAt (fun t : ℝ => t ^ 4) (4 * u ^ 3) u := hasDerivAt_pow 4 u
  have h2 : HasDerivAt (fun t : ℝ => 2 * t ^ 3) (2 * (3 * u ^ 2)) u := (hasDerivAt_pow 3 u).const_mul 2
  have h3 : HasDerivAt (fun t : ℝ => t ^ 2) (2 * u) u := by simpa using hasDerivAt_pow 2 u
  have h4 : HasDerivAt (fun _ : ℝ => (1 / 30 : ℝ)) 0 u := hasDerivAt_const (x := u) (c := (1 / 30 : ℝ))
  refine ((h1.sub h2).add h3).sub h4' starts on column 2, but all commands should start at the beginning of the line.

Note: This linter can be disabled with `set_option linter.style.whitespace false`
warning: RhAttack/P4Limit.lean:1551:2: '@[simp]
lemma B4poly_deriv_val (u : ℝ) : 4 * u ^ 3 - 2 * (3 * u ^ 2) + 2 * u - 0 = 4 * B3poly u :=
  by
  dsimp only [B3poly]
  ring' starts on column 2, but all commands should start at the beginning of the line.

Note: This linter can be disabled with `set_option linter.style.whitespace false`
warning: RhAttack/P4Limit.lean:1557:100: This line exceeds the 100 character limit, please shorten it!

Note: This linter can be disabled with `set_option linter.style.longLine false`
warning: RhAttack/P4Limit.lean:1556:2: 'theorem B5poly_hasDerivAt (u : ℝ) : HasDerivAt B5poly (5 * B4poly u) u :=
  by
  have hT : 5 * B4poly u = 5 * u ^ 4 - (5 / 2 : ℝ) * (4 * u ^ 3) + (5 / 3 : ℝ) * (3 * u ^ 2) - 1 / 6 :=
    by
    dsimp only [B4poly]
    ring
  rw [hT]
  have h1 : HasDerivAt (fun t : ℝ => t ^ 5) (5 * u ^ 4) u := hasDerivAt_pow 5 u
  have h2 : HasDerivAt (fun t : ℝ => (5 / 2 : ℝ) * t ^ 4) ((5 / 2 : ℝ) * (4 * u ^ 3)) u :=
    (hasDerivAt_pow 4 u).const_mul (5 / 2)
  have h3 : HasDerivAt (fun t : ℝ => (5 / 3 : ℝ) * t ^ 3) ((5 / 3 : ℝ) * (3 * u ^ 2)) u :=
    (hasDerivAt_pow 3 u).const_mul (5 / 3)
  have h4 : HasDerivAt (fun t : ℝ => (1 / 6 : ℝ) * t) (1 / 6 : ℝ) u := hasDerivAt_const_mul ((1 / 6 : ℝ)) (x := u)
  refine ((h1.sub h2).add h3).sub h4' starts on column 2, but all commands should start at the beginning of the line.

Note: This linter can be disabled with `set_option linter.style.whitespace false`
warning: RhAttack/P4Limit.lean:1570:2: '@[simp]
lemma B5poly_deriv_val (u : ℝ) :
    5 * u ^ 4 - (5 / 2 : ℝ) * (4 * u ^ 3) + (5 / 3 : ℝ) * (3 * u ^ 2) - 1 / 6 = 5 * B4poly u :=
  by
  dsimp only [B4poly]
  ring' starts on column 2, but all commands should start at the beginning of the line.

Note: This linter can be disabled with `set_option linter.style.whitespace false`
warning: RhAttack/P4Limit.lean:1582:100: This line exceeds the 100 character limit, please shorten it!

Note: This linter can be disabled with `set_option linter.style.longLine false`
warning: RhAttack/P4Limit.lean:1589:100: This line exceeds the 100 character limit, please shorten it!

Note: This linter can be disabled with `set_option linter.style.longLine false`
warning: RhAttack/P4Limit.lean:1575:2: 'theorem B6poly_hasDerivAt (u : ℝ) : HasDerivAt B6poly (6 * B5poly u) u :=
  by
  have hT : 6 * B5poly u = 6 * u ^ 5 - 3 * (5 * u ^ 4) + (5 / 2 : ℝ) * (4 * u ^ 3) - (1 / 2 : ℝ) * (2 * u) + 0 :=
    by
    dsimp only [B5poly]
    ring
  rw [hT]
  have h1 : HasDerivAt (fun t : ℝ => t ^ 6) (6 * u ^ 5) u := hasDerivAt_pow 6 u
  have h2 : HasDerivAt (fun t : ℝ => 3 * t ^ 5) (3 * (5 * u ^ 4)) u := (hasDerivAt_pow 5 u).const_mul 3
  have h3 : HasDerivAt (fun t : ℝ => (5 / 2 : ℝ) * t ^ 4) ((5 / 2 : ℝ) * (4 * u ^ 3)) u :=
    (hasDerivAt_pow 4 u).const_mul (5 / 2)
  have hp2 : HasDerivAt (fun t : ℝ => t ^ 2) (2 * u) u := by simpa using hasDerivAt_pow 2 u
  have h4 : HasDerivAt (fun t : ℝ => (1 / 2 : ℝ) * t ^ 2) ((1 / 2 : ℝ) * (2 * u)) u := hp2.const_mul (1 / 2)
  have h5 : HasDerivAt (fun _ : ℝ => (1 / 42 : ℝ)) 0 u := hasDerivAt_const (x := u) (c := (1 / 42 : ℝ))
  refine
    (((h1.sub h2).add h3).sub h4).add
      h5' starts on column 2, but all commands should start at the beginning of the line.

Note: This linter can be disabled with `set_option linter.style.whitespace false`
warning: RhAttack/P4Limit.lean:1592:2: '@[simp]
lemma B6poly_deriv_val (u : ℝ) :
    6 * u ^ 5 - 3 * (5 * u ^ 4) + (5 / 2 : ℝ) * (4 * u ^ 3) - (1 / 2 : ℝ) * (2 * u) + 0 = 6 * B5poly u :=
  by
  dsimp only [B5poly]
  ring' starts on column 2, but all commands should start at the beginning of the line.

Note: This linter can be disabled with `set_option linter.style.whitespace false`
warning: RhAttack/P4Limit.lean:1600:100: This line exceeds the 100 character limit, please shorten it!

Note: This linter can be disabled with `set_option linter.style.longLine false`
warning: RhAttack/P4Limit.lean:1598:2: 'theorem B7poly_hasDerivAt (u : ℝ) : HasDerivAt B7poly (7 * B6poly u) u :=
  by
  have hT :
    7 * B6poly u =
      7 * u ^ 6 - (7 / 2 : ℝ) * (6 * u ^ 5) + (7 / 2 : ℝ) * (5 * u ^ 4) - (7 / 6 : ℝ) * (3 * u ^ 2) + (1 / 6 : ℝ) :=
    by
    dsimp only [B6poly]
    ring
  rw [hT]
  have h1 : HasDerivAt (fun t : ℝ => t ^ 7) (7 * u ^ 6) u := hasDerivAt_pow 7 u
  have h2 : HasDerivAt (fun t : ℝ => (7 / 2 : ℝ) * t ^ 6) ((7 / 2 : ℝ) * (6 * u ^ 5)) u :=
    (hasDerivAt_pow 6 u).const_mul (7 / 2)
  have h3 : HasDerivAt (fun t : ℝ => (7 / 2 : ℝ) * t ^ 5) ((7 / 2 : ℝ) * (5 * u ^ 4)) u :=
    (hasDerivAt_pow 5 u).const_mul (7 / 2)
  have h4 : HasDerivAt (fun t : ℝ => (7 / 6 : ℝ) * t ^ 3) ((7 / 6 : ℝ) * (3 * u ^ 2)) u :=
    (hasDerivAt_pow 3 u).const_mul (7 / 6)
  have h5 : HasDerivAt (fun t : ℝ => (1 / 6 : ℝ) * t) (1 / 6 : ℝ) u := hasDerivAt_const_mul ((1 / 6 : ℝ)) (x := u)
  refine
    ((((h1.sub h2).add h3).sub h4).add
      h5)' starts on column 2, but all commands should start at the beginning of the line.

Note: This linter can be disabled with `set_option linter.style.whitespace false`
warning: RhAttack/P4Limit.lean:1616:2: '@[simp]
lemma B7poly_deriv_val (u : ℝ) :
    7 * u ^ 6 - (7 / 2 : ℝ) * (6 * u ^ 5) + (7 / 2 : ℝ) * (5 * u ^ 4) - (7 / 6 : ℝ) * (3 * u ^ 2) + (1 / 6 : ℝ) =
      7 * B6poly u :=
  by
  dsimp only [B6poly]
  ring' starts on column 2, but all commands should start at the beginning of the line.

Note: This linter can be disabled with `set_option linter.style.whitespace false`
warning: RhAttack/P4Limit.lean:1630:100: This line exceeds the 100 character limit, please shorten it!

Note: This linter can be disabled with `set_option linter.style.longLine false`
warning: RhAttack/P4Limit.lean:1639:100: This line exceeds the 100 character limit, please shorten it!

Note: This linter can be disabled with `set_option linter.style.longLine false`
warning: RhAttack/P4Limit.lean:1622:2: 'theorem B8poly_hasDerivAt (u : ℝ) : HasDerivAt B8poly (8 * B7poly u) u :=
  by
  have hT :
    8 * B7poly u =
      8 * u ^ 7 - 4 * (7 * u ^ 6) + (14 / 3 : ℝ) * (6 * u ^ 5) - (7 / 3 : ℝ) * (4 * u ^ 3) + (2 / 3 : ℝ) * (2 * u) -
        0 :=
    by
    dsimp only [B7poly]
    ring
  rw [hT]
  have h1 : HasDerivAt (fun t : ℝ => t ^ 8) (8 * u ^ 7) u := hasDerivAt_pow 8 u
  have h2 : HasDerivAt (fun t : ℝ => 4 * t ^ 7) (4 * (7 * u ^ 6)) u := (hasDerivAt_pow 7 u).const_mul 4
  have h3 : HasDerivAt (fun t : ℝ => (14 / 3 : ℝ) * t ^ 6) ((14 / 3 : ℝ) * (6 * u ^ 5)) u :=
    (hasDerivAt_pow 6 u).const_mul (14 / 3)
  have h4 : HasDerivAt (fun t : ℝ => (7 / 3 : ℝ) * t ^ 4) ((7 / 3 : ℝ) * (4 * u ^ 3)) u :=
    (hasDerivAt_pow 4 u).const_mul (7 / 3)
  have hp2 : HasDerivAt (fun t : ℝ => t ^ 2) (2 * u) u := by simpa using hasDerivAt_pow 2 u
  have h5 : HasDerivAt (fun t : ℝ => (2 / 3 : ℝ) * t ^ 2) ((2 / 3 : ℝ) * (2 * u)) u := hp2.const_mul (2 / 3)
  have h6 : HasDerivAt (fun _ : ℝ => (1 / 30 : ℝ)) 0 u := hasDerivAt_const (x := u) (c := (1 / 30 : ℝ))
  refine
    (((((h1.sub h2).add h3).sub h4).add h5).sub
      h6)' starts on column 2, but all commands should start at the beginning of the line.

Note: This linter can be disabled with `set_option linter.style.whitespace false`
warning: RhAttack/P4Limit.lean:1642:2: '@[simp]
lemma B8poly_deriv_val (u : ℝ) :
    8 * u ^ 7 - 4 * (7 * u ^ 6) + (14 / 3 : ℝ) * (6 * u ^ 5) - (7 / 3 : ℝ) * (4 * u ^ 3) + (2 / 3 : ℝ) * (2 * u) - 0 =
      8 * B7poly u :=
  by
  dsimp only [B7poly]
  ring' starts on column 2, but all commands should start at the beginning of the line.

Note: This linter can be disabled with `set_option linter.style.whitespace false`
warning: RhAttack/P4Limit.lean:1666:2: 'theorem B8poly_bound_Icc (u : ℝ) (hu : u ∈ Set.Icc 0 1) : |B8poly u| ≤ 1 / 30 :=
  by
  set Tfun := fun (x : ℝ) => 30 * x ^ 4 - 60 * x ^ 3 - 10 * x ^ 2 + 40 * x + 20 with hTfun_def
  have hu0 : 0 ≤ u := hu.1
  have hu1 : u ≤ 1 := hu.2
  have h1mu : 0 ≤ 1 - u := by
    linarith
      -- (1) the exact factorization (cross-checked in exact arithmetic)
      
  have hId : (30 : ℝ) * B8poly u + 1 = u ^ 2 * (1 - u) ^ 2 * Tfun u :=
    by
    dsimp only [B8poly, Tfun]
    ring
  have hB8 : B8poly u = (u ^ 2 * (1 - u) ^ 2 * Tfun u - 1) / 30 := by
    linarith [hId]
      -- (2) 20 ≤ Tfun(u):  Tfun(u) − 20 = 10u(u−1)(3u²−3u−4) = 10u(1−u)(−3u²+3u+4)
      
  have hTminus : Tfun u - 20 = 10 * u * (u - 1) * (3 * u ^ 2 - 3 * u - 4) :=
    by
    dsimp only [Tfun]
    ring
  have h3u : 3 * u ^ 2 - 3 * u - 4 ≤ 0 :=
    by
    have hxs : u ^ 2 ≤ u := by nlinarith [hu0, hu1]
    nlinarith [hxs]
  have h10u : 0 ≤ 10 * u := by linarith [hu0]
  have hP : 0 ≤ 10 * u * (1 - u) * (-(3 * u ^ 2 - 3 * u - 4)) := mul_nonneg (mul_nonneg h10u h1mu) (by linarith [h3u])
  have hTminus' : Tfun u - 20 = 10 * u * (1 - u) * (-(3 * u ^ 2 - 3 * u - 4)) :=
    by
    dsimp only [Tfun]
    ring
  have hTlb : 20 ≤ Tfun u := by
    linarith [hTminus', hP]
      -- (3) Tfun(u) ≤ 255/8:  255 − 8Tfun(u) = (2u−1)²(−60u²+60u+95)
      
  have h8T : (2 * u - 1) ^ 2 * (-60 * u ^ 2 + 60 * u + 95) = 255 - 8 * Tfun u :=
    by
    dsimp only [Tfun]
    ring
  have hInner : 0 ≤ -60 * u ^ 2 + 60 * u + 95 :=
    by
    have h60u : 0 ≤ 60 * u * (1 - u) := mul_nonneg (by positivity) h1mu
    have h60u2 : 60 * u * (1 - u) = 60 * u - 60 * u ^ 2 := by ring
    rw [h60u2] at h60u
    linarith [h60u]
  have hSq : 0 ≤ (2 * u - 1) ^ 2 := by positivity
  have h8Tnn : 0 ≤ (2 * u - 1) ^ 2 * (-60 * u ^ 2 + 60 * u + 95) := mul_nonneg hSq hInner
  have hTub : Tfun u ≤ 255 / 8 := by
    linarith [h8T, h8Tnn]
      -- (4) u²(1−u)² ≤ 1/16
      
  have hw : u ^ 2 * (1 - u) ^ 2 ≤ 1 / 16 :=
    by
    have hs : 0 ≤ (2 * u - 1) ^ 2 := by positivity
    have h4w : 4 * (u * (1 - u)) ≤ 1 := by nlinarith [hs]
    have h04w : 0 ≤ 4 * (u * (1 - u)) := mul_nonneg (by norm_num) (mul_nonneg hu0 h1mu)
    have h16 : 16 * (u ^ 2 * (1 - u) ^ 2) ≤ 1 := by
      calc
        16 * (u ^ 2 * (1 - u) ^ 2)
        _ = (4 * (u * (1 - u))) ^ 2 := by ring
        _ ≤ 1 := by nlinarith [h04w, h4w]
    nlinarith [h16]
      -- (5) assemble
      
  rw [hB8, abs_le]
  constructor
  · have hTn : 0 ≤ Tfun u := by linarith [hTlb]
    have hpos : 0 ≤ u ^ 2 * (1 - u) ^ 2 * Tfun u := mul_nonneg (mul_nonneg (pow_nonneg hu0 2) (pow_nonneg h1mu 2)) hTn
    linarith [hpos]
  · have hPosW : 0 ≤ u ^ 2 * (1 - u) ^ 2 := mul_nonneg (pow_nonneg hu0 2) (pow_nonneg h1mu 2)
    have hTn : 0 ≤ Tfun u := by linarith [hTlb]
    have hTop : u ^ 2 * (1 - u) ^ 2 * Tfun u ≤ (1 / 16 : ℝ) * (255 / 8 : ℝ) :=
      mul_le_mul hw hTub hTn (by norm_num : 0 ≤ (1 : ℝ) / 16)
    have hC : (1 / 16 : ℝ) * (255 / 8 : ℝ) ≤ 2 := by norm_num
    calc
      (u ^ 2 * (1 - u) ^ 2 * Tfun u - 1) / 30
      _ ≤ (2 - 1) / 30 := by
        apply div_le_div_of_nonneg_right
        · linarith [hTop, hC]
        · norm_num
      _ = 1 / 30 := by norm_num' starts on column 2, but all commands should start at the beginning of the line.

Note: This linter can be disabled with `set_option linter.style.whitespace false`
warning: RhAttack/P4Limit.lean:1766:48: try 'simp' instead of 'simpa'

Note: This linter can be disabled with `set_option linter.unnecessarySimpa false`
warning: RhAttack/P4Limit.lean:1868:100: This line exceeds the 100 character limit, please shorten it!

Note: This linter can be disabled with `set_option linter.style.longLine false`
warning: RhAttack/P4Limit.lean:1747:2: 'theorem p4_25ae_ibp_b2to3 {s : ℂ} (hsre : s.re = 1 / 2) (j : ℕ) (hj : 0 < j) :
    (∫ x in (j : ℝ)..(j + 1 : ℝ), ((x - (j : ℝ)) ^ 2 - (x - (j : ℝ)) + 1 / 6 : ℂ) * (x : ℂ) ^ (-s - 2)) =
      (s + 2 : ℂ) / 3 * (∫ x in (j : ℝ)..(j + 1 : ℝ), (B3poly (x - (j : ℝ)) : ℂ) * (x : ℂ) ^ (-s - 3)) :=
  by
  set u : ℝ → ℂ := fun (x : ℝ) => (x : ℂ) ^ (-s - 2) with hu
  set v : ℝ → ℂ := fun (x : ℝ) => ((B3poly (x - (j : ℝ))) / 3 : ℂ) with hv
  have hU : ∀ x ∈ Set.uIcc (j : ℝ) (j + 1 : ℝ), HasDerivAt u ((-s - 2) * (x : ℂ) ^ (-s - 3)) x :=
    by
    intro x hx
    have hx0 : x ≠ 0 := by
      intro h
      have hxge : (j : ℝ) ≤ x := by
        simpa [show min (j : ℝ) (j + 1 : ℝ) = (j : ℝ) from min_eq_left (by nlinarith)] using hx.1
      linarith [(Nat.cast_pos (α := ℝ)).mpr hj, hxge, h]
    have hsc : -s - 2 ≠ 0 := by
      intro h
      have hre0 : (-(s : ℂ) - 2).re = 0 := by simpa [h]
      rw [show (-(s : ℂ) - 2 : ℂ) = -((s : ℂ) + 2) from by ring, Complex.neg_re, Complex.add_re,
        show (2 : ℂ).re = 2 from by norm_num] at hre0
      linarith [hsre]
    have hexp : (-s - 2 : ℂ) - 1 = -s - 3 := by ring
    simpa [hexp] using hasDerivAt_ofReal_cpow_const hx0 hsc
  have hV : ∀ x ∈ Set.uIcc (j : ℝ) (j + 1 : ℝ), HasDerivAt v (((x - (j : ℝ)) ^ 2 - (x - (j : ℝ)) + 1 / 6 : ℂ)) x :=
    by
    intro x _
    have hU1 : HasDerivAt (fun t : ℝ => t - (j : ℝ)) 1 x :=
      by
      have hsub : HasDerivAt ((id : ℝ → ℝ) - (fun _ : ℝ => (j : ℝ))) (1 - 0) x := by
        simpa using (hasDerivAt_id x).sub (hasDerivAt_const x (j : ℝ))
      have hfun : (id : ℝ → ℝ) - (fun _ : ℝ => (j : ℝ)) = (fun t : ℝ => t - (j : ℝ)) :=
        by
        funext t
        dsimp
      simpa [hfun] using hsub
    have hW0 := HasDerivAt.comp x (B3poly_hasDerivAt (x - (j : ℝ))) hU1
    have hfun : (B3poly ∘ (fun t : ℝ => t - (j : ℝ))) = (fun t : ℝ => B3poly (t - (j : ℝ))) := by funext t; dsimp
    have hder : 3 * ((x - (j : ℝ)) ^ 2 - (x - (j : ℝ)) + 1 / 6) * 1 = 3 * ((x - (j : ℝ)) ^ 2 - (x - (j : ℝ)) + 1 / 6) :=
      by ring
    have hW : HasDerivAt (fun t : ℝ => B3poly (t - (j : ℝ))) (3 * ((x - (j : ℝ)) ^ 2 - (x - (j : ℝ)) + 1 / 6)) x := by
      simpa [hfun, hder] using hW0
    have hW2 : HasDerivAt (fun t : ℝ => (B3poly (t - (j : ℝ))) / 3) ((x - (j : ℝ)) ^ 2 - (x - (j : ℝ)) + 1 / 6) x := by
      simpa using hW.div_const 3
    simpa using HasDerivAt.ofReal_comp hW2
  have hCpowCO : ContinuousOn (fun x : ℝ => (x : ℂ) ^ (-s - 3)) (Set.uIcc (j : ℝ) (j + 1 : ℝ)) :=
    by
    intro x hx
    have hxge : (j : ℝ) ≤ x := by
      simpa [show min (j : ℝ) (j + 1 : ℝ) = (j : ℝ) from min_eq_left (by nlinarith)] using hx.1
    have hpos : 0 < x := by nlinarith [(Nat.cast_pos (α := ℝ)).mpr hj, hxge]
    exact (Complex.continuousAt_ofReal_cpow_const x (-s - 3) (Or.inr (ne_of_gt hpos))).continuousWithinAt
  have hUint : IntervalIntegrable (fun x : ℝ => (-s - 2) * (x : ℂ) ^ (-s - 3)) volume (j : ℝ) (j + 1 : ℝ) :=
    ((continuousOn_const : ContinuousOn (fun x : ℝ => (-s - 2 : ℂ)) (Set.uIcc (j : ℝ) (j + 1 : ℝ))).mul
        hCpowCO).intervalIntegrable
  have hVint :
    IntervalIntegrable (fun x : ℝ => ((x - (j : ℝ)) ^ 2 - (x - (j : ℝ)) + 1 / 6 : ℂ)) volume (j : ℝ) (j + 1 : ℝ) :=
    by
    have hm :
      ContinuousOn (fun x : ℝ => ((x - (j : ℝ)) ^ 2 - (x - (j : ℝ)) + 1 / 6 : ℂ)) (Set.uIcc (j : ℝ) (j + 1 : ℝ)) := by
      fun_prop
    exact hm.intervalIntegrable
  have H :
    (∫ x in (j : ℝ)..(j + 1 : ℝ), u x * (((x - (j : ℝ)) ^ 2 - (x - (j : ℝ)) + 1 / 6 : ℂ))) =
      u (j + 1 : ℝ) * v (j + 1 : ℝ) - u (j : ℝ) * v (j : ℝ) -
        (∫ x in (j : ℝ)..(j + 1 : ℝ), ((-s - 2) * (x : ℂ) ^ (-s - 3)) * v x) :=
    (intervalIntegral.integral_mul_deriv_eq_deriv_mul (fun x hx => hU x hx) (fun x hx => hV x hx) hUint hVint : _ = _)
  calc
    (∫ x in (j : ℝ)..(j + 1 : ℝ), ((x - (j : ℝ)) ^ 2 - (x - (j : ℝ)) + 1 / 6 : ℂ) * (x : ℂ) ^ (-s - 2))
    _ = (∫ x in (j : ℝ)..(j + 1 : ℝ), u x * (((x - (j : ℝ)) ^ 2 - (x - (j : ℝ)) + 1 / 6 : ℂ))) :=
      by
      have hEqU :
        EqOn (fun x : ℝ => u x * (((x - (j : ℝ)) ^ 2 - (x - (j : ℝ)) + 1 / 6 : ℂ)))
          (fun x : ℝ => (((x - (j : ℝ)) ^ 2 - (x - (j : ℝ)) + 1 / 6 : ℂ) * (x : ℂ) ^ (-s - 2)))
          (Set.uIcc (j : ℝ) (j + 1 : ℝ)) :=
        by
        intro x _
        dsimp only [u]
        ring
      exact (intervalIntegral.integral_congr (μ := (MeasureTheory.volume : Measure ℝ)) hEqU).symm
    _ =
        u (j + 1 : ℝ) * v (j + 1 : ℝ) - u (j : ℝ) * v (j : ℝ) -
          (∫ x in (j : ℝ)..(j + 1 : ℝ), ((-s - 2) * (x : ℂ) ^ (-s - 3)) * v x) :=
      H
    _ = -(∫ x in (j : ℝ)..(j + 1 : ℝ), ((-s - 2) * (x : ℂ) ^ (-s - 3)) * v x) :=
      by
      have hvb1 : v (j + 1 : ℝ) = 0 := by
        dsimp only [v]
        rw [show (j + 1 : ℝ) - (j : ℝ) = 1 from by ring, B3poly_at_1]
        norm_num
      have hvb0 : v (j : ℝ) = 0 := by
        dsimp only [v]
        rw [show (j : ℝ) - (j : ℝ) = 0 from by ring, B3poly_at_0]
        norm_num
      rw [hvb1, hvb0]
      ring
    _ = ((s + 2 : ℂ) / 3) * (∫ x in (j : ℝ)..(j + 1 : ℝ), (B3poly (x - (j : ℝ)) : ℂ) * (x : ℂ) ^ (-s - 3)) :=
      by
      have hX :
        (∫ x in (j : ℝ)..(j + 1 : ℝ), ((-s - 2) * (x : ℂ) ^ (-s - 3)) * v x) =
          ((-(s + 2 : ℂ)) / 3) * (∫ x in (j : ℝ)..(j + 1 : ℝ), (B3poly (x - (j : ℝ)) : ℂ) * (x : ℂ) ^ (-s - 3)) :=
        by
        have hEq :
          EqOn (fun x : ℝ => ((-s - 2) * (x : ℂ) ^ (-s - 3)) * v x)
            (fun x : ℝ => (-(s + 2 : ℂ)) / 3 * ((B3poly (x - (j : ℝ)) : ℂ) * (x : ℂ) ^ (-s - 3)))
            (Set.uIcc (j : ℝ) (j + 1 : ℝ)) :=
          by
          intro x _
          dsimp only [v]
          ring
        exact
          (intervalIntegral.integral_congr (μ := (MeasureTheory.volume : Measure ℝ)) hEq).trans
            (by rw [intervalIntegral.integral_const_mul ((-(s + 2 : ℂ)) / 3)])
      rw [hX]
      ring' starts on column 2, but all commands should start at the beginning of the line.

Note: This linter can be disabled with `set_option linter.style.whitespace false`
warning: RhAttack/P4Limit.lean:1896:48: try 'simp' instead of 'simpa'

Note: This linter can be disabled with `set_option linter.unnecessarySimpa false`
warning: RhAttack/P4Limit.lean:1876:2: 'theorem p4_25ae_ibp_b3to4 {{s : ℂ}} (hsre : s.re = 1 / 2) (j : ℕ) (hj : 0 < j) :
    (∫ x in (j : ℝ)..(j + 1 : ℝ), (B3poly (x - (j : ℝ)) : ℂ) * (x : ℂ) ^ (-s - 3)) =
      (((B4poly 0) / 4) : ℂ) * (((j + 1 : ℝ) : ℂ) ^ (-s - 3) - ((j : ℝ) : ℂ) ^ (-s - 3)) +
        (s + 3 : ℂ) / 4 * (∫ x in (j : ℝ)..(j + 1 : ℝ), (B4poly (x - (j : ℝ)) : ℂ) * (x : ℂ) ^ (-s - 4)) :=
  by
  set u : ℝ → ℂ := fun (x : ℝ) => (x : ℂ) ^ (-s - 3) with hu
  set v : ℝ → ℂ := fun (x : ℝ) => ((B4poly (x - (j : ℝ))) / 4 : ℂ) with hv
  have hU : ∀ x ∈ Set.uIcc (j : ℝ) (j + 1 : ℝ), HasDerivAt u ((-s - 3) * (x : ℂ) ^ (-s - 4)) x :=
    by
    intro x hx
    have hx0 : x ≠ 0 := by
      intro h
      have hxge : (j : ℝ) ≤ x := by
        simpa [show min (j : ℝ) (j + 1 : ℝ) = (j : ℝ) from min_eq_left (by nlinarith)] using hx.1
      linarith [(Nat.cast_pos (α := ℝ)).mpr hj, hxge, h]
    have hsc : -s - 3 ≠ 0 := by
      intro h
      have hre0 : (-(s : ℂ) - 3).re = 0 := by simpa [h]
      rw [show (-(s : ℂ) - 3 : ℂ) = -((s : ℂ) + 3) from by ring, Complex.neg_re, Complex.add_re,
        show (3 : ℂ).re = 3 from by norm_num] at hre0
      linarith [hsre]
    have hexp : (-s - 3 : ℂ) - 1 = -s - 4 := by ring
    simpa [hexp] using hasDerivAt_ofReal_cpow_const hx0 hsc
  have hV : ∀ x ∈ Set.uIcc (j : ℝ) (j + 1 : ℝ), HasDerivAt v ((B3poly (x - (j : ℝ))) : ℂ) x :=
    by
    intro x _
    have hU1 : HasDerivAt (fun t : ℝ => t - (j : ℝ)) 1 x :=
      by
      have hsub : HasDerivAt ((id : ℝ → ℝ) - (fun _ : ℝ => (j : ℝ))) (1 - 0) x := by
        simpa using (hasDerivAt_id x).sub (hasDerivAt_const x (j : ℝ))
      have hfun : (id : ℝ → ℝ) - (fun _ : ℝ => (j : ℝ)) = (fun t : ℝ => t - (j : ℝ)) :=
        by
        funext t
        dsimp
      simpa [hfun] using hsub
    have hW0 := HasDerivAt.comp x (B4poly_hasDerivAt (x - (j : ℝ))) hU1
    have hfun : (B4poly ∘ (fun t : ℝ => t - (j : ℝ))) = (fun t : ℝ => B4poly (t - (j : ℝ))) := by funext t; dsimp
    have hval :
      (4 * (x - (j : ℝ)) ^ 3 - 2 * (3 * (x - (j : ℝ)) ^ 2) + 2 * (x - (j : ℝ)) - 0) = 4 * B3poly (x - (j : ℝ)) :=
      by
      dsimp only [B3poly]
      ring
    have hW : HasDerivAt (fun t : ℝ => B4poly (t - (j : ℝ))) (4 * B3poly (x - (j : ℝ))) x := by
      simpa [hfun, hval] using hW0
    have hW2 : HasDerivAt (fun t : ℝ => (B4poly (t - (j : ℝ))) / 4) (B3poly (x - (j : ℝ))) x := by
      simpa [show (4 * B3poly (x - (j : ℝ)) / 4) = B3poly (x - (j : ℝ)) from by ring] using (hW.div_const 4)
    simpa using HasDerivAt.ofReal_comp hW2
  have hCpowCO : ContinuousOn (fun x : ℝ => (x : ℂ) ^ (-s - 4)) (Set.uIcc (j : ℝ) (j + 1 : ℝ)) :=
    by
    intro x hx
    have hxge : (j : ℝ) ≤ x := by
      simpa [show min (j : ℝ) (j + 1 : ℝ) = (j : ℝ) from min_eq_left (by nlinarith)] using hx.1
    have hpos : 0 < x := by nlinarith [(Nat.cast_pos (α := ℝ)).mpr hj, hxge]
    exact (Complex.continuousAt_ofReal_cpow_const x (-s - 4) (Or.inr (ne_of_gt hpos))).continuousWithinAt
  have hUint : IntervalIntegrable (fun x : ℝ => (-s - 3) * (x : ℂ) ^ (-s - 4)) volume (j : ℝ) (j + 1 : ℝ) :=
    ((continuousOn_const : ContinuousOn (fun x : ℝ => (-s - 3 : ℂ)) (Set.uIcc (j : ℝ) (j + 1 : ℝ))).mul
        hCpowCO).intervalIntegrable
  have hVint : IntervalIntegrable (fun x : ℝ => (B3poly (x - (j : ℝ)) : ℂ)) volume (j : ℝ) (j + 1 : ℝ) :=
    by
    have hm : ContinuousOn (fun x : ℝ => (B3poly (x - (j : ℝ)) : ℂ)) (Set.uIcc (j : ℝ) (j + 1 : ℝ)) :=
      by
      dsimp only [B3poly]
      fun_prop
    exact hm.intervalIntegrable
  have H :
    (∫ x in (j : ℝ)..(j + 1 : ℝ), u x * ((B3poly (x - (j : ℝ))) : ℂ)) =
      u (j + 1 : ℝ) * v (j + 1 : ℝ) - u (j : ℝ) * v (j : ℝ) -
        (∫ x in (j : ℝ)..(j + 1 : ℝ), ((-s - 3) * (x : ℂ) ^ (-s - 4)) * v x) :=
    (intervalIntegral.integral_mul_deriv_eq_deriv_mul (fun x hx => hU x hx) (fun x hx => hV x hx) hUint hVint : _ = _)
  calc
    (∫ x in (j : ℝ)..(j + 1 : ℝ), (B3poly (x - (j : ℝ)) : ℂ) * (x : ℂ) ^ (-s - 3))
    _ = (∫ x in (j : ℝ)..(j + 1 : ℝ), u x * ((B3poly (x - (j : ℝ))) : ℂ)) :=
      by
      have hEqU :
        EqOn (fun x : ℝ => u x * ((B3poly (x - (j : ℝ))) : ℂ))
          (fun x : ℝ => ((B3poly (x - (j : ℝ)) : ℂ) * (x : ℂ) ^ (-s - 3))) (Set.uIcc (j : ℝ) (j + 1 : ℝ)) :=
        by
        intro x _
        dsimp only [u]
        ring
      exact (intervalIntegral.integral_congr (μ := (MeasureTheory.volume : Measure ℝ)) hEqU).symm
    _ =
        u (j + 1 : ℝ) * v (j + 1 : ℝ) - u (j : ℝ) * v (j : ℝ) -
          (∫ x in (j : ℝ)..(j + 1 : ℝ), ((-s - 3) * (x : ℂ) ^ (-s - 4)) * v x) :=
      H
    _ =
        ((B4poly 0 / 4 : ℝ) : ℂ) * (u (j + 1 : ℝ) - u (j : ℝ)) -
          (∫ x in (j : ℝ)..(j + 1 : ℝ), ((-s - 3 : ℂ) * (x : ℂ) ^ (-s - 4)) * v x) :=
      by
      have hvb1 : v (j + 1 : ℝ) = (((B4poly 1) / 4) : ℂ) :=
        by
        dsimp only [v]
        rw [show (j + 1 : ℝ) - (j : ℝ) = 1 from by ring]
      have hvb0 : v (j : ℝ) = (((B4poly 0) / 4) : ℂ) :=
        by
        dsimp only [v]
        rw [show (j : ℝ) - (j : ℝ) = 0 from by ring]
      rw [hvb1, hvb0]
      have hB4 : B4poly 1 = B4poly 0 := by rw [B4poly_at_1, B4poly_at_0]
      simp [hB4]
      ring
    _ =
        (((B4poly 0) / 4) : ℂ) * (((j + 1 : ℝ) : ℂ) ^ (-s - 3) - ((j : ℝ) : ℂ) ^ (-s - 3)) +
          ((s + 3 : ℂ) / 4) * (∫ x in (j : ℝ)..(j + 1 : ℝ), (B4poly (x - (j : ℝ)) : ℂ) * (x : ℂ) ^ (-s - 4)) :=
      by
      have hu1 : u (j + 1 : ℝ) = (((j + 1 : ℝ) : ℂ) ^ (-s - 3)) := by dsimp only [u]
      have hu0 : u (j : ℝ) = (((j : ℝ) : ℂ) ^ (-s - 3)) := by dsimp only [u]
      rw [hu1, hu0]
      have hX :
        (∫ x in (j : ℝ)..(j + 1 : ℝ), ((-s - 3) * (x : ℂ) ^ (-s - 4)) * v x) =
          (-(s + 3 : ℂ)) / 4 * (∫ x in (j : ℝ)..(j + 1 : ℝ), (B4poly (x - (j : ℝ)) : ℂ) * (x : ℂ) ^ (-s - 4)) :=
        by
        have hEq :
          EqOn (fun x : ℝ => ((-s - 3) * (x : ℂ) ^ (-s - 4)) * v x)
            (fun x : ℝ => (-(s + 3 : ℂ)) / 4 * ((B4poly (x - (j : ℝ)) : ℂ) * (x : ℂ) ^ (-s - 4)))
            (Set.uIcc (j : ℝ) (j + 1 : ℝ)) :=
          by
          intro x _
          dsimp only [v]
          ring
        exact
          (intervalIntegral.integral_congr (μ := (MeasureTheory.volume : Measure ℝ)) hEq).trans
            (by rw [intervalIntegral.integral_const_mul (-(s + 3 : ℂ) / 4)])
      rw [hX]
      have hC : (-(s + 3 : ℂ)) / 4 = -((s + 3 : ℂ) / 4) := by ring
      rw [hC]
      simp' starts on column 2, but all commands should start at the beginning of the line.

Note: This linter can be disabled with `set_option linter.style.whitespace false`
warning: RhAttack/P4Limit.lean:2042:48: try 'simp' instead of 'simpa'

Note: This linter can be disabled with `set_option linter.unnecessarySimpa false`
warning: RhAttack/P4Limit.lean:2022:2: 'theorem p4_25ae_ibp_b4to5 {{s : ℂ}} (hsre : s.re = 1 / 2) (j : ℕ) (hj : 0 < j) :
    (∫ x in (j : ℝ)..(j + 1 : ℝ), (B4poly (x - (j : ℝ)) : ℂ) * (x : ℂ) ^ (-s - 4)) =
      0 + (s + 4 : ℂ) / 5 * (∫ x in (j : ℝ)..(j + 1 : ℝ), (B5poly (x - (j : ℝ)) : ℂ) * (x : ℂ) ^ (-s - 5)) :=
  by
  set u : ℝ → ℂ := fun (x : ℝ) => (x : ℂ) ^ (-s - 4) with hu
  set v : ℝ → ℂ := fun (x : ℝ) => ((B5poly (x - (j : ℝ))) / 5 : ℂ) with hv
  have hU : ∀ x ∈ Set.uIcc (j : ℝ) (j + 1 : ℝ), HasDerivAt u ((-s - 4) * (x : ℂ) ^ (-s - 5)) x :=
    by
    intro x hx
    have hx0 : x ≠ 0 := by
      intro h
      have hxge : (j : ℝ) ≤ x := by
        simpa [show min (j : ℝ) (j + 1 : ℝ) = (j : ℝ) from min_eq_left (by nlinarith)] using hx.1
      linarith [(Nat.cast_pos (α := ℝ)).mpr hj, hxge, h]
    have hsc : -s - 4 ≠ 0 := by
      intro h
      have hre0 : (-(s : ℂ) - 4).re = 0 := by simpa [h]
      rw [show (-(s : ℂ) - 4 : ℂ) = -((s : ℂ) + 4) from by ring, Complex.neg_re, Complex.add_re,
        show (4 : ℂ).re = 4 from by norm_num] at hre0
      linarith [hsre]
    have hexp : (-s - 4 : ℂ) - 1 = -s - 5 := by ring
    simpa [hexp] using hasDerivAt_ofReal_cpow_const hx0 hsc
  have hV : ∀ x ∈ Set.uIcc (j : ℝ) (j + 1 : ℝ), HasDerivAt v ((B4poly (x - (j : ℝ))) : ℂ) x :=
    by
    intro x _
    have hU1 : HasDerivAt (fun t : ℝ => t - (j : ℝ)) 1 x :=
      by
      have hsub : HasDerivAt ((id : ℝ → ℝ) - (fun _ : ℝ => (j : ℝ))) (1 - 0) x := by
        simpa using (hasDerivAt_id x).sub (hasDerivAt_const x (j : ℝ))
      have hfun : (id : ℝ → ℝ) - (fun _ : ℝ => (j : ℝ)) = (fun t : ℝ => t - (j : ℝ)) :=
        by
        funext t
        dsimp
      simpa [hfun] using hsub
    have hW0 := HasDerivAt.comp x (B5poly_hasDerivAt (x - (j : ℝ))) hU1
    have hfun : (B5poly ∘ (fun t : ℝ => t - (j : ℝ))) = (fun t : ℝ => B5poly (t - (j : ℝ))) := by funext t; dsimp
    have hder : 5 * B4poly (x - (j : ℝ)) * 1 = 5 * B4poly (x - (j : ℝ)) := by ring
    have hW : HasDerivAt (fun t : ℝ => B5poly (t - (j : ℝ))) (5 * B4poly (x - (j : ℝ))) x := by
      simpa [hfun, hder] using hW0
    have hW2 : HasDerivAt (fun t : ℝ => (B5poly (t - (j : ℝ))) / 5) (B4poly (x - (j : ℝ))) x := by
      simpa using hW.div_const 5
    simpa using HasDerivAt.ofReal_comp hW2
  have hCpowCO : ContinuousOn (fun x : ℝ => (x : ℂ) ^ (-s - 5)) (Set.uIcc (j : ℝ) (j + 1 : ℝ)) :=
    by
    intro x hx
    have hxge : (j : ℝ) ≤ x := by
      simpa [show min (j : ℝ) (j + 1 : ℝ) = (j : ℝ) from min_eq_left (by nlinarith)] using hx.1
    have hpos : 0 < x := by nlinarith [(Nat.cast_pos (α := ℝ)).mpr hj, hxge]
    exact (Complex.continuousAt_ofReal_cpow_const x (-s - 5) (Or.inr (ne_of_gt hpos))).continuousWithinAt
  have hUint : IntervalIntegrable (fun x : ℝ => (-s - 4) * (x : ℂ) ^ (-s - 5)) volume (j : ℝ) (j + 1 : ℝ) :=
    ((continuousOn_const : ContinuousOn (fun x : ℝ => (-s - 4 : ℂ)) (Set.uIcc (j : ℝ) (j + 1 : ℝ))).mul
        hCpowCO).intervalIntegrable
  have hVint : IntervalIntegrable (fun x : ℝ => (B4poly (x - (j : ℝ)) : ℂ)) volume (j : ℝ) (j + 1 : ℝ) :=
    by
    have hm : ContinuousOn (fun x : ℝ => (B4poly (x - (j : ℝ)) : ℂ)) (Set.uIcc (j : ℝ) (j + 1 : ℝ)) :=
      by
      dsimp only [B4poly]
      fun_prop
    exact hm.intervalIntegrable
  have H :
    (∫ x in (j : ℝ)..(j + 1 : ℝ), u x * ((B4poly (x - (j : ℝ))) : ℂ)) =
      u (j + 1 : ℝ) * v (j + 1 : ℝ) - u (j : ℝ) * v (j : ℝ) -
        (∫ x in (j : ℝ)..(j + 1 : ℝ), ((-s - 4) * (x : ℂ) ^ (-s - 5)) * v x) :=
    (intervalIntegral.integral_mul_deriv_eq_deriv_mul (fun x hx => hU x hx) (fun x hx => hV x hx) hUint hVint : _ = _)
  calc
    (∫ x in (j : ℝ)..(j + 1 : ℝ), (B4poly (x - (j : ℝ)) : ℂ) * (x : ℂ) ^ (-s - 4))
    _ = (∫ x in (j : ℝ)..(j + 1 : ℝ), u x * ((B4poly (x - (j : ℝ))) : ℂ)) :=
      by
      have hEqU :
        EqOn (fun x : ℝ => u x * ((B4poly (x - (j : ℝ))) : ℂ))
          (fun x : ℝ => ((B4poly (x - (j : ℝ)) : ℂ) * (x : ℂ) ^ (-s - 4))) (Set.uIcc (j : ℝ) (j + 1 : ℝ)) :=
        by
        intro x _
        dsimp only [u]
        ring
      exact (intervalIntegral.integral_congr (μ := (MeasureTheory.volume : Measure ℝ)) hEqU).symm
    _ =
        u (j + 1 : ℝ) * v (j + 1 : ℝ) - u (j : ℝ) * v (j : ℝ) -
          (∫ x in (j : ℝ)..(j + 1 : ℝ), ((-s - 4) * (x : ℂ) ^ (-s - 5)) * v x) :=
      H
    _ = -(∫ x in (j : ℝ)..(j + 1 : ℝ), ((-s - 4 : ℂ) * (x : ℂ) ^ (-s - 5)) * v x) :=
      by
      have hvb1 : v (j + 1 : ℝ) = 0 := by
        dsimp only [v]
        rw [show (j + 1 : ℝ) - (j : ℝ) = 1 from by ring, B5poly_at_1]
        norm_num
      have hvb0 : v (j : ℝ) = 0 := by
        dsimp only [v]
        rw [show (j : ℝ) - (j : ℝ) = 0 from by ring, B5poly_at_0]
        norm_num
      rw [hvb1, hvb0]
      ring
    _ = 0 + ((s + 4 : ℂ) / 5) * (∫ x in (j : ℝ)..(j + 1 : ℝ), (B5poly (x - (j : ℝ)) : ℂ) * (x : ℂ) ^ (-s - 5)) :=
      by
      have hX :
        (∫ x in (j : ℝ)..(j + 1 : ℝ), ((-s - 4) * (x : ℂ) ^ (-s - 5)) * v x) =
          (-(s + 4 : ℂ)) / 5 * (∫ x in (j : ℝ)..(j + 1 : ℝ), (B5poly (x - (j : ℝ)) : ℂ) * (x : ℂ) ^ (-s - 5)) :=
        by
        have hEq :
          EqOn (fun x : ℝ => ((-s - 4) * (x : ℂ) ^ (-s - 5)) * v x)
            (fun x : ℝ => (-(s + 4 : ℂ)) / 5 * ((B5poly (x - (j : ℝ)) : ℂ) * (x : ℂ) ^ (-s - 5)))
            (Set.uIcc (j : ℝ) (j + 1 : ℝ)) :=
          by
          intro x _
          dsimp only [v]
          ring
        exact
          (intervalIntegral.integral_congr (μ := (MeasureTheory.volume : Measure ℝ)) hEq).trans
            (by rw [intervalIntegral.integral_const_mul (-(s + 4 : ℂ) / 5)])
      rw [hX]
      ring' starts on column 2, but all commands should start at the beginning of the line.

Note: This linter can be disabled with `set_option linter.style.whitespace false`
warning: RhAttack/P4Limit.lean:2174:48: try 'simp' instead of 'simpa'

Note: This linter can be disabled with `set_option linter.unnecessarySimpa false`
warning: RhAttack/P4Limit.lean:2154:2: 'theorem p4_25ae_ibp_b5to6 {{s : ℂ}} (hsre : s.re = 1 / 2) (j : ℕ) (hj : 0 < j) :
    (∫ x in (j : ℝ)..(j + 1 : ℝ), (B5poly (x - (j : ℝ)) : ℂ) * (x : ℂ) ^ (-s - 5)) =
      (((B6poly 0) / 6) : ℂ) * (((j + 1 : ℝ) : ℂ) ^ (-s - 5) - ((j : ℝ) : ℂ) ^ (-s - 5)) +
        (s + 5 : ℂ) / 6 * (∫ x in (j : ℝ)..(j + 1 : ℝ), (B6poly (x - (j : ℝ)) : ℂ) * (x : ℂ) ^ (-s - 6)) :=
  by
  set u : ℝ → ℂ := fun (x : ℝ) => (x : ℂ) ^ (-s - 5) with hu
  set v : ℝ → ℂ := fun (x : ℝ) => ((B6poly (x - (j : ℝ))) / 6 : ℂ) with hv
  have hU : ∀ x ∈ Set.uIcc (j : ℝ) (j + 1 : ℝ), HasDerivAt u ((-s - 5) * (x : ℂ) ^ (-s - 6)) x :=
    by
    intro x hx
    have hx0 : x ≠ 0 := by
      intro h
      have hxge : (j : ℝ) ≤ x := by
        simpa [show min (j : ℝ) (j + 1 : ℝ) = (j : ℝ) from min_eq_left (by nlinarith)] using hx.1
      linarith [(Nat.cast_pos (α := ℝ)).mpr hj, hxge, h]
    have hsc : -s - 5 ≠ 0 := by
      intro h
      have hre0 : (-(s : ℂ) - 5).re = 0 := by simpa [h]
      rw [show (-(s : ℂ) - 5 : ℂ) = -((s : ℂ) + 5) from by ring, Complex.neg_re, Complex.add_re,
        show (5 : ℂ).re = 5 from by norm_num] at hre0
      linarith [hsre]
    have hexp : (-s - 5 : ℂ) - 1 = -s - 6 := by ring
    simpa [hexp] using hasDerivAt_ofReal_cpow_const hx0 hsc
  have hV : ∀ x ∈ Set.uIcc (j : ℝ) (j + 1 : ℝ), HasDerivAt v ((B5poly (x - (j : ℝ))) : ℂ) x :=
    by
    intro x _
    have hU1 : HasDerivAt (fun t : ℝ => t - (j : ℝ)) 1 x :=
      by
      have hsub : HasDerivAt ((id : ℝ → ℝ) - (fun _ : ℝ => (j : ℝ))) (1 - 0) x := by
        simpa using (hasDerivAt_id x).sub (hasDerivAt_const x (j : ℝ))
      have hfun : (id : ℝ → ℝ) - (fun _ : ℝ => (j : ℝ)) = (fun t : ℝ => t - (j : ℝ)) :=
        by
        funext t
        dsimp
      simpa [hfun] using hsub
    have hW0 := HasDerivAt.comp x (B6poly_hasDerivAt (x - (j : ℝ))) hU1
    have hfun : (B6poly ∘ (fun t : ℝ => t - (j : ℝ))) = (fun t : ℝ => B6poly (t - (j : ℝ))) := by funext t; dsimp
    have hder : 6 * B5poly (x - (j : ℝ)) * 1 = 6 * B5poly (x - (j : ℝ)) := by ring
    have hW : HasDerivAt (fun t : ℝ => B6poly (t - (j : ℝ))) (6 * B5poly (x - (j : ℝ))) x := by
      simpa [hfun, hder] using hW0
    have hW2 : HasDerivAt (fun t : ℝ => (B6poly (t - (j : ℝ))) / 6) (B5poly (x - (j : ℝ))) x := by
      simpa using hW.div_const 6
    simpa using HasDerivAt.ofReal_comp hW2
  have hCpowCO : ContinuousOn (fun x : ℝ => (x : ℂ) ^ (-s - 6)) (Set.uIcc (j : ℝ) (j + 1 : ℝ)) :=
    by
    intro x hx
    have hxge : (j : ℝ) ≤ x := by
      simpa [show min (j : ℝ) (j + 1 : ℝ) = (j : ℝ) from min_eq_left (by nlinarith)] using hx.1
    have hpos : 0 < x := by nlinarith [(Nat.cast_pos (α := ℝ)).mpr hj, hxge]
    exact (Complex.continuousAt_ofReal_cpow_const x (-s - 6) (Or.inr (ne_of_gt hpos))).continuousWithinAt
  have hUint : IntervalIntegrable (fun x : ℝ => (-s - 5) * (x : ℂ) ^ (-s - 6)) volume (j : ℝ) (j + 1 : ℝ) :=
    ((continuousOn_const : ContinuousOn (fun x : ℝ => (-s - 5 : ℂ)) (Set.uIcc (j : ℝ) (j + 1 : ℝ))).mul
        hCpowCO).intervalIntegrable
  have hVint : IntervalIntegrable (fun x : ℝ => (B5poly (x - (j : ℝ)) : ℂ)) volume (j : ℝ) (j + 1 : ℝ) :=
    by
    have hm : ContinuousOn (fun x : ℝ => (B5poly (x - (j : ℝ)) : ℂ)) (Set.uIcc (j : ℝ) (j + 1 : ℝ)) :=
      by
      dsimp only [B5poly]
      fun_prop
    exact hm.intervalIntegrable
  have H :
    (∫ x in (j : ℝ)..(j + 1 : ℝ), u x * ((B5poly (x - (j : ℝ))) : ℂ)) =
      u (j + 1 : ℝ) * v (j + 1 : ℝ) - u (j : ℝ) * v (j : ℝ) -
        (∫ x in (j : ℝ)..(j + 1 : ℝ), ((-s - 5) * (x : ℂ) ^ (-s - 6)) * v x) :=
    (intervalIntegral.integral_mul_deriv_eq_deriv_mul (fun x hx => hU x hx) (fun x hx => hV x hx) hUint hVint : _ = _)
  calc
    (∫ x in (j : ℝ)..(j + 1 : ℝ), (B5poly (x - (j : ℝ)) : ℂ) * (x : ℂ) ^ (-s - 5))
    _ = (∫ x in (j : ℝ)..(j + 1 : ℝ), u x * ((B5poly (x - (j : ℝ))) : ℂ)) :=
      by
      have hEqU :
        EqOn (fun x : ℝ => u x * ((B5poly (x - (j : ℝ))) : ℂ))
          (fun x : ℝ => ((B5poly (x - (j : ℝ)) : ℂ) * (x : ℂ) ^ (-s - 5))) (Set.uIcc (j : ℝ) (j + 1 : ℝ)) :=
        by
        intro x _
        dsimp only [u]
        ring
      exact (intervalIntegral.integral_congr (μ := (MeasureTheory.volume : Measure ℝ)) hEqU).symm
    _ =
        u (j + 1 : ℝ) * v (j + 1 : ℝ) - u (j : ℝ) * v (j : ℝ) -
          (∫ x in (j : ℝ)..(j + 1 : ℝ), ((-s - 5) * (x : ℂ) ^ (-s - 6)) * v x) :=
      H
    _ =
        ((B6poly 0 / 6 : ℝ) : ℂ) * (u (j + 1 : ℝ) - u (j : ℝ)) -
          (∫ x in (j : ℝ)..(j + 1 : ℝ), ((-s - 5 : ℂ) * (x : ℂ) ^ (-s - 6)) * v x) :=
      by
      have hvb1 : v (j + 1 : ℝ) = (((B6poly 1) / 6) : ℂ) :=
        by
        dsimp only [v]
        rw [show (j + 1 : ℝ) - (j : ℝ) = 1 from by ring]
      have hvb0 : v (j : ℝ) = (((B6poly 0) / 6) : ℂ) :=
        by
        dsimp only [v]
        rw [show (j : ℝ) - (j : ℝ) = 0 from by ring]
      rw [hvb1, hvb0]
      have hB6 : B6poly 1 = B6poly 0 := by rw [B6poly_at_1, B6poly_at_0]
      simp [hB6]
      ring
    _ =
        (((B6poly 0) / 6) : ℂ) * (((j + 1 : ℝ) : ℂ) ^ (-s - 5) - ((j : ℝ) : ℂ) ^ (-s - 5)) +
          ((s + 5 : ℂ) / 6) * (∫ x in (j : ℝ)..(j + 1 : ℝ), (B6poly (x - (j : ℝ)) : ℂ) * (x : ℂ) ^ (-s - 6)) :=
      by
      have hu1 : u (j + 1 : ℝ) = (((j + 1 : ℝ) : ℂ) ^ (-s - 5)) := by dsimp only [u]
      have hu0 : u (j : ℝ) = (((j : ℝ) : ℂ) ^ (-s - 5)) := by dsimp only [u]
      rw [hu1, hu0]
      have hX :
        (∫ x in (j : ℝ)..(j + 1 : ℝ), ((-s - 5) * (x : ℂ) ^ (-s - 6)) * v x) =
          (-(s + 5 : ℂ)) / 6 * (∫ x in (j : ℝ)..(j + 1 : ℝ), (B6poly (x - (j : ℝ)) : ℂ) * (x : ℂ) ^ (-s - 6)) :=
        by
        have hEq :
          EqOn (fun x : ℝ => ((-s - 5) * (x : ℂ) ^ (-s - 6)) * v x)
            (fun x : ℝ => (-(s + 5 : ℂ)) / 6 * ((B6poly (x - (j : ℝ)) : ℂ) * (x : ℂ) ^ (-s - 6)))
            (Set.uIcc (j : ℝ) (j + 1 : ℝ)) :=
          by
          intro x _
          dsimp only [v]
          ring
        exact
          (intervalIntegral.integral_congr (μ := (MeasureTheory.volume : Measure ℝ)) hEq).trans
            (by rw [intervalIntegral.integral_const_mul (-(s + 5 : ℂ) / 6)])
      rw [hX]
      have hC : (-(s + 5 : ℂ)) / 6 = -((s + 5 : ℂ) / 6) := by ring
      rw [hC]
      simp' starts on column 2, but all commands should start at the beginning of the line.

Note: This linter can be disabled with `set_option linter.style.whitespace false`
warning: RhAttack/P4Limit.lean:2317:48: try 'simp' instead of 'simpa'

Note: This linter can be disabled with `set_option linter.unnecessarySimpa false`
warning: RhAttack/P4Limit.lean:2297:2: 'theorem p4_25ae_ibp_b6to7 {{s : ℂ}} (hsre : s.re = 1 / 2) (j : ℕ) (hj : 0 < j) :
    (∫ x in (j : ℝ)..(j + 1 : ℝ), (B6poly (x - (j : ℝ)) : ℂ) * (x : ℂ) ^ (-s - 6)) =
      0 + (s + 6 : ℂ) / 7 * (∫ x in (j : ℝ)..(j + 1 : ℝ), (B7poly (x - (j : ℝ)) : ℂ) * (x : ℂ) ^ (-s - 7)) :=
  by
  set u : ℝ → ℂ := fun (x : ℝ) => (x : ℂ) ^ (-s - 6) with hu
  set v : ℝ → ℂ := fun (x : ℝ) => ((B7poly (x - (j : ℝ))) / 7 : ℂ) with hv
  have hU : ∀ x ∈ Set.uIcc (j : ℝ) (j + 1 : ℝ), HasDerivAt u ((-s - 6) * (x : ℂ) ^ (-s - 7)) x :=
    by
    intro x hx
    have hx0 : x ≠ 0 := by
      intro h
      have hxge : (j : ℝ) ≤ x := by
        simpa [show min (j : ℝ) (j + 1 : ℝ) = (j : ℝ) from min_eq_left (by nlinarith)] using hx.1
      linarith [(Nat.cast_pos (α := ℝ)).mpr hj, hxge, h]
    have hsc : -s - 6 ≠ 0 := by
      intro h
      have hre0 : (-(s : ℂ) - 6).re = 0 := by simpa [h]
      rw [show (-(s : ℂ) - 6 : ℂ) = -((s : ℂ) + 6) from by ring, Complex.neg_re, Complex.add_re,
        show (6 : ℂ).re = 6 from by norm_num] at hre0
      linarith [hsre]
    have hexp : (-s - 6 : ℂ) - 1 = -s - 7 := by ring
    simpa [hexp] using hasDerivAt_ofReal_cpow_const hx0 hsc
  have hV : ∀ x ∈ Set.uIcc (j : ℝ) (j + 1 : ℝ), HasDerivAt v ((B6poly (x - (j : ℝ))) : ℂ) x :=
    by
    intro x _
    have hU1 : HasDerivAt (fun t : ℝ => t - (j : ℝ)) 1 x :=
      by
      have hsub : HasDerivAt ((id : ℝ → ℝ) - (fun _ : ℝ => (j : ℝ))) (1 - 0) x := by
        simpa using (hasDerivAt_id x).sub (hasDerivAt_const x (j : ℝ))
      have hfun : (id : ℝ → ℝ) - (fun _ : ℝ => (j : ℝ)) = (fun t : ℝ => t - (j : ℝ)) :=
        by
        funext t
        dsimp
      simpa [hfun] using hsub
    have hW0 := HasDerivAt.comp x (B7poly_hasDerivAt (x - (j : ℝ))) hU1
    have hfun : (B7poly ∘ (fun t : ℝ => t - (j : ℝ))) = (fun t : ℝ => B7poly (t - (j : ℝ))) := by funext t; dsimp
    have hder : 7 * B6poly (x - (j : ℝ)) * 1 = 7 * B6poly (x - (j : ℝ)) := by ring
    have hW : HasDerivAt (fun t : ℝ => B7poly (t - (j : ℝ))) (7 * B6poly (x - (j : ℝ))) x := by
      simpa [hfun, hder] using hW0
    have hW2 : HasDerivAt (fun t : ℝ => (B7poly (t - (j : ℝ))) / 7) (B6poly (x - (j : ℝ))) x := by
      simpa using hW.div_const 7
    simpa using HasDerivAt.ofReal_comp hW2
  have hCpowCO : ContinuousOn (fun x : ℝ => (x : ℂ) ^ (-s - 7)) (Set.uIcc (j : ℝ) (j + 1 : ℝ)) :=
    by
    intro x hx
    have hxge : (j : ℝ) ≤ x := by
      simpa [show min (j : ℝ) (j + 1 : ℝ) = (j : ℝ) from min_eq_left (by nlinarith)] using hx.1
    have hpos : 0 < x := by nlinarith [(Nat.cast_pos (α := ℝ)).mpr hj, hxge]
    exact (Complex.continuousAt_ofReal_cpow_const x (-s - 7) (Or.inr (ne_of_gt hpos))).continuousWithinAt
  have hUint : IntervalIntegrable (fun x : ℝ => (-s - 6) * (x : ℂ) ^ (-s - 7)) volume (j : ℝ) (j + 1 : ℝ) :=
    ((continuousOn_const : ContinuousOn (fun x : ℝ => (-s - 6 : ℂ)) (Set.uIcc (j : ℝ) (j + 1 : ℝ))).mul
        hCpowCO).intervalIntegrable
  have hVint : IntervalIntegrable (fun x : ℝ => (B6poly (x - (j : ℝ)) : ℂ)) volume (j : ℝ) (j + 1 : ℝ) :=
    by
    have hm : ContinuousOn (fun x : ℝ => (B6poly (x - (j : ℝ)) : ℂ)) (Set.uIcc (j : ℝ) (j + 1 : ℝ)) :=
      by
      dsimp only [B6poly]
      fun_prop
    exact hm.intervalIntegrable
  have H :
    (∫ x in (j : ℝ)..(j + 1 : ℝ), u x * ((B6poly (x - (j : ℝ))) : ℂ)) =
      u (j + 1 : ℝ) * v (j + 1 : ℝ) - u (j : ℝ) * v (j : ℝ) -
        (∫ x in (j : ℝ)..(j + 1 : ℝ), ((-s - 6) * (x : ℂ) ^ (-s - 7)) * v x) :=
    (intervalIntegral.integral_mul_deriv_eq_deriv_mul (fun x hx => hU x hx) (fun x hx => hV x hx) hUint hVint : _ = _)
  calc
    (∫ x in (j : ℝ)..(j + 1 : ℝ), (B6poly (x - (j : ℝ)) : ℂ) * (x : ℂ) ^ (-s - 6))
    _ = (∫ x in (j : ℝ)..(j + 1 : ℝ), u x * ((B6poly (x - (j : ℝ))) : ℂ)) :=
      by
      have hEqU :
        EqOn (fun x : ℝ => u x * ((B6poly (x - (j : ℝ))) : ℂ))
          (fun x : ℝ => ((B6poly (x - (j : ℝ)) : ℂ) * (x : ℂ) ^ (-s - 6))) (Set.uIcc (j : ℝ) (j + 1 : ℝ)) :=
        by
        intro x _
        dsimp only [u]
        ring
      exact (intervalIntegral.integral_congr (μ := (MeasureTheory.volume : Measure ℝ)) hEqU).symm
    _ =
        u (j + 1 : ℝ) * v (j + 1 : ℝ) - u (j : ℝ) * v (j : ℝ) -
          (∫ x in (j : ℝ)..(j + 1 : ℝ), ((-s - 6) * (x : ℂ) ^ (-s - 7)) * v x) :=
      H
    _ = -(∫ x in (j : ℝ)..(j + 1 : ℝ), ((-s - 6 : ℂ) * (x : ℂ) ^ (-s - 7)) * v x) :=
      by
      have hvb1 : v (j + 1 : ℝ) = 0 := by
        dsimp only [v]
        rw [show (j + 1 : ℝ) - (j : ℝ) = 1 from by ring, B7poly_at_1]
        norm_num
      have hvb0 : v (j : ℝ) = 0 := by
        dsimp only [v]
        rw [show (j : ℝ) - (j : ℝ) = 0 from by ring, B7poly_at_0]
        norm_num
      rw [hvb1, hvb0]
      ring
    _ = 0 + ((s + 6 : ℂ) / 7) * (∫ x in (j : ℝ)..(j + 1 : ℝ), (B7poly (x - (j : ℝ)) : ℂ) * (x : ℂ) ^ (-s - 7)) :=
      by
      have hX :
        (∫ x in (j : ℝ)..(j + 1 : ℝ), ((-s - 6) * (x : ℂ) ^ (-s - 7)) * v x) =
          (-(s + 6 : ℂ)) / 7 * (∫ x in (j : ℝ)..(j + 1 : ℝ), (B7poly (x - (j : ℝ)) : ℂ) * (x : ℂ) ^ (-s - 7)) :=
        by
        have hEq :
          EqOn (fun x : ℝ => ((-s - 6) * (x : ℂ) ^ (-s - 7)) * v x)
            (fun x : ℝ => (-(s + 6 : ℂ)) / 7 * ((B7poly (x - (j : ℝ)) : ℂ) * (x : ℂ) ^ (-s - 7)))
            (Set.uIcc (j : ℝ) (j + 1 : ℝ)) :=
          by
          intro x _
          dsimp only [v]
          ring
        exact
          (intervalIntegral.integral_congr (μ := (MeasureTheory.volume : Measure ℝ)) hEq).trans
            (by rw [intervalIntegral.integral_const_mul (-(s + 6 : ℂ) / 7)])
      rw [hX]
      ring' starts on column 2, but all commands should start at the beginning of the line.

Note: This linter can be disabled with `set_option linter.style.whitespace false`
warning: RhAttack/P4Limit.lean:2449:48: try 'simp' instead of 'simpa'

Note: This linter can be disabled with `set_option linter.unnecessarySimpa false`
warning: RhAttack/P4Limit.lean:2429:2: 'theorem p4_25ae_ibp_b7to8 {{s : ℂ}} (hsre : s.re = 1 / 2) (j : ℕ) (hj : 0 < j) :
    (∫ x in (j : ℝ)..(j + 1 : ℝ), (B7poly (x - (j : ℝ)) : ℂ) * (x : ℂ) ^ (-s - 7)) =
      (((B8poly 0) / 8) : ℂ) * (((j + 1 : ℝ) : ℂ) ^ (-s - 7) - ((j : ℝ) : ℂ) ^ (-s - 7)) +
        (s + 7 : ℂ) / 8 * (∫ x in (j : ℝ)..(j + 1 : ℝ), (B8poly (x - (j : ℝ)) : ℂ) * (x : ℂ) ^ (-s - 8)) :=
  by
  set u : ℝ → ℂ := fun (x : ℝ) => (x : ℂ) ^ (-s - 7) with hu
  set v : ℝ → ℂ := fun (x : ℝ) => ((B8poly (x - (j : ℝ))) / 8 : ℂ) with hv
  have hU : ∀ x ∈ Set.uIcc (j : ℝ) (j + 1 : ℝ), HasDerivAt u ((-s - 7) * (x : ℂ) ^ (-s - 8)) x :=
    by
    intro x hx
    have hx0 : x ≠ 0 := by
      intro h
      have hxge : (j : ℝ) ≤ x := by
        simpa [show min (j : ℝ) (j + 1 : ℝ) = (j : ℝ) from min_eq_left (by nlinarith)] using hx.1
      linarith [(Nat.cast_pos (α := ℝ)).mpr hj, hxge, h]
    have hsc : -s - 7 ≠ 0 := by
      intro h
      have hre0 : (-(s : ℂ) - 7).re = 0 := by simpa [h]
      rw [show (-(s : ℂ) - 7 : ℂ) = -((s : ℂ) + 7) from by ring, Complex.neg_re, Complex.add_re,
        show (7 : ℂ).re = 7 from by norm_num] at hre0
      linarith [hsre]
    have hexp : (-s - 7 : ℂ) - 1 = -s - 8 := by ring
    simpa [hexp] using hasDerivAt_ofReal_cpow_const hx0 hsc
  have hV : ∀ x ∈ Set.uIcc (j : ℝ) (j + 1 : ℝ), HasDerivAt v ((B7poly (x - (j : ℝ))) : ℂ) x :=
    by
    intro x _
    have hU1 : HasDerivAt (fun t : ℝ => t - (j : ℝ)) 1 x :=
      by
      have hsub : HasDerivAt ((id : ℝ → ℝ) - (fun _ : ℝ => (j : ℝ))) (1 - 0) x := by
        simpa using (hasDerivAt_id x).sub (hasDerivAt_const x (j : ℝ))
      have hfun : (id : ℝ → ℝ) - (fun _ : ℝ => (j : ℝ)) = (fun t : ℝ => t - (j : ℝ)) :=
        by
        funext t
        dsimp
      simpa [hfun] using hsub
    have hW0 := HasDerivAt.comp x (B8poly_hasDerivAt (x - (j : ℝ))) hU1
    have hfun : (B8poly ∘ (fun t : ℝ => t - (j : ℝ))) = (fun t : ℝ => B8poly (t - (j : ℝ))) := by funext t; dsimp
    have hder : 8 * B7poly (x - (j : ℝ)) * 1 = 8 * B7poly (x - (j : ℝ)) := by ring
    have hW : HasDerivAt (fun t : ℝ => B8poly (t - (j : ℝ))) (8 * B7poly (x - (j : ℝ))) x := by
      simpa [hfun, hder] using hW0
    have hW2 : HasDerivAt (fun t : ℝ => (B8poly (t - (j : ℝ))) / 8) (B7poly (x - (j : ℝ))) x := by
      simpa using hW.div_const 8
    simpa using HasDerivAt.ofReal_comp hW2
  have hCpowCO : ContinuousOn (fun x : ℝ => (x : ℂ) ^ (-s - 8)) (Set.uIcc (j : ℝ) (j + 1 : ℝ)) :=
    by
    intro x hx
    have hxge : (j : ℝ) ≤ x := by
      simpa [show min (j : ℝ) (j + 1 : ℝ) = (j : ℝ) from min_eq_left (by nlinarith)] using hx.1
    have hpos : 0 < x := by nlinarith [(Nat.cast_pos (α := ℝ)).mpr hj, hxge]
    exact (Complex.continuousAt_ofReal_cpow_const x (-s - 8) (Or.inr (ne_of_gt hpos))).continuousWithinAt
  have hUint : IntervalIntegrable (fun x : ℝ => (-s - 7) * (x : ℂ) ^ (-s - 8)) volume (j : ℝ) (j + 1 : ℝ) :=
    ((continuousOn_const : ContinuousOn (fun x : ℝ => (-s - 7 : ℂ)) (Set.uIcc (j : ℝ) (j + 1 : ℝ))).mul
        hCpowCO).intervalIntegrable
  have hVint : IntervalIntegrable (fun x : ℝ => (B7poly (x - (j : ℝ)) : ℂ)) volume (j : ℝ) (j + 1 : ℝ) :=
    by
    have hm : ContinuousOn (fun x : ℝ => (B7poly (x - (j : ℝ)) : ℂ)) (Set.uIcc (j : ℝ) (j + 1 : ℝ)) :=
      by
      dsimp only [B7poly]
      fun_prop
    exact hm.intervalIntegrable
  have H :
    (∫ x in (j : ℝ)..(j + 1 : ℝ), u x * ((B7poly (x - (j : ℝ))) : ℂ)) =
      u (j + 1 : ℝ) * v (j + 1 : ℝ) - u (j : ℝ) * v (j : ℝ) -
        (∫ x in (j : ℝ)..(j + 1 : ℝ), ((-s - 7) * (x : ℂ) ^ (-s - 8)) * v x) :=
    (intervalIntegral.integral_mul_deriv_eq_deriv_mul (fun x hx => hU x hx) (fun x hx => hV x hx) hUint hVint : _ = _)
  calc
    (∫ x in (j : ℝ)..(j + 1 : ℝ), (B7poly (x - (j : ℝ)) : ℂ) * (x : ℂ) ^ (-s - 7))
    _ = (∫ x in (j : ℝ)..(j + 1 : ℝ), u x * ((B7poly (x - (j : ℝ))) : ℂ)) :=
      by
      have hEqU :
        EqOn (fun x : ℝ => u x * ((B7poly (x - (j : ℝ))) : ℂ))
          (fun x : ℝ => ((B7poly (x - (j : ℝ)) : ℂ) * (x : ℂ) ^ (-s - 7))) (Set.uIcc (j : ℝ) (j + 1 : ℝ)) :=
        by
        intro x _
        dsimp only [u]
        ring
      exact (intervalIntegral.integral_congr (μ := (MeasureTheory.volume : Measure ℝ)) hEqU).symm
    _ =
        u (j + 1 : ℝ) * v (j + 1 : ℝ) - u (j : ℝ) * v (j : ℝ) -
          (∫ x in (j : ℝ)..(j + 1 : ℝ), ((-s - 7) * (x : ℂ) ^ (-s - 8)) * v x) :=
      H
    _ =
        ((B8poly 0 / 8 : ℝ) : ℂ) * (u (j + 1 : ℝ) - u (j : ℝ)) -
          (∫ x in (j : ℝ)..(j + 1 : ℝ), ((-s - 7 : ℂ) * (x : ℂ) ^ (-s - 8)) * v x) :=
      by
      have hvb1 : v (j + 1 : ℝ) = (((B8poly 1) / 8) : ℂ) :=
        by
        dsimp only [v]
        rw [show (j + 1 : ℝ) - (j : ℝ) = 1 from by ring]
      have hvb0 : v (j : ℝ) = (((B8poly 0) / 8) : ℂ) :=
        by
        dsimp only [v]
        rw [show (j : ℝ) - (j : ℝ) = 0 from by ring]
      rw [hvb1, hvb0]
      have hB8 : B8poly 1 = B8poly 0 := by rw [B8poly_at_1, B8poly_at_0]
      simp [hB8]
      ring
    _ =
        (((B8poly 0) / 8) : ℂ) * (((j + 1 : ℝ) : ℂ) ^ (-s - 7) - ((j : ℝ) : ℂ) ^ (-s - 7)) +
          ((s + 7 : ℂ) / 8) * (∫ x in (j : ℝ)..(j + 1 : ℝ), (B8poly (x - (j : ℝ)) : ℂ) * (x : ℂ) ^ (-s - 8)) :=
      by
      have hu1 : u (j + 1 : ℝ) = (((j + 1 : ℝ) : ℂ) ^ (-s - 7)) := by dsimp only [u]
      have hu0 : u (j : ℝ) = (((j : ℝ) : ℂ) ^ (-s - 7)) := by dsimp only [u]
      rw [hu1, hu0]
      have hX :
        (∫ x in (j : ℝ)..(j + 1 : ℝ), ((-s - 7) * (x : ℂ) ^ (-s - 8)) * v x) =
          (-(s + 7 : ℂ)) / 8 * (∫ x in (j : ℝ)..(j + 1 : ℝ), (B8poly (x - (j : ℝ)) : ℂ) * (x : ℂ) ^ (-s - 8)) :=
        by
        have hEq :
          EqOn (fun x : ℝ => ((-s - 7) * (x : ℂ) ^ (-s - 8)) * v x)
            (fun x : ℝ => (-(s + 7 : ℂ)) / 8 * ((B8poly (x - (j : ℝ)) : ℂ) * (x : ℂ) ^ (-s - 8)))
            (Set.uIcc (j : ℝ) (j + 1 : ℝ)) :=
          by
          intro x _
          dsimp only [v]
          ring
        exact
          (intervalIntegral.integral_congr (μ := (MeasureTheory.volume : Measure ℝ)) hEq).trans
            (by rw [intervalIntegral.integral_const_mul (-(s + 7 : ℂ) / 8)])
      rw [hX]
      have hC : (-(s + 7 : ℂ)) / 8 = -((s + 7 : ℂ) / 8) := by ring
      rw [hC]
      simp' starts on column 2, but all commands should start at the beginning of the line.

Note: This linter can be disabled with `set_option linter.style.whitespace false`
warning: RhAttack/P4Limit.lean:2574:2: 'noncomputable def B8 (x : ℝ) : ℝ :=
  B8poly (x - ⌊x⌋₊)' starts on column 2, but all commands should start at the beginning of the line.

Note: This linter can be disabled with `set_option linter.style.whitespace false`
warning: RhAttack/P4Limit.lean:2576:2: '@[fun_prop]
lemma aestronglyMeasurable_B8 : AEStronglyMeasurable B8 :=
  by
  unfold B8 B8poly
  fun_prop' starts on column 2, but all commands should start at the beginning of the line.

Note: This linter can be disabled with `set_option linter.style.whitespace false`
warning: RhAttack/P4Limit.lean:2596:100: This line exceeds the 100 character limit, please shorten it!

Note: This linter can be disabled with `set_option linter.style.longLine false`
warning: RhAttack/P4Limit.lean:2582:2: 'lemma B8_of_Icc_int (n : ℕ) {x : ℝ} (hx : x ∈ Set.Icc (n : ℝ) (n + 1 : ℝ)) : B8 x = B8poly (x - n) :=
  by
  unfold B8
  by_cases htop : x = (n + 1 : ℝ)
  · rw [htop]
    have hfl : (⌊(n + 1 : ℝ)⌋₊ : ℕ) = n + 1 :=
      (Nat.floor_eq_iff (ha := by positivity)).mpr
        ⟨by norm_cast, by
          norm_cast
          linarith⟩
    rw [hfl]
    norm_num [B8poly_at_0, B8poly_at_1]
  · have hn : (⌊x⌋₊ : ℝ) = (n : ℝ) := by
      norm_cast
      rw [Nat.floor_eq_iff (by linarith [show (0 : ℝ) ≤ x from le_trans (Nat.cast_nonneg n) hx.1])]
      constructor
      · linarith [hx.1]
      · exact lt_of_le_of_ne hx.2 htop
    rw [hn]' starts on column 2, but all commands should start at the beginning of the line.

Note: This linter can be disabled with `set_option linter.style.whitespace false`
warning: RhAttack/P4Limit.lean:2603:2: 'lemma abs_B8_le {x : ℝ} (hx : 0 ≤ x) : |B8 x| ≤ 1 / 30 :=
  by
  unfold B8
  set v := (x - ⌊x⌋₊ : ℝ) with hv
  have hv0 : 0 ≤ v := by grind [Nat.floor_le hx]
  have hv1 : v ≤ 1 := by grind [Nat.lt_succ_floor x]
  simpa [v] using
    B8poly_bound_Icc v ⟨hv0, hv1⟩' starts on column 2, but all commands should start at the beginning of the line.

Note: This linter can be disabled with `set_option linter.style.whitespace false`
warning: RhAttack/P4Limit.lean:2624:12: This simp argument is unused:
  Finset.Ico_self

Hint: Omit it from the simp argument list.
  [apply] simp

Note: This linter can be disabled with `set_option linter.unusedSimpArgs false`
warning: RhAttack/P4Limit.lean:2623:4: The `induction'` tactic is discouraged: please strongly consider using `induction` instead.

Note: This linter can be disabled with `set_option linter.style.induction false`
warning: RhAttack/P4Limit.lean:2611:2: 'lemma p4_25ae_telescope_pow_aux {p : ℂ} (n k : ℕ) :
    (∑ j ∈ Finset.Ico n (n + k), (((j + 1 : ℝ) : ℂ) ^ p - ((j : ℝ) : ℂ) ^ p)) =
      (((n + k : ℕ) : ℝ) : ℂ) ^ p - ((n : ℝ) : ℂ) ^ p :=
  by
  set f : ℕ → ℂ := fun (x : ℕ) => (((x + 1 : ℕ) : ℝ) : ℂ) ^ p - (((x : ℕ) : ℝ) : ℂ) ^ p with hf
  have hsumf :
    (∑ j ∈ Finset.Ico n (n + k), (((j + 1 : ℝ) : ℂ) ^ p - ((j : ℝ) : ℂ) ^ p)) = (∑ j ∈ Finset.Ico n (n + k), f j) :=
    by
    apply Finset.sum_congr rfl
    intro j _
    dsimp only [f]
    simp only [Nat.cast_add, Nat.cast_one]
  rw [hsumf]
  induction' k with k IH
  · simp [Finset.Ico_self]
  · rw [show n + (k + 1) = (n + k) + 1 from by ring]
    have IHraw :
      (∑ j ∈ Finset.Ico n (n + k), (((j + 1 : ℝ) : ℂ) ^ p - ((j : ℝ) : ℂ) ^ p)) = (∑ j ∈ Finset.Ico n (n + k), f j) :=
      by
      apply Finset.sum_congr rfl
      intro j _
      dsimp only [f]
      simp only [Nat.cast_add, Nat.cast_one]
    have IHg : (∑ j ∈ Finset.Ico n (n + k), f j) = (((n + k : ℕ) : ℝ) : ℂ) ^ p - ((n : ℝ) : ℂ) ^ p := IH IHraw
    rw [Finset.sum_Ico_succ_top (Nat.le_add_right n k) f]
    rw [IHg]
    dsimp only [f]
    ring' starts on column 2, but all commands should start at the beginning of the line.

Note: This linter can be disabled with `set_option linter.style.whitespace false`
warning: RhAttack/P4Limit.lean:2641:2: 'lemma p4_25ae_telescope_pow {p : ℂ} (n M : ℕ) (hnm : n ≤ M) :
    (∑ j ∈ Finset.Ico n M, (((j + 1 : ℝ) : ℂ) ^ p - ((j : ℝ) : ℂ) ^ p)) = ((M : ℝ) : ℂ) ^ p - ((n : ℝ) : ℂ) ^ p :=
  by
  have hM : M = n + (M - n) := by omega
  rw [hM]
  exact
    p4_25ae_telescope_pow_aux n (M - n)' starts on column 2, but all commands should start at the beginning of the line.

Note: This linter can be disabled with `set_option linter.style.whitespace false`
warning: RhAttack/P4Limit.lean:2747:18: This simp argument is unused:
  Complex.ofReal_div

Hint: Omit it from the simp argument list.
  [apply] simp

Note: This linter can be disabled with `set_option linter.unusedSimpArgs false`
warning: RhAttack/P4Limit.lean:2700:100: This line exceeds the 100 character limit, please shorten it!

Note: This linter can be disabled with `set_option linter.style.longLine false`
warning: RhAttack/P4Limit.lean:2719:100: This line exceeds the 100 character limit, please shorten it!

Note: This linter can be disabled with `set_option linter.style.longLine false`
warning: RhAttack/P4Limit.lean:2652:2: 'theorem p4_25ae_J_finite {s : ℂ} (hsre : s.re = 1 / 2) (n M : ℕ) (hn : 0 < n) (hnm : n ≤ M) :
    (∫ x in (n : ℝ)..(M : ℝ), (B2 x : ℂ) * (x : ℂ) ^ (-s - 2)) =
      ((s + 2 : ℂ) / 3) * (((B4poly 0) / 4) : ℂ) * (((M : ℝ) : ℂ) ^ (-s - 3) - ((n : ℝ) : ℂ) ^ (-s - 3)) +
            ((s + 2 : ℂ) * (s + 3) * (s + 4) / 60) * (((B6poly 0) / 6) : ℂ) *
              (((M : ℝ) : ℂ) ^ (-s - 5) - ((n : ℝ) : ℂ) ^ (-s - 5)) +
          ((s + 2 : ℂ) * (s + 3) * (s + 4) * (s + 5) * (s + 6) / 2520) * (((B8poly 0) / 8) : ℂ) *
            (((M : ℝ) : ℂ) ^ (-s - 7) - ((n : ℝ) : ℂ) ^ (-s - 7)) +
        ((s + 2 : ℂ) * (s + 3) * (s + 4) * (s + 5) * (s + 6) * (s + 7) / 20160) *
          (∑ j ∈ Finset.Ico n M, (∫ x in (j : ℝ)..(j + 1 : ℝ), (B8poly (x - (j : ℝ)) : ℂ) * (x : ℂ) ^ (-s - 8))) :=
  by
  -- period sums at each ladder level
  
  set S3 := (∑ j ∈ Finset.Ico n M, (∫ x in (j : ℝ)..(j + 1 : ℝ), (B3poly (x - (j : ℝ)) : ℂ) * (x : ℂ) ^ (-s - 3))) with
    hS3
  set S4 := (∑ j ∈ Finset.Ico n M, (∫ x in (j : ℝ)..(j + 1 : ℝ), (B4poly (x - (j : ℝ)) : ℂ) * (x : ℂ) ^ (-s - 4))) with
    hS4
  set S5 := (∑ j ∈ Finset.Ico n M, (∫ x in (j : ℝ)..(j + 1 : ℝ), (B5poly (x - (j : ℝ)) : ℂ) * (x : ℂ) ^ (-s - 5))) with
    hS5
  set S6 := (∑ j ∈ Finset.Ico n M, (∫ x in (j : ℝ)..(j + 1 : ℝ), (B6poly (x - (j : ℝ)) : ℂ) * (x : ℂ) ^ (-s - 6))) with
    hS6
  set S7 := (∑ j ∈ Finset.Ico n M, (∫ x in (j : ℝ)..(j + 1 : ℝ), (B7poly (x - (j : ℝ)) : ℂ) * (x : ℂ) ^ (-s - 7))) with
    hS7
  set S8 := (∑ j ∈ Finset.Ico n M, (∫ x in (j : ℝ)..(j + 1 : ℝ), (B8poly (x - (j : ℝ)) : ℂ) * (x : ℂ) ^ (-s - 8))) with
    hS8
  have h1 :
    (∫ x in (n : ℝ)..(M : ℝ), (B2 x : ℂ) * (x : ℂ) ^ (-s - 2)) =
      (∑ j ∈ Finset.Ico n M, (∫ x in (j : ℝ)..(j + 1 : ℝ), (B2poly j x : ℂ) * (x : ℂ) ^ (-s - 2))) :=
    by
    rw [←
      sum_integral_adjacent_intervals_Ico (a := fun k : ℕ => (k : ℝ)) hnm
        (fun (j : ℕ) hjk =>
          by
          have hco2 : ContinuousOn (fun x : ℝ => (B2 x : ℂ)) (Set.Icc (j : ℝ) (j + 1 : ℝ)) :=
            by
            have hpoly :
              ContinuousOn (fun x : ℝ => (((x - (j : ℝ)) ^ 2 - (x - (j : ℝ)) + 1 / 6 : ℝ) : ℂ))
                (Set.Icc (j : ℝ) (j + 1 : ℝ)) :=
              by fun_prop
            exact
              ContinuousOn.congr hpoly
                (by
                  intro x hx
                  dsimp only
                  rw [B2_of_Icc_int (n := (j : ℕ)) hx])
          have hcohpoly : ContinuousOn (fun x : ℝ => (x : ℂ) ^ (-s - 2)) (Set.Icc (j : ℝ) (j + 1 : ℝ)) :=
            by
            intro x hx
            have hpos : 0 < x := by
              calc
                0 < (n : ℝ) := Nat.cast_pos.mpr hn
                _ ≤ (j : ℝ) := (Nat.cast_le (α := ℝ) |>.mpr (Set.mem_Ico.mp hjk |>.1))
                _ ≤ x := by simpa [show min (j : ℝ) (j + 1) = (j : ℝ) from min_eq_left (by nlinarith)] using hx.1
            exact (Complex.continuousAt_ofReal_cpow_const x (-s - 2) (Or.inr (ne_of_gt hpos))).continuousWithinAt
          have hco : ContinuousOn (fun x : ℝ => (B2 x : ℂ) * (x : ℂ) ^ (-s - 2)) (Set.Icc (j : ℝ) ((j + 1 : ℕ) : ℝ)) :=
            (hco2.mul hcohpoly).mono
              (by
                intro x hx
                rw [show (j : ℝ) + 1 = ((j + 1 : ℕ) : ℝ) from (Nat.cast_succ j).symm]
                exact hx)
          exact hco.intervalIntegrable_of_Icc (by norm_num))]
    rw [Finset.sum_congr rfl (fun j _ => by rw [show ((j + 1 : ℕ) : ℝ) = (j : ℝ) + 1 from Nat.cast_succ j])]
    apply Finset.sum_congr rfl
    intro j hj
    have hIC :
      Set.EqOn (fun x : ℝ => (B2 x : ℂ) * (x : ℂ) ^ (-s - 2)) (fun x : ℝ => (B2poly j x : ℂ) * (x : ℂ) ^ (-s - 2))
        (Set.uIcc (j : ℝ) (j + 1 : ℝ)) :=
      by
      intro x hx
      have hxIcc : x ∈ Set.Icc (j : ℝ) (j + 1 : ℝ) :=
        ⟨by simpa [show min (j : ℝ) (j + 1 : ℝ) = (j : ℝ) from min_eq_left (by nlinarith)] using hx.1, by
          simpa using hx.2⟩
      dsimp only [B2poly]
      rw [B2_of_Icc_int j hxIcc]
    exact
      (intervalIntegral.integral_congr (μ := (MeasureTheory.volume : Measure ℝ)) hIC)
        -- (2) B2 -> B3 (vanishing B3 boundary): period sum = (s+2)/3 · S3
        
  have h2 :
    (∑ j ∈ Finset.Ico n M, (∫ x in (j : ℝ)..(j + 1 : ℝ), (B2poly j x : ℂ) * (x : ℂ) ^ (-s - 2))) =
      S3 * ((s + 2 : ℂ) / 3) :=
    by
    have hper :
      (∑ j ∈ Finset.Ico n M, (∫ x in (j : ℝ)..(j + 1 : ℝ), (B2poly j x : ℂ) * (x : ℂ) ^ (-s - 2))) =
        (∑ j ∈ Finset.Ico n M,
          (s + 2 : ℂ) / 3 * (∫ x in (j : ℝ)..(j + 1 : ℝ), (B3poly (x - (j : ℝ)) : ℂ) * (x : ℂ) ^ (-s - 3))) :=
      by
      apply Finset.sum_congr rfl
      intro j hj
      have hjpos : 0 < j := by
        rw [Finset.mem_Ico] at hj
        omega
      have hraw :
        (∫ x in (j : ℝ)..(j + 1 : ℝ), (B2poly j x : ℂ) * (x : ℂ) ^ (-s - 2)) =
          (∫ x in (j : ℝ)..(j + 1 : ℝ), (((x - (j : ℝ)) ^ 2 - (x - (j : ℝ)) + 1 / 6 : ℂ) * (x : ℂ) ^ (-s - 2))) :=
        by
        have hIC :
          EqOn (fun x : ℝ => (B2poly j x : ℂ) * (x : ℂ) ^ (-s - 2))
            (fun x : ℝ => (((x - (j : ℝ)) ^ 2 - (x - (j : ℝ)) + 1 / 6 : ℂ) * (x : ℂ) ^ (-s - 2)))
            (Set.uIcc (j : ℝ) (j + 1 : ℝ)) :=
          by
          intro x _
          dsimp only [B2poly]
          simp [Complex.ofReal_div]
        exact (intervalIntegral.integral_congr (μ := (MeasureTheory.volume : Measure ℝ)) hIC)
      rw [hraw]
      exact (p4_25ae_ibp_b2to3 (s := s) hsre j hjpos)
    rw [hper, ← Finset.mul_sum]
    dsimp only [S3]
    ring
      -- (3) B3 -> B4: S3 = B4-boundary·Δu3 + (s+3)/4 · S4
      
  have h3 :
    S3 = (((B4poly 0) / 4) : ℂ) * (((M : ℝ) : ℂ) ^ (-s - 3) - ((n : ℝ) : ℂ) ^ (-s - 3)) + S4 * ((s + 3 : ℂ) / 4) :=
    by
    dsimp only [S3, S4]
    have hper :
      (∑ j ∈ Finset.Ico n M, (∫ x in (j : ℝ)..(j + 1 : ℝ), (B3poly (x - (j : ℝ)) : ℂ) * (x : ℂ) ^ (-s - 3))) =
        (∑ j ∈ Finset.Ico n M,
          ((((B4poly 0) / 4) : ℂ) * (((j + 1 : ℝ) : ℂ) ^ (-s - 3) - ((j : ℝ) : ℂ) ^ (-s - 3)) +
            (s + 3 : ℂ) / 4 * (∫ x in (j : ℝ)..(j + 1 : ℝ), (B4poly (x - (j : ℝ)) : ℂ) * (x : ℂ) ^ (-s - 4)))) :=
      by
      apply Finset.sum_congr rfl
      intro j hj
      have hjpos : 0 < j := by
        rw [Finset.mem_Ico] at hj
        omega
      exact (p4_25ae_ibp_b3to4 (s := s) hsre j hjpos)
    rw [hper, Finset.sum_add_distrib, ← Finset.mul_sum, p4_25ae_telescope_pow (p := (-s - 3 : ℂ)) n M hnm, ←
      Finset.mul_sum]
    ring
      -- (4) B4 -> B5 (vanishing B5 boundary): S4 = (s+4)/5 · S5
      
  have h4 : S4 = S5 * ((s + 4 : ℂ) / 5) := by
    dsimp only [S4, S5]
    have hper :
      (∑ j ∈ Finset.Ico n M, (∫ x in (j : ℝ)..(j + 1 : ℝ), (B4poly (x - (j : ℝ)) : ℂ) * (x : ℂ) ^ (-s - 4))) =
        (∑ j ∈ Finset.Ico n M,
          (s + 4 : ℂ) / 5 * (∫ x in (j : ℝ)..(j + 1 : ℝ), (B5poly (x - (j : ℝ)) : ℂ) * (x : ℂ) ^ (-s - 5))) :=
      by
      apply Finset.sum_congr rfl
      intro j hj
      have hjpos : 0 < j := by
        rw [Finset.mem_Ico] at hj
        omega
      simpa using (p4_25ae_ibp_b4to5 (s := s) hsre j hjpos)
    rw [hper, ← Finset.mul_sum]
    ring
      -- (5) B5 -> B6: S5 = B6-boundary·Δu5 + (s+5)/6 · S6
      
  have h5 :
    S5 = (((B6poly 0) / 6) : ℂ) * (((M : ℝ) : ℂ) ^ (-s - 5) - ((n : ℝ) : ℂ) ^ (-s - 5)) + S6 * ((s + 5 : ℂ) / 6) :=
    by
    dsimp only [S5, S6]
    have hper :
      (∑ j ∈ Finset.Ico n M, (∫ x in (j : ℝ)..(j + 1 : ℝ), (B5poly (x - (j : ℝ)) : ℂ) * (x : ℂ) ^ (-s - 5))) =
        (∑ j ∈ Finset.Ico n M,
          ((((B6poly 0) / 6) : ℂ) * (((j + 1 : ℝ) : ℂ) ^ (-s - 5) - ((j : ℝ) : ℂ) ^ (-s - 5)) +
            (s + 5 : ℂ) / 6 * (∫ x in (j : ℝ)..(j + 1 : ℝ), (B6poly (x - (j : ℝ)) : ℂ) * (x : ℂ) ^ (-s - 6)))) :=
      by
      apply Finset.sum_congr rfl
      intro j hj
      have hjpos : 0 < j := by
        rw [Finset.mem_Ico] at hj
        omega
      exact (p4_25ae_ibp_b5to6 (s := s) hsre j hjpos)
    rw [hper, Finset.sum_add_distrib, ← Finset.mul_sum, p4_25ae_telescope_pow (p := (-s - 5 : ℂ)) n M hnm, ←
      Finset.mul_sum]
    ring
      -- (6) B6 -> B7 (vanishing B7 boundary): S6 = (s+6)/7 · S7
      
  have h6 : S6 = S7 * ((s + 6 : ℂ) / 7) := by
    dsimp only [S6, S7]
    have hper :
      (∑ j ∈ Finset.Ico n M, (∫ x in (j : ℝ)..(j + 1 : ℝ), (B6poly (x - (j : ℝ)) : ℂ) * (x : ℂ) ^ (-s - 6))) =
        (∑ j ∈ Finset.Ico n M,
          (s + 6 : ℂ) / 7 * (∫ x in (j : ℝ)..(j + 1 : ℝ), (B7poly (x - (j : ℝ)) : ℂ) * (x : ℂ) ^ (-s - 7))) :=
      by
      apply Finset.sum_congr rfl
      intro j hj
      have hjpos : 0 < j := by
        rw [Finset.mem_Ico] at hj
        omega
      simpa using (p4_25ae_ibp_b6to7 (s := s) hsre j hjpos)
    rw [hper, ← Finset.mul_sum]
    ring
      -- (7) B7 -> B8: S7 = B8-boundary·Δu7 + (s+7)/8 · S8
      
  have h7 :
    S7 = (((B8poly 0) / 8) : ℂ) * (((M : ℝ) : ℂ) ^ (-s - 7) - ((n : ℝ) : ℂ) ^ (-s - 7)) + S8 * ((s + 7 : ℂ) / 8) :=
    by
    dsimp only [S7, S8]
    have hper :
      (∑ j ∈ Finset.Ico n M, (∫ x in (j : ℝ)..(j + 1 : ℝ), (B7poly (x - (j : ℝ)) : ℂ) * (x : ℂ) ^ (-s - 7))) =
        (∑ j ∈ Finset.Ico n M,
          ((((B8poly 0) / 8) : ℂ) * (((j + 1 : ℝ) : ℂ) ^ (-s - 7) - ((j : ℝ) : ℂ) ^ (-s - 7)) +
            (s + 7 : ℂ) / 8 * (∫ x in (j : ℝ)..(j + 1 : ℝ), (B8poly (x - (j : ℝ)) : ℂ) * (x : ℂ) ^ (-s - 8)))) :=
      by
      apply Finset.sum_congr rfl
      intro j hj
      have hjpos : 0 < j := by
        rw [Finset.mem_Ico] at hj
        omega
      exact (p4_25ae_ibp_b7to8 (s := s) hsre j hjpos)
    rw [hper, Finset.sum_add_distrib, ← Finset.mul_sum, p4_25ae_telescope_pow (p := (-s - 7 : ℂ)) n M hnm, ←
      Finset.mul_sum]
    ring
      -- (8) assemble the ladder
      
  calc
    (∫ x in (n : ℝ)..(M : ℝ), (B2 x : ℂ) * (x : ℂ) ^ (-s - 2))
    _ = (∑ j ∈ Finset.Ico n M, (∫ x in (j : ℝ)..(j + 1 : ℝ), (B2poly j x : ℂ) * (x : ℂ) ^ (-s - 2))) := h1
    _ = S3 * ((s + 2 : ℂ) / 3) := h2
    _ = ((s + 2 : ℂ) / 3) * S3 := by ring
    _ =
        ((s + 2 : ℂ) / 3) * (((B4poly 0) / 4) : ℂ) * (((M : ℝ) : ℂ) ^ (-s - 3) - ((n : ℝ) : ℂ) ^ (-s - 3)) +
              ((s + 2 : ℂ) * (s + 3) * (s + 4) / 60) * (((B6poly 0) / 6) : ℂ) *
                (((M : ℝ) : ℂ) ^ (-s - 5) - ((n : ℝ) : ℂ) ^ (-s - 5)) +
            ((s + 2 : ℂ) * (s + 3) * (s + 4) * (s + 5) * (s + 6) / 2520) * (((B8poly 0) / 8) : ℂ) *
              (((M : ℝ) : ℂ) ^ (-s - 7) - ((n : ℝ) : ℂ) ^ (-s - 7)) +
          ((s + 2 : ℂ) * (s + 3) * (s + 4) * (s + 5) * (s + 6) * (s + 7) / 20160) * S8 :=
      by
      rw [mul_comm, h3, h4, h5, h6, h7]
      ring
    _ =
        ((s + 2 : ℂ) / 3) * (((B4poly 0) / 4) : ℂ) * (((M : ℝ) : ℂ) ^ (-s - 3) - ((n : ℝ) : ℂ) ^ (-s - 3)) +
              ((s + 2 : ℂ) * (s + 3) * (s + 4) / 60) * (((B6poly 0) / 6) : ℂ) *
                (((M : ℝ) : ℂ) ^ (-s - 5) - ((n : ℝ) : ℂ) ^ (-s - 5)) +
            ((s + 2 : ℂ) * (s + 3) * (s + 4) * (s + 5) * (s + 6) / 2520) * (((B8poly 0) / 8) : ℂ) *
              (((M : ℝ) : ℂ) ^ (-s - 7) - ((n : ℝ) : ℂ) ^ (-s - 7)) +
          ((s + 2 : ℂ) * (s + 3) * (s + 4) * (s + 5) * (s + 6) * (s + 7) / 20160) *
            (∑ j ∈ Finset.Ico n M, (∫ x in (j : ℝ)..(j + 1 : ℝ), (B8poly (x - (j : ℝ)) : ℂ) * (x : ℂ) ^ (-s - 8))) :=
      by dsimp only [S8]' starts on column 2, but all commands should start at the beginning of the line.

Note: This linter can be disabled with `set_option linter.style.whitespace false`
warning: RhAttack/P4Limit.lean:2902:100: This line exceeds the 100 character limit, please shorten it!

Note: This linter can be disabled with `set_option linter.style.longLine false`
warning: RhAttack/P4Limit.lean:2896:2: 'theorem p4_B8cpw8_integrableOn_Ioi {s : ℂ} (hsre : s.re > -7) {c : ℝ} (hc : 0 < c) :
    IntegrableOn (fun x : ℝ => (B8 x : ℂ) * (x : ℂ) ^ (-s - 8)) (Set.Ioi c) :=
  by
  have hB8aes : AEStronglyMeasurable (fun x : ℝ => (B8 x : ℂ)) (volume.restrict (Set.Ioi c)) := by
    exact
      (AEStronglyMeasurable.mono_measure
        (Continuous.comp_aestronglyMeasurable (hg := Complex.continuous_ofReal)
          (aestronglyMeasurable_B8 : AEStronglyMeasurable B8))
        ((Measure.restrict_mono (Set.Ioi c).subset_univ le_rfl).trans (le_of_eq Measure.restrict_univ)))
  have hcpwcont : ContinuousOn (fun x : ℝ => (x : ℂ) ^ (-s - 8)) (Set.Ioi c) :=
    by
    intro x hx
    have hcxt : c < x := Set.mem_Ioi.mp hx
    exact (Complex.continuousAt_ofReal_cpow_const x (-s - 8) (Or.inr (ne_of_gt (hc.trans hcxt)))).continuousWithinAt
  have hcpwae : AEStronglyMeasurable (fun x : ℝ => (x : ℂ) ^ (-s - 8)) (volume.restrict (Set.Ioi c)) :=
    ContinuousOn.aestronglyMeasurable hcpwcont measurableSet_Ioi
  have hRpow : Integrable (fun x : ℝ => x ^ (-(s.re + 8))) (volume.restrict (Set.Ioi c)) :=
    (integrableOn_Ioi_rpow_of_lt (by linarith [hsre]) hc).integrable
  have hMajor : HasFiniteIntegral (fun x : ℝ => (1 / 30 : ℝ) * x ^ (-(s.re + 8))) (volume.restrict (Set.Ioi c)) :=
    Integrable.hasFiniteIntegral (hRpow.const_mul (1 / 30 : ℝ))
  constructor
  · exact hB8aes.mul hcpwae
  · rw [← hasFiniteIntegral_norm_iff]
    exact
      HasFiniteIntegral.mono' hMajor
        (by
          rw [ae_restrict_iff' measurableSet_Ioi]
          exact
            MeasureTheory.ae_of_all (μ := (volume : Measure ℝ))
              (fun x hx => by
                have hxpos : 0 < x := hc.trans hx
                have h1 : ‖(‖(B8 x : ℂ) * (x : ℂ) ^ (-s - 8)‖ : ℝ)‖ = ‖(B8 x : ℂ) * (x : ℂ) ^ (-s - 8)‖ := by simp
                rw [h1]
                calc
                  ‖(B8 x : ℂ) * (x : ℂ) ^ (-s - 8)‖
                  _ = ‖(B8 x : ℂ)‖ * ‖(x : ℂ) ^ (-s - 8)‖ := by rw [norm_mul]
                  _ ≤ (1 / 30) * x ^ (-(s.re + 8)) :=
                    by
                    rw [Complex.norm_cpow_eq_rpow_re_of_pos hxpos (-s - 8),
                      show (-s - 8 : ℂ).re = -(s.re + 8) from by
                        rw [show (-(s : ℂ) - 8 : ℂ) = -((s : ℂ) + 8) from by ring, Complex.neg_re, Complex.add_re,
                          show (8 : ℂ).re = 8 from by norm_num]]
                    gcongr
                    calc
                      ‖(B8 x : ℂ)‖
                      _ = Real.sqrt (B8 x ^ 2) := by rw [Complex.norm_def, Complex.normSq_ofReal, ← pow_two]
                      _ = |B8 x| := by rw [Real.sqrt_sq_eq_abs]
                      _ ≤ 1 / 30 :=
                        abs_B8_le
                          hxpos.le))' starts on column 2, but all commands should start at the beginning of the line.

Note: This linter can be disabled with `set_option linter.style.whitespace false`
warning: RhAttack/P4Limit.lean:2944:2: 'theorem p4_B8cpw8_tendsto {s : ℂ} (hsre : s.re > -7) (n : ℕ) (hn : 0 < n) :
    Tendsto (fun M : ℝ => ∫ x in (n : ℝ)..M, (B8 x : ℂ) * (x : ℂ) ^ (-s - 8)) atTop
      (𝓝 (∫ x : ℝ in Set.Ioi (n : ℝ), (B8 x : ℂ) * (x : ℂ) ^ (-s - 8))) :=
  intervalIntegral_tendsto_integral_Ioi (a := (n : ℝ)) (p4_B8cpw8_integrableOn_Ioi hsre (Nat.cast_pos.mpr hn))
    tendsto_id' starts on column 2, but all commands should start at the beginning of the line.

Note: This linter can be disabled with `set_option linter.style.whitespace false`
warning: RhAttack/P4Limit.lean:2960:6: try 'simp' instead of 'simpa'

Note: This linter can be disabled with `set_option linter.unnecessarySimpa false`
warning: RhAttack/P4Limit.lean:2960:61: this tactic is never executed

Note: This linter can be disabled with `set_option linter.unreachableTactic false`
warning: RhAttack/P4Limit.lean:2960:61: Unused tactic linter: `norm_cast` does nothing

Note: This linter can be disabled with `set_option linter.unusedTactic false`
warning: RhAttack/P4Limit.lean:2955:2: 'theorem p4_25ae_cpwtendsto0 {s : ℂ} (hsre : s.re = 1 / 2) (k : ℕ) (hk : 3 ≤ k) :
    Tendsto (fun M : ℝ => ((M : ℝ) : ℂ) ^ (-s - k)) atTop (𝓝 0) :=
  by
  have hexp : (-s - k : ℂ).re = -(s.re + (k : ℝ)) :=
    by
    rw [show (-(s : ℂ) - (k : ℂ) : ℂ) = -((s : ℂ) + (k : ℂ)) from by ring, Complex.neg_re, Complex.add_re]
    simpa using (show (((k : ℕ) : ℂ)).re = (k : ℝ) from by norm_cast)
  have hposy : 0 < s.re + (k : ℝ) := by
    have hsk : 3 ≤ (k : ℝ) := Nat.cast_le.mpr hk
    linarith [hsre, hsk]
  have hae : ∀ᶠ (M : ℝ) in atTop, ‖((M : ℝ) : ℂ) ^ (-s - k)‖ = M ^ (-(s.re + (k : ℝ))) :=
    by
    filter_upwards [Filter.eventually_gt_atTop (0 : ℝ)] with M hM
    rw [Complex.norm_cpow_eq_rpow_re_of_pos hM (-s - k), hexp]
  have hae2 : (fun x : ℝ => x ^ (-(s.re + (k : ℝ)))) =ᶠ[atTop] (fun M : ℝ => ‖((M : ℝ) : ℂ) ^ (-s - k)‖) :=
    by
    filter_upwards [Filter.eventually_gt_atTop (0 : ℝ)] with M hM
    rw [Complex.norm_cpow_eq_rpow_re_of_pos hM (-s - k), hexp]
  have hnorm : Tendsto (fun M : ℝ => ‖((M : ℝ) : ℂ) ^ (-s - k)‖) atTop (𝓝 (0 : ℝ)) :=
    Tendsto.congr' hae2 (tendsto_rpow_neg_atTop hposy)
  exact
    (NormedAddGroup.tendsto_nhds_zero (α := ℝ) (E := ℂ)).mpr fun ε hε =>
      by
      have hball : ((fun M : ℝ => ‖((M : ℝ) : ℂ) ^ (-s - k)‖)) ⁻¹' Metric.ball (0 : ℝ) ε ∈ atTop := by
        exact ((tendsto_def.mp hnorm) (Metric.ball (0 : ℝ) ε) (Metric.ball_mem_nhds (0 : ℝ) hε))
      change {M : ℝ | ‖((M : ℝ) : ℂ) ^ (-s - k)‖ < ε} ∈ atTop
      exact
        mem_of_superset hball
          (by
            intro M hM
            simpa using hM)' starts on column 2, but all commands should start at the beginning of the line.

Note: This linter can be disabled with `set_option linter.style.whitespace false`
warning: RhAttack/P4Limit.lean:2987:42: Variable name `hsre` is not explicitly referenced.

Hint: The binding can be removed (if unused) or named `_` (if used implicitly). Alternatively, prefix the name with `_` to silence this warning:
  [apply] _hsre

Note: This linter can be disabled with `set_option linter.unusedVariables false`
warning: RhAttack/P4Limit.lean:3002:100: This line exceeds the 100 character limit, please shorten it!

Note: This linter can be disabled with `set_option linter.style.longLine false`
warning: RhAttack/P4Limit.lean:3013:100: This line exceeds the 100 character limit, please shorten it!

Note: This linter can be disabled with `set_option linter.style.longLine false`
warning: RhAttack/P4Limit.lean:3032:100: This line exceeds the 100 character limit, please shorten it!

Note: This linter can be disabled with `set_option linter.style.longLine false`
warning: RhAttack/P4Limit.lean:2987:2: 'theorem p4_25ae_S8_eq_interval {s : ℂ} (hsre : s.re = 1 / 2) (n M : ℕ) (hn : 0 < n) (hnm : n ≤ M) :
    (∑ j ∈ Finset.Ico n M, (∫ x in (j : ℝ)..(j + 1 : ℝ), (B8poly (x - (j : ℝ)) : ℂ) * (x : ℂ) ^ (-s - 8))) =
      ∫ x in (n : ℝ)..(M : ℝ), (B8 x : ℂ) * (x : ℂ) ^ (-s - 8) :=
  by
  rw [←
    sum_integral_adjacent_intervals_Ico (a := fun k : ℕ => (k : ℝ)) hnm
      (fun (j : ℕ) hjk =>
        by
        have hco8 : ContinuousOn (fun x : ℝ => (B8 x : ℂ)) (Set.Icc (j : ℝ) (j + 1 : ℝ)) :=
          by
          have hpoly : ContinuousOn (fun x : ℝ => (B8poly (x - (j : ℝ)) : ℂ)) (Set.Icc (j : ℝ) (j + 1 : ℝ)) :=
            by
            dsimp only [B8poly]
            fun_prop
          exact
            ContinuousOn.congr hpoly
              (by
                intro x hx
                have hxIcc : x ∈ Set.Icc (j : ℝ) (j + 1 : ℝ) :=
                  ⟨by simpa [show min (j : ℝ) (j + 1 : ℝ) = (j : ℝ) from min_eq_left (by nlinarith)] using hx.1, by
                    simpa using hx.2⟩
                dsimp only
                rw [B8_of_Icc_int (n := (j : ℕ)) hxIcc])
        have hcohp8 : ContinuousOn (fun x : ℝ => (x : ℂ) ^ (-s - 8)) (Set.Icc (j : ℝ) (j + 1 : ℝ)) :=
          by
          intro x hx
          have hpos : 0 < x := by
            calc
              0 < (n : ℝ) := Nat.cast_pos.mpr hn
              _ ≤ (j : ℝ) := (Nat.cast_le (α := ℝ) |>.mpr (Set.mem_Ico.mp hjk |>.1))
              _ ≤ x := by simpa [show min (j : ℝ) (j + 1) = (j : ℝ) from min_eq_left (by nlinarith)] using hx.1
          exact (Complex.continuousAt_ofReal_cpow_const x (-s - 8) (Or.inr (ne_of_gt hpos))).continuousWithinAt
        have hco : ContinuousOn (fun x : ℝ => (B8 x : ℂ) * (x : ℂ) ^ (-s - 8)) (Set.Icc (j : ℝ) ((j + 1 : ℕ) : ℝ)) :=
          (hco8.mul hcohp8).mono
            (by
              intro x hx
              rw [show (j : ℝ) + 1 = ((j + 1 : ℕ) : ℝ) from (Nat.cast_succ j).symm]
              exact hx)
        exact hco.intervalIntegrable_of_Icc (by norm_num))]
  rw [Finset.sum_congr rfl (fun j _ => by rw [(Nat.cast_succ j).symm])]
  apply Finset.sum_congr rfl
  intro j hj
  have hIC :
    Set.EqOn (fun x : ℝ => (B8poly (x - (j : ℝ)) : ℂ) * (x : ℂ) ^ (-s - 8))
      (fun x : ℝ => (B8 x : ℂ) * (x : ℂ) ^ (-s - 8)) (Set.uIcc (j : ℝ) ((j + 1 : ℕ) : ℝ)) :=
    by
    intro x hx
    have hxIcc : x ∈ Set.Icc (j : ℝ) (j + 1 : ℝ) :=
      ⟨by simpa [show min (j : ℝ) (j + 1 : ℝ) = (j : ℝ) from min_eq_left (by nlinarith)] using hx.1, by
        simpa using hx.2⟩
    dsimp only
    rw [B8_of_Icc_int (n := (j : ℕ)) hxIcc]
  exact
    (intervalIntegral.integral_congr (μ := (MeasureTheory.volume : Measure ℝ))
      hIC)' starts on column 2, but all commands should start at the beginning of the line.

Note: This linter can be disabled with `set_option linter.style.whitespace false`
warning: RhAttack/P4Limit.lean:3056:6: Unused tactic linter: `change
  ∫ x in (n : ℝ)..(M : ℝ), (B8 x : ℂ) * (x : ℂ) ^ (-s - 8) =
    ∑ j ∈ Finset.Ico n M, (∫ x in (j : ℝ)..(j + 1 : ℝ), (B8poly (x - (j : ℝ)) : ℂ) * (x : ℂ) ^ (-s - 8))` does nothing

Note: This linter can be disabled with `set_option linter.unusedTactic false`
warning: RhAttack/P4Limit.lean:3042:2: 'theorem p4_25ae_S8_tendsto {s : ℂ} (hsre : s.re = 1 / 2) (n : ℕ) (hn : 0 < n) :
    Tendsto
      (fun M : ℕ =>
        ∑ j ∈ Finset.Ico n M, (∫ x in (j : ℝ)..(j + 1 : ℝ), (B8poly (x - (j : ℝ)) : ℂ) * (x : ℂ) ^ (-s - 8)))
      atTop (𝓝 (∫ x : ℝ in Set.Ioi (n : ℝ), (B8 x : ℂ) * (x : ℂ) ^ (-s - 8))) :=
  by
  have hsre' : s.re > -7 := by
    rw [hsre]
    norm_num
  have hfin := Tendsto.comp (p4_B8cpw8_tendsto (s := s) hsre' n hn) (tendsto_natCast_atTop_atTop (R := ℝ))
  have hpoint :
    (fun M : ℕ => (fun b : ℝ => ∫ x in (n : ℝ)..b, (B8 x : ℂ) * (x : ℂ) ^ (-s - 8)) (M : ℝ)) =ᶠ[atTop]
      (fun M : ℕ =>
        ∑ j ∈ Finset.Ico n M, (∫ x in (j : ℝ)..(j + 1 : ℝ), (B8poly (x - (j : ℝ)) : ℂ) * (x : ℂ) ^ (-s - 8))) :=
    by
    filter_upwards [Ici_mem_atTop (n : ℕ)] with M hM
    change
      ∫ x in (n : ℝ)..(M : ℝ), (B8 x : ℂ) * (x : ℂ) ^ (-s - 8) =
        ∑ j ∈ Finset.Ico n M, (∫ x in (j : ℝ)..(j + 1 : ℝ), (B8poly (x - (j : ℝ)) : ℂ) * (x : ℂ) ^ (-s - 8))
    rw [p4_25ae_S8_eq_interval (s := s) hsre n M hn hM]
  exact Tendsto.congr' hpoint hfin' starts on column 2, but all commands should start at the beginning of the line.

Note: This linter can be disabled with `set_option linter.style.whitespace false`
warning: RhAttack/P4Limit.lean:3068:2: 'theorem p4_25ae_J_iota {s : ℂ} (hsre : s.re = 1 / 2) (n : ℕ) (hn : 0 < n) :
    Tendsto (fun M : ℕ => ∫ x in (n : ℝ)..(M : ℝ), (B2 x : ℂ) * (x : ℂ) ^ (-s - 2)) atTop
      (𝓝
        (((s + 2 : ℂ) / 3) * (((B4poly 0) / 4) : ℂ) * (0 - ((n : ℝ) : ℂ) ^ (-s - 3)) +
              ((s + 2 : ℂ) * (s + 3) * (s + 4) / 60) * (((B6poly 0) / 6) : ℂ) * (0 - ((n : ℝ) : ℂ) ^ (-s - 5)) +
            ((s + 2 : ℂ) * (s + 3) * (s + 4) * (s + 5) * (s + 6) / 2520) * (((B8poly 0) / 8) : ℂ) *
              (0 - ((n : ℝ) : ℂ) ^ (-s - 7)) +
          ((s + 2 : ℂ) * (s + 3) * (s + 4) * (s + 5) * (s + 6) * (s + 7) / 20160) *
            (∫ x : ℝ in Set.Ioi (n : ℝ), (B8 x : ℂ) * (x : ℂ) ^ (-s - 8)))) :=
  by
  set A := ((s + 2 : ℂ) / 3) * (((B4poly 0) / 4) : ℂ) with hA
  set B := ((s + 2 : ℂ) * (s + 3) * (s + 4) / 60) * (((B6poly 0) / 6) : ℂ) with hB
  set C := ((s + 2 : ℂ) * (s + 3) * (s + 4) * (s + 5) * (s + 6) / 2520) * (((B8poly 0) / 8) : ℂ) with hC
  set D := ((s + 2 : ℂ) * (s + 3) * (s + 4) * (s + 5) * (s + 6) * (s + 7) / 20160) with hD
  have hv (k : ℕ) (hk : 3 ≤ k) : Tendsto (fun M : ℕ => ((M : ℝ) : ℂ) ^ (-s - k)) atTop (𝓝 0) :=
    by
    convert Tendsto.comp (p4_25ae_cpwtendsto0 (s := s) hsre (k := k) hk) (tendsto_natCast_atTop_atTop (R := ℝ)) using 1
    funext M
    norm_num [show ↑((k : ℕ) : ℂ) = (k : ℂ) from by norm_cast]
      -- the four summands of the J_finite RHS with their M -> oo limits
      
  have h3 :
    Tendsto (fun M : ℕ => A * (((M : ℝ) : ℂ) ^ (-s - 3) - ((n : ℝ) : ℂ) ^ (-s - 3))) atTop
      (𝓝 (A * (0 - ((n : ℝ) : ℂ) ^ (-s - 3)))) :=
    Tendsto.const_mul (A : ℂ) (Tendsto.sub (hv 3 (by norm_num)) (tendsto_const_nhds))
  have h5 :
    Tendsto (fun M : ℕ => B * (((M : ℝ) : ℂ) ^ (-s - 5) - ((n : ℝ) : ℂ) ^ (-s - 5))) atTop
      (𝓝 (B * (0 - ((n : ℝ) : ℂ) ^ (-s - 5)))) :=
    Tendsto.const_mul (B : ℂ) (Tendsto.sub (hv 5 (by norm_num)) (tendsto_const_nhds))
  have h7 :
    Tendsto (fun M : ℕ => C * (((M : ℝ) : ℂ) ^ (-s - 7) - ((n : ℝ) : ℂ) ^ (-s - 7))) atTop
      (𝓝 (C * (0 - ((n : ℝ) : ℂ) ^ (-s - 7)))) :=
    Tendsto.const_mul (C : ℂ) (Tendsto.sub (hv 7 (by norm_num)) (tendsto_const_nhds))
  have h8 :
    Tendsto
      (fun M : ℕ =>
        D * (∑ j ∈ Finset.Ico n M, (∫ x in (j : ℝ)..(j + 1 : ℝ), (B8poly (x - (j : ℝ)) : ℂ) * (x : ℂ) ^ (-s - 8))))
      atTop (𝓝 (D * (∫ x : ℝ in Set.Ioi (n : ℝ), (B8 x : ℂ) * (x : ℂ) ^ (-s - 8)))) :=
    Tendsto.const_mul (D : ℂ)
      (p4_25ae_S8_tendsto (s := s) hsre n hn)
        -- the full J_finite-RHS sum with the combined limit
        
  have hsum := Tendsto.add (Tendsto.add (Tendsto.add h3 h5) h7) h8
  have hpoint :
    (fun M : ℕ =>
        A * (((M : ℝ) : ℂ) ^ (-s - 3) - ((n : ℝ) : ℂ) ^ (-s - 3)) +
              B * (((M : ℝ) : ℂ) ^ (-s - 5) - ((n : ℝ) : ℂ) ^ (-s - 5)) +
            C * (((M : ℝ) : ℂ) ^ (-s - 7) - ((n : ℝ) : ℂ) ^ (-s - 7)) +
          D *
            (∑ j ∈ Finset.Ico n M,
              (∫ x in (j : ℝ)..(j + 1 : ℝ), (B8poly (x - (j : ℝ)) : ℂ) * (x : ℂ) ^ (-s - 8)))) =ᶠ[atTop]
      (fun M : ℕ => ∫ x in (n : ℝ)..(M : ℝ), (B2 x : ℂ) * (x : ℂ) ^ (-s - 2)) :=
    by
    filter_upwards [Ici_mem_atTop (n : ℕ)] with M hM
    exact (p4_25ae_J_finite (s := s) hsre n M hn hM).symm
  exact Tendsto.congr' hpoint hsum' starts on column 2, but all commands should start at the beginning of the line.

Note: This linter can be disabled with `set_option linter.style.whitespace false`
warning: RhAttack/P4Limit.lean:3166:54: `Set.diff_empty` has been deprecated: Use `Set.sdiff_empty` instead
warning: RhAttack/P4Limit.lean:3153:100: This line exceeds the 100 character limit, please shorten it!

Note: This linter can be disabled with `set_option linter.style.longLine false`
warning: RhAttack/P4Limit.lean:3134:2: 'theorem p4_25ae_int_Icc_rpow172 {n M : ℝ} (hn : 0 < n) (hnm : n ≤ M) :
    (∫ x in n..M, x ^ (-(17 / 2 : ℝ))) = (2 / 15 : ℝ) * (n ^ (-(15 / 2 : ℝ)) - M ^ (-(15 / 2 : ℝ))) :=
  by
  set F := fun x : ℝ => (-2 / 15 : ℝ) * x ^ (-(15 / 2 : ℝ)) with hF
  have hder : ∀ x ∈ Ioo n M, HasDerivAt F ((x : ℝ) ^ (-(17 / 2 : ℝ))) x :=
    by
    intro x hx
    have hxpos : 0 < x := by linarith [hx.1]
    have hrpow := hasDerivAt_rpow_const (Or.inl (ne_of_gt hxpos)) (p := (-(15 / 2 : ℝ)))
    have hc : (-2 / 15 : ℝ) * ((-(15 / 2 : ℝ)) * x ^ (-(15 / 2 : ℝ) - 1)) = (x : ℝ) ^ (-(17 / 2 : ℝ)) :=
      by
      rw [show (-(15 / 2 : ℝ)) - 1 = (-(17 / 2 : ℝ)) from by ring]
      ring
    exact (HasDerivAt.const_mul ((-2 / 15 : ℝ)) hrpow).congr_deriv hc
  have hFcont : ContinuousOn F (Set.Icc n M) := by
    intro x hx
    have hxpos : 0 < x := by linarith [hx.1]
    dsimp only [F]
    exact
      (HasDerivAt.const_mul ((-2 / 15 : ℝ))
          (hasDerivAt_rpow_const (Or.inl (ne_of_gt hxpos)) (p := (-(15 / 2 : ℝ))))).continuousAt.continuousWithinAt
  have hfcont : ContinuousOn (fun x : ℝ => x ^ (-(17 / 2 : ℝ))) (Set.Icc n M) :=
    by
    intro x hx
    have hxpos : 0 < x := by linarith [hx.1]
    exact (hasDerivAt_rpow_const (Or.inl (ne_of_gt hxpos)) (p := (-(17 / 2 : ℝ)))).continuousAt.continuousWithinAt
  have hFTC : (∫ x in n..M, (fun x : ℝ => x ^ (-(17 / 2 : ℝ))) x) = F M - F n :=
    integral_eq_of_hasDerivAt_off_countable (f := F) (f' := fun x : ℝ => x ^ (-(17 / 2 : ℝ))) (a := n) (b := M) (s :=
      (∅ : Set ℝ)) Set.countable_empty (hFcont.mono ((Set.uIcc_of_le hnm).le))
      (by
        intro x hx
        have hx' : x ∈ Ioo n M := by simpa [min_eq_left hnm, max_eq_right hnm, Set.diff_empty] using hx
        exact hder x hx')
      (hfcont.intervalIntegrable_of_Icc (by linarith))
  change
    (∫ x in n..M, (fun x : ℝ => x ^ (-(17 / 2 : ℝ))) x) = (2 / 15 : ℝ) * (n ^ (-(15 / 2 : ℝ)) - M ^ (-(15 / 2 : ℝ)))
  rw [hFTC]
  dsimp only [F]
  ring' starts on column 2, but all commands should start at the beginning of the line.

Note: This linter can be disabled with `set_option linter.style.whitespace false`
warning: RhAttack/P4Limit.lean:3180:2: 'theorem p4_25ae_int_Ioi_rpow172 (n : ℕ) (hn : 0 < n) :
    (∫ x : ℝ in Set.Ioi (n : ℝ), x ^ (-(17 / 2 : ℝ))) = (2 / 15 : ℝ) * (n : ℝ) ^ (-(15 / 2 : ℝ)) :=
  by
  have hInt : IntegrableOn (fun x : ℝ => x ^ (-(17 / 2 : ℝ))) (Set.Ioi (n : ℝ)) :=
    integrableOn_Ioi_rpow_of_lt (by norm_num) (Nat.cast_pos.mpr hn)
  have hIoi :
    Tendsto (fun M : ℝ => ∫ x in (n : ℝ)..M, x ^ (-(17 / 2 : ℝ))) atTop
      (𝓝 (∫ x : ℝ in Set.Ioi (n : ℝ), x ^ (-(17 / 2 : ℝ)))) :=
    intervalIntegral_tendsto_integral_Ioi (a := (n : ℝ)) hInt tendsto_id
  have hM : Tendsto (fun M : ℝ => M ^ (-(15 / 2 : ℝ))) atTop (𝓝 0) := tendsto_rpow_neg_atTop (by norm_num)
  have hconst : Tendsto (fun _ : ℝ => (n : ℝ) ^ (-(15 / 2 : ℝ))) atTop (𝓝 ((n : ℝ) ^ (-(15 / 2 : ℝ)))) :=
    tendsto_const_nhds
  have hsub0 :
    Tendsto (fun M : ℝ => (n : ℝ) ^ (-(15 / 2 : ℝ)) - M ^ (-(15 / 2 : ℝ))) atTop (𝓝 ((n : ℝ) ^ (-(15 / 2 : ℝ)) - 0)) :=
    Tendsto.sub hconst hM
  have hsub :
    Tendsto (fun M : ℝ => (n : ℝ) ^ (-(15 / 2 : ℝ)) - M ^ (-(15 / 2 : ℝ))) atTop (𝓝 ((n : ℝ) ^ (-(15 / 2 : ℝ)))) :=
    Tendsto.mono_right hsub0
      (by
        apply le_of_eq
        exact congrArg (𝓝) (sub_zero _))
  have hformula :
    Tendsto (fun M : ℝ => (2 / 15 : ℝ) * ((n : ℝ) ^ (-(15 / 2 : ℝ)) - M ^ (-(15 / 2 : ℝ)))) atTop
      (𝓝 ((2 / 15 : ℝ) * (n : ℝ) ^ (-(15 / 2 : ℝ)))) :=
    Tendsto.const_mul ((2 / 15 : ℝ)) hsub
  have hae :
    (fun M : ℝ => (2 / 15 : ℝ) * ((n : ℝ) ^ (-(15 / 2 : ℝ)) - M ^ (-(15 / 2 : ℝ)))) =ᶠ[atTop]
      (fun M : ℝ => ∫ x in (n : ℝ)..M, x ^ (-(17 / 2 : ℝ))) :=
    by
    filter_upwards [Filter.eventually_gt_atTop (n : ℝ)] with M hMn
    exact (p4_25ae_int_Icc_rpow172 (n := (n : ℝ)) (M := M) (Nat.cast_pos.mpr hn) (le_of_lt hMn)).symm
  exact
    tendsto_nhds_unique hIoi
      (Tendsto.congr' hae hformula)' starts on column 2, but all commands should start at the beginning of the line.

Note: This linter can be disabled with `set_option linter.style.whitespace false`
warning: RhAttack/P4Limit.lean:3304:8: The `show` tactic should only be used to indicate intermediate goal states for readability.
However, this tactic invocation changed the goal. Please use `change` instead for these purposes.

Note: This linter can be disabled with `set_option linter.style.show false`
warning: RhAttack/P4Limit.lean:3219:2: 'theorem p4_25ae_I8_bound {s : ℂ} (hsre : s.re = 1 / 2) (n : ℕ) (hn : 0 < n) :
    ‖(∫ x : ℝ in Set.Ioi (n : ℝ), (B8 x : ℂ) * (x : ℂ) ^ (-s - 8))‖ ≤ (n : ℝ) ^ (-(15 / 2 : ℝ)) / 225 :=
  by
  set kern := fun x : ℝ => (B8 x : ℂ) * (x : ℂ) ^ (-s - 8) with hkern
  have hre8 : s.re + 8 = (17 / 2 : ℝ) := by
    rw [hsre]
    norm_num
  have hpw : (-s - 8 : ℂ).re = -(s.re + 8) := by
    rw [show (-(s : ℂ) - 8 : ℂ) = -((s : ℂ) + 8) from by ring, Complex.neg_re, Complex.add_re,
      show (8 : ℂ).re = 8 from by norm_num]
      -- pointwise majorant for x > 0
      
  have hest (x : ℝ) (hx : 0 < x) : ‖(B8 x : ℂ) * (x : ℂ) ^ (-s - 8)‖ ≤ (1 / 30 : ℝ) * x ^ (-(17 / 2 : ℝ)) := by
    calc
      ‖(B8 x : ℂ) * (x : ℂ) ^ (-s - 8)‖
      _ = ‖(B8 x : ℂ)‖ * ‖(x : ℂ) ^ (-s - 8)‖ := by rw [norm_mul]
      _ ≤ (1 / 30) * x ^ (-(s.re + 8)) :=
        by
        rw [Complex.norm_cpow_eq_rpow_re_of_pos hx (-s - 8), hpw]
        gcongr
        calc
          ‖(B8 x : ℂ)‖
          _ = Real.sqrt (B8 x ^ 2) := by rw [Complex.norm_def, Complex.normSq_ofReal, ← pow_two]
          _ = |B8 x| := by rw [Real.sqrt_sq_eq_abs]
          _ ≤ 1 / 30 := abs_B8_le hx.le
      _ = (1 / 30) * x ^ (-(17 / 2 : ℝ)) := by
        rw [hre8]
          -- (1) |integral| <= the integral of the norm (restricted-measure form;
              --     verified by probe: simpa closes the indicator/variation bridge)
          
  have h1 :
    ‖(∫ x : ℝ in Set.Ioi (n : ℝ), (B8 x : ℂ) * (x : ℂ) ^ (-s - 8))‖ ≤
      (∫ x : ℝ in Set.Ioi (n : ℝ), ‖(B8 x : ℂ) * (x : ℂ) ^ (-s - 8)‖) :=
    by
    simpa using
      MeasureTheory.norm_integral_le_integral_norm (f := fun x : ℝ => (B8 x : ℂ) * (x : ℂ) ^ (-s - 8)) (μ :=
        MeasureTheory.volume.restrict (Set.Ioi (n : ℝ)))
        -- (2) the norm is integrable on Ioi n: aes + (1/30) x^{-17/2} majorant
        
  have h2 : IntegrableOn (fun x : ℝ => ‖(B8 x : ℂ) * (x : ℂ) ^ (-s - 8)‖) (Set.Ioi (n : ℝ)) :=
    by
    constructor
    · have hB8aes : AEStronglyMeasurable (fun x : ℝ => (B8 x : ℂ)) (volume.restrict (Set.Ioi (n : ℝ))) := by
        exact
          (AEStronglyMeasurable.mono_measure
            (Continuous.comp_aestronglyMeasurable (hg := Complex.continuous_ofReal)
              (aestronglyMeasurable_B8 : AEStronglyMeasurable B8))
            ((Measure.restrict_mono (Set.Ioi (n : ℝ)).subset_univ le_rfl).trans (le_of_eq Measure.restrict_univ)))
      have hcpwcont : ContinuousOn (fun x : ℝ => (x : ℂ) ^ (-s - 8)) (Set.Ioi (n : ℝ)) :=
        by
        intro x hx
        have hcxt : (n : ℝ) < x := Set.mem_Ioi.mp hx
        have h0x : 0 < x := (Nat.cast_pos (α := ℝ).mpr hn).trans hcxt
        exact (Complex.continuousAt_ofReal_cpow_const x (-s - 8) (Or.inr (ne_of_gt h0x))).continuousWithinAt
      have hcpwae : AEStronglyMeasurable (fun x : ℝ => (x : ℂ) ^ (-s - 8)) (volume.restrict (Set.Ioi (n : ℝ))) :=
        ContinuousOn.aestronglyMeasurable hcpwcont measurableSet_Ioi
      exact (Continuous.comp_aestronglyMeasurable (by continuity) (hB8aes.mul hcpwae))
    · have hMajor :
        HasFiniteIntegral (fun x : ℝ => (1 / 30 : ℝ) * x ^ (-(17 / 2 : ℝ))) (volume.restrict (Set.Ioi (n : ℝ))) :=
        Integrable.hasFiniteIntegral
          (integrableOn_Ioi_rpow_of_lt (by norm_num) (Nat.cast_pos (α := ℝ).mpr hn) |>.integrable.const_mul
            (1 / 30 : ℝ))
      exact
        HasFiniteIntegral.mono' hMajor
          (by
            rw [ae_restrict_iff' measurableSet_Ioi]
            exact
              MeasureTheory.ae_of_all (μ := (volume : Measure ℝ))
                (fun x hx =>
                  by
                  have hxpos : 0 < x := (Nat.cast_pos (α := ℝ).mpr hn).trans (Set.mem_Ioi.mp hx)
                  have hestx := hest x hxpos
                  have hnon : 0 ≤ ‖(B8 x : ℂ) * (x : ℂ) ^ (-s - 8)‖ := norm_nonneg _
                  rw [show ‖(‖(B8 x : ℂ) * (x : ℂ) ^ (-s - 8)‖)‖ = |(‖(B8 x : ℂ) * (x : ℂ) ^ (-s - 8)‖)| from by rfl,
                    abs_of_nonneg hnon]
                  exact hestx))
            -- (3) the partial integrals of the norm converge to the Ioi integral
            
  have h3 :
    Tendsto (fun M : ℝ => ∫ x in (n : ℝ)..M, ‖(B8 x : ℂ) * (x : ℂ) ^ (-s - 8)‖) atTop
      (𝓝 (∫ x : ℝ in Set.Ioi (n : ℝ), ‖(B8 x : ℂ) * (x : ℂ) ^ (-s - 8)‖)) :=
    intervalIntegral_tendsto_integral_Ioi (a := (n : ℝ)) h2 tendsto_id
  have hwall (M : ℝ) (hMn : (n : ℝ) < M) :
    (∫ x in (n : ℝ)..M, ‖(B8 x : ℂ) * (x : ℂ) ^ (-s - 8)‖) ≤ (1 / 30 : ℝ) * (2 / 15 : ℝ) * (n : ℝ) ^ (-(15 / 2 : ℝ)) :=
    by
    have hf : IntervalIntegrable (fun x : ℝ => ‖(B8 x : ℂ) * (x : ℂ) ^ (-s - 8)‖) volume (n : ℝ) M :=
      by
      rw [intervalIntegrable_iff]
      refine IntegrableOn.mono_set_ae h2 ?_
      show
        Set.uIoc (n : ℝ) M ≤ᵐ[volume]
          Set.Ioi
            (n : ℝ)
              -- Ioc here is open-closed ({n < x <= M}), contained in Ioi n
              
      rw [Set.uIoc_of_le (le_of_lt hMn)]
      exact
        (MeasureTheory.ae_of_all (μ := (volume : Measure ℝ))
          (fun x hx =>
            by
            have hx1 : (n : ℝ) < x ∧ x ≤ M := by
              dsimp only [Set.Ioc] at hx
              exact hx
            dsimp only [Set.Ioi]
            exact hx1.1))
    have hg : IntervalIntegrable (fun x : ℝ => (1 / 30 : ℝ) * x ^ (-(17 / 2 : ℝ))) volume (n : ℝ) M :=
      by
      have hgc : ContinuousOn (fun x : ℝ => (1 / 30 : ℝ) * x ^ (-(17 / 2 : ℝ))) (Set.Icc (n : ℝ) M) :=
        by
        have hrpow : ContinuousOn (fun x : ℝ => x ^ (-(17 / 2 : ℝ))) (Set.Icc (n : ℝ) M) :=
          by
          intro x hx
          have hxpos : 0 < x := by linarith [hx.1, Nat.cast_pos (α := ℝ).mpr hn]
          have hder :=
            (hasDerivAt_rpow_const (Or.inl (ne_of_gt hxpos)) (p := (-(17 / 2 : ℝ))) :
              HasDerivAt (fun x : ℝ => x ^ (-(17 / 2 : ℝ))) _ x)
          exact hder.continuousAt.continuousWithinAt
        exact continuousOn_const.mul hrpow
      have hIcc : IntervalIntegrable (fun x : ℝ => (1 / 30 : ℝ) * x ^ (-(17 / 2 : ℝ))) volume (n : ℝ) M :=
        hgc.intervalIntegrable_of_Icc (by linarith)
      rw [intervalIntegrable_iff] at hIcc ⊢
      exact hIcc
    calc
      (∫ x in (n : ℝ)..M, ‖(B8 x : ℂ) * (x : ℂ) ^ (-s - 8)‖)
      _ ≤ (∫ x in (n : ℝ)..M, (1 / 30 : ℝ) * x ^ (-(17 / 2 : ℝ))) :=
        by
        apply integral_mono_on_of_le_Ioo
        · exact by linarith [hMn]
        · exact hf
        · exact hg
        · intro x hx
          have hxpos : 0 < x := by
            rw [Set.mem_Ioo] at hx
            linarith [hx.1, Nat.cast_pos (α := ℝ).mpr hn]
          exact hest x hxpos
      _ = (1 / 30 : ℝ) * (2 / 15 : ℝ) * ((n : ℝ) ^ (-(15 / 2 : ℝ)) - M ^ (-(15 / 2 : ℝ))) :=
        by
        rw [intervalIntegral.integral_const_mul,
          p4_25ae_int_Icc_rpow172 (n := (n : ℝ)) (M := M) (Nat.cast_pos (α := ℝ).mpr hn) (le_of_lt hMn)]
        ring
      _ ≤ (1 / 30 : ℝ) * (2 / 15 : ℝ) * (n : ℝ) ^ (-(15 / 2 : ℝ)) :=
        by
        have h0M : 0 < M := lt_trans (Nat.cast_pos (α := ℝ).mpr hn) hMn
        have hMpow : 0 ≤ M ^ (-(15 / 2 : ℝ)) := rpow_nonneg h0M.le (-(15 / 2 : ℝ))
        ring_nf
        have hCMpow : 0 ≤ (1 / 30 : ℝ) * (2 / 15 : ℝ) * M ^ (-(15 / 2 : ℝ)) := mul_nonneg (by norm_num) hMpow
        nlinarith [hCMpow]
          -- (5) order limit: the Ioi integral is <= the constant (eps-contradiction)
          
  set C := (1 / 30 : ℝ) * (2 / 15 : ℝ) * (n : ℝ) ^ (-(15 / 2 : ℝ)) with hC
  set L := (∫ x : ℝ in Set.Ioi (n : ℝ), ‖(B8 x : ℂ) * (x : ℂ) ^ (-s - 8)‖) with hL
  have hLraw : L = (∫ x : ℝ in Set.Ioi (n : ℝ), ‖(B8 x : ℂ) * (x : ℂ) ^ (-s - 8)‖) := by rfl
  set gpart := fun (M : ℝ) => (∫ x in (n : ℝ)..M, ‖(B8 x : ℂ) * (x : ℂ) ^ (-s - 8)‖) with hgpart
  have hlim : L ≤ C := by
    by_contra hgt
    have hI : C < L := by linarith
    set hε := (L - C) / 2 with hhε
    have hεpos : 0 < hε := by linarith
    have hball : ∀ᶠ (M : ℝ) in atTop, dist (gpart M) L < hε := by
      simpa [gpart, ← hLraw] using
        (tendsto_def.mp h3 (Metric.ball L hε)
          (by
            rw [hLraw]
            exact Metric.ball_mem_nhds L hεpos))
    have hpt : ∀ᶠ (M : ℝ) in atTop, gpart M ≤ C :=
      by
      filter_upwards [Filter.eventually_gt_atTop (n : ℝ)] with M hMn
      simpa [gpart] using hwall M hMn
    set PQ := fun (M : ℝ) => (dist (gpart M) L < hε) ∧ (gpart M ≤ C) with hPQ
    have hboth : ∀ᶠ (M : ℝ) in atTop, PQ M := hball.and hpt
    obtain ⟨a0, ha0⟩ := (eventually_atTop (p := PQ)).mp hboth
    have hmax0 : (n : ℝ) < max a0 ((n : ℝ) + 1) := by
      linarith [le_max_right a0 ((n : ℝ) + 1), show (0 : ℝ) < 1 by norm_num]
    have hle0 : a0 ≤ max a0 ((n : ℝ) + 1) := le_max_left a0 ((n : ℝ) + 1)
    have hM0P : dist (gpart (max a0 ((n : ℝ) + 1))) L < hε := (ha0 (max a0 ((n : ℝ) + 1)) hle0).1
    have hM0Q : gpart (max a0 ((n : ℝ) + 1)) ≤ C := (ha0 (max a0 ((n : ℝ) + 1)) hle0).2
    have hdle : dist (gpart (max a0 ((n : ℝ) + 1))) L ≤ hε := le_of_lt hM0P
    rw [dist_eq_norm] at hdle
    have hl : -(hε) ≤ gpart (max a0 ((n : ℝ) + 1)) - L := (abs_le.mp hdle).1
    have hlow : L - hε ≤ gpart (max a0 ((n : ℝ) + 1)) := by linarith [hl]
    nlinarith [hlow, hM0Q, hI, hhε]
  calc
    ‖(∫ x : ℝ in Set.Ioi (n : ℝ), (B8 x : ℂ) * (x : ℂ) ^ (-s - 8))‖
    _ ≤ (∫ x : ℝ in Set.Ioi (n : ℝ), ‖(B8 x : ℂ) * (x : ℂ) ^ (-s - 8)‖) := h1
    _ ≤ C := by simpa [hLraw] using hlim
    _ = (n : ℝ) ^ (-(15 / 2 : ℝ)) / 225 := by
      rw [hC]
      ring' starts on column 2, but all commands should start at the beginning of the line.

Note: This linter can be disabled with `set_option linter.style.whitespace false`
warning: RhAttack/P4Limit.lean:3401:2: 'theorem p4_25ae_t3kernel_integrableOn_Ioi {s : ℂ} (hsre : s.re > -1) {c : ℝ} (hc : 0 < c) :
    IntegrableOn (fun x : ℝ => (B2 x : ℂ) * (x : ℂ) ^ (-s - 2)) (Set.Ioi c) :=
  by
  have hB2aes : AEStronglyMeasurable (fun x : ℝ => (B2 x : ℂ)) (volume.restrict (Set.Ioi c)) := by
    exact
      (AEStronglyMeasurable.mono_measure
        (Continuous.comp_aestronglyMeasurable (hg := Complex.continuous_ofReal)
          (aestronglyMeasurable_B2 : AEStronglyMeasurable B2))
        ((Measure.restrict_mono (Set.Ioi c).subset_univ le_rfl).trans (le_of_eq Measure.restrict_univ)))
  have hcpwcont : ContinuousOn (fun x : ℝ => (x : ℂ) ^ (-s - 2)) (Set.Ioi c) :=
    by
    intro x hx
    have hcx : c < x := Set.mem_Ioi.mp hx
    have h0x : 0 < x := hc.trans hcx
    exact (Complex.continuousAt_ofReal_cpow_const x (-s - 2) (Or.inr (ne_of_gt h0x))).continuousWithinAt
  have hcpwae : AEStronglyMeasurable (fun x : ℝ => (x : ℂ) ^ (-s - 2)) (volume.restrict (Set.Ioi c)) :=
    ContinuousOn.aestronglyMeasurable hcpwcont measurableSet_Ioi
  have hRpow : Integrable (fun x : ℝ => x ^ (-(s.re + 2))) (volume.restrict (Set.Ioi c)) :=
    (integrableOn_Ioi_rpow_of_lt (by linarith) hc).integrable
  have hMajor : HasFiniteIntegral (fun x : ℝ => (1 / 6 : ℝ) * x ^ (-(s.re + 2))) (volume.restrict (Set.Ioi c)) :=
    Integrable.hasFiniteIntegral ((hRpow).const_mul ((1 / 6 : ℝ)))
  constructor
  · exact hB2aes.mul hcpwae
  · rw [← hasFiniteIntegral_norm_iff]
    exact
      HasFiniteIntegral.mono' hMajor
        (by
          rw [ae_restrict_iff' measurableSet_Ioi]
          exact
            MeasureTheory.ae_of_all (μ := (volume : Measure ℝ))
              (fun x hx => by
                have hxpos : 0 < x := hc.trans (Set.mem_Ioi.mp hx)
                have hpw2 : (-s - 2 : ℂ).re = -(s.re + 2) := by
                  rw [show (-(s : ℂ) - 2 : ℂ) = -((s : ℂ) + 2) from by ring, Complex.neg_re, Complex.add_re,
                    show (2 : ℂ).re = 2 from by norm_num]
                have h1 : ‖(‖(B2 x : ℂ) * (x : ℂ) ^ (-s - 2)‖ : ℝ)‖ = ‖(B2 x : ℂ) * (x : ℂ) ^ (-s - 2)‖ := by simp
                rw [h1]
                calc
                  ‖(B2 x : ℂ) * (x : ℂ) ^ (-s - 2)‖
                  _ = ‖(B2 x : ℂ)‖ * ‖(x : ℂ) ^ (-s - 2)‖ := by rw [norm_mul]
                  _ ≤ (1 / 6) * x ^ (-(s.re + 2)) :=
                    by
                    rw [Complex.norm_cpow_eq_rpow_re_of_pos hxpos (-s - 2), hpw2]
                    gcongr
                    calc
                      ‖(B2 x : ℂ)‖
                      _ = Real.sqrt (B2 x ^ 2) := by rw [Complex.norm_def, Complex.normSq_ofReal, ← pow_two]
                      _ = |B2 x| := by rw [Real.sqrt_sq_eq_abs]
                      _ ≤ 1 / 6 :=
                        abs_B2_le
                          hxpos.le))' starts on column 2, but all commands should start at the beginning of the line.

Note: This linter can be disabled with `set_option linter.style.whitespace false`
warning: RhAttack/P4Limit.lean:3493:19: This simp argument is unused:
  hT

Hint: Omit it from the simp argument list.
  [apply] simp only

Note: This linter can be disabled with `set_option linter.unusedSimpArgs false`
warning: RhAttack/P4Limit.lean:3454:2: 'theorem p4_25ae_J_eq {s : ℂ} (hsre : s.re = 1 / 2) (n : ℕ) (hn : 0 < n) :
    (∫ x : ℝ in Set.Ioi (n : ℝ), (B2 x : ℂ) * (x : ℂ) ^ (-s - 2)) =
      ((s + 2 : ℂ) / 3) * (((B4poly 0) / 4) : ℂ) * (0 - ((n : ℝ) : ℂ) ^ (-s - 3)) +
            ((s + 2 : ℂ) * (s + 3) * (s + 4) / 60) * (((B6poly 0) / 6) : ℂ) * (0 - ((n : ℝ) : ℂ) ^ (-s - 5)) +
          ((s + 2 : ℂ) * (s + 3) * (s + 4) * (s + 5) * (s + 6) / 2520) * (((B8poly 0) / 8) : ℂ) *
            (0 - ((n : ℝ) : ℂ) ^ (-s - 7)) +
        ((s + 2 : ℂ) * (s + 3) * (s + 4) * (s + 5) * (s + 6) * (s + 7) / 20160) *
          (∫ x : ℝ in Set.Ioi (n : ℝ), (B8 x : ℂ) * (x : ℂ) ^ (-s - 8)) :=
  by
  set T :=
    ((s + 2 : ℂ) / 3) * (((B4poly 0) / 4) : ℂ) * (0 - ((n : ℝ) : ℂ) ^ (-s - 3)) +
          ((s + 2 : ℂ) * (s + 3) * (s + 4) / 60) * (((B6poly 0) / 6) : ℂ) * (0 - ((n : ℝ) : ℂ) ^ (-s - 5)) +
        ((s + 2 : ℂ) * (s + 3) * (s + 4) * (s + 5) * (s + 6) / 2520) * (((B8poly 0) / 8) : ℂ) *
          (0 - ((n : ℝ) : ℂ) ^ (-s - 7)) +
      ((s + 2 : ℂ) * (s + 3) * (s + 4) * (s + 5) * (s + 6) * (s + 7) / 20160) *
        (∫ x : ℝ in Set.Ioi (n : ℝ), (B8 x : ℂ) * (x : ℂ) ^ (-s - 8)) with
    hT
  have hj := p4_25ae_J_iota hsre n hn
  have hsre1 : s.re > -1 := by
    rw [hsre]
    norm_num
  have hInt := p4_25ae_t3kernel_integrableOn_Ioi hsre1 (Nat.cast_pos.mpr hn)
  have hlt :
    Tendsto (fun M : ℝ => ∫ x in (n : ℝ)..M, (B2 x : ℂ) * (x : ℂ) ^ (-s - 2)) atTop
      (𝓝 (∫ x : ℝ in Set.Ioi (n : ℝ), (B2 x : ℂ) * (x : ℂ) ^ (-s - 2))) :=
    intervalIntegral_tendsto_integral_Ioi (a := (n : ℝ)) hInt tendsto_id
  have hlnat :
    Tendsto (fun M : ℕ => ∫ x in (n : ℝ)..(M : ℝ), (B2 x : ℂ) * (x : ℂ) ^ (-s - 2)) atTop
      (𝓝 (∫ x : ℝ in Set.Ioi (n : ℝ), (B2 x : ℂ) * (x : ℂ) ^ (-s - 2))) :=
    Tendsto.comp hlt
      (tendsto_natCast_atTop_atTop (R := ℝ))
        -- same finite function, two limits (T and the Ioi integral)
        
  have hcong : Tendsto (fun M : ℕ => ∫ x in (n : ℝ)..(M : ℝ), (B2 x : ℂ) * (x : ℂ) ^ (-s - 2)) atTop (𝓝 T) :=
    Tendsto.congr'
      (by
        filter_upwards [Ici_mem_atTop (n : ℕ)] with M hM
        simp only [hT])
      hj
  exact
    (tendsto_nhds_unique hcong
        hlnat).symm' starts on column 2, but all commands should start at the beginning of the line.

Note: This linter can be disabled with `set_option linter.style.whitespace false`
warning: RhAttack/P4Limit.lean:3595:6: Unused tactic linter: `repeat' rw [norm_mul]` does nothing

Note: This linter can be disabled with `set_option linter.unusedTactic false`
warning: RhAttack/P4Limit.lean:3600:6: Unused tactic linter: `repeat' rw [norm_mul]` does nothing

Note: This linter can be disabled with `set_option linter.unusedTactic false`
warning: RhAttack/P4Limit.lean:3519:100: This line exceeds the 100 character limit, please shorten it!

Note: This linter can be disabled with `set_option linter.style.longLine false`
warning: RhAttack/P4Limit.lean:3614:100: This line exceeds the 100 character limit, please shorten it!

Note: This linter can be disabled with `set_option linter.style.longLine false`
warning: RhAttack/P4Limit.lean:3620:100: This line exceeds the 100 character limit, please shorten it!

Note: This linter can be disabled with `set_option linter.style.longLine false`
warning: RhAttack/P4Limit.lean:3504:2: 'theorem p4_25ae_T3_bound {s : ℂ} (hsre : s.re = 1 / 2) (n : ℕ) (hn : 0 < n) :
    ‖(-(1 / 2 : ℂ) * s * (s + 1)) * (∫ x : ℝ in Set.Ioi (n : ℝ), (B2 x : ℂ) * (x : ℂ) ^ (-s - 2))‖ ≤
      ‖s * (s + 1) * (s + 2)‖ * (n : ℝ) ^ (-(7 : ℝ) / 2) / 720 +
            ‖s * (s + 1) * (s + 2) * (s + 3) * (s + 4)‖ * (n : ℝ) ^ (-(11 : ℝ) / 2) / 30240 +
          ‖s * (s + 1) * (s + 2) * (s + 3) * (s + 4) * (s + 5) * (s + 6)‖ * (n : ℝ) ^ (-(15 : ℝ) / 2) / 1209600 +
        ‖s * (s + 1) * (s + 2) * (s + 3) * (s + 4) * (s + 5) * (s + 6) * (s + 7)‖ * (n : ℝ) ^ (-(15 : ℝ) / 2) /
          9072000 :=
  by
  set F8 := (∫ x : ℝ in Set.Ioi (n : ℝ), (B8 x : ℂ) * (x : ℂ) ^ (-s - 8)) with hF8
  set A' := ((s + 2 : ℂ) / 3) * (((B4poly 0) / 4) : ℂ) with hA
  set B' := ((s + 2 : ℂ) * (s + 3) * (s + 4) / 60) * (((B6poly 0) / 6) : ℂ) with hB
  set C' := ((s + 2 : ℂ) * (((s + 3) * (((s + 4) * (((s + 5) * ((s + 6)))))))) / 2520) * (((B8poly 0) / 8) : ℂ) with hC
  set D' := (s + 2 : ℂ) * (((s + 3) * (((s + 4) * (((s + 5) * (((s + 6) * ((s + 7)))))))))) / 20160 with hD
  set U3 := A' * (0 - ((n : ℝ) : ℂ) ^ (-s - 3)) with hU3
  set U5 := B' * (0 - ((n : ℝ) : ℂ) ^ (-s - 5)) with hU5
  set U7 := C' * (0 - ((n : ℝ) : ℂ) ^ (-s - 7)) with hU7
  set U8 := D' * F8 with hU8
  set K4 := U3 + (U5 + (U7 + U8)) with hK4
  rw [p4_25ae_J_eq hsre n hn]
    -- bridge the J_eq RHS (left-associated U3+U5+U7+U8) to K4
    
  rw [show
      ((s + 2 : ℂ) / 3) * (((B4poly 0) / 4) : ℂ) * (0 - ((n : ℝ) : ℂ) ^ (-s - 3)) +
              ((s + 2 : ℂ) * (s + 3) * (s + 4) / 60) * (((B6poly 0) / 6) : ℂ) * (0 - ((n : ℝ) : ℂ) ^ (-s - 5)) +
            ((s + 2 : ℂ) * (s + 3) * (s + 4) * (s + 5) * (s + 6) / 2520) * (((B8poly 0) / 8) : ℂ) *
              (0 - ((n : ℝ) : ℂ) ^ (-s - 7)) +
          ((s + 2 : ℂ) * (s + 3) * (s + 4) * (s + 5) * (s + 6) * (s + 7) / 20160) *
            (∫ x : ℝ in Set.Ioi (n : ℝ), (B8 x : ℂ) * (x : ℂ) ^ (-s - 8)) =
        K4
      from by
      dsimp only [K4, U3, U5, U7, U8, A', B', C', D', F8]
      ring]
  have hneg : ‖-((1 / 2 : ℂ) * s * (s + 1) * K4)‖ = ‖(1 / 2 : ℂ) * s * (s + 1) * K4‖ := norm_neg _
  rw [show -(1 / 2 : ℂ) * s * (s + 1) * K4 = -((1 / 2 : ℂ) * s * (s + 1) * K4) from by ring, hneg]
    -- (a) norm of the endpoint powers
    
  have hN3 : ‖((n : ℝ) : ℂ) ^ (-s - 3)‖ = (n : ℝ) ^ (-(7 : ℝ) / 2) := by
    rw [Complex.norm_cpow_eq_rpow_re_of_pos (Nat.cast_pos.mpr hn) (-s - 3),
      show (-s - 3 : ℂ).re = -(7 : ℝ) / 2 from
        by
        rw [show (-(s : ℂ) - 3 : ℂ) = -((s : ℂ) + 3) from by ring, Complex.neg_re, Complex.add_re,
          show (3 : ℂ).re = 3 from by norm_num]
        rw [hsre]
        norm_num]
  have hN5 : ‖((n : ℝ) : ℂ) ^ (-s - 5)‖ = (n : ℝ) ^ (-(11 : ℝ) / 2) := by
    rw [Complex.norm_cpow_eq_rpow_re_of_pos (Nat.cast_pos.mpr hn) (-s - 5),
      show (-s - 5 : ℂ).re = -(11 : ℝ) / 2 from
        by
        rw [show (-(s : ℂ) - 5 : ℂ) = -((s : ℂ) + 5) from by ring, Complex.neg_re, Complex.add_re,
          show (5 : ℂ).re = 5 from by norm_num]
        rw [hsre]
        norm_num]
  have hN7 : ‖((n : ℝ) : ℂ) ^ (-s - 7)‖ = (n : ℝ) ^ (-(15 : ℝ) / 2) := by
    rw [Complex.norm_cpow_eq_rpow_re_of_pos (Nat.cast_pos.mpr hn) (-s - 7),
      show (-s - 7 : ℂ).re = -(15 : ℝ) / 2 from
        by
        rw [show (-(s : ℂ) - 7 : ℂ) = -((s : ℂ) + 7) from by ring, Complex.neg_re, Complex.add_re,
          show (7 : ℂ).re = 7 from by norm_num]
        rw [hsre]
        norm_num]
      -- (b) coefficient-norm computations
      
  have hca : ‖(((B4poly 0) / 4) : ℂ)‖ = (1 : ℝ) / 120 :=
    by
    rw [show (((B4poly 0) / 4) : ℂ) = (-(1 / 120 : ℝ) : ℂ) from
        by
        rw [B4poly_at_0]
        norm_num]
    norm_num
  have hA1 : ‖A'‖ = ‖s + 2‖ / 360 := by
    rw [hA, norm_mul, hca, norm_div]
    norm_num
    ring
  have hcb : ‖(((B6poly 0) / 6) : ℂ)‖ = (1 : ℝ) / 252 :=
    by
    rw [show (((B6poly 0) / 6) : ℂ) = ((1 / 252 : ℝ) : ℂ) from
        by
        rw [B6poly_at_0]
        norm_num]
    norm_num
  have hB1 : ‖B'‖ = ‖s + 2‖ * ‖s + 3‖ * ‖s + 4‖ / 15120 :=
    by
    rw [hB, norm_mul, hcb, norm_div]
    norm_num
    rw [← norm_mul, ← norm_mul]
    ring
  have hcc : ‖(((B8poly 0) / 8) : ℂ)‖ = (1 : ℝ) / 240 :=
    by
    rw [show (((B8poly 0) / 8) : ℂ) = (-(1 / 240 : ℝ) : ℂ) from
        by
        rw [B8poly_at_0]
        norm_num]
    norm_num
  have hC1 : ‖C'‖ = ‖s + 2‖ * ‖s + 3‖ * ‖s + 4‖ * ‖s + 5‖ * ‖s + 6‖ / 604800 :=
    by
    rw [hC, norm_mul, hcc, norm_div]
    norm_num
    repeat' rw [norm_mul]
    ring
  have hD1 : ‖D'‖ = ‖s + 2‖ * ‖s + 3‖ * ‖s + 4‖ * ‖s + 5‖ * ‖s + 6‖ * ‖s + 7‖ / 20160 :=
    by
    rw [hD, norm_div]
    norm_num
    repeat' rw [norm_mul]
    ring
      -- (c) product-norm forms of the target coefficients
      
  have hprod3 : ‖s * (s + 1) * (s + 2)‖ = ‖s‖ * ‖s + 1‖ * ‖s + 2‖ := by rw [norm_mul, norm_mul]
  have hprod5 : ‖s * (s + 1) * (s + 2) * (s + 3) * (s + 4)‖ = ‖s‖ * ‖s + 1‖ * ‖s + 2‖ * ‖s + 3‖ * ‖s + 4‖ :=
    by
    rw [show s * (s + 1) * (s + 2) * (s + 3) * (s + 4) = s * (((s + 1) * (((s + 2) * (((s + 3) * ((s + 4)))))))) from by
        ring]
    repeat' rw [norm_mul]
    ring
  have hprod7 :
    ‖s * (s + 1) * (s + 2) * (s + 3) * (s + 4) * (s + 5) * (s + 6)‖ =
      ‖s‖ * ‖s + 1‖ * ‖s + 2‖ * ‖s + 3‖ * ‖s + 4‖ * ‖s + 5‖ * ‖s + 6‖ :=
    by
    rw [show
        s * (s + 1) * (s + 2) * (s + 3) * (s + 4) * (s + 5) * (s + 6) =
          s * (((s + 1) * (((s + 2) * (((s + 3) * (((s + 4) * (((s + 5) * ((s + 6))))))))))))
        from by ring]
    repeat' rw [norm_mul]
    ring
  have hprod8 :
    ‖s * (s + 1) * (s + 2) * (s + 3) * (s + 4) * (s + 5) * (s + 6) * (s + 7)‖ =
      ‖s‖ * ‖s + 1‖ * ‖s + 2‖ * ‖s + 3‖ * ‖s + 4‖ * ‖s + 5‖ * ‖s + 6‖ * ‖s + 7‖ :=
    by
    rw [show
        s * (s + 1) * (s + 2) * (s + 3) * (s + 4) * (s + 5) * (s + 6) * (s + 7) =
          s * (((s + 1) * (((s + 2) * (((s + 3) * (((s + 4) * (((s + 5) * (((s + 6) * ((s + 7))))))))))))))
        from by ring]
    repeat' rw [norm_mul]
    ring
      -- (d) the four termwise bounds
      
  have hT1 : (1 / 2 : ℝ) * ‖s‖ * ‖s + 1‖ * ‖U3‖ ≤ ‖s * (s + 1) * (s + 2)‖ * (n : ℝ) ^ (-(7 : ℝ) / 2) / 720 :=
    by
    have hcalc : (1 / 2 : ℝ) * ‖s‖ * ‖s + 1‖ * ‖U3‖ = ‖s * (s + 1) * (s + 2)‖ * (n : ℝ) ^ (-(7 : ℝ) / 2) / 720 := by
      calc
        (1 / 2 : ℝ) * ‖s‖ * ‖s + 1‖ * ‖U3‖
        _ = (1 / 2 : ℝ) * ‖s‖ * ‖s + 1‖ * (‖A'‖ * ‖((n : ℝ) : ℂ) ^ (-s - 3)‖) := by
          rw [hU3, norm_mul,
            show ‖0 - ((n : ℝ) : ℂ) ^ (-s - 3)‖ = ‖((n : ℝ) : ℂ) ^ (-s - 3)‖ from by rw [zero_sub, norm_neg]]
        _ = (1 / 2 : ℝ) * ‖s‖ * ‖s + 1‖ * ((‖s + 2‖ / 360) * (n : ℝ) ^ (-(7 : ℝ) / 2)) := by rw [hA1, hN3]
        _ = (‖s‖ * ‖s + 1‖ * ‖s + 2‖) / 720 * (n : ℝ) ^ (-(7 : ℝ) / 2) := by ring
        _ = ‖s * (s + 1) * (s + 2)‖ * (n : ℝ) ^ (-(7 : ℝ) / 2) / 720 :=
          by
          rw [← hprod3]
          ring
    exact le_of_eq hcalc
  have hT2 :
    (1 / 2 : ℝ) * ‖s‖ * ‖s + 1‖ * ‖U5‖ ≤
      ‖s * (s + 1) * (s + 2) * (s + 3) * (s + 4)‖ * (n : ℝ) ^ (-(11 : ℝ) / 2) / 30240 :=
    by
    have hcalc :
      (1 / 2 : ℝ) * ‖s‖ * ‖s + 1‖ * ‖U5‖ =
        ‖s * (s + 1) * (s + 2) * (s + 3) * (s + 4)‖ * (n : ℝ) ^ (-(11 : ℝ) / 2) / 30240 :=
      by
      calc
        (1 / 2 : ℝ) * ‖s‖ * ‖s + 1‖ * ‖U5‖
        _ = (1 / 2 : ℝ) * ‖s‖ * ‖s + 1‖ * (‖B'‖ * ‖((n : ℝ) : ℂ) ^ (-s - 5)‖) := by
          rw [hU5, norm_mul,
            show ‖0 - ((n : ℝ) : ℂ) ^ (-s - 5)‖ = ‖((n : ℝ) : ℂ) ^ (-s - 5)‖ from by rw [zero_sub, norm_neg]]
        _ = (1 / 2 : ℝ) * ‖s‖ * ‖s + 1‖ * ((‖s + 2‖ * ‖s + 3‖ * ‖s + 4‖ / 15120) * (n : ℝ) ^ (-(11 : ℝ) / 2)) := by
          rw [hB1, hN5]
        _ = (‖s‖ * ‖s + 1‖ * ‖s + 2‖ * ‖s + 3‖ * ‖s + 4‖) / 30240 * (n : ℝ) ^ (-(11 : ℝ) / 2) := by ring
        _ = ‖s * (s + 1) * (s + 2) * (s + 3) * (s + 4)‖ * (n : ℝ) ^ (-(11 : ℝ) / 2) / 30240 :=
          by
          rw [← hprod5]
          ring
    exact le_of_eq hcalc
  have hT3 :
    (1 / 2 : ℝ) * ‖s‖ * ‖s + 1‖ * ‖U7‖ ≤
      ‖s * (s + 1) * (s + 2) * (s + 3) * (s + 4) * (s + 5) * (s + 6)‖ * (n : ℝ) ^ (-(15 : ℝ) / 2) / 1209600 :=
    by
    have hcalc :
      (1 / 2 : ℝ) * ‖s‖ * ‖s + 1‖ * ‖U7‖ =
        ‖s * (s + 1) * (s + 2) * (s + 3) * (s + 4) * (s + 5) * (s + 6)‖ * (n : ℝ) ^ (-(15 : ℝ) / 2) / 1209600 :=
      by
      calc
        (1 / 2 : ℝ) * ‖s‖ * ‖s + 1‖ * ‖U7‖
        _ = (1 / 2 : ℝ) * ‖s‖ * ‖s + 1‖ * (‖C'‖ * ‖((n : ℝ) : ℂ) ^ (-s - 7)‖) := by
          rw [hU7, norm_mul,
            show ‖0 - ((n : ℝ) : ℂ) ^ (-s - 7)‖ = ‖((n : ℝ) : ℂ) ^ (-s - 7)‖ from by rw [zero_sub, norm_neg]]
        _ =
            (1 / 2 : ℝ) * ‖s‖ * ‖s + 1‖ *
              ((‖s + 2‖ * ‖s + 3‖ * ‖s + 4‖ * ‖s + 5‖ * ‖s + 6‖ / 604800) * (n : ℝ) ^ (-(15 : ℝ) / 2)) :=
          by rw [hC1, hN7]
        _ = (‖s‖ * ‖s + 1‖ * ‖s + 2‖ * ‖s + 3‖ * ‖s + 4‖ * ‖s + 5‖ * ‖s + 6‖) / 1209600 * (n : ℝ) ^ (-(15 : ℝ) / 2) :=
          by ring
        _ = ‖s * (s + 1) * (s + 2) * (s + 3) * (s + 4) * (s + 5) * (s + 6)‖ * (n : ℝ) ^ (-(15 : ℝ) / 2) / 1209600 :=
          by
          rw [← hprod7]
          ring
    exact le_of_eq hcalc
  have hI8 := p4_25ae_I8_bound hsre n hn
  have hT4a :
    (1 / 2 : ℝ) * ‖s‖ * ‖s + 1‖ * ‖D'‖ * ‖F8‖ ≤
      (1 / 2 : ℝ) * ‖s‖ * ‖s + 1‖ * ‖D'‖ * ((n : ℝ) ^ (-(15 : ℝ) / 2) / 225) :=
    by
    have heq : -(15 / 2 : ℝ) = (-(15 : ℝ) / 2) := by norm_num
    have hI8b : ‖F8‖ ≤ (n : ℝ) ^ (-(15 : ℝ) / 2) / 225 :=
      by
      dsimp only [F8]
      simpa [heq] using hI8
    apply mul_le_mul_of_nonneg_left hI8b
    positivity
  have hT4b :
    (1 / 2 : ℝ) * ‖s‖ * ‖s + 1‖ * ‖D'‖ * ((n : ℝ) ^ (-(15 : ℝ) / 2) / 225) ≤
      ‖s * (s + 1) * (s + 2) * (s + 3) * (s + 4) * (s + 5) * (s + 6) * (s + 7)‖ * (n : ℝ) ^ (-(15 : ℝ) / 2) / 9072000 :=
    by
    calc
      (1 / 2 : ℝ) * ‖s‖ * ‖s + 1‖ * ‖D'‖ * ((n : ℝ) ^ (-(15 : ℝ) / 2) / 225)
      _ =
          (1 / 2 : ℝ) * ‖s‖ * ‖s + 1‖ * ((‖s + 2‖ * ‖s + 3‖ * ‖s + 4‖ * ‖s + 5‖ * ‖s + 6‖ * ‖s + 7‖) / 20160) *
            ((n : ℝ) ^ (-(15 : ℝ) / 2) / 225) :=
        by rw [hD1]
      _ =
          (‖s‖ * ‖s + 1‖ * ‖s + 2‖ * ‖s + 3‖ * ‖s + 4‖ * ‖s + 5‖ * ‖s + 6‖ * ‖s + 7‖) / 9072000 *
            (n : ℝ) ^ (-(15 : ℝ) / 2) :=
        by ring
      _ =
          ‖s * (s + 1) * (s + 2) * (s + 3) * (s + 4) * (s + 5) * (s + 6) * (s + 7)‖ * (n : ℝ) ^ (-(15 : ℝ) / 2) /
            9072000 :=
        by
        rw [← hprod8]
        ring
      _ ≤
          ‖s * (s + 1) * (s + 2) * (s + 3) * (s + 4) * (s + 5) * (s + 6) * (s + 7)‖ * (n : ℝ) ^ (-(15 : ℝ) / 2) /
            9072000 :=
        le_rfl
  have hT4 :
    (1 / 2 : ℝ) * ‖s‖ * ‖s + 1‖ * ‖U8‖ ≤
      ‖s * (s + 1) * (s + 2) * (s + 3) * (s + 4) * (s + 5) * (s + 6) * (s + 7)‖ * (n : ℝ) ^ (-(15 : ℝ) / 2) / 9072000 :=
    by
    rw [show (1 / 2 : ℝ) * ‖s‖ * ‖s + 1‖ * ‖U8‖ = (1 / 2 : ℝ) * ‖s‖ * ‖s + 1‖ * ‖D'‖ * ‖F8‖ from
        by
        rw [hU8, norm_mul]
        ring]
    calc
      _
      _ ≤ (1 / 2 : ℝ) * ‖s‖ * ‖s + 1‖ * ‖D'‖ * ((n : ℝ) ^ (-(15 : ℝ) / 2) / 225) := hT4a
      _ ≤
          ‖s * (s + 1) * (s + 2) * (s + 3) * (s + 4) * (s + 5) * (s + 6) * (s + 7)‖ * (n : ℝ) ^ (-(15 : ℝ) / 2) /
            9072000 :=
        hT4b
  have htri : ‖K4‖ ≤ ‖U3‖ + ‖U5‖ + (‖U7‖ + ‖U8‖) := by
    calc
      ‖K4‖
      _ = ‖U3 + (U5 + (U7 + U8))‖ := by rw [hK4]
      _ ≤ ‖U3‖ + ‖U5 + (U7 + U8)‖ := (norm_add_le U3 (U5 + (U7 + U8)))
      _ ≤ ‖U3‖ + (‖U5‖ + ‖U7 + U8‖) := by
        apply add_le_add (le_rfl : _ ≤ _)
        exact (norm_add_le U5 (U7 + U8))
      _ ≤ ‖U3‖ + (‖U5‖ + (‖U7‖ + ‖U8‖)) := by
        apply add_le_add (le_rfl : _ ≤ _)
        apply add_le_add (le_rfl : _ ≤ _)
        exact (norm_add_le U7 U8)
      _ = ‖U3‖ + ‖U5‖ + (‖U7‖ + ‖U8‖) := by ring
      _ ≤ ‖U3‖ + ‖U5‖ + (‖U7‖ + ‖U8‖) := le_rfl
  have hpref : ‖(1 / 2 : ℂ) * s * (s + 1) * K4‖ = (1 / 2 : ℝ) * ‖s‖ * ‖s + 1‖ * ‖K4‖ := by
    calc
      ‖(1 / 2 : ℂ) * s * (s + 1) * K4‖
      _ = ‖(1 / 2 : ℂ) * s * (s + 1)‖ * ‖K4‖ := by rw [norm_mul]
      _ = (‖(1 / 2 : ℂ) * s‖ * ‖s + 1‖) * ‖K4‖ := by rw [norm_mul]
      _ = ((‖(1 / 2 : ℂ)‖ * ‖s‖) * ‖s + 1‖) * ‖K4‖ := by rw [norm_mul]
      _ = ((1 / 2 : ℝ) * ‖s‖) * ‖s + 1‖ * ‖K4‖ := by rw [show ‖(1 / 2 : ℂ)‖ = (1 / 2 : ℝ) from by norm_num]
      _ = (1 / 2 : ℝ) * ‖s‖ * ‖s + 1‖ * ‖K4‖ := by ring
  calc
    ‖(1 / 2 : ℂ) * s * (s + 1) * K4‖
    _ = (1 / 2 : ℝ) * ‖s‖ * ‖s + 1‖ * ‖K4‖ := hpref
    _ ≤ (1 / 2 : ℝ) * ‖s‖ * ‖s + 1‖ * (‖U3‖ + ‖U5‖ + (‖U7‖ + ‖U8‖)) :=
      by
      apply mul_le_mul_of_nonneg_left htri
      positivity
    _ =
        (1 / 2 : ℝ) * ‖s‖ * ‖s + 1‖ * ‖U3‖ + ((1 / 2 : ℝ) * ‖s‖ * ‖s + 1‖ * ‖U5‖ + (1 / 2 : ℝ) * ‖s‖ * ‖s + 1‖ * ‖U7‖) +
          (1 / 2 : ℝ) * ‖s‖ * ‖s + 1‖ * ‖U8‖ :=
      by ring
    _ ≤
        ‖s * (s + 1) * (s + 2)‖ * (n : ℝ) ^ (-(7 : ℝ) / 2) / 720 +
          (‖s * (s + 1) * (s + 2) * (s + 3) * (s + 4)‖ * (n : ℝ) ^ (-(11 : ℝ) / 2) / 30240 +
            (‖s * (s + 1) * (s + 2) * (s + 3) * (s + 4) * (s + 5) * (s + 6)‖ * (n : ℝ) ^ (-(15 : ℝ) / 2) / 1209600 +
              ‖s * (s + 1) * (s + 2) * (s + 3) * (s + 4) * (s + 5) * (s + 6) * (s + 7)‖ * (n : ℝ) ^ (-(15 : ℝ) / 2) /
                9072000)) :=
      by
      calc
        (1 / 2 : ℝ) * ‖s‖ * ‖s + 1‖ * ‖U3‖ + ((1 / 2 : ℝ) * ‖s‖ * ‖s + 1‖ * ‖U5‖ + (1 / 2 : ℝ) * ‖s‖ * ‖s + 1‖ * ‖U7‖) +
            (1 / 2 : ℝ) * ‖s‖ * ‖s + 1‖ * ‖U8‖
        _ =
            ((1 / 2 : ℝ) * ‖s‖ * ‖s + 1‖ * ‖U3‖ + (1 / 2 : ℝ) * ‖s‖ * ‖s + 1‖ * ‖U5‖) +
              ((1 / 2 : ℝ) * ‖s‖ * ‖s + 1‖ * ‖U7‖ + (1 / 2 : ℝ) * ‖s‖ * ‖s + 1‖ * ‖U8‖) :=
          by ring
        _ ≤
            (‖s * (s + 1) * (s + 2)‖ * (n : ℝ) ^ (-(7 : ℝ) / 2) / 720 +
                ‖s * (s + 1) * (s + 2) * (s + 3) * (s + 4)‖ * (n : ℝ) ^ (-(11 : ℝ) / 2) / 30240) +
              (‖s * (s + 1) * (s + 2) * (s + 3) * (s + 4) * (s + 5) * (s + 6)‖ * (n : ℝ) ^ (-(15 : ℝ) / 2) / 1209600 +
                ‖s * (s + 1) * (s + 2) * (s + 3) * (s + 4) * (s + 5) * (s + 6) * (s + 7)‖ * (n : ℝ) ^ (-(15 : ℝ) / 2) /
                  9072000) :=
          by
          apply add_le_add
          · exact add_le_add hT1 hT2
          · exact add_le_add hT3 hT4
        _ =
            ‖s * (s + 1) * (s + 2)‖ * (n : ℝ) ^ (-(7 : ℝ) / 2) / 720 +
              (‖s * (s + 1) * (s + 2) * (s + 3) * (s + 4)‖ * (n : ℝ) ^ (-(11 : ℝ) / 2) / 30240 +
                (‖s * (s + 1) * (s + 2) * (s + 3) * (s + 4) * (s + 5) * (s + 6)‖ * (n : ℝ) ^ (-(15 : ℝ) / 2) / 1209600 +
                  ‖s * (s + 1) * (s + 2) * (s + 3) * (s + 4) * (s + 5) * (s + 6) * (s + 7)‖ *
                      (n : ℝ) ^ (-(15 : ℝ) / 2) /
                    9072000)) :=
          by ring
    _ =
        ‖s * (s + 1) * (s + 2)‖ * (n : ℝ) ^ (-(7 : ℝ) / 2) / 720 +
              ‖s * (s + 1) * (s + 2) * (s + 3) * (s + 4)‖ * (n : ℝ) ^ (-(11 : ℝ) / 2) / 30240 +
            ‖s * (s + 1) * (s + 2) * (s + 3) * (s + 4) * (s + 5) * (s + 6)‖ * (n : ℝ) ^ (-(15 : ℝ) / 2) / 1209600 +
          ‖s * (s + 1) * (s + 2) * (s + 3) * (s + 4) * (s + 5) * (s + 6) * (s + 7)‖ * (n : ℝ) ^ (-(15 : ℝ) / 2) /
            9072000 :=
      by ring' starts on column 2, but all commands should start at the beginning of the line.

Note: This linter can be disabled with `set_option linter.style.whitespace false`
warning: RhAttack/P4Limit.lean:3832:12: this tactic is never executed

Note: This linter can be disabled with `set_option linter.unreachableTactic false`
warning: RhAttack/P4Limit.lean:3832:2: Unused tactic linter: `all_goals nlinarith [sq_le_sq (by linarith [h0]) (by linarith [h0, h])]` does nothing

Note: This linter can be disabled with `set_option linter.unusedTactic false`
warning: RhAttack/P4Limit.lean:3859:100: This line exceeds the 100 character limit, please shorten it!

Note: This linter can be disabled with `set_option linter.style.longLine false`
warning: RhAttack/P4Limit.lean:3875:100: This line exceeds the 100 character limit, please shorten it!

Note: This linter can be disabled with `set_option linter.style.longLine false`
warning: RhAttack/P4Limit.lean:3891:100: This line exceeds the 100 character limit, please shorten it!

Note: This linter can be disabled with `set_option linter.style.longLine false`
warning: RhAttack/P4Limit.lean:3907:100: This line exceeds the 100 character limit, please shorten it!

Note: This linter can be disabled with `set_option linter.style.longLine false`
error: RhAttack/P4Limit.lean:3931:4: Type mismatch
  t3w_invpow_le_one n ?m.236 (7 / 2) ?m.245
has type
  ↑n ^ (-(7 / 2)) ≤ 1
but is expected to have type
  ↑n ^ (-(7 / 2)) ≤ t3w_rA1_2
error: RhAttack/P4Limit.lean:3934:4: Type mismatch
  t3w_invpow_le_one n ?m.282 (11 / 2) ?m.291
has type
  ↑n ^ (-(11 / 2)) ≤ 1
but is expected to have type
  ↑n ^ (-(11 / 2)) ≤ t3w_rA1_4
error: RhAttack/P4Limit.lean:3937:4: Type mismatch
  t3w_invpow_le_one n ?m.330 (15 / 2) ?m.339
has type
  ↑n ^ (-(15 / 2)) ≤ 1
but is expected to have type
  ↑n ^ (-(15 / 2)) ≤ t3w_rA1_6
error: RhAttack/P4Limit.lean:3940:4: Type mismatch
  t3w_invpow_le_one n ?m.380 (15 / 2) ?m.389
has type
  ↑n ^ (-(15 / 2)) ≤ 1
but is expected to have type
  ↑n ^ (-(15 / 2)) ≤ t3w_rA1_7
error: RhAttack/P4Limit.lean:3949:47: unsolved goals
case ha
t : ℝ
ht : 1 ≤ t
htb : t < 16 / 13
n : ℕ
hn : n = ⌊13 * t / 8⌋₊
hnmin : 1 ≤ n
htstar : t ≤ 16 / 13
h0t : 0 ≤ t
hS2 : √(t3w_prod t 2) < t3w_qA1_2
hS4 : √(t3w_prod t 4) < t3w_qA1_4
hS6 : √(t3w_prod t 6) < t3w_qA1_6
hS7 : √(t3w_prod t 7) < t3w_qA1_7
hR2 : ↑n ^ (-(7 / 2)) ≤ t3w_rA1_2
hR4 : ↑n ^ (-(11 / 2)) ≤ t3w_rA1_4
hR6 : ↑n ^ (-(15 / 2)) ≤ t3w_rA1_6
hR7 : ↑n ^ (-(15 / 2)) ≤ t3w_rA1_7
⊢ 0 < t3w_rA1_2
error: RhAttack/P4Limit.lean:3960:49: unsolved goals
case ha
t : ℝ
ht : 1 ≤ t
htb : t < 16 / 13
n : ℕ
hn : n = ⌊13 * t / 8⌋₊
hnmin : 1 ≤ n
htstar : t ≤ 16 / 13
h0t : 0 ≤ t
hS2 : √(t3w_prod t 2) < t3w_qA1_2
hS4 : √(t3w_prod t 4) < t3w_qA1_4
hS6 : √(t3w_prod t 6) < t3w_qA1_6
hS7 : √(t3w_prod t 7) < t3w_qA1_7
hR2 : ↑n ^ (-(7 / 2)) ≤ t3w_rA1_2
hR4 : ↑n ^ (-(11 / 2)) ≤ t3w_rA1_4
hR6 : ↑n ^ (-(15 / 2)) ≤ t3w_rA1_6
hR7 : ↑n ^ (-(15 / 2)) ≤ t3w_rA1_7
hT2 : t3w_term n t 2 < t3w_qA1_2 * t3w_rA1_2 / 720
⊢ 0 < t3w_rA1_4
error: RhAttack/P4Limit.lean:3971:51: unsolved goals
case ha
t : ℝ
ht : 1 ≤ t
htb : t < 16 / 13
n : ℕ
hn : n = ⌊13 * t / 8⌋₊
hnmin : 1 ≤ n
htstar : t ≤ 16 / 13
h0t : 0 ≤ t
hS2 : √(t3w_prod t 2) < t3w_qA1_2
hS4 : √(t3w_prod t 4) < t3w_qA1_4
hS6 : √(t3w_prod t 6) < t3w_qA1_6
hS7 : √(t3w_prod t 7) < t3w_qA1_7
hR2 : ↑n ^ (-(7 / 2)) ≤ t3w_rA1_2
hR4 : ↑n ^ (-(11 / 2)) ≤ t3w_rA1_4
hR6 : ↑n ^ (-(15 / 2)) ≤ t3w_rA1_6
hR7 : ↑n ^ (-(15 / 2)) ≤ t3w_rA1_7
hT2 : t3w_term n t 2 < t3w_qA1_2 * t3w_rA1_2 / 720
hT4 : t3w_term n t 4 < t3w_qA1_4 * t3w_rA1_4 / 30240
⊢ 0 < t3w_rA1_6
error: RhAttack/P4Limit.lean:3982:51: unsolved goals
case ha
t : ℝ
ht : 1 ≤ t
htb : t < 16 / 13
n : ℕ
hn : n = ⌊13 * t / 8⌋₊
hnmin : 1 ≤ n
htstar : t ≤ 16 / 13
h0t : 0 ≤ t
hS2 : √(t3w_prod t 2) < t3w_qA1_2
hS4 : √(t3w_prod t 4) < t3w_qA1_4
hS6 : √(t3w_prod t 6) < t3w_qA1_6
hS7 : √(t3w_prod t 7) < t3w_qA1_7
hR2 : ↑n ^ (-(7 / 2)) ≤ t3w_rA1_2
hR4 : ↑n ^ (-(11 / 2)) ≤ t3w_rA1_4
hR6 : ↑n ^ (-(15 / 2)) ≤ t3w_rA1_6
hR7 : ↑n ^ (-(15 / 2)) ≤ t3w_rA1_7
hT2 : t3w_term n t 2 < t3w_qA1_2 * t3w_rA1_2 / 720
hT4 : t3w_term n t 4 < t3w_qA1_4 * t3w_rA1_4 / 30240
hT6 : t3w_term n t 6 < t3w_qA1_6 * t3w_rA1_6 / 1209600
⊢ 0 < t3w_rA1_7
error: RhAttack/P4Limit.lean:4020:8: Type mismatch
  (one_div_le_one_div (rpow_pos_of_pos ?m.310 (7 / 2))
        (rpow_pos_of_pos
          (Nat.cast_pos.mpr
            (have this := ?m.333;
            this))
          (7 / 2))).mpr
    (rpow_le_rpow ?m.347 ?m.348 ?m.349)
has type
  1 / 2 ^ (7 / 2) ≤ 1 / ↑n ^ (7 / 2)
but is expected to have type
  1 / ↑n ^ (7 / 2) ≤ 1 / 2 ^ (7 / 2)
error: RhAttack/P4Limit.lean:4017:4: 'calc' expression has type
  ↑n ^ (-(7 / 2)) < t3w_rA2_2
but is expected to have type
  ↑n ^ (-(7 / 2)) ≤ t3w_rA2_2
error: RhAttack/P4Limit.lean:4018:60: unsolved goals
t : ℝ
ht : 16 / 13 ≤ t
htb : t < 4
n : ℕ
hn : n = ⌊13 * t / 8⌋₊
hnmin : 2 ≤ n
htstar : t ≤ 4
h0t : 0 ≤ t
hS2 : √(t3w_prod t 2) < t3w_qA2_2
hS4 : √(t3w_prod t 4) < t3w_qA2_4
hS6 : √(t3w_prod t 6) < t3w_qA2_6
hS7 : √(t3w_prod t 7) < t3w_qA2_7
⊢ (↑n ^ (7 / 2))⁻¹ = 1 / ↑n ^ (7 / 2)
error: RhAttack/P4Limit.lean:4022:40: mod_cast has type
  2 ≤ n
but is expected to have type
  n ≤ 2
error: RhAttack/P4Limit.lean:4024:72: unsolved goals
t : ℝ
ht : 16 / 13 ≤ t
htb : t < 4
n : ℕ
hn : n = ⌊13 * t / 8⌋₊
hnmin : 2 ≤ n
htstar : t ≤ 4
h0t : 0 ≤ t
hS2 : √(t3w_prod t 2) < t3w_qA2_2
hS4 : √(t3w_prod t 4) < t3w_qA2_4
hS6 : √(t3w_prod t 6) < t3w_qA2_6
hS7 : √(t3w_prod t 7) < t3w_qA2_7
hp2 : 7 / 2 = 7 * (1 / 2)
⊢ √(2 ^ ↑7) = √(2 ^ 7)
error: RhAttack/P4Limit.lean:4030:40: unsolved goals
t : ℝ
ht : 16 / 13 ≤ t
htb : t < 4
n : ℕ
hn : n = ⌊13 * t / 8⌋₊
hnmin : 2 ≤ n
htstar : t ≤ 4
h0t : 0 ≤ t
hS2 : √(t3w_prod t 2) < t3w_qA2_2
hS4 : √(t3w_prod t 4) < t3w_qA2_4
hS6 : √(t3w_prod t 6) < t3w_qA2_6
hS7 : √(t3w_prod t 7) < t3w_qA2_7
hrew : 2 ^ (7 / 2) = √(2 ^ 7)
⊢ 0 < t3w_rA2_2
error: RhAttack/P4Limit.lean:4031:32: failed to prove positivity/nonnegativity/nonzeroness
error: RhAttack/P4Limit.lean:4031:50: unsolved goals
t : ℝ
ht : 16 / 13 ≤ t
htb : t < 4
n : ℕ
hn : n = ⌊13 * t / 8⌋₊
hnmin : 2 ≤ n
htstar : t ≤ 4
h0t : 0 ≤ t
hS2 : √(t3w_prod t 2) < t3w_qA2_2
hS4 : √(t3w_prod t 4) < t3w_qA2_4
hS6 : √(t3w_prod t 6) < t3w_qA2_6
hS7 : √(t3w_prod t 7) < t3w_qA2_7
hrew : 2 ^ (7 / 2) = √(2 ^ 7)
⊢ (t3w_rA2_2 ^ 2)⁻¹ < 128
error: RhAttack/P4Limit.lean:4037:8: Type mismatch
  (one_div_le_one_div (rpow_pos_of_pos ?m.573 (11 / 2))
        (rpow_pos_of_pos
          (Nat.cast_pos.mpr
            (have this := ?m.596;
            this))
          (11 / 2))).mpr
    (rpow_le_rpow ?m.610 ?m.611 ?m.612)
has type
  1 / 2 ^ (11 / 2) ≤ 1 / ↑n ^ (11 / 2)
but is expected to have type
  1 / ↑n ^ (11 / 2) ≤ 1 / 2 ^ (11 / 2)
error: RhAttack/P4Limit.lean:4034:4: 'calc' expression has type
  ↑n ^ (-(11 / 2)) < t3w_rA2_4
but is expected to have type
  ↑n ^ (-(11 / 2)) ≤ t3w_rA2_4
error: RhAttack/P4Limit.lean:4035:62: unsolved goals
t : ℝ
ht : 16 / 13 ≤ t
htb : t < 4
n : ℕ
hn : n = ⌊13 * t / 8⌋₊
hnmin : 2 ≤ n
htstar : t ≤ 4
h0t : 0 ≤ t
hS2 : √(t3w_prod t 2) < t3w_qA2_2
hS4 : √(t3w_prod t 4) < t3w_qA2_4
hS6 : √(t3w_prod t 6) < t3w_qA2_6
hS7 : √(t3w_prod t 7) < t3w_qA2_7
hR2 : ↑n ^ (-(7 / 2)) ≤ t3w_rA2_2
⊢ (↑n ^ (11 / 2))⁻¹ = 1 / ↑n ^ (11 / 2)
error: RhAttack/P4Limit.lean:4039:40: mod_cast has type
  2 ≤ n
but is expected to have type
  n ≤ 2
error: RhAttack/P4Limit.lean:4041:74: unsolved goals
t : ℝ
ht : 16 / 13 ≤ t
htb : t < 4
n : ℕ
hn : n = ⌊13 * t / 8⌋₊
hnmin : 2 ≤ n
htstar : t ≤ 4
h0t : 0 ≤ t
hS2 : √(t3w_prod t 2) < t3w_qA2_2
hS4 : √(t3w_prod t 4) < t3w_qA2_4
hS6 : √(t3w_prod t 6) < t3w_qA2_6
hS7 : √(t3w_prod t 7) < t3w_qA2_7
hR2 : ↑n ^ (-(7 / 2)) ≤ t3w_rA2_2
hp2 : 11 / 2 = 11 * (1 / 2)
⊢ √(2 ^ ↑11) = √(2 ^ 11)
error: RhAttack/P4Limit.lean:4047:40: unsolved goals
t : ℝ
ht : 16 / 13 ≤ t
htb : t < 4
n : ℕ
hn : n = ⌊13 * t / 8⌋₊
hnmin : 2 ≤ n
htstar : t ≤ 4
h0t : 0 ≤ t
hS2 : √(t3w_prod t 2) < t3w_qA2_2
hS4 : √(t3w_prod t 4) < t3w_qA2_4
hS6 : √(t3w_prod t 6) < t3w_qA2_6
hS7 : √(t3w_prod t 7) < t3w_qA2_7
hR2 : ↑n ^ (-(7 / 2)) ≤ t3w_rA2_2
hrew : 2 ^ (11 / 2) = √(2 ^ 11)
⊢ 0 < t3w_rA2_4
error: RhAttack/P4Limit.lean:4048:32: failed to prove positivity/nonnegativity/nonzeroness
error: RhAttack/P4Limit.lean:4048:50: unsolved goals
t : ℝ
ht : 16 / 13 ≤ t
htb : t < 4
n : ℕ
hn : n = ⌊13 * t / 8⌋₊
hnmin : 2 ≤ n
htstar : t ≤ 4
h0t : 0 ≤ t
hS2 : √(t3w_prod t 2) < t3w_qA2_2
hS4 : √(t3w_prod t 4) < t3w_qA2_4
hS6 : √(t3w_prod t 6) < t3w_qA2_6
hS7 : √(t3w_prod t 7) < t3w_qA2_7
hR2 : ↑n ^ (-(7 / 2)) ≤ t3w_rA2_2
hrew : 2 ^ (11 / 2) = √(2 ^ 11)
⊢ (t3w_rA2_4 ^ 2)⁻¹ < 2048
error: RhAttack/P4Limit.lean:4054:8: Type mismatch
  (one_div_le_one_div (rpow_pos_of_pos ?m.838 (15 / 2))
        (rpow_pos_of_pos
          (Nat.cast_pos.mpr
            (have this := ?m.861;
            this))
          (15 / 2))).mpr
    (rpow_le_rpow ?m.875 ?m.876 ?m.877)
has type
  1 / 2 ^ (15 / 2) ≤ 1 / ↑n ^ (15 / 2)
but is expected to have type
  1 / ↑n ^ (15 / 2) ≤ 1 / 2 ^ (15 / 2)
error: RhAttack/P4Limit.lean:4051:4: 'calc' expression has type
  ↑n ^ (-(15 / 2)) < t3w_rA2_6
but is expected to have type
  ↑n ^ (-(15 / 2)) ≤ t3w_rA2_6
error: RhAttack/P4Limit.lean:4052:62: unsolved goals
t : ℝ
ht : 16 / 13 ≤ t
htb : t < 4
n : ℕ
hn : n = ⌊13 * t / 8⌋₊
hnmin : 2 ≤ n
htstar : t ≤ 4
h0t : 0 ≤ t
hS2 : √(t3w_prod t 2) < t3w_qA2_2
hS4 : √(t3w_prod t 4) < t3w_qA2_4
hS6 : √(t3w_prod t 6) < t3w_qA2_6
hS7 : √(t3w_prod t 7) < t3w_qA2_7
hR2 : ↑n ^ (-(7 / 2)) ≤ t3w_rA2_2
hR4 : ↑n ^ (-(11 / 2)) ≤ t3w_rA2_4
⊢ (↑n ^ (15 / 2))⁻¹ = 1 / ↑n ^ (15 / 2)
error: RhAttack/P4Limit.lean:4056:40: mod_cast has type
  2 ≤ n
but is expected to have type
  n ≤ 2
error: RhAttack/P4Limit.lean:4058:74: unsolved goals
t : ℝ
ht : 16 / 13 ≤ t
htb : t < 4
n : ℕ
hn : n = ⌊13 * t / 8⌋₊
hnmin : 2 ≤ n
htstar : t ≤ 4
h0t : 0 ≤ t
hS2 : √(t3w_prod t 2) < t3w_qA2_2
hS4 : √(t3w_prod t 4) < t3w_qA2_4
hS6 : √(t3w_prod t 6) < t3w_qA2_6
hS7 : √(t3w_prod t 7) < t3w_qA2_7
hR2 : ↑n ^ (-(7 / 2)) ≤ t3w_rA2_2
hR4 : ↑n ^ (-(11 / 2)) ≤ t3w_rA2_4
hp2 : 15 / 2 = 15 * (1 / 2)
⊢ √(2 ^ ↑15) = √(2 ^ 15)
error: RhAttack/P4Limit.lean:4064:40: unsolved goals
t : ℝ
ht : 16 / 13 ≤ t
htb : t < 4
n : ℕ
hn : n = ⌊13 * t / 8⌋₊
hnmin : 2 ≤ n
htstar : t ≤ 4
h0t : 0 ≤ t
hS2 : √(t3w_prod t 2) < t3w_qA2_2
hS4 : √(t3w_prod t 4) < t3w_qA2_4
hS6 : √(t3w_prod t 6) < t3w_qA2_6
hS7 : √(t3w_prod t 7) < t3w_qA2_7
hR2 : ↑n ^ (-(7 / 2)) ≤ t3w_rA2_2
hR4 : ↑n ^ (-(11 / 2)) ≤ t3w_rA2_4
hrew : 2 ^ (15 / 2) = √(2 ^ 15)
⊢ 0 < t3w_rA2_6
error: RhAttack/P4Limit.lean:4065:32: failed to prove positivity/nonnegativity/nonzeroness
error: RhAttack/P4Limit.lean:4065:50: unsolved goals
t : ℝ
ht : 16 / 13 ≤ t
htb : t < 4
n : ℕ
hn : n = ⌊13 * t / 8⌋₊
hnmin : 2 ≤ n
htstar : t ≤ 4
h0t : 0 ≤ t
hS2 : √(t3w_prod t 2) < t3w_qA2_2
hS4 : √(t3w_prod t 4) < t3w_qA2_4
hS6 : √(t3w_prod t 6) < t3w_qA2_6
hS7 : √(t3w_prod t 7) < t3w_qA2_7
hR2 : ↑n ^ (-(7 / 2)) ≤ t3w_rA2_2
hR4 : ↑n ^ (-(11 / 2)) ≤ t3w_rA2_4
hrew : 2 ^ (15 / 2) = √(2 ^ 15)
⊢ (t3w_rA2_6 ^ 2)⁻¹ < 32768
error: RhAttack/P4Limit.lean:4071:8: Type mismatch
  (one_div_le_one_div (rpow_pos_of_pos ?m.1105 (15 / 2))
        (rpow_pos_of_pos
          (Nat.cast_pos.mpr
            (have this := ?m.1128;
            this))
          (15 / 2))).mpr
    (rpow_le_rpow ?m.1142 ?m.1143 ?m.1144)
has type
  1 / 2 ^ (15 / 2) ≤ 1 / ↑n ^ (15 / 2)
but is expected to have type
  1 / ↑n ^ (15 / 2) ≤ 1 / 2 ^ (15 / 2)
error: RhAttack/P4Limit.lean:4068:4: 'calc' expression has type
  ↑n ^ (-(15 / 2)) < t3w_rA2_7
but is expected to have type
  ↑n ^ (-(15 / 2)) ≤ t3w_rA2_7
error: RhAttack/P4Limit.lean:4069:62: unsolved goals
t : ℝ
ht : 16 / 13 ≤ t
htb : t < 4
n : ℕ
hn : n = ⌊13 * t / 8⌋₊
hnmin : 2 ≤ n
htstar : t ≤ 4
h0t : 0 ≤ t
hS2 : √(t3w_prod t 2) < t3w_qA2_2
hS4 : √(t3w_prod t 4) < t3w_qA2_4
hS6 : √(t3w_prod t 6) < t3w_qA2_6
hS7 : √(t3w_prod t 7) < t3w_qA2_7
hR2 : ↑n ^ (-(7 / 2)) ≤ t3w_rA2_2
hR4 : ↑n ^ (-(11 / 2)) ≤ t3w_rA2_4
hR6 : ↑n ^ (-(15 / 2)) ≤ t3w_rA2_6
⊢ (↑n ^ (15 / 2))⁻¹ = 1 / ↑n ^ (15 / 2)
error: RhAttack/P4Limit.lean:4073:40: mod_cast has type
  2 ≤ n
but is expected to have type
  n ≤ 2
error: RhAttack/P4Limit.lean:4075:74: unsolved goals
t : ℝ
ht : 16 / 13 ≤ t
htb : t < 4
n : ℕ
hn : n = ⌊13 * t / 8⌋₊
hnmin : 2 ≤ n
htstar : t ≤ 4
h0t : 0 ≤ t
hS2 : √(t3w_prod t 2) < t3w_qA2_2
hS4 : √(t3w_prod t 4) < t3w_qA2_4
hS6 : √(t3w_prod t 6) < t3w_qA2_6
hS7 : √(t3w_prod t 7) < t3w_qA2_7
hR2 : ↑n ^ (-(7 / 2)) ≤ t3w_rA2_2
hR4 : ↑n ^ (-(11 / 2)) ≤ t3w_rA2_4
hR6 : ↑n ^ (-(15 / 2)) ≤ t3w_rA2_6
hp2 : 15 / 2 = 15 * (1 / 2)
⊢ √(2 ^ ↑15) = √(2 ^ 15)
error: RhAttack/P4Limit.lean:4081:40: unsolved goals
t : ℝ
ht : 16 / 13 ≤ t
htb : t < 4
n : ℕ
hn : n = ⌊13 * t / 8⌋₊
hnmin : 2 ≤ n
htstar : t ≤ 4
h0t : 0 ≤ t
hS2 : √(t3w_prod t 2) < t3w_qA2_2
hS4 : √(t3w_prod t 4) < t3w_qA2_4
hS6 : √(t3w_prod t 6) < t3w_qA2_6
hS7 : √(t3w_prod t 7) < t3w_qA2_7
hR2 : ↑n ^ (-(7 / 2)) ≤ t3w_rA2_2
hR4 : ↑n ^ (-(11 / 2)) ≤ t3w_rA2_4
hR6 : ↑n ^ (-(15 / 2)) ≤ t3w_rA2_6
hrew : 2 ^ (15 / 2) = √(2 ^ 15)
⊢ 0 < t3w_rA2_7
error: RhAttack/P4Limit.lean:4082:32: failed to prove positivity/nonnegativity/nonzeroness
error: RhAttack/P4Limit.lean:4082:50: unsolved goals
t : ℝ
ht : 16 / 13 ≤ t
htb : t < 4
n : ℕ
hn : n = ⌊13 * t / 8⌋₊
hnmin : 2 ≤ n
htstar : t ≤ 4
h0t : 0 ≤ t
hS2 : √(t3w_prod t 2) < t3w_qA2_2
hS4 : √(t3w_prod t 4) < t3w_qA2_4
hS6 : √(t3w_prod t 6) < t3w_qA2_6
hS7 : √(t3w_prod t 7) < t3w_qA2_7
hR2 : ↑n ^ (-(7 / 2)) ≤ t3w_rA2_2
hR4 : ↑n ^ (-(11 / 2)) ≤ t3w_rA2_4
hR6 : ↑n ^ (-(15 / 2)) ≤ t3w_rA2_6
hrew : 2 ^ (15 / 2) = √(2 ^ 15)
⊢ (t3w_rA2_7 ^ 2)⁻¹ < 32768
error: RhAttack/P4Limit.lean:4091:47: unsolved goals
case ha
t : ℝ
ht : 16 / 13 ≤ t
htb : t < 4
n : ℕ
hn : n = ⌊13 * t / 8⌋₊
hnmin : 2 ≤ n
htstar : t ≤ 4
h0t : 0 ≤ t
hS2 : √(t3w_prod t 2) < t3w_qA2_2
hS4 : √(t3w_prod t 4) < t3w_qA2_4
hS6 : √(t3w_prod t 6) < t3w_qA2_6
hS7 : √(t3w_prod t 7) < t3w_qA2_7
hR2 : ↑n ^ (-(7 / 2)) ≤ t3w_rA2_2
hR4 : ↑n ^ (-(11 / 2)) ≤ t3w_rA2_4
hR6 : ↑n ^ (-(15 / 2)) ≤ t3w_rA2_6
hR7 : ↑n ^ (-(15 / 2)) ≤ t3w_rA2_7
⊢ 0 < t3w_rA2_2
error: RhAttack/P4Limit.lean:4102:49: unsolved goals
case ha
t : ℝ
ht : 16 / 13 ≤ t
htb : t < 4
n : ℕ
hn : n = ⌊13 * t / 8⌋₊
hnmin : 2 ≤ n
htstar : t ≤ 4
h0t : 0 ≤ t
hS2 : √(t3w_prod t 2) < t3w_qA2_2
hS4 : √(t3w_prod t 4) < t3w_qA2_4
hS6 : √(t3w_prod t 6) < t3w_qA2_6
hS7 : √(t3w_prod t 7) < t3w_qA2_7
hR2 : ↑n ^ (-(7 / 2)) ≤ t3w_rA2_2
hR4 : ↑n ^ (-(11 / 2)) ≤ t3w_rA2_4
hR6 : ↑n ^ (-(15 / 2)) ≤ t3w_rA2_6
hR7 : ↑n ^ (-(15 / 2)) ≤ t3w_rA2_7
hT2 : t3w_term n t 2 < t3w_qA2_2 * t3w_rA2_2 / 720
⊢ 0 < t3w_rA2_4
error: RhAttack/P4Limit.lean:4113:51: unsolved goals
case ha
t : ℝ
ht : 16 / 13 ≤ t
htb : t < 4
n : ℕ
hn : n = ⌊13 * t / 8⌋₊
hnmin : 2 ≤ n
htstar : t ≤ 4
h0t : 0 ≤ t
hS2 : √(t3w_prod t 2) < t3w_qA2_2
hS4 : √(t3w_prod t 4) < t3w_qA2_4
hS6 : √(t3w_prod t 6) < t3w_qA2_6
hS7 : √(t3w_prod t 7) < t3w_qA2_7
hR2 : ↑n ^ (-(7 / 2)) ≤ t3w_rA2_2
hR4 : ↑n ^ (-(11 / 2)) ≤ t3w_rA2_4
hR6 : ↑n ^ (-(15 / 2)) ≤ t3w_rA2_6
hR7 : ↑n ^ (-(15 / 2)) ≤ t3w_rA2_7
hT2 : t3w_term n t 2 < t3w_qA2_2 * t3w_rA2_2 / 720
hT4 : t3w_term n t 4 < t3w_qA2_4 * t3w_rA2_4 / 30240
⊢ 0 < t3w_rA2_6
error: RhAttack/P4Limit.lean:4124:51: unsolved goals
case ha
t : ℝ
ht : 16 / 13 ≤ t
htb : t < 4
n : ℕ
hn : n = ⌊13 * t / 8⌋₊
hnmin : 2 ≤ n
htstar : t ≤ 4
h0t : 0 ≤ t
hS2 : √(t3w_prod t 2) < t3w_qA2_2
hS4 : √(t3w_prod t 4) < t3w_qA2_4
hS6 : √(t3w_prod t 6) < t3w_qA2_6
hS7 : √(t3w_prod t 7) < t3w_qA2_7
hR2 : ↑n ^ (-(7 / 2)) ≤ t3w_rA2_2
hR4 : ↑n ^ (-(11 / 2)) ≤ t3w_rA2_4
hR6 : ↑n ^ (-(15 / 2)) ≤ t3w_rA2_6
hR7 : ↑n ^ (-(15 / 2)) ≤ t3w_rA2_7
hT2 : t3w_term n t 2 < t3w_qA2_2 * t3w_rA2_2 / 720
hT4 : t3w_term n t 4 < t3w_qA2_4 * t3w_rA2_4 / 30240
hT6 : t3w_term n t 6 < t3w_qA2_6 * t3w_rA2_6 / 1209600
⊢ 0 < t3w_rA2_7
error: RhAttack/P4Limit.lean:4162:8: Type mismatch
  (one_div_le_one_div (rpow_pos_of_pos ?m.285 (7 / 2))
        (rpow_pos_of_pos
          (Nat.cast_pos.mpr
            (have this := ?m.308;
            this))
          (7 / 2))).mpr
    (rpow_le_rpow ?m.322 ?m.323 ?m.324)
has type
  1 / 6 ^ (7 / 2) ≤ 1 / ↑n ^ (7 / 2)
but is expected to have type
  1 / ↑n ^ (7 / 2) ≤ 1 / 6 ^ (7 / 2)
error: RhAttack/P4Limit.lean:4159:4: 'calc' expression has type
  ↑n ^ (-(7 / 2)) < t3w_rA3_2
but is expected to have type
  ↑n ^ (-(7 / 2)) ≤ t3w_rA3_2
error: RhAttack/P4Limit.lean:4160:60: unsolved goals
t : ℝ
ht : 4 ≤ t
htb : t < 8
n : ℕ
hn : n = ⌊13 * t / 8⌋₊
hnmin : 6 ≤ n
htstar : t ≤ 8
h0t : 0 ≤ t
hS2 : √(t3w_prod t 2) < t3w_qA3_2
hS4 : √(t3w_prod t 4) < t3w_qA3_4
hS6 : √(t3w_prod t 6) < t3w_qA3_6
hS7 : √(t3w_prod t 7) < t3w_qA3_7
⊢ (↑n ^ (7 / 2))⁻¹ = 1 / ↑n ^ (7 / 2)
error: RhAttack/P4Limit.lean:4164:40: mod_cast has type
  6 ≤ n
but is expected to have type
  n ≤ 6
error: RhAttack/P4Limit.lean:4166:72: unsolved goals
t : ℝ
ht : 4 ≤ t
htb : t < 8
n : ℕ
hn : n = ⌊13 * t / 8⌋₊
hnmin : 6 ≤ n
htstar : t ≤ 8
h0t : 0 ≤ t
hS2 : √(t3w_prod t 2) < t3w_qA3_2
hS4 : √(t3w_prod t 4) < t3w_qA3_4
hS6 : √(t3w_prod t 6) < t3w_qA3_6
hS7 : √(t3w_prod t 7) < t3w_qA3_7
hp2 : 7 / 2 = 7 * (1 / 2)
⊢ √(6 ^ ↑7) = √(6 ^ 7)
error: RhAttack/P4Limit.lean:4172:40: unsolved goals
t : ℝ
ht : 4 ≤ t
htb : t < 8
n : ℕ
hn : n = ⌊13 * t / 8⌋₊
hnmin : 6 ≤ n
htstar : t ≤ 8
h0t : 0 ≤ t
hS2 : √(t3w_prod t 2) < t3w_qA3_2
hS4 : √(t3w_prod t 4) < t3w_qA3_4
hS6 : √(t3w_prod t 6) < t3w_qA3_6
hS7 : √(t3w_prod t 7) < t3w_qA3_7
hrew : 6 ^ (7 / 2) = √(6 ^ 7)
⊢ 0 < t3w_rA3_2
error: RhAttack/P4Limit.lean:4173:32: failed to prove positivity/nonnegativity/nonzeroness
error: RhAttack/P4Limit.lean:4173:50: unsolved goals
t : ℝ
ht : 4 ≤ t
htb : t < 8
n : ℕ
hn : n = ⌊13 * t / 8⌋₊
hnmin : 6 ≤ n
htstar : t ≤ 8
h0t : 0 ≤ t
hS2 : √(t3w_prod t 2) < t3w_qA3_2
hS4 : √(t3w_prod t 4) < t3w_qA3_4
hS6 : √(t3w_prod t 6) < t3w_qA3_6
hS7 : √(t3w_prod t 7) < t3w_qA3_7
hrew : 6 ^ (7 / 2) = √(6 ^ 7)
⊢ (t3w_rA3_2 ^ 2)⁻¹ < 279936
error: RhAttack/P4Limit.lean:4179:8: Type mismatch
  (one_div_le_one_div (rpow_pos_of_pos ?m.543 (11 / 2))
        (rpow_pos_of_pos
          (Nat.cast_pos.mpr
            (have this := ?m.566;
            this))
          (11 / 2))).mpr
    (rpow_le_rpow ?m.580 ?m.581 ?m.582)
has type
  1 / 6 ^ (11 / 2) ≤ 1 / ↑n ^ (11 / 2)
but is expected to have type
  1 / ↑n ^ (11 / 2) ≤ 1 / 6 ^ (11 / 2)
error: RhAttack/P4Limit.lean:4176:4: 'calc' expression has type
  ↑n ^ (-(11 / 2)) < t3w_rA3_4
but is expected to have type
  ↑n ^ (-(11 / 2)) ≤ t3w_rA3_4
error: RhAttack/P4Limit.lean:4177:62: unsolved goals
t : ℝ
ht : 4 ≤ t
htb : t < 8
n : ℕ
hn : n = ⌊13 * t / 8⌋₊
hnmin : 6 ≤ n
htstar : t ≤ 8
h0t : 0 ≤ t
hS2 : √(t3w_prod t 2) < t3w_qA3_2
hS4 : √(t3w_prod t 4) < t3w_qA3_4
hS6 : √(t3w_prod t 6) < t3w_qA3_6
hS7 : √(t3w_prod t 7) < t3w_qA3_7
hR2 : ↑n ^ (-(7 / 2)) ≤ t3w_rA3_2
⊢ (↑n ^ (11 / 2))⁻¹ = 1 / ↑n ^ (11 / 2)
error: RhAttack/P4Limit.lean:4181:40: mod_cast has type
  6 ≤ n
but is expected to have type
  n ≤ 6
error: RhAttack/P4Limit.lean:4183:74: unsolved goals
t : ℝ
ht : 4 ≤ t
htb : t < 8
n : ℕ
hn : n = ⌊13 * t / 8⌋₊
hnmin : 6 ≤ n
htstar : t ≤ 8
h0t : 0 ≤ t
hS2 : √(t3w_prod t 2) < t3w_qA3_2
hS4 : √(t3w_prod t 4) < t3w_qA3_4
hS6 : √(t3w_prod t 6) < t3w_qA3_6
hS7 : √(t3w_prod t 7) < t3w_qA3_7
hR2 : ↑n ^ (-(7 / 2)) ≤ t3w_rA3_2
hp2 : 11 / 2 = 11 * (1 / 2)
⊢ √(6 ^ ↑11) = √(6 ^ 11)
error: RhAttack/P4Limit.lean:4189:40: unsolved goals
t : ℝ
ht : 4 ≤ t
htb : t < 8
n : ℕ
hn : n = ⌊13 * t / 8⌋₊
hnmin : 6 ≤ n
htstar : t ≤ 8
h0t : 0 ≤ t
hS2 : √(t3w_prod t 2) < t3w_qA3_2
hS4 : √(t3w_prod t 4) < t3w_qA3_4
hS6 : √(t3w_prod t 6) < t3w_qA3_6
hS7 : √(t3w_prod t 7) < t3w_qA3_7
hR2 : ↑n ^ (-(7 / 2)) ≤ t3w_rA3_2
hrew : 6 ^ (11 / 2) = √(6 ^ 11)
⊢ 0 < t3w_rA3_4
error: RhAttack/P4Limit.lean:4190:32: failed to prove positivity/nonnegativity/nonzeroness
error: RhAttack/P4Limit.lean:4190:50: unsolved goals
t : ℝ
ht : 4 ≤ t
htb : t < 8
n : ℕ
hn : n = ⌊13 * t / 8⌋₊
hnmin : 6 ≤ n
htstar : t ≤ 8
h0t : 0 ≤ t
hS2 : √(t3w_prod t 2) < t3w_qA3_2
hS4 : √(t3w_prod t 4) < t3w_qA3_4
hS6 : √(t3w_prod t 6) < t3w_qA3_6
hS7 : √(t3w_prod t 7) < t3w_qA3_7
hR2 : ↑n ^ (-(7 / 2)) ≤ t3w_rA3_2
hrew : 6 ^ (11 / 2) = √(6 ^ 11)
⊢ (t3w_rA3_4 ^ 2)⁻¹ < 362797056
error: RhAttack/P4Limit.lean:4196:8: Type mismatch
  (one_div_le_one_div (rpow_pos_of_pos ?m.803 (15 / 2))
        (rpow_pos_of_pos
          (Nat.cast_pos.mpr
            (have this := ?m.826;
            this))
          (15 / 2))).mpr
    (rpow_le_rpow ?m.840 ?m.841 ?m.842)
has type
  1 / 6 ^ (15 / 2) ≤ 1 / ↑n ^ (15 / 2)
but is expected to have type
  1 / ↑n ^ (15 / 2) ≤ 1 / 6 ^ (15 / 2)
error: RhAttack/P4Limit.lean:4193:4: 'calc' expression has type
  ↑n ^ (-(15 / 2)) < t3w_rA3_6
but is expected to have type
  ↑n ^ (-(15 / 2)) ≤ t3w_rA3_6
error: RhAttack/P4Limit.lean:4194:62: unsolved goals
t : ℝ
ht : 4 ≤ t
htb : t < 8
n : ℕ
hn : n = ⌊13 * t / 8⌋₊
hnmin : 6 ≤ n
htstar : t ≤ 8
h0t : 0 ≤ t
hS2 : √(t3w_prod t 2) < t3w_qA3_2
hS4 : √(t3w_prod t 4) < t3w_qA3_4
hS6 : √(t3w_prod t 6) < t3w_qA3_6
hS7 : √(t3w_prod t 7) < t3w_qA3_7
hR2 : ↑n ^ (-(7 / 2)) ≤ t3w_rA3_2
hR4 : ↑n ^ (-(11 / 2)) ≤ t3w_rA3_4
⊢ (↑n ^ (15 / 2))⁻¹ = 1 / ↑n ^ (15 / 2)
error: RhAttack/P4Limit.lean:4198:40: mod_cast has type
  6 ≤ n
but is expected to have type
  n ≤ 6
error: RhAttack/P4Limit.lean:4200:74: unsolved goals
t : ℝ
ht : 4 ≤ t
htb : t < 8
n : ℕ
hn : n = ⌊13 * t / 8⌋₊
hnmin : 6 ≤ n
htstar : t ≤ 8
h0t : 0 ≤ t
hS2 : √(t3w_prod t 2) < t3w_qA3_2
hS4 : √(t3w_prod t 4) < t3w_qA3_4
hS6 : √(t3w_prod t 6) < t3w_qA3_6
hS7 : √(t3w_prod t 7) < t3w_qA3_7
hR2 : ↑n ^ (-(7 / 2)) ≤ t3w_rA3_2
hR4 : ↑n ^ (-(11 / 2)) ≤ t3w_rA3_4
hp2 : 15 / 2 = 15 * (1 / 2)
⊢ √(6 ^ ↑15) = √(6 ^ 15)
error: RhAttack/P4Limit.lean:4206:40: unsolved goals
t : ℝ
ht : 4 ≤ t
htb : t < 8
n : ℕ
hn : n = ⌊13 * t / 8⌋₊
hnmin : 6 ≤ n
htstar : t ≤ 8
h0t : 0 ≤ t
hS2 : √(t3w_prod t 2) < t3w_qA3_2
hS4 : √(t3w_prod t 4) < t3w_qA3_4
hS6 : √(t3w_prod t 6) < t3w_qA3_6
hS7 : √(t3w_prod t 7) < t3w_qA3_7
hR2 : ↑n ^ (-(7 / 2)) ≤ t3w_rA3_2
hR4 : ↑n ^ (-(11 / 2)) ≤ t3w_rA3_4
hrew : 6 ^ (15 / 2) = √(6 ^ 15)
⊢ 0 < t3w_rA3_6
error: RhAttack/P4Limit.lean:4207:32: failed to prove positivity/nonnegativity/nonzeroness
error: RhAttack/P4Limit.lean:4207:50: unsolved goals
t : ℝ
ht : 4 ≤ t
htb : t < 8
n : ℕ
hn : n = ⌊13 * t / 8⌋₊
hnmin : 6 ≤ n
htstar : t ≤ 8
h0t : 0 ≤ t
hS2 : √(t3w_prod t 2) < t3w_qA3_2
hS4 : √(t3w_prod t 4) < t3w_qA3_4
hS6 : √(t3w_prod t 6) < t3w_qA3_6
hS7 : √(t3w_prod t 7) < t3w_qA3_7
hR2 : ↑n ^ (-(7 / 2)) ≤ t3w_rA3_2
hR4 : ↑n ^ (-(11 / 2)) ≤ t3w_rA3_4
hrew : 6 ^ (15 / 2) = √(6 ^ 15)
⊢ (t3w_rA3_6 ^ 2)⁻¹ < 470184984576
error: RhAttack/P4Limit.lean:4213:8: Type mismatch
  (one_div_le_one_div (rpow_pos_of_pos ?m.1065 (15 / 2))
        (rpow_pos_of_pos
          (Nat.cast_pos.mpr
            (have this := ?m.1088;
            this))
          (15 / 2))).mpr
    (rpow_le_rpow ?m.1102 ?m.1103 ?m.1104)
has type
  1 / 6 ^ (15 / 2) ≤ 1 / ↑n ^ (15 / 2)
but is expected to have type
  1 / ↑n ^ (15 / 2) ≤ 1 / 6 ^ (15 / 2)
error: RhAttack/P4Limit.lean:4210:4: 'calc' expression has type
  ↑n ^ (-(15 / 2)) < t3w_rA3_7
but is expected to have type
  ↑n ^ (-(15 / 2)) ≤ t3w_rA3_7
error: RhAttack/P4Limit.lean:4211:62: unsolved goals
t : ℝ
ht : 4 ≤ t
htb : t < 8
n : ℕ
hn : n = ⌊13 * t / 8⌋₊
hnmin : 6 ≤ n
htstar : t ≤ 8
h0t : 0 ≤ t
hS2 : √(t3w_prod t 2) < t3w_qA3_2
hS4 : √(t3w_prod t 4) < t3w_qA3_4
hS6 : √(t3w_prod t 6) < t3w_qA3_6
hS7 : √(t3w_prod t 7) < t3w_qA3_7
hR2 : ↑n ^ (-(7 / 2)) ≤ t3w_rA3_2
hR4 : ↑n ^ (-(11 / 2)) ≤ t3w_rA3_4
hR6 : ↑n ^ (-(15 / 2)) ≤ t3w_rA3_6
⊢ (↑n ^ (15 / 2))⁻¹ = 1 / ↑n ^ (15 / 2)
error: RhAttack/P4Limit.lean:4215:40: mod_cast has type
  6 ≤ n
but is expected to have type
  n ≤ 6
error: RhAttack/P4Limit.lean:4217:74: unsolved goals
t : ℝ
ht : 4 ≤ t
htb : t < 8
n : ℕ
hn : n = ⌊13 * t / 8⌋₊
hnmin : 6 ≤ n
htstar : t ≤ 8
h0t : 0 ≤ t
hS2 : √(t3w_prod t 2) < t3w_qA3_2
hS4 : √(t3w_prod t 4) < t3w_qA3_4
hS6 : √(t3w_prod t 6) < t3w_qA3_6
hS7 : √(t3w_prod t 7) < t3w_qA3_7
hR2 : ↑n ^ (-(7 / 2)) ≤ t3w_rA3_2
hR4 : ↑n ^ (-(11 / 2)) ≤ t3w_rA3_4
hR6 : ↑n ^ (-(15 / 2)) ≤ t3w_rA3_6
hp2 : 15 / 2 = 15 * (1 / 2)
⊢ √(6 ^ ↑15) = √(6 ^ 15)
error: RhAttack/P4Limit.lean:4223:40: unsolved goals
t : ℝ
ht : 4 ≤ t
htb : t < 8
n : ℕ
hn : n = ⌊13 * t / 8⌋₊
hnmin : 6 ≤ n
htstar : t ≤ 8
h0t : 0 ≤ t
hS2 : √(t3w_prod t 2) < t3w_qA3_2
hS4 : √(t3w_prod t 4) < t3w_qA3_4
hS6 : √(t3w_prod t 6) < t3w_qA3_6
hS7 : √(t3w_prod t 7) < t3w_qA3_7
hR2 : ↑n ^ (-(7 / 2)) ≤ t3w_rA3_2
hR4 : ↑n ^ (-(11 / 2)) ≤ t3w_rA3_4
hR6 : ↑n ^ (-(15 / 2)) ≤ t3w_rA3_6
hrew : 6 ^ (15 / 2) = √(6 ^ 15)
⊢ 0 < t3w_rA3_7
error: RhAttack/P4Limit.lean:4224:32: failed to prove positivity/nonnegativity/nonzeroness
error: RhAttack/P4Limit.lean:4224:50: unsolved goals
t : ℝ
ht : 4 ≤ t
htb : t < 8
n : ℕ
hn : n = ⌊13 * t / 8⌋₊
hnmin : 6 ≤ n
htstar : t ≤ 8
h0t : 0 ≤ t
hS2 : √(t3w_prod t 2) < t3w_qA3_2
hS4 : √(t3w_prod t 4) < t3w_qA3_4
hS6 : √(t3w_prod t 6) < t3w_qA3_6
hS7 : √(t3w_prod t 7) < t3w_qA3_7
hR2 : ↑n ^ (-(7 / 2)) ≤ t3w_rA3_2
hR4 : ↑n ^ (-(11 / 2)) ≤ t3w_rA3_4
hR6 : ↑n ^ (-(15 / 2)) ≤ t3w_rA3_6
hrew : 6 ^ (15 / 2) = √(6 ^ 15)
⊢ (t3w_rA3_7 ^ 2)⁻¹ < 470184984576
error: RhAttack/P4Limit.lean:4233:47: unsolved goals
case ha
t : ℝ
ht : 4 ≤ t
htb : t < 8
n : ℕ
hn : n = ⌊13 * t / 8⌋₊
hnmin : 6 ≤ n
htstar : t ≤ 8
h0t : 0 ≤ t
hS2 : √(t3w_prod t 2) < t3w_qA3_2
hS4 : √(t3w_prod t 4) < t3w_qA3_4
hS6 : √(t3w_prod t 6) < t3w_qA3_6
hS7 : √(t3w_prod t 7) < t3w_qA3_7
hR2 : ↑n ^ (-(7 / 2)) ≤ t3w_rA3_2
hR4 : ↑n ^ (-(11 / 2)) ≤ t3w_rA3_4
hR6 : ↑n ^ (-(15 / 2)) ≤ t3w_rA3_6
hR7 : ↑n ^ (-(15 / 2)) ≤ t3w_rA3_7
⊢ 0 < t3w_rA3_2
error: RhAttack/P4Limit.lean:4244:49: unsolved goals
case ha
t : ℝ
ht : 4 ≤ t
htb : t < 8
n : ℕ
hn : n = ⌊13 * t / 8⌋₊
hnmin : 6 ≤ n
htstar : t ≤ 8
h0t : 0 ≤ t
hS2 : √(t3w_prod t 2) < t3w_qA3_2
hS4 : √(t3w_prod t 4) < t3w_qA3_4
hS6 : √(t3w_prod t 6) < t3w_qA3_6
hS7 : √(t3w_prod t 7) < t3w_qA3_7
hR2 : ↑n ^ (-(7 / 2)) ≤ t3w_rA3_2
hR4 : ↑n ^ (-(11 / 2)) ≤ t3w_rA3_4
hR6 : ↑n ^ (-(15 / 2)) ≤ t3w_rA3_6
hR7 : ↑n ^ (-(15 / 2)) ≤ t3w_rA3_7
hT2 : t3w_term n t 2 < t3w_qA3_2 * t3w_rA3_2 / 720
⊢ 0 < t3w_rA3_4
error: RhAttack/P4Limit.lean:4255:51: unsolved goals
case ha
t : ℝ
ht : 4 ≤ t
htb : t < 8
n : ℕ
hn : n = ⌊13 * t / 8⌋₊
hnmin : 6 ≤ n
htstar : t ≤ 8
h0t : 0 ≤ t
hS2 : √(t3w_prod t 2) < t3w_qA3_2
hS4 : √(t3w_prod t 4) < t3w_qA3_4
hS6 : √(t3w_prod t 6) < t3w_qA3_6
hS7 : √(t3w_prod t 7) < t3w_qA3_7
hR2 : ↑n ^ (-(7 / 2)) ≤ t3w_rA3_2
hR4 : ↑n ^ (-(11 / 2)) ≤ t3w_rA3_4
hR6 : ↑n ^ (-(15 / 2)) ≤ t3w_rA3_6
hR7 : ↑n ^ (-(15 / 2)) ≤ t3w_rA3_7
hT2 : t3w_term n t 2 < t3w_qA3_2 * t3w_rA3_2 / 720
hT4 : t3w_term n t 4 < t3w_qA3_4 * t3w_rA3_4 / 30240
⊢ 0 < t3w_rA3_6
error: RhAttack/P4Limit.lean:4266:51: unsolved goals
case ha
t : ℝ
ht : 4 ≤ t
htb : t < 8
n : ℕ
hn : n = ⌊13 * t / 8⌋₊
hnmin : 6 ≤ n
htstar : t ≤ 8
h0t : 0 ≤ t
hS2 : √(t3w_prod t 2) < t3w_qA3_2
hS4 : √(t3w_prod t 4) < t3w_qA3_4
hS6 : √(t3w_prod t 6) < t3w_qA3_6
hS7 : √(t3w_prod t 7) < t3w_qA3_7
hR2 : ↑n ^ (-(7 / 2)) ≤ t3w_rA3_2
hR4 : ↑n ^ (-(11 / 2)) ≤ t3w_rA3_4
hR6 : ↑n ^ (-(15 / 2)) ≤ t3w_rA3_6
hR7 : ↑n ^ (-(15 / 2)) ≤ t3w_rA3_7
hT2 : t3w_term n t 2 < t3w_qA3_2 * t3w_rA3_2 / 720
hT4 : t3w_term n t 4 < t3w_qA3_4 * t3w_rA3_4 / 30240
hT6 : t3w_term n t 6 < t3w_qA3_6 * t3w_rA3_6 / 1209600
⊢ 0 < t3w_rA3_7
error: RhAttack/P4Limit.lean:4304:8: Type mismatch
  (one_div_le_one_div (rpow_pos_of_pos ?m.284 (7 / 2))
        (rpow_pos_of_pos
          (Nat.cast_pos.mpr
            (have this := ?m.307;
            this))
          (7 / 2))).mpr
    (rpow_le_rpow ?m.321 ?m.322 ?m.323)
has type
  1 / 13 ^ (7 / 2) ≤ 1 / ↑n ^ (7 / 2)
but is expected to have type
  1 / ↑n ^ (7 / 2) ≤ 1 / 13 ^ (7 / 2)
error: RhAttack/P4Limit.lean:4301:4: 'calc' expression has type
  ↑n ^ (-(7 / 2)) < t3w_rA4_2
but is expected to have type
  ↑n ^ (-(7 / 2)) ≤ t3w_rA4_2
error: RhAttack/P4Limit.lean:4302:60: unsolved goals
t : ℝ
ht : 8 ≤ t
htb : t < 13
n : ℕ
hn : n = ⌊13 * t / 8⌋₊
hnmin : 13 ≤ n
htstar : t ≤ 13
h0t : 0 ≤ t
hS2 : √(t3w_prod t 2) < t3w_qA4_2
hS4 : √(t3w_prod t 4) < t3w_qA4_4
hS6 : √(t3w_prod t 6) < t3w_qA4_6
hS7 : √(t3w_prod t 7) < t3w_qA4_7
⊢ (↑n ^ (7 / 2))⁻¹ = 1 / ↑n ^ (7 / 2)
error: RhAttack/P4Limit.lean:4306:40: mod_cast has type
  13 ≤ n
but is expected to have type
  n ≤ 13
error: RhAttack/P4Limit.lean:4308:74: unsolved goals
t : ℝ
ht : 8 ≤ t
htb : t < 13
n : ℕ
hn : n = ⌊13 * t / 8⌋₊
hnmin : 13 ≤ n
htstar : t ≤ 13
h0t : 0 ≤ t
hS2 : √(t3w_prod t 2) < t3w_qA4_2
hS4 : √(t3w_prod t 4) < t3w_qA4_4
hS6 : √(t3w_prod t 6) < t3w_qA4_6
hS7 : √(t3w_prod t 7) < t3w_qA4_7
hp2 : 7 / 2 = 7 * (1 / 2)
⊢ √(13 ^ ↑7) = √(13 ^ 7)
error: RhAttack/P4Limit.lean:4314:40: unsolved goals
t : ℝ
ht : 8 ≤ t
htb : t < 13
n : ℕ
hn : n = ⌊13 * t / 8⌋₊
hnmin : 13 ≤ n
htstar : t ≤ 13
h0t : 0 ≤ t
hS2 : √(t3w_prod t 2) < t3w_qA4_2
hS4 : √(t3w_prod t 4) < t3w_qA4_4
hS6 : √(t3w_prod t 6) < t3w_qA4_6
hS7 : √(t3w_prod t 7) < t3w_qA4_7
hrew : 13 ^ (7 / 2) = √(13 ^ 7)
⊢ 0 < t3w_rA4_2
error: RhAttack/P4Limit.lean:4315:32: failed to prove positivity/nonnegativity/nonzeroness
error: RhAttack/P4Limit.lean:4315:50: unsolved goals
t : ℝ
ht : 8 ≤ t
htb : t < 13
n : ℕ
hn : n = ⌊13 * t / 8⌋₊
hnmin : 13 ≤ n
htstar : t ≤ 13
h0t : 0 ≤ t
hS2 : √(t3w_prod t 2) < t3w_qA4_2
hS4 : √(t3w_prod t 4) < t3w_qA4_4
hS6 : √(t3w_prod t 6) < t3w_qA4_6
hS7 : √(t3w_prod t 7) < t3w_qA4_7
hrew : 13 ^ (7 / 2) = √(13 ^ 7)
⊢ (t3w_rA4_2 ^ 2)⁻¹ < 62748517
error: RhAttack/P4Limit.lean:4321:8: Type mismatch
  (one_div_le_one_div (rpow_pos_of_pos ?m.542 (11 / 2))
        (rpow_pos_of_pos
          (Nat.cast_pos.mpr
            (have this := ?m.565;
            this))
          (11 / 2))).mpr
    (rpow_le_rpow ?m.579 ?m.580 ?m.581)
has type
  1 / 13 ^ (11 / 2) ≤ 1 / ↑n ^ (11 / 2)
but is expected to have type
  1 / ↑n ^ (11 / 2) ≤ 1 / 13 ^ (11 / 2)
error: RhAttack/P4Limit.lean:4318:4: 'calc' expression has type
  ↑n ^ (-(11 / 2)) < t3w_rA4_4
but is expected to have type
  ↑n ^ (-(11 / 2)) ≤ t3w_rA4_4
error: RhAttack/P4Limit.lean:4319:62: unsolved goals
t : ℝ
ht : 8 ≤ t
htb : t < 13
n : ℕ
hn : n = ⌊13 * t / 8⌋₊
hnmin : 13 ≤ n
htstar : t ≤ 13
h0t : 0 ≤ t
hS2 : √(t3w_prod t 2) < t3w_qA4_2
hS4 : √(t3w_prod t 4) < t3w_qA4_4
hS6 : √(t3w_prod t 6) < t3w_qA4_6
hS7 : √(t3w_prod t 7) < t3w_qA4_7
hR2 : ↑n ^ (-(7 / 2)) ≤ t3w_rA4_2
⊢ (↑n ^ (11 / 2))⁻¹ = 1 / ↑n ^ (11 / 2)
error: RhAttack/P4Limit.lean:4323:40: mod_cast has type
  13 ≤ n
but is expected to have type
  n ≤ 13
error: RhAttack/P4Limit.lean:4325:76: unsolved goals
t : ℝ
ht : 8 ≤ t
htb : t < 13
n : ℕ
hn : n = ⌊13 * t / 8⌋₊
hnmin : 13 ≤ n
htstar : t ≤ 13
h0t : 0 ≤ t
hS2 : √(t3w_prod t 2) < t3w_qA4_2
hS4 : √(t3w_prod t 4) < t3w_qA4_4
hS6 : √(t3w_prod t 6) < t3w_qA4_6
hS7 : √(t3w_prod t 7) < t3w_qA4_7
hR2 : ↑n ^ (-(7 / 2)) ≤ t3w_rA4_2
hp2 : 11 / 2 = 11 * (1 / 2)
⊢ √(13 ^ ↑11) = √(13 ^ 11)
error: RhAttack/P4Limit.lean:4331:40: unsolved goals
t : ℝ
ht : 8 ≤ t
htb : t < 13
n : ℕ
hn : n = ⌊13 * t / 8⌋₊
hnmin : 13 ≤ n
htstar : t ≤ 13
h0t : 0 ≤ t
hS2 : √(t3w_prod t 2) < t3w_qA4_2
hS4 : √(t3w_prod t 4) < t3w_qA4_4
hS6 : √(t3w_prod t 6) < t3w_qA4_6
hS7 : √(t3w_prod t 7) < t3w_qA4_7
hR2 : ↑n ^ (-(7 / 2)) ≤ t3w_rA4_2
hrew : 13 ^ (11 / 2) = √(13 ^ 11)
⊢ 0 < t3w_rA4_4
error: RhAttack/P4Limit.lean:4332:32: failed to prove positivity/nonnegativity/nonzeroness
error: RhAttack/P4Limit.lean:4332:50: unsolved goals
t : ℝ
ht : 8 ≤ t
htb : t < 13
n : ℕ
hn : n = ⌊13 * t / 8⌋₊
hnmin : 13 ≤ n
htstar : t ≤ 13
h0t : 0 ≤ t
hS2 : √(t3w_prod t 2) < t3w_qA4_2
hS4 : √(t3w_prod t 4) < t3w_qA4_4
hS6 : √(t3w_prod t 6) < t3w_qA4_6
hS7 : √(t3w_prod t 7) < t3w_qA4_7
hR2 : ↑n ^ (-(7 / 2)) ≤ t3w_rA4_2
hrew : 13 ^ (11 / 2) = √(13 ^ 11)
⊢ (t3w_rA4_4 ^ 2)⁻¹ < 1792160394037
error: RhAttack/P4Limit.lean:4338:8: Type mismatch
  (one_div_le_one_div (rpow_pos_of_pos ?m.802 (15 / 2))
        (rpow_pos_of_pos
          (Nat.cast_pos.mpr
            (have this := ?m.825;
            this))
          (15 / 2))).mpr
    (rpow_le_rpow ?m.839 ?m.840 ?m.841)
has type
  1 / 13 ^ (15 / 2) ≤ 1 / ↑n ^ (15 / 2)
but is expected to have type
  1 / ↑n ^ (15 / 2) ≤ 1 / 13 ^ (15 / 2)
error: RhAttack/P4Limit.lean:4335:4: 'calc' expression has type
  ↑n ^ (-(15 / 2)) < t3w_rA4_6
but is expected to have type
  ↑n ^ (-(15 / 2)) ≤ t3w_rA4_6
error: RhAttack/P4Limit.lean:4336:62: unsolved goals
t : ℝ
ht : 8 ≤ t
htb : t < 13
n : ℕ
hn : n = ⌊13 * t / 8⌋₊
hnmin : 13 ≤ n
htstar : t ≤ 13
h0t : 0 ≤ t
hS2 : √(t3w_prod t 2) < t3w_qA4_2
hS4 : √(t3w_prod t 4) < t3w_qA4_4
hS6 : √(t3w_prod t 6) < t3w_qA4_6
hS7 : √(t3w_prod t 7) < t3w_qA4_7
hR2 : ↑n ^ (-(7 / 2)) ≤ t3w_rA4_2
hR4 : ↑n ^ (-(11 / 2)) ≤ t3w_rA4_4
⊢ (↑n ^ (15 / 2))⁻¹ = 1 / ↑n ^ (15 / 2)
error: RhAttack/P4Limit.lean:4340:40: mod_cast has type
  13 ≤ n
but is expected to have type
  n ≤ 13
error: RhAttack/P4Limit.lean:4342:76: maximum number of errors (100; from option `maxErrors`) reached, exiting
error: Lean exited with code 1
Some required targets logged failures:
- RhAttack.P4Limit
error: build failed
