audit,x=1000000.0000000000,t=999994.0000000000, rem_spread_max=6.572e-21 ext_spread_max=1.274e-08 
ok,1000000.0000000000,999994.0000000000,1000000.0000000000,1811102.0794631909,528099.5115086316,0.0000004281,0.775351,1.000e+00,1.332e-06,9.153e-09,6.979e-33,1.941e-32,1.265e-06,2.244e-12,5.440e-08,9.150e-09,2.391e-21,1.274e-08,0,0
ok,1000000.0000000000,999994.5000000000,1000000.0000000000,1740114.2293220996,522504.1201074123,0.0000005789,1.007297,1.000e+00,1.330e-06,9.153e-09,2.872e-33,6.000e-32,1.265e-06,2.244e-12,5.415e-08,9.150e-09,6.730e-21,1.074e-08,0,0
ok,1000000.0000000000,999995.0000000000,1000000.0000000000,1853388.2186967784,534155.9610756286,0.0000001925,0.356842,1.000e+00,1.323e-06,9.153e-09,6.169e-33,1.463e-32,1.265e-06,2.244e-12,5.502e-08,9.150e-09,6.864e-22,3.246e-09,0,0
ok,1000000.0000000000,999995.5000000000,1000000.0000000000,1666100.0983713665,516208.7655785125,0.0000010688,1.780825,1.000e+00,1.328e-06,9.153e-09,1.432e-32,5.155e-32,1.265e-06,2.244e-12,5.415e-08,9.150e-09,4.364e-22,8.554e-09,0,0
ok,1000000.0000000000,999996.0000000000,1000000.0000000000,1861772.3231924544,534473.1897156340,0.0000029374,5.468831,1.000e+00,1.325e-06,9.153e-09,3.184e-32,6.063e-32,1.265e-06,2.244e-12,5.369e-08,9.150e-09,7.164e-21,5.891e-09,0,0
ok,1000000.0000000000,999996.5000000000,1000000.0000000000,1651111.3464370337,512869.2665307973,0.0000000955,0.157679,1.000e+00,1.335e-06,9.153e-09,1.716e-32,3.686e-33,1.265e-06,2.244e-12,6.419e-08,9.150e-09,8.072e-21,5.681e-09,0,0
ok,1000000.0000000000,999997.0000000000,1000000.0000000000,1825318.8533601260,531758.8865104271,0.0000003619,0.660665,1.000e+00,1.324e-06,9.153e-09,1.023e-32,9.387e-33,1.265e-06,2.244e-12,5.521e-08,9.150e-09,6.005e-21,3.203e-09,0,0
ok,1000000.0000000000,999997.5000000000,1000000.0000000000,1643832.3697203898,512205.1482221249,0.0000000627,0.103107,1.000e+00,1.335e-06,9.153e-09,1.342e-33,2.516e-32,1.265e-06,2.244e-12,6.192e-08,9.150e-09,2.746e-21,7.797e-09,0,0
ok,1000000.0000000000,999998.0000000000,1000000.0000000000,1853442.6769562433,533395.9400143014,0.0000000938,0.173906,1.000e+00,1.326e-06,9.153e-09,2.354e-33,1.031e-33,1.265e-06,2.244e-12,5.703e-08,9.151e-09,1.921e-21,3.923e-09,0,0
ok,1000000.0000000000,999998.5000000000,1000000.0000000000,1565050.8567737134,501303.2784314298,0.0000000487,0.076196,1.000e+00,1.347e-06,9.153e-09,3.480e-34,3.494e-32,1.265e-06,2.244e-12,5.691e-08,9.151e-09,2.159e-21,2.464e-08,0,0
ok,1000000.0000000000,999999.0000000000,1000000.0000000000,1815630.3145829372,530729.8727558587,0.0000009044,1.642105,1.000e+00,1.324e-06,9.153e-09,1.801e-33,1.004e-32,1.265e-06,2.244e-12,5.391e-08,9.151e-09,1.989e-21,5.230e-09,0,0
ok,1000000.0000000000,999999.5000000000,1000000.0000000000,1552668.4144511062,502116.9196306125,0.0000006429,0.998166,1.000e+00,1.338e-06,9.153e-09,4.149e-33,6.016e-32,1.265e-06,2.244e-12,5.442e-08,9.151e-09,5.541e-21,1.881e-08,0,0
ok,1000000.0000000000,1000000.5000000000,1000000.0000000000,1554241.3279985709,503050.2248451214,0.0000006020,0.935581,1.000e+00,1.335e-06,9.153e-09,2.809e-33,1.593e-31,1.265e-06,2.244e-12,5.482e-08,9.151e-09,5.953e-21,1.537e-08,0,0
ok,1000000.0000000000,1000001.0000000000,1000000.0000000000,1774912.9017173138,525815.7372293032,0.0000011048,1.960936,1.000e+00,1.329e-06,9.153e-09,5.037e-35,9.696e-32,1.265e-06,2.244e-12,5.416e-08,9.151e-09,2.404e-21,9.960e-09,0,0
ok,1000000.0000000000,1000001.5000000000,1000000.0000000000,1596364.1302472977,507657.8222158132,0.0000008072,1.288566,1.000e+00,1.334e-06,9.153e-09,6.627e-33,9.466e-32,1.265e-06,2.244e-12,5.513e-08,9.151e-09,5.462e-21,1.400e-08,0,0
ok,1000000.0000000000,1000002.0000000000,1000000.0000000000,1866385.3238166289,533954.4027962405,0.0000019275,3.597528,1.000e+00,1.328e-06,9.153e-09,3.687e-32,8.895e-32,1.265e-06,2.244e-12,5.446e-08,9.151e-09,2.033e-21,8.283e-09,0,0
ok,1000000.0000000000,1000002.5000000000,1000000.0000000000,1693605.0084079241,518899.7556798767,0.0000081341,13.775933,1.000e+00,1.328e-06,9.153e-09,6.735e-32,6.617e-32,1.265e-06,2.244e-12,5.358e-08,9.151e-09,2.194e-21,8.841e-09,0,0
ok,1000000.0000000000,1000003.0000000000,1000000.0000000000,1849073.9752263760,534449.3779487918,0.0000013645,2.523096,1.000e+00,1.321e-06,9.153e-09,3.153e-32,1.066e-31,1.265e-06,2.244e-12,5.434e-08,9.151e-09,1.180e-20,1.660e-09,0,0
ok,1000000.0000000000,1000003.5000000000,1000000.0000000000,1742055.4482979332,519323.1502125952,0.0000011683,2.035151,1.000e+00,1.342e-06,9.153e-09,1.607e-32,2.288e-32,1.265e-06,2.244e-12,5.416e-08,9.151e-09,5.486e-21,2.312e-08,0,0
ok,1000000.0000000000,1000004.0000000000,1000000.0000000000,1849816.6212677313,532429.4687971242,0.0000009077,1.679102,1.000e+00,1.328e-06,9.153e-09,9.052e-33,8.084e-32,1.265e-06,2.244e-12,5.414e-08,9.151e-09,4.723e-21,9.175e-09,0,0
ok,1000000.0000000000,1000004.5000000000,1000000.0000000000,1614292.6081663414,509784.9228926496,0.0000002212,0.357159,1.000e+00,1.333e-06,9.153e-09,5.775e-34,1.729e-31,1.265e-06,2.244e-12,5.541e-08,9.151e-09,2.152e-21,1.246e-08,0,0
ok,1000000.0000000000,1000005.0000000000,1000000.0000000000,1904042.3103583839,536029.5106090771,0.0000003296,0.627654,1.000e+00,1.331e-06,9.153e-09,1.033e-32,3.746e-32,1.265e-06,2.244e-12,5.431e-08,9.151e-09,7.028e-21,1.179e-08,0,0
ok,1000000.0000000000,1000005.5000000000,1000000.0000000000,1742940.7841619600,523358.8427493886,0.0000004211,0.733866,1.000e+00,1.328e-06,9.153e-09,8.625e-33,9.830e-33,1.265e-06,2.244e-12,5.419e-08,9.151e-09,1.761e-20,8.533e-09,0,0
ok,1000000.0000000000,1000006.0000000000,1000000.0000000000,1751473.6580514235,524875.0410756897,0.0000004127,0.722869,1.000e+00,1.325e-06,9.153e-09,6.332e-33,1.165e-31,1.265e-06,2.244e-12,5.425e-08,9.151e-09,6.302e-21,5.754e-09,0,0
audit,x=2000000.0000000000,t=1999994.0000000000, rem_spread_max=1.728e-20 ext_spread_max=1.721e-08 
ok,2000000.0000000000,1999994.0000000000,2000000.0000000000,434817.6273530679,268967.7591246135,0.0000048805,2.122161,1.000e+00,1.400e-06,1.831e-08,3.110e-32,3.762e-32,1.271e-06,9.015e-12,1.124e-07,1.830e-08,6.655e-23,1.640e-08,0,0
ok,2000000.0000000000,1999994.5000000000,2000000.0000000000,441893.4151201076,272719.2272493207,0.0000034472,1.523300,1.000e+00,1.385e-06,1.831e-08,4.484e-33,2.195e-32,1.271e-06,9.015e-12,1.125e-07,1.830e-08,1.069e-21,2.054e-09,0,0
ok,2000000.0000000000,1999995.0000000000,2000000.0000000000,445119.1853646099,271974.8139430204,0.0000121904,5.426205,1.000e+00,1.412e-06,1.831e-08,2.624e-32,2.361e-32,1.271e-06,9.015e-12,1.113e-07,1.830e-08,2.129e-21,2.964e-08,0,0
ok,2000000.0000000000,1999995.5000000000,2000000.0000000000,432492.3600253175,268080.9022192255,0.0000075242,3.254162,1.000e+00,1.400e-06,1.831e-08,2.951e-32,6.415e-33,1.271e-06,9.015e-12,1.121e-07,1.830e-08,1.068e-22,1.668e-08,0,0
ok,2000000.0000000000,1999996.0000000000,2000000.0000000000,435510.2685390504,270179.3082821550,0.0000026968,1.174509,1.000e+00,1.387e-06,1.831e-08,3.088e-33,2.375e-32,1.271e-06,9.015e-12,1.134e-07,1.830e-08,4.808e-21,2.404e-09,0,0
ok,2000000.0000000000,1999996.5000000000,2000000.0000000000,439789.8592532000,271863.7364035509,0.0000043118,1.896272,1.000e+00,1.386e-06,1.831e-08,1.608e-32,8.574e-35,1.271e-06,9.015e-12,1.115e-07,1.830e-08,1.345e-21,3.729e-09,0,0
ok,2000000.0000000000,1999997.0000000000,2000000.0000000000,438994.3909398618,270759.2604140716,0.0000003311,0.145343,1.000e+00,1.397e-06,1.831e-08,2.523e-33,2.810e-32,1.271e-06,9.015e-12,1.151e-07,1.830e-08,1.084e-21,1.102e-08,0,0
ok,2000000.0000000000,1999997.5000000000,2000000.0000000000,437168.9189277191,271000.5855592316,0.0000007027,0.307220,1.000e+00,1.384e-06,1.831e-08,1.349e-33,1.815e-32,1.271e-06,9.015e-12,1.133e-07,1.830e-08,1.253e-20,7.231e-11,0,0
ok,2000000.0000000000,1999998.0000000000,2000000.0000000000,436634.0540478092,270711.8617953553,0.0000081532,3.559991,1.000e+00,1.385e-06,1.831e-08,1.348e-32,6.994e-33,1.271e-06,9.015e-12,1.110e-07,1.830e-08,6.395e-22,3.432e-09,0,0
ok,2000000.0000000000,1999998.5000000000,2000000.0000000000,433752.1545624887,269487.0816203069,0.0000026622,1.154755,1.000e+00,1.387e-06,1.831e-08,1.821e-32,6.541e-32,1.271e-06,9.015e-12,1.131e-07,1.830e-08,4.378e-21,2.934e-09,0,0
ok,2000000.0000000000,1999999.0000000000,2000000.0000000000,433665.3494644129,268773.8922839467,0.0000003625,0.157192,1.000e+00,1.396e-06,1.831e-08,1.591e-33,4.916e-33,1.271e-06,9.015e-12,1.230e-07,1.830e-08,5.857e-21,2.396e-09,0,0
ok,2000000.0000000000,1999999.5000000000,2000000.0000000000,428420.0172535036,266380.8379072933,0.0000032769,1.403903,1.000e+00,1.402e-06,1.831e-08,1.112e-32,3.301e-33,1.271e-06,9.015e-12,1.119e-07,1.830e-08,6.277e-21,1.871e-08,0,0
ok,2000000.0000000000,2000000.5000000000,2000000.0000000000,431547.2006220303,268743.1764170670,0.0000028311,1.221771,1.000e+00,1.385e-06,1.831e-08,1.934e-32,6.878e-32,1.271e-06,9.015e-12,1.128e-07,1.830e-08,2.840e-21,1.737e-09,0,0
ok,2000000.0000000000,2000001.0000000000,2000000.0000000000,435890.9279805264,269615.1707328212,0.0000007042,0.306958,1.000e+00,1.397e-06,1.831e-08,3.349e-33,1.401e-32,1.271e-06,9.015e-12,1.160e-07,1.830e-08,2.184e-21,9.606e-09,0,0
ok,2000000.0000000000,2000001.5000000000,2000000.0000000000,437141.4032331674,269379.0606815420,0.0000000602,0.026298,1.000e+00,1.406e-06,1.831e-08,1.202e-34,3.309e-32,1.271e-06,9.015e-12,1.215e-07,1.830e-08,8.308e-22,1.386e-08,0,0
ok,2000000.0000000000,2000002.0000000000,2000000.0000000000,437156.1875038511,270792.2777633992,0.0000050639,2.213699,1.000e+00,1.387e-06,1.831e-08,1.242e-32,3.323e-32,1.271e-06,9.015e-12,1.113e-07,1.830e-08,4.189e-21,4.802e-09,0,0
ok,2000000.0000000000,2000002.5000000000,2000000.0000000000,435614.6377028156,270221.9453449739,0.0000010965,0.477635,1.000e+00,1.387e-06,1.831e-08,3.537e-33,1.209e-31,1.271e-06,9.015e-12,1.141e-07,1.830e-08,2.895e-21,1.673e-09,0,0
ok,2000000.0000000000,2000003.0000000000,2000000.0000000000,439317.6747780603,271075.0044240840,0.0000080081,3.518091,1.000e+00,1.394e-06,1.831e-08,4.312e-33,1.501e-32,1.271e-06,9.015e-12,1.116e-07,1.830e-08,4.999e-21,1.196e-08,0,0
ok,2000000.0000000000,2000003.5000000000,2000000.0000000000,434330.1091576848,269006.5720492714,0.0000152332,6.616212,1.000e+00,1.397e-06,1.831e-08,3.384e-32,2.139e-32,1.271e-06,9.015e-12,1.112e-07,1.830e-08,3.514e-21,1.459e-08,0,0
ok,2000000.0000000000,2000004.0000000000,2000000.0000000000,439002.2563682404,271202.0595897030,0.0000128908,5.659053,1.000e+00,1.391e-06,1.831e-08,3.323e-32,7.779e-32,1.271e-06,9.015e-12,1.115e-07,1.830e-08,2.762e-21,8.684e-09,0,0
ok,2000000.0000000000,2000004.5000000000,2000000.0000000000,435824.9954095021,270387.2442570990,0.0000153164,6.675222,1.000e+00,1.386e-06,1.831e-08,4.452e-32,2.056e-32,1.271e-06,9.015e-12,1.114e-07,1.830e-08,9.605e-22,3.217e-09,0,0
ok,2000000.0000000000,2000005.0000000000,2000000.0000000000,437985.5533361794,271199.9447986532,0.0000038518,1.687019,1.000e+00,1.386e-06,1.831e-08,8.057e-33,2.619e-32,1.271e-06,9.015e-12,1.145e-07,1.830e-08,2.056e-21,4.151e-10,0,0
ok,2000000.0000000000,2000005.5000000000,2000000.0000000000,437501.8956999034,270619.1006883683,0.0000035286,1.543743,1.000e+00,1.391e-06,1.831e-08,1.097e-32,1.446e-31,1.271e-06,9.015e-12,1.127e-07,1.830e-08,1.419e-21,7.598e-09,0,0
ok,2000000.0000000000,2000006.0000000000,2000000.0000000000,433773.9507771205,269493.8526140574,0.0000008777,0.380703,1.000e+00,1.387e-06,1.831e-08,5.909e-33,1.448e-32,1.271e-06,9.015e-12,1.154e-07,1.830e-08,8.771e-21,6.756e-10,0,0
audit,x=4000000.0000000000,t=3999994.0000000000, rem_spread_max=9.211e-21 ext_spread_max=7.744e-09 
ok,4000000.0000000000,3999994.0000000000,4000000.0000000000,107239.2841639064,91849.5654642315,0.0000095344,1.022463,1.000e+00,1.526e-06,3.664e-08,6.338e-33,3.341e-32,1.295e-06,3.681e-11,2.232e-07,3.660e-08,3.073e-21,7.744e-09,0,0
ok,4000000.0000000000,3999994.5000000000,4000000.0000000000,107796.1071690572,92286.0133815860,0.0000068673,0.740271,1.000e+00,1.522e-06,3.664e-08,1.122e-32,7.940e-32,1.295e-06,3.681e-11,2.230e-07,3.660e-08,3.378e-21,4.667e-09,0,0
ok,4000000.0000000000,3999995.0000000000,4000000.0000000000,107918.7553114900,92355.7831656984,0.0000021966,0.237059,1.000e+00,1.525e-06,3.664e-08,4.194e-33,6.849e-32,1.295e-06,3.681e-11,2.264e-07,3.660e-08,3.221e-21,3.662e-09,0,0
ok,4000000.0000000000,3999995.5000000000,4000000.0000000000,107255.3625738724,90954.8800237572,0.0000001055,0.011314,1.000e+00,1.634e-06,3.664e-08,4.328e-34,8.656e-33,1.295e-06,3.681e-11,3.361e-07,3.660e-08,1.228e-21,3.395e-09,0,0
ok,4000000.0000000000,3999996.0000000000,4000000.0000000000,108279.2025775178,92675.5931726157,0.0000384652,4.164993,1.000e+00,1.518e-06,3.664e-08,2.716e-32,1.384e-32,1.295e-06,3.681e-11,2.209e-07,3.660e-08,5.329e-21,2.608e-09,0,0
ok,4000000.0000000000,3999996.5000000000,4000000.0000000000,107900.1667244064,92369.4490747285,0.0000124969,1.348424,1.000e+00,1.522e-06,3.664e-08,4.355e-33,7.301e-32,1.295e-06,3.681e-11,2.258e-07,3.660e-08,7.013e-22,9.847e-10,0,0
ok,4000000.0000000000,3999997.0000000000,4000000.0000000000,107718.8715951718,92249.6036690031,0.0000127342,1.371714,1.000e+00,1.520e-06,3.664e-08,1.066e-32,4.884e-32,1.295e-06,3.681e-11,2.247e-07,3.660e-08,1.718e-21,5.439e-10,0,0
ok,4000000.0000000000,3999997.5000000000,4000000.0000000000,107560.8645802527,92009.0085020126,0.0000205759,2.213164,1.000e+00,1.535e-06,3.664e-08,6.930e-33,9.279e-33,1.295e-06,3.681e-11,2.236e-07,3.660e-08,8.293e-23,1.638e-08,0,0
ok,4000000.0000000000,3999998.0000000000,4000000.0000000000,107647.9688727626,92109.2988730530,0.0000878167,9.453298,1.000e+00,1.531e-06,3.664e-08,6.999e-32,2.166e-32,1.295e-06,3.681e-11,2.210e-07,3.660e-08,3.669e-21,1.471e-08,0,0
ok,4000000.0000000000,3999998.5000000000,4000000.0000000000,107336.7474841490,91896.4747962349,0.0000408046,4.379841,1.000e+00,1.529e-06,3.664e-08,2.127e-32,2.234e-32,1.295e-06,3.681e-11,2.235e-07,3.660e-08,3.626e-21,1.036e-08,0,0
ok,4000000.0000000000,3999999.0000000000,4000000.0000000000,107525.6972109960,92040.5314745036,0.0000113592,1.221411,1.000e+00,1.528e-06,3.664e-08,1.246e-33,4.079e-32,1.295e-06,3.681e-11,2.285e-07,3.660e-08,1.099e-21,4.780e-09,0,0
ok,4000000.0000000000,3999999.5000000000,4000000.0000000000,107517.3500433004,91787.7420841944,0.0000023702,0.254835,1.000e+00,1.557e-06,3.664e-08,1.553e-32,6.168e-32,1.295e-06,3.681e-11,2.533e-07,3.660e-08,1.097e-22,9.124e-09,0,0
ok,4000000.0000000000,4000000.5000000000,4000000.0000000000,107298.7867652008,91931.7982431275,0.0000072696,0.780015,1.000e+00,1.521e-06,3.664e-08,1.420e-33,3.736e-32,1.295e-06,3.681e-11,2.254e-07,3.660e-08,1.646e-21,1.032e-09,0,0
ok,4000000.0000000000,4000001.0000000000,4000000.0000000000,107474.1117501230,92025.6433276326,0.0000130331,1.400722,1.000e+00,1.525e-06,3.664e-08,5.023e-33,6.941e-32,1.295e-06,3.681e-11,2.229e-07,3.660e-08,9.112e-22,7.585e-09,0,0
ok,4000000.0000000000,4000001.5000000000,4000000.0000000000,107136.3001144484,91717.2927436992,0.0000023588,0.252714,1.000e+00,1.533e-06,3.664e-08,1.719e-33,8.036e-32,1.295e-06,3.681e-11,2.289e-07,3.660e-08,3.212e-21,8.779e-09,0,0
ok,4000000.0000000000,4000002.0000000000,4000000.0000000000,107470.6884615138,91961.7677992597,0.0000017615,0.189306,1.000e+00,1.533e-06,3.664e-08,1.191e-33,3.256e-32,1.295e-06,3.681e-11,2.258e-07,3.660e-08,2.543e-21,1.199e-08,0,0
ok,4000000.0000000000,4000002.5000000000,4000000.0000000000,107711.9224851260,91899.4511892471,0.0000005384,0.057987,1.000e+00,1.561e-06,3.664e-08,4.716e-33,2.374e-32,1.295e-06,3.681e-11,2.537e-07,3.660e-08,5.938e-21,1.234e-08,0,0
ok,4000000.0000000000,4000003.0000000000,4000000.0000000000,107996.4201074868,92368.8691600995,0.0000042621,0.460287,1.000e+00,1.530e-06,3.664e-08,1.046e-34,2.801e-32,1.295e-06,3.681e-11,2.273e-07,3.660e-08,3.555e-21,7.892e-09,0,0
ok,4000000.0000000000,4000003.5000000000,4000000.0000000000,107524.8253447343,92024.4275369995,0.0000495584,5.328752,1.000e+00,1.530e-06,3.664e-08,5.327e-32,3.772e-32,1.295e-06,3.681e-11,2.211e-07,3.660e-08,1.115e-21,1.391e-08,0,0
ok,4000000.0000000000,4000004.0000000000,4000000.0000000000,107893.5518873934,92361.1740433080,0.0000780877,8.425145,1.000e+00,1.522e-06,3.664e-08,3.403e-32,1.780e-32,1.295e-06,3.681e-11,2.205e-07,3.660e-08,3.835e-21,6.723e-09,0,0
ok,4000000.0000000000,4000004.5000000000,4000000.0000000000,107558.1737641021,91979.2524916831,0.0000104785,1.127042,1.000e+00,1.538e-06,3.664e-08,7.393e-33,4.280e-32,1.295e-06,3.681e-11,2.242e-07,3.660e-08,2.863e-21,1.910e-08,0,0
ok,4000000.0000000000,4000005.0000000000,4000000.0000000000,107525.2355711586,92106.3103976763,0.0000118513,1.274309,1.000e+00,1.520e-06,3.664e-08,4.265e-33,1.258e-33,1.295e-06,3.681e-11,2.225e-07,3.660e-08,7.235e-21,2.944e-09,0,0
ok,4000000.0000000000,4000005.5000000000,4000000.0000000000,108188.5533332984,92581.2038250691,0.0000079941,0.864873,1.000e+00,1.522e-06,3.664e-08,4.630e-33,1.528e-31,1.295e-06,3.681e-11,2.232e-07,3.660e-08,7.639e-23,3.586e-09,0,0
ok,4000000.0000000000,4000006.0000000000,4000000.0000000000,107397.4152167355,91998.6527448294,0.0000133873,1.437755,1.000e+00,1.522e-06,3.664e-08,7.220e-34,4.643e-32,1.295e-06,3.681e-11,2.230e-07,3.660e-08,1.383e-21,4.118e-09,0,0
audit,x=6000000.0000000000,t=5999994.0000000000, rem_spread_max=1.807e-20 ext_spread_max=1.497e-08 
ok,6000000.0000000000,5999994.0000000000,6000000.0000000000,47771.9461567563,44132.8901140339,0.0000122053,0.583070,1.000e+00,1.671e-06,5.499e-08,2.905e-32,4.891e-32,1.337e-06,8.611e-11,3.251e-07,5.490e-08,1.160e-22,8.768e-09,0,0
ok,6000000.0000000000,5999994.5000000000,6000000.0000000000,47822.6561986403,44176.2972183926,0.0000259683,1.241876,1.000e+00,1.671e-06,5.499e-08,1.068e-32,7.175e-32,1.337e-06,8.611e-11,3.202e-07,5.490e-08,7.097e-21,1.355e-08,0,0
ok,6000000.0000000000,5999995.0000000000,6000000.0000000000,47820.3429478945,44168.9409092717,0.0000159387,0.762197,1.000e+00,1.674e-06,5.499e-08,2.610e-32,1.948e-32,1.337e-06,8.611e-11,3.221e-07,5.490e-08,2.275e-21,1.438e-08,0,0
ok,6000000.0000000000,5999995.5000000000,6000000.0000000000,47772.3309715782,44144.7616380913,0.0000205712,0.982737,1.000e+00,1.665e-06,5.499e-08,1.464e-34,4.747e-32,1.337e-06,8.611e-11,3.218e-07,5.490e-08,5.046e-22,6.064e-09,0,0
ok,6000000.0000000000,5999996.0000000000,6000000.0000000000,47890.4184526011,44253.1135815079,0.0000246835,1.182103,1.000e+00,1.661e-06,5.499e-08,8.567e-34,1.785e-32,1.337e-06,8.611e-11,3.228e-07,5.490e-08,5.563e-21,1.255e-09,0,0
ok,6000000.0000000000,5999996.5000000000,6000000.0000000000,47888.5711509308,44254.0706335530,0.0000324888,1.555843,1.000e+00,1.660e-06,5.499e-08,3.615e-32,3.639e-32,1.337e-06,8.611e-11,3.223e-07,5.490e-08,2.773e-21,4.674e-10,0,0
ok,6000000.0000000000,5999997.0000000000,6000000.0000000000,47694.3657500608,44082.2069535646,0.0000430930,2.055297,1.000e+00,1.663e-06,5.499e-08,2.444e-32,4.282e-32,1.337e-06,8.611e-11,3.204e-07,5.490e-08,3.172e-21,5.411e-09,0,0
ok,6000000.0000000000,5999997.5000000000,6000000.0000000000,47927.4797266226,44275.7556182624,0.0000264559,1.267966,1.000e+00,1.666e-06,5.499e-08,2.740e-32,3.129e-32,1.337e-06,8.611e-11,3.215e-07,5.490e-08,7.856e-22,7.174e-09,0,0
ok,6000000.0000000000,5999998.0000000000,6000000.0000000000,47658.9314050802,44029.3859338118,0.0000137377,0.654725,1.000e+00,1.675e-06,5.499e-08,2.215e-33,3.569e-33,1.337e-06,8.611e-11,3.221e-07,5.490e-08,2.603e-23,1.539e-08,0,0
ok,6000000.0000000000,5999998.5000000000,6000000.0000000000,47704.5487835494,44074.9135627985,0.0000086112,0.410792,1.000e+00,1.671e-06,5.499e-08,6.305e-34,4.454e-32,1.337e-06,8.611e-11,3.241e-07,5.490e-08,1.357e-21,9.957e-09,0,0
ok,6000000.0000000000,5999999.0000000000,6000000.0000000000,47578.0991847153,43985.7755550193,0.0000795434,3.784528,1.000e+00,1.662e-06,5.499e-08,4.628e-32,6.053e-32,1.337e-06,8.611e-11,3.180e-07,5.490e-08,1.960e-21,6.335e-09,0,0
ok,6000000.0000000000,5999999.5000000000,6000000.0000000000,47829.2941745299,44200.8526885430,0.0000611910,2.926725,1.000e+00,1.661e-06,5.499e-08,2.567e-33,4.403e-32,1.337e-06,8.611e-11,3.192e-07,5.490e-08,2.238e-21,4.878e-09,0,0
ok,6000000.0000000000,6000000.5000000000,6000000.0000000000,47767.3243010358,44043.4928746328,0.0000012012,0.057379,1.000e+00,1.715e-06,5.499e-08,6.387e-33,9.507e-32,1.337e-06,8.611e-11,3.685e-07,5.490e-08,2.068e-22,9.271e-09,0,0
ok,6000000.0000000000,6000001.0000000000,6000000.0000000000,47883.1134271667,44242.5058873787,0.0000267797,1.282296,1.000e+00,1.664e-06,5.499e-08,4.942e-32,1.742e-31,1.337e-06,8.611e-11,3.243e-07,5.490e-08,2.040e-21,1.990e-09,0,0
ok,6000000.0000000000,6000001.5000000000,6000000.0000000000,47828.9462014560,44112.3423875626,0.0000127542,0.610018,1.000e+00,1.707e-06,5.499e-08,1.669e-32,1.351e-31,1.337e-06,8.611e-11,3.483e-07,5.490e-08,3.332e-21,2.105e-08,0,0
ok,6000000.0000000000,6000002.0000000000,6000000.0000000000,47573.7525294262,43836.2303309624,0.0000070954,0.337553,1.000e+00,1.737e-06,5.499e-08,9.410e-32,5.644e-33,1.337e-06,8.611e-11,3.929e-07,5.490e-08,1.331e-21,7.038e-09,0,0
ok,6000000.0000000000,6000002.5000000000,6000000.0000000000,47701.1831979307,44081.7357779642,0.0001176388,5.611503,1.000e+00,1.666e-06,5.499e-08,1.889e-32,1.443e-31,1.337e-06,8.611e-11,3.195e-07,5.490e-08,9.050e-22,9.552e-09,0,0
ok,6000000.0000000000,6000003.0000000000,6000000.0000000000,47905.7710949698,44265.9429791926,0.0000620542,2.972749,1.000e+00,1.661e-06,5.499e-08,2.819e-32,8.843e-32,1.337e-06,8.611e-11,3.206e-07,5.490e-08,4.481e-21,3.630e-09,0,0
ok,6000000.0000000000,6000003.5000000000,6000000.0000000000,47689.5926829733,44058.9372000330,0.0000209790,1.000479,1.000e+00,1.673e-06,5.499e-08,6.326e-33,5.000e-32,1.337e-06,8.611e-11,3.291e-07,5.490e-08,5.321e-21,6.599e-09,0,0
ok,6000000.0000000000,6000004.0000000000,6000000.0000000000,47784.5301283657,44155.6325173114,0.0000290614,1.388682,1.000e+00,1.665e-06,5.499e-08,3.112e-33,1.476e-31,1.337e-06,8.611e-11,3.266e-07,5.490e-08,2.403e-21,1.079e-09,0,0
ok,6000000.0000000000,6000004.5000000000,6000000.0000000000,47814.9106835543,44167.5582003658,0.0000372630,1.781726,1.000e+00,1.672e-06,5.499e-08,1.786e-32,6.330e-32,1.337e-06,8.611e-11,3.203e-07,5.490e-08,4.019e-21,1.453e-08,0,0
ok,6000000.0000000000,6000005.0000000000,6000000.0000000000,47734.0923683338,44101.0191386936,0.0000100167,0.478136,1.000e+00,1.671e-06,5.499e-08,8.326e-33,1.166e-32,1.337e-06,8.611e-11,3.250e-07,5.490e-08,3.254e-22,8.565e-09,0,0
ok,6000000.0000000000,6000005.5000000000,6000000.0000000000,47829.0366692388,44198.0059348792,0.0000148673,0.711089,1.000e+00,1.663e-06,5.499e-08,8.529e-33,2.662e-32,1.337e-06,8.611e-11,3.217e-07,5.490e-08,3.628e-21,3.732e-09,0,0
ok,6000000.0000000000,6000006.0000000000,6000000.0000000000,47658.4008228385,44045.5551014222,0.0000039838,0.189860,1.000e+00,1.666e-06,5.499e-08,2.259e-33,1.557e-32,1.337e-06,8.611e-11,3.264e-07,5.490e-08,4.027e-21,2.511e-09,0,0
audit,x=10000000.0000000000,t=9999994.2400235552, rem_spread_max=1.463e-20 ext_spread_max=1.741e-08 
ok,10000000.0000000000,9999994.2400235552,10000000.2400235552,17132.5341450512,16546.3791813730,0.0000111409,0.190873,1.000e+00,1.976e-06,9.181e-08,6.777e-25,3.294e-32,1.558e-06,3.069e-10,4.017e-07,9.151e-08,6.691e-21,1.660e-08,0,0
ok,10000000.0000000000,9999994.7400235552,10000000.2400235552,17182.7534300690,16599.4684186017,0.0000348041,0.598031,1.000e+00,1.953e-06,9.181e-08,2.144e-24,1.334e-31,1.558e-06,3.069e-10,3.926e-07,9.151e-08,2.481e-21,2.819e-09,0,0
ok,10000000.0000000000,9999995.2400235552,10000000.2400235552,17200.5113996109,16614.3927535650,0.0002601175,4.474158,1.000e+00,1.959e-06,9.181e-08,1.376e-23,1.041e-31,1.558e-06,3.069e-10,3.860e-07,9.151e-08,1.146e-21,1.509e-08,0,0
ok,10000000.0000000000,9999995.7400235552,10000000.2400235552,17139.2849122679,16550.7673418764,0.0000576625,0.988295,1.000e+00,1.983e-06,9.181e-08,1.278e-23,3.660e-32,1.558e-06,3.069e-10,4.186e-07,9.151e-08,7.918e-21,5.927e-09,0,0
ok,10000000.0000000000,9999996.2400235552,10000000.2400235552,17141.6868173438,16562.7215443361,0.0001827757,3.133086,1.000e+00,1.948e-06,9.181e-08,1.133e-23,1.771e-32,1.559e-06,3.069e-10,3.873e-07,9.151e-08,7.032e-21,1.440e-09,0,0
ok,10000000.0000000000,9999996.7400235552,10000000.2400235552,17165.0895615879,16578.3776610681,0.0000456988,0.784424,1.000e+00,1.970e-06,9.181e-08,3.262e-24,5.885e-32,1.559e-06,3.069e-10,3.934e-07,9.151e-08,7.396e-22,1.754e-08,0,0
ok,10000000.0000000000,9999997.2400235552,10000000.2400235552,17137.0376189372,16554.0022077051,0.0000187126,0.320679,1.000e+00,1.964e-06,9.181e-08,9.321e-25,8.103e-32,1.560e-06,3.069e-10,3.989e-07,9.151e-08,1.440e-21,5.070e-09,0,0
ok,10000000.0000000000,9999997.7400235552,10000000.2400235552,17153.1632888134,16573.2359033528,0.0000973187,1.669324,1.000e+00,1.948e-06,9.181e-08,4.591e-24,1.023e-33,1.560e-06,3.069e-10,3.863e-07,9.151e-08,6.895e-21,1.922e-09,0,0
ok,10000000.0000000000,9999998.2400235552,10000000.2400235552,17143.7581712414,16552.9553613988,0.0000100412,0.172143,1.000e+00,1.990e-06,9.181e-08,2.268e-24,3.491e-32,1.561e-06,3.069e-10,4.229e-07,9.151e-08,6.094e-21,6.670e-09,0,0
ok,10000000.0000000000,9999998.7400235552,10000000.2400235552,17140.8409683180,16551.8992646753,0.0000165933,0.284423,1.000e+00,1.984e-06,9.181e-08,2.740e-24,1.980e-32,1.562e-06,3.069e-10,4.103e-07,9.151e-08,6.627e-21,1.234e-08,0,0
ok,10000000.0000000000,9999999.2400235552,10000000.2400235552,17115.8846878882,16536.3000984006,0.0000655569,1.122064,1.000e+00,1.956e-06,9.181e-08,3.507e-24,1.309e-32,1.563e-06,3.069e-10,3.924e-07,9.151e-08,3.696e-21,9.235e-10,0,0
ok,10000000.0000000000,9999999.7400235552,10000000.2400235552,17130.6896290336,16551.5741767261,0.0010237869,17.538179,1.000e+00,1.951e-06,9.181e-08,4.714e-23,3.679e-32,1.565e-06,3.069e-10,3.763e-07,9.151e-08,7.077e-21,9.255e-09,0,0
ok,10000000.0000000000,10000000.7400235552,10000000.2400235552,17134.2710231483,16554.8828649404,0.0002154226,3.691110,1.000e+00,1.951e-06,9.181e-08,1.416e-23,1.800e-31,1.578e-06,3.069e-10,3.714e-07,9.151e-08,4.567e-21,1.166e-09,2,0
ok,10000000.0000000000,10000001.2400235552,10000000.2400235552,17180.0376486497,16596.4867351537,0.0001086254,1.866188,1.000e+00,1.955e-06,9.181e-08,8.852e-24,5.090e-32,1.584e-06,3.069e-10,3.704e-07,9.151e-08,1.164e-21,5.929e-10,3,0
ok,10000000.0000000000,10000001.7400235552,10000000.2400235552,17147.2274073112,16561.6024346998,0.0000309040,0.529918,1.000e+00,1.970e-06,9.181e-08,1.978e-24,1.216e-31,1.591e-06,3.069e-10,3.697e-07,9.151e-08,6.023e-22,1.021e-08,4,0
ok,10000000.0000000000,10000002.2400235552,10000000.2400235552,17172.4794123814,16589.9863500068,0.0001401192,2.406193,1.000e+00,1.953e-06,9.181e-08,6.722e-24,1.151e-31,1.578e-06,3.069e-10,3.691e-07,9.151e-08,2.546e-21,6.253e-09,5,0
ok,10000000.0000000000,10000002.7400235552,10000000.2400235552,17122.9837204953,16542.3337837838,0.0001078744,1.847130,1.000e+00,1.958e-06,9.181e-08,5.406e-24,1.030e-31,1.579e-06,3.069e-10,3.687e-07,9.151e-08,1.186e-22,1.103e-08,6,0
ok,10000000.0000000000,10000003.2400235552,10000000.2400235552,17085.3900868548,16477.3026720864,0.0000042750,0.073040,1.000e+00,2.068e-06,9.181e-08,2.952e-24,5.142e-32,1.697e-06,3.069e-10,3.683e-07,9.151e-08,5.884e-21,3.479e-09,7,0
ok,10000000.0000000000,10000003.7400235552,10000000.2400235552,17124.7761565089,16538.0576312090,0.0000165363,0.283181,1.000e+00,1.980e-06,9.181e-08,3.555e-24,1.097e-31,1.610e-06,3.069e-10,3.679e-07,9.151e-08,3.796e-21,1.923e-09,9,0
ok,10000000.0000000000,10000004.2400235552,10000000.2400235552,17138.6129953577,16544.5974434963,0.0000054441,0.093304,1.000e+00,2.003e-06,9.181e-08,1.888e-24,4.636e-33,1.632e-06,3.069e-10,3.676e-07,9.151e-08,8.858e-21,3.518e-09,9,0
ok,10000000.0000000000,10000004.7400235552,10000000.2400235552,17144.7444572808,16562.9995281136,0.0000402048,0.689301,1.000e+00,1.957e-06,9.181e-08,1.819e-24,3.802e-32,1.582e-06,3.070e-10,3.674e-07,9.151e-08,4.020e-21,8.020e-09,11,0
ok,10000000.0000000000,10000005.2400235552,10000000.2400235552,17132.0431745551,16551.4353452846,0.0000217936,0.373369,1.000e+00,1.956e-06,9.181e-08,1.595e-24,1.886e-32,1.588e-06,3.070e-10,3.671e-07,9.151e-08,2.007e-21,1.032e-09,12,0
ok,10000000.0000000000,10000005.7400235552,10000000.2400235552,17138.6665955805,16559.4943273095,0.0001325585,2.271874,1.000e+00,1.949e-06,9.181e-08,7.692e-24,2.283e-32,1.579e-06,3.070e-10,3.669e-07,9.151e-08,5.314e-21,3.163e-09,14,0
ok,10000000.0000000000,10000006.2400235552,10000000.2400235552,17101.2260804928,16472.8567233534,0.0000069087,0.118147,1.000e+00,2.139e-06,9.181e-08,7.482e-24,3.462e-32,1.764e-06,3.070e-10,3.667e-07,9.151e-08,3.991e-21,7.748e-09,15,0
audit,x=16000000.0000000000,t=15999994.0926414821, rem_spread_max=3.687e-21 ext_spread_max=1.477e-08 
ok,16000000.0000000000,15999994.0926414821,16000000.0926414821,6692.0979602464,6576.3865973351,0.0000715846,0.479051,1.000e+00,2.424e-06,2.051e-07,3.675e-24,4.426e-32,1.972e-06,5.873e-08,4.380e-07,1.464e-07,1.722e-21,1.477e-08,13878515,0
ok,16000000.0000000000,15999994.5926414821,16000000.0926414821,6708.3816604261,6591.3424633585,0.0000637536,0.427684,1.000e+00,2.442e-06,2.051e-07,1.068e-23,4.367e-32,2.000e-06,5.873e-08,4.380e-07,1.464e-07,3.155e-21,4.433e-09,13878516,0
ok,16000000.0000000000,15999995.0926414821,16000000.0926414821,6707.6848348227,6589.3605837618,0.0000436597,0.292856,1.000e+00,2.472e-06,2.051e-07,1.115e-23,8.320e-32,2.027e-06,5.873e-08,4.380e-07,1.464e-07,1.461e-21,7.106e-09,13878517,0
ok,16000000.0000000000,15999995.5926414821,16000000.0926414821,6697.4823796605,6580.5189577734,0.0000387425,0.259477,1.000e+00,2.449e-06,2.051e-07,7.026e-24,6.194e-32,2.007e-06,5.873e-08,4.380e-07,1.464e-07,2.981e-21,4.415e-09,13878519,0
ok,16000000.0000000000,15999996.0926414821,16000000.0926414821,6702.4688346538,6587.4260896095,0.0001172151,0.785631,1.000e+00,2.401e-06,2.051e-07,4.913e-24,3.817e-32,1.957e-06,5.873e-08,4.380e-07,1.464e-07,9.268e-22,5.421e-09,13878520,0
ok,16000000.0000000000,15999996.5926414821,16000000.0926414821,6690.0106120061,6573.1423692267,0.0000208948,0.139786,1.000e+00,2.453e-06,2.051e-07,4.175e-24,2.739e-32,2.007e-06,5.873e-08,4.380e-07,1.464e-07,2.329e-21,8.340e-09,13878522,0
ok,16000000.0000000000,15999997.0926414821,16000000.0926414821,6694.6741686647,6578.4469462849,0.0000509326,0.340977,1.000e+00,2.434e-06,2.051e-07,8.028e-24,2.886e-32,1.995e-06,5.873e-08,4.380e-07,1.464e-07,1.248e-20,1.756e-09,13878522,0
ok,16000000.0000000000,15999997.5926414821,16000000.0926414821,6704.7245787138,6588.8434043070,0.0000636993,0.427087,1.000e+00,2.418e-06,2.051e-07,6.965e-24,8.485e-32,1.980e-06,5.873e-08,4.380e-07,1.464e-07,1.425e-21,6.160e-10,13878524,0
ok,16000000.0000000000,15999998.0926414821,16000000.0926414821,6698.2666770498,6582.1875016739,0.0000263035,0.176188,1.000e+00,2.428e-06,2.051e-07,1.011e-24,8.680e-32,1.986e-06,5.873e-08,4.380e-07,1.464e-07,5.822e-22,4.245e-09,13878525,0
ok,16000000.0000000000,15999998.5926414821,16000000.0926414821,6699.8826630833,6585.3169979638,0.0003357445,2.249449,1.000e+00,2.392e-06,2.051e-07,1.484e-23,1.151e-31,1.954e-06,5.873e-08,4.380e-07,1.464e-07,1.055e-21,3.413e-11,13878526,0
ok,16000000.0000000000,15999999.0926414821,16000000.0926414821,6700.6827499495,6585.3140435542,0.0002454424,1.644632,1.000e+00,2.410e-06,2.051e-07,1.698e-23,1.191e-32,1.965e-06,5.873e-08,4.380e-07,1.464e-07,6.318e-22,6.889e-09,13878527,0
ok,16000000.0000000000,15999999.5926414821,16000000.0926414821,6703.9767282498,6589.2228928244,0.0007001543,4.693818,1.000e+00,2.393e-06,2.051e-07,2.967e-23,6.652e-32,1.949e-06,5.873e-08,4.380e-07,1.464e-07,5.663e-21,6.296e-09,13878528,0
ok,16000000.0000000000,16000000.5926414821,16000000.0926414821,6686.0205289743,6571.8605780347,0.0003687630,2.465557,1.000e+00,2.393e-06,2.051e-07,1.647e-23,1.240e-31,1.954e-06,5.873e-08,4.380e-07,1.464e-07,2.926e-22,1.885e-09,13878531,0
ok,16000000.0000000000,16000001.0926414821,16000000.0926414821,6696.9632704189,6582.1850770941,0.0005682629,3.805635,1.000e+00,2.399e-06,2.051e-07,2.352e-23,1.531e-31,1.951e-06,5.873e-08,4.380e-07,1.464e-07,2.870e-21,9.637e-09,13878532,0
ok,16000000.0000000000,16000001.5926414821,16000000.0926414821,6699.5096847900,6584.8722459168,0.0004643561,3.110958,1.000e+00,2.394e-06,2.051e-07,1.860e-23,4.550e-32,1.953e-06,5.873e-08,4.380e-07,1.464e-07,2.131e-21,2.987e-09,13878533,0
ok,16000000.0000000000,16000002.0926414821,16000000.0926414821,6693.8466463587,6578.8633261252,0.0001561352,1.045145,1.000e+00,2.406e-06,2.051e-07,8.480e-24,9.508e-32,1.967e-06,5.873e-08,4.380e-07,1.464e-07,2.271e-21,1.412e-09,13878534,0
ok,16000000.0000000000,16000002.5926414821,16000000.0926414821,6703.0334083989,6588.3403294704,0.0004571491,3.064285,1.000e+00,2.392e-06,2.051e-07,2.175e-23,2.173e-32,1.953e-06,5.873e-08,4.380e-07,1.464e-07,2.397e-21,9.449e-10,13878535,0
ok,16000000.0000000000,16000003.0926414821,16000000.0926414821,6700.7157088322,6584.9809696258,0.0001401130,0.938857,1.000e+00,2.418e-06,2.051e-07,1.270e-23,6.260e-32,1.972e-06,5.873e-08,4.380e-07,1.464e-07,7.116e-22,8.312e-09,13878536,0
ok,16000000.0000000000,16000003.5926414821,16000000.0926414821,6701.1076584745,6585.3091454059,0.0001250512,0.837981,1.000e+00,2.419e-06,2.051e-07,1.031e-23,1.220e-31,1.972e-06,5.873e-08,4.380e-07,1.464e-07,4.617e-22,9.631e-09,13878538,0
ok,16000000.0000000000,16000004.0926414821,16000000.0926414821,6695.5198364162,6580.7750416183,0.0006709883,4.492613,1.000e+00,2.399e-06,2.051e-07,2.740e-23,4.335e-32,1.950e-06,5.873e-08,4.380e-07,1.464e-07,1.851e-21,1.152e-08,13878539,0
ok,16000000.0000000000,16000004.5926414821,16000000.0926414821,6689.4908781954,6575.3807246141,0.0006768382,4.527700,1.000e+00,2.389e-06,2.051e-07,2.867e-23,9.260e-32,1.951e-06,5.873e-08,4.380e-07,1.464e-07,1.760e-21,5.644e-10,13878540,0
ok,16000000.0000000000,16000005.0926414821,16000000.0926414821,6690.0469251125,6575.7490581644,0.0003704487,2.478318,1.000e+00,2.393e-06,2.051e-07,1.698e-23,3.485e-32,1.955e-06,5.873e-08,4.380e-07,1.464e-07,4.822e-21,4.643e-10,13878541,0
ok,16000000.0000000000,16000005.5926414821,16000000.0926414821,6698.9069188511,6583.9200211061,0.0001301500,0.871862,1.000e+00,2.402e-06,2.051e-07,5.519e-24,1.048e-32,1.960e-06,5.873e-08,4.380e-07,1.464e-07,4.099e-21,4.672e-09,13878542,0
ok,16000000.0000000000,16000006.0926414821,16000000.0926414821,6703.4469447870,6588.5848845330,0.0000766544,0.513848,1.000e+00,2.396e-06,2.051e-07,3.408e-24,1.677e-31,1.958e-06,5.873e-08,4.380e-07,1.464e-07,3.657e-22,2.971e-10,13878543,0
audit,x=24000000.0000000000,t=23999993.9545644484, rem_spread_max=9.053e-21 ext_spread_max=6.987e-09 
ok,24000000.0000000000,23999993.9545644484,23999999.9545644484,2975.8705037396,2946.2264760949,0.0001150319,0.342320,1.000e+00,3.024e-06,3.585e-07,2.926e-24,7.508e-32,2.434e-06,1.389e-07,5.859e-07,2.196e-07,1.020e-20,3.930e-09,32934604,0
ok,24000000.0000000000,23999994.4545644484,23999999.9545644484,2976.9659758681,2946.8817461494,0.0001147480,0.341601,1.000e+00,3.072e-06,3.585e-07,1.092e-23,2.011e-32,2.477e-06,1.389e-07,5.859e-07,2.196e-07,3.126e-21,8.584e-09,32934606,0
ok,24000000.0000000000,23999994.9545644484,23999999.9545644484,2978.6063509375,2944.8820849782,0.0000237315,0.070687,1.000e+00,3.487e-06,3.585e-07,1.310e-23,5.382e-32,2.895e-06,1.389e-07,5.859e-07,2.196e-07,5.833e-21,7.059e-09,32934606,0
ok,24000000.0000000000,23999995.4545644484,23999999.9545644484,2976.8806167027,2947.2098035022,0.0006255324,1.862136,1.000e+00,3.024e-06,3.585e-07,1.470e-23,9.318e-33,2.419e-06,1.389e-07,5.859e-07,2.196e-07,1.417e-21,1.938e-08,32934608,0
ok,24000000.0000000000,23999995.9545644484,23999999.9545644484,2977.0731972606,2947.6212830080,0.0030763445,9.158506,1.000e+00,2.999e-06,3.585e-07,6.977e-23,1.757e-31,2.403e-06,1.389e-07,5.859e-07,2.196e-07,3.625e-21,1.001e-08,32934609,0
ok,24000000.0000000000,23999996.4545644484,23999999.9545644484,2979.4388953971,2949.6764724208,0.0008089797,2.410306,1.000e+00,3.029e-06,3.585e-07,2.409e-23,9.633e-32,2.423e-06,1.389e-07,5.859e-07,2.196e-07,4.689e-21,2.004e-08,32934610,0
ok,24000000.0000000000,23999996.9545644484,23999999.9545644484,2978.2416814273,2948.4700628427,0.0003098828,0.922906,1.000e+00,3.033e-06,3.585e-07,7.992e-24,4.384e-32,2.431e-06,1.389e-07,5.859e-07,2.196e-07,1.287e-21,1.567e-08,32934611,0
ok,24000000.0000000000,23999997.4545644484,23999999.9545644484,2977.5032306408,2947.7509111627,0.0002889320,0.860296,1.000e+00,3.032e-06,3.585e-07,1.618e-23,5.499e-32,2.446e-06,1.389e-07,5.859e-07,2.196e-07,4.122e-21,2.001e-10,32934612,0
ok,24000000.0000000000,23999997.9545644484,23999999.9545644484,2975.1423579369,2944.6850235190,0.0000746378,0.222058,1.000e+00,3.119e-06,3.585e-07,1.098e-23,1.033e-31,2.528e-06,1.389e-07,5.859e-07,2.196e-07,2.040e-21,5.779e-09,32934613,0
ok,24000000.0000000000,23999998.4545644484,23999999.9545644484,2977.1942455214,2947.6707163897,0.0007899737,2.351905,1.000e+00,3.007e-06,3.585e-07,1.770e-23,2.359e-32,2.416e-06,1.389e-07,5.859e-07,2.196e-07,3.143e-21,4.552e-09,32934615,0
ok,24000000.0000000000,23999998.9545644484,23999999.9545644484,2976.9868463355,2947.5450254051,0.0027358857,8.144697,1.000e+00,2.998e-06,3.585e-07,6.103e-23,1.453e-32,2.403e-06,1.389e-07,5.859e-07,2.196e-07,6.920e-22,8.555e-09,32934616,0
ok,24000000.0000000000,23999999.4545644484,23999999.9545644484,2975.7126016505,2945.9429665141,0.0001910664,0.568559,1.000e+00,3.039e-06,3.585e-07,4.716e-24,4.260e-32,2.449e-06,1.389e-07,5.859e-07,2.196e-07,4.833e-21,3.696e-09,32934617,0
ok,24000000.0000000000,24000000.4545644484,23999999.9545644484,2977.7705735641,2947.9403199220,0.0004717089,1.404641,1.000e+00,3.041e-06,3.585e-07,2.977e-23,7.938e-32,2.448e-06,1.389e-07,5.859e-07,2.196e-07,4.288e-21,7.191e-09,32934619,0
ok,24000000.0000000000,24000000.9545644484,23999999.9545644484,2978.9761149531,2948.8696818198,0.0001978235,0.589311,1.000e+00,3.070e-06,3.585e-07,1.862e-23,2.994e-32,2.476e-06,1.389e-07,5.859e-07,2.196e-07,4.017e-21,7.493e-09,32934620,0
ok,24000000.0000000000,24000001.4545644484,23999999.9545644484,2983.1310906436,2949.2662419906,0.0000074293,0.022163,1.000e+00,3.492e-06,3.585e-07,4.215e-24,2.723e-32,2.905e-06,1.389e-07,5.859e-07,2.196e-07,5.301e-21,1.257e-09,32934621,0
ok,24000000.0000000000,24000001.9545644484,23999999.9545644484,2977.5775992102,2948.0752833171,0.0005908291,1.759239,1.000e+00,3.003e-06,3.585e-07,1.389e-23,1.910e-32,2.412e-06,1.389e-07,5.859e-07,2.196e-07,7.860e-21,5.686e-09,32934623,0
ok,24000000.0000000000,24000002.4545644484,23999999.9545644484,2977.1133242177,2947.0177330555,0.0000995119,0.296258,1.000e+00,3.073e-06,3.585e-07,1.006e-23,1.321e-31,2.483e-06,1.389e-07,5.859e-07,2.196e-07,3.537e-21,3.825e-09,32934625,0
ok,24000000.0000000000,24000002.9545644484,23999999.9545644484,2977.5203656462,2947.5103400755,0.0001643928,0.489483,1.000e+00,3.062e-06,3.585e-07,1.184e-23,5.511e-32,2.457e-06,1.389e-07,5.859e-07,2.196e-07,1.099e-21,1.961e-08,32934625,0
ok,24000000.0000000000,24000003.4545644484,23999999.9545644484,2973.9591478469,2944.0091984552,0.0000363110,0.107988,1.000e+00,3.063e-06,3.585e-07,3.208e-24,9.422e-32,2.471e-06,1.389e-07,5.859e-07,2.196e-07,1.736e-21,6.174e-09,32934626,0
ok,24000000.0000000000,24000003.9545644484,23999999.9545644484,2976.4930871064,2946.8000096419,0.0001309382,0.389737,1.000e+00,3.028e-06,3.585e-07,5.467e-24,5.771e-32,2.439e-06,1.389e-07,5.859e-07,2.196e-07,6.770e-21,3.038e-09,32934628,0
ok,24000000.0000000000,24000004.4545644484,23999999.9545644484,2977.7145115572,2948.0163043784,0.0003108640,0.925664,1.000e+00,3.026e-06,3.585e-07,1.302e-23,1.269e-31,2.429e-06,1.389e-07,5.859e-07,2.196e-07,4.777e-22,1.117e-08,32934630,0
ok,24000000.0000000000,24000004.9545644484,23999999.9545644484,2978.8392501475,2949.2132000385,0.0005080070,1.513271,1.000e+00,3.015e-06,3.585e-07,1.847e-23,4.059e-32,2.425e-06,1.389e-07,5.859e-07,2.196e-07,1.869e-21,4.347e-09,32934631,0
ok,24000000.0000000000,24000005.4545644484,23999999.9545644484,2975.5586946659,2945.2492525818,0.0000551342,0.164055,1.000e+00,3.101e-06,3.585e-07,4.092e-24,1.829e-31,2.501e-06,1.389e-07,5.859e-07,2.196e-07,3.813e-21,1.381e-08,32934632,0
ok,24000000.0000000000,24000005.9545644484,23999999.9545644484,2976.2168282414,2946.5325847127,0.0004707457,1.401040,1.000e+00,3.028e-06,3.585e-07,2.045e-23,1.104e-31,2.438e-06,1.389e-07,5.859e-07,2.196e-07,1.049e-21,3.580e-09,32934633,0
audit,x=33000000.0000000000,t=32999993.9850014970, rem_spread_max=1.695e-20 ext_spread_max=1.276e-08 
ok,33000000.0000000000,32999993.9850014970,32999999.9850014970,1574.6832575557,1564.0937180695,0.0004888380,0.769765,1.000e+00,3.769e-06,5.334e-07,2.853e-23,5.379e-33,3.065e-06,2.314e-07,6.954e-07,3.020e-07,1.719e-21,8.285e-09,54883687,0
ok,33000000.0000000000,32999994.4850014970,32999999.9850014970,1572.1996490959,1558.5459876014,0.0000289794,0.045561,1.000e+00,5.042e-06,5.334e-07,2.639e-23,9.533e-33,4.331e-06,2.314e-07,6.954e-07,3.020e-07,1.682e-21,1.600e-08,54883688,0
ok,33000000.0000000000,32999994.9850014970,32999999.9850014970,1574.8140918099,1564.3858148885,0.0016326796,2.571168,1.000e+00,3.702e-06,5.334e-07,3.411e-23,1.169e-32,3.005e-06,2.314e-07,6.954e-07,3.020e-07,2.030e-21,2.074e-09,54883690,0
ok,33000000.0000000000,32999995.4850014970,32999999.9850014970,1574.9548277161,1564.2651007858,0.0003919043,0.617232,1.000e+00,3.808e-06,5.334e-07,2.739e-23,5.660e-32,3.103e-06,2.314e-07,6.954e-07,3.020e-07,2.997e-21,9.763e-09,54883691,0
ok,33000000.0000000000,32999995.9850014970,32999999.9850014970,1574.8297675117,1564.4212884817,0.0061065757,9.616820,1.000e+00,3.694e-06,5.334e-07,1.249e-22,3.029e-32,2.992e-06,2.314e-07,6.954e-07,3.020e-07,1.644e-21,6.912e-09,54883692,0
ok,33000000.0000000000,32999996.4850014970,32999999.9850014970,1574.0233145585,1563.6096091007,0.0029573864,4.654996,1.000e+00,3.701e-06,5.334e-07,6.587e-23,7.280e-33,3.003e-06,2.314e-07,6.954e-07,3.020e-07,1.042e-21,1.815e-09,54883693,0
ok,33000000.0000000000,32999996.9850014970,32999999.9850014970,1575.1990947057,1564.7352251105,0.0016038539,2.526390,1.000e+00,3.715e-06,5.334e-07,4.673e-23,1.967e-32,3.014e-06,2.314e-07,6.954e-07,3.020e-07,2.744e-21,5.362e-09,54883694,0
ok,33000000.0000000000,32999997.4850014970,32999999.9850014970,1574.8506181868,1564.2349589240,0.0003527344,0.555504,1.000e+00,3.779e-06,5.334e-07,2.513e-23,2.402e-32,3.079e-06,2.314e-07,6.954e-07,3.020e-07,2.120e-21,3.853e-09,54883695,0
ok,33000000.0000000000,32999997.9850014970,32999999.9850014970,1574.2777863146,1563.5329804473,0.0000543139,0.085505,1.000e+00,3.835e-06,5.334e-07,5.934e-24,4.773e-32,3.133e-06,2.314e-07,6.954e-07,3.020e-07,3.096e-21,6.025e-09,54883696,0
ok,33000000.0000000000,32999998.4850014970,32999999.9850014970,1574.9330868161,1563.9604240252,0.0000413365,0.065102,1.000e+00,3.924e-06,5.334e-07,6.597e-24,5.873e-32,3.227e-06,2.314e-07,6.954e-07,3.020e-07,5.599e-21,1.823e-09,54883698,0
ok,33000000.0000000000,32999998.9850014970,32999999.9850014970,1574.6203364213,1564.2268777703,0.0028831072,4.539800,1.000e+00,3.689e-06,5.334e-07,5.890e-23,5.536e-35,2.993e-06,2.314e-07,6.954e-07,3.020e-07,9.082e-22,7.867e-10,54883700,0
ok,33000000.0000000000,32999999.4850014970,32999999.9850014970,1574.3254630229,1563.9131796944,0.0040566233,6.386446,1.000e+00,3.698e-06,5.334e-07,9.046e-23,1.077e-31,2.995e-06,2.314e-07,6.954e-07,3.020e-07,2.242e-21,7.816e-09,54883701,0
ok,33000000.0000000000,33000000.4850014970,32999999.9850014970,1573.9822281056,1563.5525196596,0.0009354181,1.472331,1.000e+00,3.707e-06,5.334e-07,1.803e-23,1.679e-31,3.008e-06,2.314e-07,6.954e-07,3.020e-07,3.818e-21,4.122e-09,54883703,0
ok,33000000.0000000000,33000000.9850014970,32999999.9850014970,1574.6767861640,1564.2141534685,0.0005581782,0.878950,1.000e+00,3.717e-06,5.334e-07,1.341e-23,5.585e-32,3.014e-06,2.314e-07,6.954e-07,3.020e-07,7.773e-21,8.083e-09,54883704,0
ok,33000000.0000000000,33000001.4850014970,32999999.9850014970,1574.9344737346,1563.7793322494,0.0000306736,0.048309,1.000e+00,3.999e-06,5.334e-07,6.206e-24,9.193e-32,3.299e-06,2.314e-07,6.954e-07,3.020e-07,2.004e-21,4.598e-09,54883706,0
ok,33000000.0000000000,33000001.9850014970,32999999.9850014970,1574.6531844066,1564.2029897833,0.0006693575,1.054006,1.000e+00,3.712e-06,5.334e-07,1.325e-23,5.559e-32,3.008e-06,2.314e-07,6.954e-07,3.020e-07,2.655e-21,8.730e-09,54883707,0
ok,33000000.0000000000,33000002.4850014970,32999999.9850014970,1574.0894682843,1563.6362916035,0.0008986418,1.414542,1.000e+00,3.716e-06,5.334e-07,1.986e-23,3.956e-32,3.005e-06,2.314e-07,6.954e-07,3.020e-07,3.390e-22,1.638e-08,54883708,0
ok,33000000.0000000000,33000002.9850014970,32999999.9850014970,1575.0727089342,1564.5771670509,0.0004209905,0.663090,1.000e+00,3.728e-06,5.334e-07,1.657e-23,8.525e-32,3.032e-06,2.314e-07,6.954e-07,3.020e-07,1.191e-21,1.340e-09,54883710,0
ok,33000000.0000000000,33000003.4850014970,32999999.9850014970,1574.4203934493,1562.7602204721,0.0000182779,0.028777,1.000e+00,4.209e-06,5.334e-07,6.606e-24,6.425e-32,3.510e-06,2.314e-07,6.954e-07,3.020e-07,6.347e-22,3.707e-09,54883710,0
ok,33000000.0000000000,33000003.9850014970,32999999.9850014970,1575.9050443993,1565.4064493437,0.0008131310,1.281417,1.000e+00,3.725e-06,5.334e-07,3.482e-23,6.596e-32,3.026e-06,2.314e-07,6.954e-07,3.020e-07,1.098e-20,3.471e-09,54883713,0
ok,33000000.0000000000,33000004.4850014970,32999999.9850014970,1575.9293599498,1564.8664785771,0.0004099121,0.645992,1.000e+00,3.955e-06,5.334e-07,7.662e-23,3.511e-32,3.253e-06,2.314e-07,6.954e-07,3.020e-07,7.575e-22,6.571e-09,54883713,0
ok,33000000.0000000000,33000004.9850014970,32999999.9850014970,1574.8007404129,1564.3157451947,0.0025983424,4.091870,1.000e+00,3.726e-06,5.334e-07,9.979e-23,8.016e-32,3.025e-06,2.314e-07,6.954e-07,3.020e-07,1.949e-21,5.223e-09,54883714,0
ok,33000000.0000000000,33000005.4850014970,32999999.9850014970,1575.4682851636,1564.7717370401,0.0010113134,1.593292,1.000e+00,3.808e-06,5.334e-07,9.370e-23,2.321e-32,3.107e-06,2.314e-07,6.954e-07,3.020e-07,8.637e-22,6.005e-09,54883716,0
ok,33000000.0000000000,33000005.9850014970,32999999.9850014970,1574.4455119914,1564.0124666837,0.0027698575,4.360988,1.000e+00,3.706e-06,5.334e-07,8.678e-23,4.836e-33,3.008e-06,2.314e-07,6.954e-07,3.020e-07,2.514e-21,2.361e-09,54883716,0
audit,x=39000000.0000000000,t=38999994.0306416005, rem_spread_max=1.117e-20 ext_spread_max=1.029e-08 
ok,39000000.0000000000,38999994.0306416005,39000000.0306416005,1127.9655366530,1121.8020407488,0.0002474654,0.279133,1.000e+00,4.224e-06,6.509e-07,1.274e-23,1.140e-31,3.469e-06,2.940e-07,7.518e-07,3.569e-07,1.323e-21,3.189e-09,69742386,0
ok,39000000.0000000000,38999994.5306416005,39000000.0306416005,1126.7302832766,1120.6295294763,0.0009458427,1.065710,1.000e+00,4.185e-06,6.509e-07,2.250e-23,4.861e-32,3.419e-06,2.940e-07,7.518e-07,3.569e-07,2.628e-21,1.411e-08,69742387,0
ok,39000000.0000000000,38999995.0306416005,39000000.0306416005,1127.4130252781,1121.1862679091,0.0001571727,0.177199,1.000e+00,4.280e-06,6.509e-07,1.318e-23,9.320e-32,3.527e-06,2.940e-07,7.518e-07,3.569e-07,1.868e-22,6.395e-10,69742388,0
ok,39000000.0000000000,38999995.5306416005,39000000.0306416005,1127.0942680296,1120.9945579519,0.0013805734,1.556037,1.000e+00,4.181e-06,6.509e-07,4.291e-23,1.489e-32,3.423e-06,2.940e-07,7.518e-07,3.569e-07,4.946e-21,5.838e-09,69742390,0
ok,39000000.0000000000,38999996.0306416005,39000000.0306416005,1126.8532805255,1120.7188364337,0.0008024048,0.904193,1.000e+00,4.211e-06,6.509e-07,1.904e-23,1.738e-32,3.450e-06,2.940e-07,7.518e-07,3.569e-07,2.632e-21,9.019e-09,69742391,0
ok,39000000.0000000000,38999996.5306416005,39000000.0306416005,1127.5090263377,1121.4252615142,0.0049689032,5.602484,1.000e+00,4.165e-06,6.509e-07,1.242e-22,3.978e-32,3.412e-06,2.940e-07,7.518e-07,3.569e-07,6.664e-22,1.239e-09,69742392,0
ok,39000000.0000000000,38999997.0306416005,39000000.0306416005,1126.8290340327,1120.7563448213,0.0068209845,7.686085,1.000e+00,4.162e-06,6.509e-07,1.661e-22,2.230e-32,3.406e-06,2.940e-07,7.518e-07,3.569e-07,4.663e-21,3.856e-09,69742393,0
ok,39000000.0000000000,38999997.5306416005,39000000.0306416005,1127.3476901326,1121.2186313181,0.0014051843,1.584132,1.000e+00,4.202e-06,6.509e-07,5.338e-23,7.211e-33,3.445e-06,2.940e-07,7.518e-07,3.569e-07,2.622e-21,5.041e-09,69742394,0
ok,39000000.0000000000,38999998.0306416005,39000000.0306416005,1127.8277074177,1121.7459888545,0.0067473070,7.609801,1.000e+00,4.161e-06,6.509e-07,1.937e-22,1.499e-32,3.409e-06,2.940e-07,7.518e-07,3.569e-07,6.875e-22,1.676e-10,69742396,0
ok,39000000.0000000000,38999998.5306416005,39000000.0306416005,1127.3498973651,1121.1488224834,0.0021079464,2.376393,1.000e+00,4.260e-06,6.509e-07,1.553e-22,1.161e-31,3.487e-06,2.940e-07,7.518e-07,3.569e-07,3.251e-21,2.070e-08,69742397,0
ok,39000000.0000000000,38999999.0306416005,39000000.0306416005,1127.0949027727,1120.6249430597,0.0003346851,0.377222,1.000e+00,4.476e-06,6.509e-07,8.128e-23,1.114e-31,3.724e-06,2.940e-07,7.518e-07,3.569e-07,1.996e-21,9.445e-11,69742397,0
ok,39000000.0000000000,38999999.5306416005,39000000.0306416005,1127.5540644988,1121.4144170313,0.0005257952,0.592863,1.000e+00,4.209e-06,6.509e-07,1.678e-23,8.402e-32,3.457e-06,2.940e-07,7.518e-07,3.569e-07,3.342e-22,1.677e-10,69742399,0
ok,39000000.0000000000,39000000.5306416005,39000000.0306416005,1127.7826979593,1121.6657301916,0.0014653479,1.652594,1.000e+00,4.189e-06,6.509e-07,4.206e-23,1.399e-31,3.421e-06,2.940e-07,7.518e-07,3.569e-07,2.926e-21,1.593e-08,69742402,0
ok,39000000.0000000000,39000001.0306416005,39000000.0306416005,1127.0317354106,1120.9078679041,0.0007095468,0.799682,1.000e+00,4.201e-06,6.509e-07,1.686e-23,6.176e-32,3.441e-06,2.940e-07,7.518e-07,3.569e-07,5.316e-21,7.743e-09,69742403,0
ok,39000000.0000000000,39000001.5306416005,39000000.0306416005,1127.4630475476,1121.3699196282,0.0018415906,2.076325,1.000e+00,4.173e-06,6.509e-07,4.868e-23,4.550e-32,3.417e-06,2.940e-07,7.518e-07,3.569e-07,4.790e-21,4.267e-09,69742404,0
ok,39000000.0000000000,39000002.0306416005,39000000.0306416005,1127.5354982629,1121.4195473641,0.0007063518,0.796437,1.000e+00,4.190e-06,6.509e-07,2.661e-23,2.064e-31,3.438e-06,2.940e-07,7.518e-07,3.569e-07,4.404e-22,3.577e-10,69742405,0
ok,39000000.0000000000,39000002.5306416005,39000000.0306416005,1126.8323716964,1120.6492900951,0.0001546489,0.174263,1.000e+00,4.250e-06,6.509e-07,3.690e-24,1.264e-31,3.488e-06,2.940e-07,7.518e-07,3.569e-07,2.353e-21,9.934e-09,69742407,0
ok,39000000.0000000000,39000003.0306416005,39000000.0306416005,1127.3022102486,1121.1920068671,0.0013728136,1.547576,1.000e+00,4.188e-06,6.509e-07,4.432e-23,8.338e-32,3.432e-06,2.940e-07,7.518e-07,3.569e-07,9.377e-22,3.591e-09,69742408,0
ok,39000000.0000000000,39000003.5306416005,39000000.0306416005,1127.1962510431,1121.0619248419,0.0014644918,1.650769,1.000e+00,4.208e-06,6.509e-07,6.168e-23,8.808e-32,3.443e-06,2.940e-07,7.518e-07,3.569e-07,1.860e-21,1.273e-08,69742409,0
ok,39000000.0000000000,39000004.0306416005,39000000.0306416005,1126.8976048479,1120.7040887086,0.0006637412,0.747968,1.000e+00,4.258e-06,6.509e-07,5.422e-23,6.721e-32,3.501e-06,2.940e-07,7.518e-07,3.569e-07,9.426e-22,4.973e-09,69742410,0
ok,39000000.0000000000,39000004.5306416005,39000000.0306416005,1127.0805538692,1120.9529896765,0.0010465504,1.179546,1.000e+00,4.203e-06,6.509e-07,4.563e-23,7.019e-32,3.448e-06,2.940e-07,7.518e-07,3.569e-07,5.421e-21,3.313e-09,69742412,0
ok,39000000.0000000000,39000005.0306416005,39000000.0306416005,1127.0010846051,1120.8792793728,0.0006578959,0.741449,1.000e+00,4.200e-06,6.509e-07,1.904e-23,9.909e-33,3.445e-06,2.940e-07,7.518e-07,3.569e-07,5.491e-22,2.518e-09,69742413,0
ok,39000000.0000000000,39000005.5306416005,39000000.0306416005,1127.8861838700,1121.7741656994,0.0008579118,0.967627,1.000e+00,4.184e-06,6.509e-07,2.368e-23,4.571e-32,3.426e-06,2.940e-07,7.518e-07,3.569e-07,7.550e-22,6.199e-09,69742414,0
ok,39000000.0000000000,39000006.0306416005,39000000.0306416005,1127.5409958003,1121.4038609877,0.0005609145,0.632454,1.000e+00,4.207e-06,6.509e-07,1.446e-23,7.726e-32,3.441e-06,2.940e-07,7.518e-07,3.569e-07,9.449e-22,1.460e-08,69742416,0
audit,x=40000000.0000000000,t=39999994.0711822212, rem_spread_max=2.689e-20 ext_spread_max=6.444e-09 
ok,40000000.0000000000,39999994.0711822212,40000000.0711822212,1072.1786889188,1066.5566598433,0.0031858300,3.415780,1.000e+00,4.250e-06,6.705e-07,3.913e-23,5.663e-32,3.486e-06,3.045e-07,7.603e-07,3.660e-07,4.573e-21,4.109e-09,72233782,0
ok,40000000.0000000000,39999994.5711822212,40000000.0711822212,1072.0334162360,1066.3920128223,0.0015654519,1.678217,1.000e+00,4.269e-06,6.705e-07,2.117e-23,2.211e-32,3.493e-06,3.045e-07,7.603e-07,3.660e-07,9.787e-21,1.570e-08,72233783,0
ok,40000000.0000000000,39999995.0711822212,40000000.0711822212,1072.1239385662,1066.2895482871,0.0000553522,0.059344,1.000e+00,4.438e-06,6.705e-07,2.229e-24,1.260e-31,3.669e-06,3.045e-07,7.603e-07,3.660e-07,5.566e-21,8.132e-09,72233785,0
ok,40000000.0000000000,39999995.5711822212,40000000.0711822212,1071.1810025896,1065.5466385828,0.0009214895,0.987082,1.000e+00,4.270e-06,6.705e-07,1.329e-23,2.203e-32,3.508e-06,3.045e-07,7.603e-07,3.660e-07,8.877e-21,1.987e-09,72233786,0
ok,40000000.0000000000,39999996.0711822212,40000000.0711822212,1072.3517271972,1066.7064764714,0.0011590062,1.242863,1.000e+00,4.269e-06,6.705e-07,1.726e-23,2.916e-32,3.500e-06,3.045e-07,7.603e-07,3.660e-07,2.354e-21,8.673e-09,72233787,0
ok,40000000.0000000000,39999996.5711822212,40000000.0711822212,1072.1869888658,1066.4771686341,0.0002884045,0.309224,1.000e+00,4.328e-06,6.705e-07,8.137e-24,5.685e-32,3.565e-06,3.045e-07,7.603e-07,3.660e-07,3.235e-21,2.005e-09,72233789,0
ok,40000000.0000000000,39999997.0711822212,40000000.0711822212,1072.2893277228,1066.6410292780,0.0009055693,0.971032,1.000e+00,4.273e-06,6.705e-07,9.197e-24,1.998e-32,3.497e-06,3.045e-07,7.603e-07,3.660e-07,1.363e-22,1.543e-08,72233790,0
ok,40000000.0000000000,39999997.5711822212,40000000.0711822212,1071.3172035771,1065.6508500687,0.0005029157,0.538782,1.000e+00,4.297e-06,6.705e-07,1.043e-23,4.154e-32,3.534e-06,3.045e-07,7.603e-07,3.660e-07,1.402e-21,2.914e-09,72233791,0
ok,40000000.0000000000,39999998.0711822212,40000000.0711822212,1071.6507376845,1065.9678617109,0.0006475970,0.693998,1.000e+00,4.309e-06,6.705e-07,1.150e-23,7.181e-32,3.525e-06,3.045e-07,7.603e-07,3.660e-07,1.733e-21,2.369e-08,72233793,0
ok,40000000.0000000000,39999998.5711822212,40000000.0711822212,1071.6401407348,1066.0121138458,0.0022565600,2.418220,1.000e+00,4.261e-06,6.705e-07,2.281e-23,2.829e-32,3.489e-06,3.045e-07,7.603e-07,3.660e-07,5.326e-22,1.120e-08,72233794,0
ok,40000000.0000000000,39999999.0711822212,40000000.0711822212,1054.7880586718,1026.8652338212,0.0000057608,0.006076,1.000e+00,2.513e-05,6.705e-07,3.441e-23,6.119e-32,2.436e-05,3.045e-07,7.603e-07,3.660e-07,4.570e-21,1.040e-08,72233795,0
ok,40000000.0000000000,39999999.5711822212,40000000.0711822212,1071.7814542338,1066.1415000335,0.0045542731,4.881186,1.000e+00,4.270e-06,6.705e-07,8.100e-23,1.717e-31,3.509e-06,3.045e-07,7.603e-07,3.660e-07,1.881e-21,8.883e-10,72233796,0
ok,40000000.0000000000,40000000.5711822212,40000000.0711822212,1071.5085173016,1065.9098727981,0.0135770508,14.547925,1.000e+00,4.236e-06,6.705e-07,1.562e-22,1.320e-32,3.471e-06,3.045e-07,7.603e-07,3.660e-07,4.772e-21,4.775e-09,72233798,0
ok,40000000.0000000000,40000001.0711822212,40000000.0711822212,1071.8336429039,1065.6804992669,0.0001777188,0.190485,1.000e+00,4.721e-06,6.705e-07,2.530e-23,4.623e-32,3.956e-06,3.045e-07,7.603e-07,3.660e-07,7.298e-21,5.044e-09,72233799,0
ok,40000000.0000000000,40000001.5711822212,40000000.0711822212,1071.2109421362,1065.3352345974,0.0002498412,0.267633,1.000e+00,4.483e-06,6.705e-07,1.730e-23,9.214e-32,3.705e-06,3.045e-07,7.603e-07,3.660e-07,2.154e-21,1.731e-08,72233801,0
ok,40000000.0000000000,40000002.0711822212,40000000.0711822212,1071.6447214006,1065.9577185585,0.0002456320,0.263230,1.000e+00,4.313e-06,6.705e-07,3.104e-24,7.905e-32,3.536e-06,3.045e-07,7.603e-07,3.660e-07,2.544e-21,1.609e-08,72233802,0
ok,40000000.0000000000,40000002.5711822212,40000000.0711822212,1071.3193458545,1065.6594436496,0.0002540592,0.272178,1.000e+00,4.292e-06,6.705e-07,4.855e-24,1.159e-31,3.530e-06,3.045e-07,7.603e-07,3.660e-07,6.269e-22,8.770e-10,72233804,0
ok,40000000.0000000000,40000003.0711822212,40000000.0711822212,1071.4333886192,1065.7981167021,0.0006869688,0.736041,1.000e+00,4.269e-06,6.705e-07,7.143e-24,8.877e-32,3.504e-06,3.045e-07,7.603e-07,3.660e-07,1.068e-22,5.023e-09,72233805,0
ok,40000000.0000000000,40000003.5711822212,40000000.0711822212,1071.9302328414,1066.2362418768,0.0006451760,0.691584,1.000e+00,4.316e-06,6.705e-07,1.648e-23,1.257e-32,3.551e-06,3.045e-07,7.603e-07,3.660e-07,3.197e-22,4.787e-09,72233806,0
ok,40000000.0000000000,40000004.0711822212,40000000.0711822212,1071.8439533076,1066.2028452934,0.0015599904,1.672066,1.000e+00,4.270e-06,6.705e-07,2.589e-23,1.917e-31,3.505e-06,3.045e-07,7.603e-07,3.660e-07,9.148e-21,4.958e-09,72233807,0
ok,40000000.0000000000,40000004.5711822212,40000000.0711822212,1071.2919422329,1065.6114805914,0.0008108301,0.868636,1.000e+00,4.310e-06,6.705e-07,1.965e-23,2.287e-32,3.538e-06,3.045e-07,7.603e-07,3.660e-07,2.237e-21,1.220e-08,72233809,0
ok,40000000.0000000000,40000005.0711822212,40000000.0711822212,1071.9947362046,1066.2679708888,0.0003040078,0.325895,1.000e+00,4.344e-06,6.705e-07,7.731e-24,8.735e-32,3.576e-06,3.045e-07,7.603e-07,3.660e-07,1.029e-20,8.388e-09,72233810,0
ok,40000000.0000000000,40000005.5711822212,40000000.0711822212,1072.0043394853,1066.3749601557,0.0015247838,1.634574,1.000e+00,4.258e-06,6.705e-07,1.757e-23,1.487e-34,3.494e-06,3.045e-07,7.603e-07,3.660e-07,2.344e-21,3.719e-09,72233811,0
ok,40000000.0000000000,40000006.0711822212,40000000.0711822212,1071.8993424810,1066.2492522393,0.0014779723,1.584237,1.000e+00,4.278e-06,6.705e-07,1.835e-23,1.010e-31,3.490e-06,3.045e-07,7.603e-07,3.660e-07,7.557e-22,2.728e-08,72233812,0
audit,x=42500000.0000000000,t=42499993.8769356832, rem_spread_max=1.254e-20 ext_spread_max=7.140e-09 
ok,42500000.0000000000,42499993.8769356832,42499999.8769356832,949.1714523199,944.4945495700,0.0012280070,1.165590,1.000e+00,4.503e-06,7.197e-07,1.257e-23,3.773e-32,3.722e-06,3.308e-07,7.807e-07,3.889e-07,1.099e-20,6.173e-11,78479472,0
ok,42500000.0000000000,42499994.3769356832,42499999.8769356832,949.8607072222,945.0425575614,0.0007244250,0.688103,1.000e+00,4.653e-06,7.197e-07,2.172e-23,6.198e-32,3.867e-06,3.308e-07,7.807e-07,3.889e-07,2.025e-21,6.188e-09,78479474,0
ok,42500000.0000000000,42499994.8769356832,42499999.8769356832,949.5358317005,944.7894077346,0.0007224065,0.685951,1.000e+00,4.577e-06,7.197e-07,1.548e-23,3.198e-32,3.795e-06,3.308e-07,7.807e-07,3.889e-07,9.577e-22,7.440e-10,78479474,0
ok,42500000.0000000000,42499995.3769356832,42499999.8769356832,949.2630729960,944.6449868960,0.0136480390,12.955582,1.000e+00,4.436e-06,7.197e-07,6.570e-23,1.633e-33,3.646e-06,3.308e-07,7.807e-07,3.889e-07,5.191e-22,8.936e-09,78479476,0
ok,42500000.0000000000,42499995.8769356832,42499999.8769356832,949.4168167781,944.7324016098,0.0021301131,2.022366,1.000e+00,4.508e-06,7.197e-07,2.073e-23,2.409e-33,3.718e-06,3.308e-07,7.807e-07,3.889e-07,8.392e-21,9.800e-09,78479477,0
ok,42500000.0000000000,42499996.3769356832,42499999.8769356832,949.3655075364,944.7255385828,0.0027039622,2.567049,1.000e+00,4.459e-06,7.197e-07,1.256e-23,1.786e-32,3.671e-06,3.308e-07,7.807e-07,3.889e-07,3.412e-21,7.171e-09,78479478,0
ok,42500000.0000000000,42499996.8769356832,42499999.8769356832,949.3000648680,944.6712687381,0.0026568043,2.522105,1.000e+00,4.447e-06,7.197e-07,1.368e-23,6.711e-32,3.662e-06,3.308e-07,7.807e-07,3.889e-07,1.136e-20,4.217e-09,78479479,0
ok,42500000.0000000000,42499997.3769356832,42499999.8769356832,949.6704282420,944.9785022589,0.0003450710,0.327704,1.000e+00,4.514e-06,7.197e-07,3.702e-24,6.311e-32,3.733e-06,3.308e-07,7.807e-07,3.889e-07,5.073e-22,1.160e-10,78479481,0
ok,42500000.0000000000,42499997.8769356832,42499999.8769356832,949.0734689250,944.4483995126,0.0019682668,1.868030,1.000e+00,4.446e-06,7.197e-07,9.113e-24,7.484e-34,3.662e-06,3.308e-07,7.807e-07,3.889e-07,6.477e-21,3.366e-09,78479482,0
ok,42500000.0000000000,42499998.3769356832,42499999.8769356832,949.0380547306,944.3888883067,0.0006848275,0.649927,1.000e+00,4.473e-06,7.197e-07,4.232e-24,6.044e-32,3.691e-06,3.308e-07,7.807e-07,3.889e-07,7.184e-22,1.849e-09,78479483,0
ok,42500000.0000000000,42499998.8769356832,42499999.8769356832,949.5080712170,944.8561742205,0.0009241606,0.877498,1.000e+00,4.471e-06,7.197e-07,6.526e-24,2.878e-34,3.685e-06,3.308e-07,7.807e-07,3.889e-07,6.608e-22,5.083e-09,78479485,0
ok,42500000.0000000000,42499999.3769356832,42499999.8769356832,949.5203548173,944.8608728203,0.0007467343,0.709039,1.000e+00,4.479e-06,7.197e-07,3.594e-24,5.924e-32,3.691e-06,3.308e-07,7.807e-07,3.889e-07,1.665e-21,7.888e-09,78479486,0
ok,42500000.0000000000,42500000.3769356832,42499999.8769356832,949.3615638969,944.5682523387,0.0008523782,0.809215,1.000e+00,4.631e-06,7.197e-07,2.431e-23,2.034e-31,3.848e-06,3.308e-07,7.807e-07,3.889e-07,1.710e-22,2.979e-09,78479489,0
ok,42500000.0000000000,42500000.8769356832,42499999.8769356832,949.5424480186,944.9246541781,0.0074262580,7.051547,1.000e+00,4.432e-06,7.197e-07,3.881e-23,8.899e-32,3.647e-06,3.308e-07,7.807e-07,3.889e-07,3.225e-21,4.494e-09,78479489,0
ok,42500000.0000000000,42500001.3769356832,42499999.8769356832,949.2462435314,944.4280782710,0.0001036366,0.098377,1.000e+00,4.660e-06,7.197e-07,2.940e-24,2.271e-33,3.875e-06,3.308e-07,7.807e-07,3.889e-07,5.926e-21,4.441e-09,78479490,0
ok,42500000.0000000000,42500001.8769356832,42499999.8769356832,949.5404455089,944.8713588430,0.0004575473,0.434460,1.000e+00,4.490e-06,7.197e-07,2.197e-24,9.393e-32,3.686e-06,3.308e-07,7.807e-07,3.889e-07,2.045e-21,2.287e-08,78479492,0
ok,42500000.0000000000,42500002.3769356832,42499999.8769356832,949.3736828026,944.6954154934,0.0003517566,0.333948,1.000e+00,4.502e-06,7.197e-07,2.977e-24,1.994e-31,3.712e-06,3.308e-07,7.807e-07,3.889e-07,6.255e-21,9.775e-09,78479494,0
ok,42500000.0000000000,42500002.8769356832,42499999.8769356832,949.4566860498,944.8275819762,0.0026603281,2.525866,1.000e+00,4.446e-06,7.197e-07,1.244e-23,6.648e-32,3.659e-06,3.308e-07,7.807e-07,3.889e-07,1.107e-23,6.444e-09,78479495,0
ok,42500000.0000000000,42500003.3769356832,42499999.8769356832,949.2666312768,944.4999257203,0.0003967233,0.376596,1.000e+00,4.602e-06,7.197e-07,9.875e-24,1.225e-31,3.818e-06,3.308e-07,7.807e-07,3.889e-07,4.732e-21,4.036e-09,78479497,0
ok,42500000.0000000000,42500003.8769356832,42499999.8769356832,949.0313478177,944.1882929333,0.0008744345,0.829866,1.000e+00,4.691e-06,7.197e-07,3.011e-23,1.091e-31,3.909e-06,3.308e-07,7.807e-07,3.889e-07,7.190e-22,1.360e-09,78479497,0
ok,42500000.0000000000,42500004.3769356832,42499999.8769356832,949.1170480928,944.4672905269,0.0051927400,4.928517,1.000e+00,4.473e-06,7.197e-07,4.340e-23,9.294e-32,3.686e-06,3.308e-07,7.807e-07,3.889e-07,2.179e-21,6.074e-09,78479498,0
ok,42500000.0000000000,42500004.8769356832,42499999.8769356832,949.2064960645,944.5713204550,0.0054468904,5.170222,1.000e+00,4.456e-06,7.197e-07,3.361e-23,2.197e-32,3.663e-06,3.308e-07,7.807e-07,3.889e-07,6.239e-21,1.173e-08,78479499,0
ok,42500000.0000000000,42500005.3769356832,42499999.8769356832,949.1720952146,944.5315817175,0.0026431928,2.508844,1.000e+00,4.462e-06,7.197e-07,1.492e-23,1.085e-31,3.674e-06,3.308e-07,7.807e-07,3.889e-07,7.839e-21,7.053e-09,78479501,0
ok,42500000.0000000000,42500005.8769356832,42499999.8769356832,949.5754906744,944.9427645735,0.0042555966,4.041009,1.000e+00,4.449e-06,7.197e-07,1.985e-23,4.525e-33,3.661e-06,3.308e-07,7.807e-07,3.889e-07,3.704e-21,6.807e-09,78479502,0
audit,x=44000000.0000000000,t=43999993.7817197815, rem_spread_max=8.731e-21 ext_spread_max=3.791e-09 
ok,44000000.0000000000,43999993.7817197815,43999999.7817197815,885.6637740754,881.4821579885,0.0003388397,0.300098,1.000e+00,4.613e-06,7.493e-07,9.972e-24,7.200e-33,3.817e-06,3.466e-07,7.923e-07,4.026e-07,4.146e-21,3.592e-09,82238213,0
ok,44000000.0000000000,43999994.2817197815,43999999.7817197815,885.3080566341,881.1663330868,0.0019912137,1.762838,1.000e+00,4.566e-06,7.493e-07,2.951e-23,5.820e-32,3.766e-06,3.466e-07,7.923e-07,4.026e-07,3.907e-21,7.359e-09,82238215,0
ok,44000000.0000000000,43999994.7817197815,43999999.7817197815,885.9067215523,881.7493126933,0.0013742052,1.217418,1.000e+00,4.579e-06,7.493e-07,2.045e-23,1.296e-31,3.778e-06,3.466e-07,7.923e-07,4.026e-07,5.207e-22,8.793e-09,82238216,0
ok,44000000.0000000000,43999995.2817197815,43999999.7817197815,885.6271952212,881.4440622615,0.0004566159,0.404392,1.000e+00,4.615e-06,7.493e-07,1.365e-23,6.402e-32,3.822e-06,3.466e-07,7.923e-07,4.026e-07,1.405e-20,1.222e-09,82238217,0
ok,44000000.0000000000,43999995.7817197815,43999999.7817197815,885.8276679904,881.6790115171,0.0020367887,1.804244,1.000e+00,4.569e-06,7.493e-07,3.207e-23,6.335e-32,3.770e-06,3.466e-07,7.923e-07,4.026e-07,3.565e-21,6.206e-09,82238219,0
ok,44000000.0000000000,43999996.2817197815,43999999.7817197815,885.3283956061,881.0350252443,0.0002075176,0.183721,1.000e+00,4.761e-06,7.493e-07,1.352e-23,5.047e-32,3.960e-06,3.466e-07,7.923e-07,4.026e-07,1.455e-21,9.326e-09,82238220,0
ok,44000000.0000000000,43999996.7817197815,43999999.7817197815,885.3372653088,881.0869511826,0.0008329376,0.737431,1.000e+00,4.706e-06,7.493e-07,5.294e-23,4.355e-32,3.908e-06,3.466e-07,7.923e-07,4.026e-07,3.590e-21,5.391e-09,82238221,0
ok,44000000.0000000000,43999997.2817197815,43999999.7817197815,885.6748858616,881.1104420670,0.0002443670,0.216430,1.000e+00,5.106e-06,7.493e-07,5.132e-23,6.679e-32,4.307e-06,3.466e-07,7.923e-07,4.026e-07,5.791e-21,6.963e-09,82238223,0
ok,44000000.0000000000,43999997.7817197815,43999999.7817197815,885.7049646053,881.5766170483,0.0206428529,18.283479,1.000e+00,4.544e-06,7.493e-07,3.322e-22,2.744e-32,3.751e-06,3.466e-07,7.923e-07,4.026e-07,2.826e-21,9.551e-10,82238224,0
ok,44000000.0000000000,43999998.2817197815,43999999.7817197815,885.7909319757,881.6070175316,0.0042658108,3.778617,1.000e+00,4.614e-06,7.493e-07,1.708e-22,7.017e-32,3.822e-06,3.466e-07,7.923e-07,4.026e-07,1.583e-21,2.130e-10,82238224,0
ok,44000000.0000000000,43999998.7817197815,43999999.7817197815,885.3835826898,881.1176014018,0.0006883134,0.609421,1.000e+00,4.725e-06,7.493e-07,4.574e-23,3.523e-32,3.928e-06,3.466e-07,7.923e-07,4.026e-07,6.982e-21,4.873e-09,82238226,0
ok,44000000.0000000000,43999999.2817197815,43999999.7817197815,885.8212584660,881.5754966453,0.0003620754,0.320734,1.000e+00,4.694e-06,7.493e-07,1.498e-23,1.817e-31,3.891e-06,3.466e-07,7.923e-07,4.026e-07,2.676e-21,1.010e-08,82238227,0
ok,44000000.0000000000,44000000.2817197815,43999999.7817197815,885.5355613366,881.3364599105,0.0009884048,0.875268,1.000e+00,4.637e-06,7.493e-07,4.241e-23,1.712e-32,3.841e-06,3.466e-07,7.923e-07,4.026e-07,1.106e-20,4.289e-09,82238229,0
ok,44000000.0000000000,44000000.7817197815,43999999.7817197815,885.7499177998,881.5704095658,0.0006916630,0.612640,1.000e+00,4.609e-06,7.493e-07,1.473e-23,5.827e-32,3.810e-06,3.466e-07,7.923e-07,4.026e-07,1.102e-21,6.828e-09,82238231,0
ok,44000000.0000000000,44000001.2817197815,43999999.7817197815,885.5702879053,881.4193314856,0.0010810441,0.957340,1.000e+00,4.575e-06,7.493e-07,1.679e-23,5.903e-33,3.778e-06,3.466e-07,7.923e-07,4.026e-07,2.011e-21,4.570e-09,82238232,0
ok,44000000.0000000000,44000001.7817197815,43999999.7817197815,885.5555435603,881.3786223831,0.0004198436,0.371795,1.000e+00,4.608e-06,7.493e-07,9.454e-24,1.616e-31,3.808e-06,3.466e-07,7.923e-07,4.026e-07,9.770e-21,7.801e-09,82238234,0
ok,44000000.0000000000,44000002.2817197815,43999999.7817197815,885.5158506078,881.3712610545,0.0018298919,1.620398,1.000e+00,4.567e-06,7.493e-07,2.676e-23,1.123e-31,3.771e-06,3.466e-07,7.923e-07,4.026e-07,1.644e-21,4.025e-09,82238235,0
ok,44000000.0000000000,44000002.7817197815,43999999.7817197815,885.8151781963,881.6600547210,0.0016359553,1.449154,1.000e+00,4.577e-06,7.493e-07,2.589e-23,8.234e-32,3.775e-06,3.466e-07,7.923e-07,4.026e-07,1.107e-21,9.952e-09,82238236,0
ok,44000000.0000000000,44000003.2817197815,43999999.7817197815,885.6572825996,881.4840922478,0.0007435233,0.658507,1.000e+00,4.602e-06,7.493e-07,1.760e-23,3.063e-32,3.806e-06,3.466e-07,7.923e-07,4.026e-07,4.879e-21,3.576e-09,82238238,0
ok,44000000.0000000000,44000003.7817197815,43999999.7817197815,885.5274179602,881.3884818603,0.0050987840,4.515112,1.000e+00,4.560e-06,7.493e-07,7.654e-23,2.969e-32,3.762e-06,3.466e-07,7.923e-07,4.026e-07,4.782e-21,5.321e-09,82238239,0
ok,44000000.0000000000,44000004.2817197815,43999999.7817197815,885.5624734354,881.4251765442,0.0067885684,6.011700,1.000e+00,4.557e-06,7.493e-07,1.019e-22,2.548e-32,3.761e-06,3.466e-07,7.923e-07,4.026e-07,6.306e-21,4.270e-09,82238240,0
ok,44000000.0000000000,44000004.7817197815,43999999.7817197815,885.4642947234,881.3121373518,0.0024592439,2.177572,1.000e+00,4.577e-06,7.493e-07,3.614e-23,1.442e-32,3.782e-06,3.466e-07,7.923e-07,4.026e-07,1.211e-21,3.207e-09,82238241,0
ok,44000000.0000000000,44000005.2817197815,43999999.7817197815,885.4592869326,881.3217667080,0.0030150959,2.669744,1.000e+00,4.559e-06,7.493e-07,4.606e-23,2.102e-32,3.764e-06,3.466e-07,7.923e-07,4.026e-07,6.863e-21,1.923e-09,82238242,0
ok,44000000.0000000000,44000005.7817197815,43999999.7817197815,885.4711569215,881.2610181801,0.0001526612,0.135177,1.000e+00,4.652e-06,7.493e-07,3.927e-24,1.174e-31,3.846e-06,3.466e-07,7.923e-07,4.026e-07,8.414e-22,1.372e-08,82238244,0
audit,x=46000000.0000000000,t=45999993.7655485496, rem_spread_max=4.577e-21 ext_spread_max=2.233e-09 
ok,46000000.0000000000,45999993.7655485496,45999999.7655485496,810.2600334411,806.6578005449,0.0022906310,1.856007,1.000e+00,4.729e-06,7.887e-07,2.251e-23,3.408e-32,3.920e-06,3.678e-07,8.071e-07,4.209e-07,1.534e-21,2.233e-09,87262484,0
ok,46000000.0000000000,45999994.2655485496,45999999.7655485496,810.3424494395,806.7044721798,0.0003448967,0.279485,1.000e+00,4.783e-06,7.887e-07,5.176e-24,3.103e-32,3.971e-06,3.678e-07,8.071e-07,4.209e-07,2.436e-21,5.257e-09,87262486,0
ok,46000000.0000000000,45999994.7655485496,45999999.7655485496,810.7892630371,806.9154500597,0.0000988491,0.080146,1.000e+00,5.140e-06,7.887e-07,1.018e-23,5.181e-32,4.332e-06,3.678e-07,8.071e-07,4.209e-07,4.216e-21,4.112e-10,87262488,0
ok,46000000.0000000000,45999995.2655485496,45999999.7655485496,810.5234076737,805.9275529071,0.0000546127,0.044265,1.000e+00,6.256e-06,7.887e-07,1.909e-23,1.690e-32,5.438e-06,3.678e-07,8.071e-07,4.209e-07,2.269e-21,1.083e-08,87262488,0
ok,46000000.0000000000,45999995.7655485496,45999999.7655485496,810.8762173640,806.9952144731,0.0000696429,0.056472,1.000e+00,5.149e-06,7.887e-07,5.913e-24,3.769e-32,4.336e-06,3.678e-07,8.071e-07,4.209e-07,6.999e-21,5.981e-09,87262490,0
ok,46000000.0000000000,45999996.2655485496,45999999.7655485496,810.2437086137,806.6307955668,0.0028044480,2.272287,1.000e+00,4.746e-06,7.887e-07,3.223e-23,8.443e-32,3.930e-06,3.678e-07,8.071e-07,4.209e-07,4.086e-21,8.648e-09,87262491,0
ok,46000000.0000000000,45999996.7655485496,45999999.7655485496,810.5335960820,806.9436933757,0.0091794260,7.440234,1.000e+00,4.707e-06,7.887e-07,8.486e-23,1.257e-32,3.896e-06,3.678e-07,8.071e-07,4.209e-07,2.189e-21,3.815e-09,87262492,0
ok,46000000.0000000000,45999997.2655485496,45999999.7655485496,810.2369516361,806.6060131624,0.0007440184,0.602831,1.000e+00,4.774e-06,7.887e-07,8.652e-24,6.320e-32,3.955e-06,3.678e-07,8.071e-07,4.209e-07,1.581e-21,1.192e-08,87262493,0
ok,46000000.0000000000,45999997.7655485496,45999999.7655485496,810.2429967352,806.6223917428,0.0007701611,0.624018,1.000e+00,4.758e-06,7.887e-07,8.609e-24,8.787e-32,3.947e-06,3.678e-07,8.071e-07,4.209e-07,6.645e-21,3.916e-09,87262495,0
ok,46000000.0000000000,45999998.2655485496,45999999.7655485496,810.0026207027,806.4043398762,0.0042253139,3.422516,1.000e+00,4.727e-06,7.887e-07,3.839e-23,1.479e-32,3.901e-06,3.678e-07,8.071e-07,4.209e-07,1.995e-21,1.829e-08,87262496,0
ok,46000000.0000000000,45999998.7655485496,45999999.7655485496,810.4068803297,806.7797179440,0.0004179472,0.338707,1.000e+00,4.766e-06,7.887e-07,3.795e-24,6.250e-32,3.955e-06,3.678e-07,8.071e-07,4.209e-07,2.823e-21,3.523e-09,87262497,0
ok,46000000.0000000000,45999999.2655485496,45999999.7655485496,810.1122750343,806.5049754949,0.0008119913,0.657804,1.000e+00,4.739e-06,7.887e-07,7.557e-24,4.527e-32,3.931e-06,3.678e-07,8.071e-07,4.209e-07,9.711e-21,7.063e-10,87262499,0
ok,46000000.0000000000,46000000.2655485496,45999999.7655485496,810.3268591174,806.7349431364,0.0097067912,7.865673,1.000e+00,4.713e-06,7.887e-07,9.237e-23,3.763e-32,3.897e-06,3.678e-07,8.071e-07,4.209e-07,2.270e-21,8.211e-09,87262501,0
ok,46000000.0000000000,46000000.7655485496,45999999.7655485496,810.6420636693,806.9739869202,0.0008265188,0.670011,1.000e+00,4.825e-06,7.887e-07,2.508e-23,1.173e-31,4.007e-06,3.678e-07,8.071e-07,4.209e-07,2.088e-21,1.112e-08,87262503,0
ok,46000000.0000000000,46000001.2655485496,45999999.7655485496,809.7077691156,805.3476349825,0.0001004183,0.081309,1.000e+00,5.906e-06,7.887e-07,2.738e-23,3.664e-32,5.090e-06,3.678e-07,8.071e-07,4.209e-07,5.554e-21,8.350e-09,87262503,0
ok,46000000.0000000000,46000001.7655485496,45999999.7655485496,810.1664745097,806.5200807529,0.0006747774,0.546682,1.000e+00,4.799e-06,7.887e-07,8.739e-24,6.705e-32,3.991e-06,3.678e-07,8.071e-07,4.209e-07,6.877e-21,3.261e-10,87262505,0
ok,46000000.0000000000,46000002.2655485496,45999999.7655485496,810.2254956330,806.1849015489,0.0004233843,0.343037,1.000e+00,5.405e-06,7.887e-07,6.919e-23,1.248e-31,4.591e-06,3.678e-07,8.071e-07,4.209e-07,2.316e-21,6.698e-09,87262507,0
ok,46000000.0000000000,46000002.7655485496,45999999.7655485496,810.4125984719,806.8147286807,0.0151140150,12.248587,1.000e+00,4.721e-06,7.887e-07,1.609e-22,6.092e-32,3.904e-06,3.678e-07,8.071e-07,4.209e-07,2.764e-21,9.469e-09,87262507,0
ok,46000000.0000000000,46000003.2655485496,45999999.7655485496,810.6780478933,807.0848754137,0.0103510914,8.391401,1.000e+00,4.710e-06,7.887e-07,1.019e-22,4.407e-32,3.902e-06,3.678e-07,8.071e-07,4.209e-07,7.024e-21,4.051e-10,87262508,0
ok,46000000.0000000000,46000003.7655485496,45999999.7655485496,810.6000878855,806.9173763115,0.0005400721,0.437782,1.000e+00,4.849e-06,7.887e-07,1.810e-23,1.143e-31,4.038e-06,3.678e-07,8.071e-07,4.209e-07,4.314e-21,3.466e-09,87262509,0
ok,46000000.0000000000,46000004.2655485496,45999999.7655485496,810.1271162058,806.5013159105,0.0008829752,0.715322,1.000e+00,4.767e-06,7.887e-07,9.187e-24,4.784e-32,3.950e-06,3.678e-07,8.071e-07,4.209e-07,4.099e-21,1.075e-08,87262511,0
ok,46000000.0000000000,46000004.7655485496,45999999.7655485496,810.3608868076,806.7599255893,0.0030345191,2.459055,1.000e+00,4.726e-06,7.887e-07,2.809e-23,1.420e-31,3.907e-06,3.678e-07,8.071e-07,4.209e-07,4.952e-21,1.187e-08,87262512,0
ok,46000000.0000000000,46000005.2655485496,45999999.7655485496,810.4305283484,806.8048130749,0.0004486700,0.363616,1.000e+00,4.763e-06,7.887e-07,6.266e-24,1.473e-31,3.951e-06,3.678e-07,8.071e-07,4.209e-07,4.819e-21,4.642e-09,87262513,0
ok,46000000.0000000000,46000005.7655485496,45999999.7655485496,810.3764408746,806.7656721338,0.0009902605,0.802484,1.000e+00,4.741e-06,7.887e-07,9.109e-24,1.947e-31,3.922e-06,3.678e-07,8.071e-07,4.209e-07,2.499e-22,1.204e-08,87262515,0
audit,x=48000000.0000000000,t=47999993.9234774858, rem_spread_max=1.469e-20 ext_spread_max=4.175e-09 
ok,48000000.0000000000,47999993.9234774858,47999999.9234774858,744.1899941430,741.0256380782,0.0006324586,0.470670,1.000e+00,4.918e-06,8.283e-07,9.226e-24,1.348e-31,4.093e-06,3.890e-07,8.213e-07,4.392e-07,5.110e-21,3.143e-09,92300600,0
ok,48000000.0000000000,47999994.4234774858,47999999.9234774858,744.3654194145,741.2043525133,0.0007880239,0.586578,1.000e+00,4.909e-06,8.283e-07,8.553e-24,1.741e-31,4.087e-06,3.890e-07,8.213e-07,4.392e-07,9.564e-22,3.523e-10,92300602,0
ok,48000000.0000000000,47999994.9234774858,47999999.9234774858,744.3146896366,741.0237712597,0.0004436897,0.330245,1.000e+00,5.146e-06,8.283e-07,3.173e-23,4.139e-32,4.323e-06,3.890e-07,8.213e-07,4.392e-07,3.022e-21,2.005e-09,92300603,0
ok,48000000.0000000000,47999995.4234774858,47999999.9234774858,744.1803363726,740.9630901148,0.0015826646,1.177788,1.000e+00,5.014e-06,8.283e-07,6.819e-23,2.192e-32,4.192e-06,3.890e-07,8.213e-07,4.392e-07,1.015e-20,8.892e-10,92300604,0
ok,48000000.0000000000,47999995.9234774858,47999999.9234774858,744.2908597149,741.1475821524,0.0244926941,18.229691,1.000e+00,4.878e-06,8.283e-07,3.506e-22,1.983e-31,4.045e-06,3.890e-07,8.213e-07,4.392e-07,5.071e-21,1.145e-08,92300606,0
ok,48000000.0000000000,47999996.4234774858,47999999.9234774858,744.1640378167,741.0315390958,0.0429982437,31.997751,1.000e+00,4.860e-06,8.283e-07,5.019e-22,1.228e-31,4.030e-06,3.890e-07,8.213e-07,4.392e-07,2.488e-21,8.277e-09,92300606,0
ok,48000000.0000000000,47999996.9234774858,47999999.9234774858,744.2285850470,740.7513288235,0.0001420939,0.105750,1.000e+00,5.488e-06,8.283e-07,2.291e-23,1.341e-31,4.660e-06,3.890e-07,8.213e-07,4.392e-07,4.669e-21,6.496e-09,92300608,0
ok,48000000.0000000000,47999997.4234774858,47999999.9234774858,744.2685978384,741.0079787828,0.0002707792,0.201532,1.000e+00,5.092e-06,8.283e-07,1.680e-23,2.631e-32,4.259e-06,3.890e-07,8.213e-07,4.392e-07,3.061e-21,1.126e-08,92300608,0
ok,48000000.0000000000,47999997.9234774858,47999999.9234774858,743.9422326831,740.7870305852,0.0022700877,1.688814,1.000e+00,4.905e-06,8.283e-07,2.914e-23,1.250e-32,4.074e-06,3.890e-07,8.213e-07,4.392e-07,7.922e-21,9.578e-09,92300610,0
ok,48000000.0000000000,47999998.4234774858,47999999.9234774858,744.1012260842,740.9376121339,0.0016445064,1.223679,1.000e+00,4.918e-06,8.283e-07,3.125e-23,9.721e-32,4.093e-06,3.890e-07,8.213e-07,4.392e-07,6.148e-22,2.809e-09,92300611,0
ok,48000000.0000000000,47999998.9234774858,47999999.9234774858,743.5818754173,740.1408780176,0.0001218103,0.090576,1.000e+00,5.432e-06,8.283e-07,1.807e-23,6.528e-32,4.607e-06,3.890e-07,8.213e-07,4.392e-07,3.876e-21,4.584e-09,92300612,0
ok,48000000.0000000000,47999999.4234774858,47999999.9234774858,744.0274074581,740.8612280438,0.0004695654,0.349370,1.000e+00,4.923e-06,8.283e-07,5.278e-24,1.089e-31,4.101e-06,3.890e-07,8.213e-07,4.392e-07,6.459e-21,8.942e-10,92300614,0
ok,48000000.0000000000,48000000.4234774858,47999999.9234774858,744.1977823113,741.0590931542,0.0041603219,3.096102,1.000e+00,4.871e-06,8.283e-07,4.721e-23,1.930e-31,4.049e-06,3.890e-07,8.213e-07,4.392e-07,3.709e-21,6.592e-10,92300617,0
ok,48000000.0000000000,48000000.9234774858,47999999.9234774858,744.0180603782,740.8553932854,0.0011368394,0.845829,1.000e+00,4.917e-06,8.283e-07,1.295e-23,7.840e-32,4.095e-06,3.890e-07,8.213e-07,4.392e-07,4.885e-21,7.335e-10,92300618,0
ok,48000000.0000000000,48000001.4234774858,47999999.9234774858,744.3458208816,741.1490407812,0.0010736730,0.799184,1.000e+00,4.974e-06,8.283e-07,3.089e-23,1.121e-31,4.145e-06,3.890e-07,8.213e-07,4.392e-07,3.922e-21,7.779e-09,92300619,0
ok,48000000.0000000000,48000001.9234774858,47999999.9234774858,744.1874812095,741.0440124911,0.0041097310,3.058410,1.000e+00,4.879e-06,8.283e-07,5.401e-23,5.489e-32,4.056e-06,3.890e-07,8.213e-07,4.392e-07,4.584e-21,2.611e-09,92300620,0
ok,48000000.0000000000,48000002.4234774858,47999999.9234774858,744.1107718318,740.7610263436,0.0000813184,0.060510,1.000e+00,5.257e-06,8.283e-07,8.410e-24,2.028e-32,4.436e-06,3.890e-07,8.213e-07,4.392e-07,9.141e-22,1.116e-10,92300621,0
ok,48000000.0000000000,48000002.9234774858,47999999.9234774858,744.0320813852,740.8594407598,0.0012342044,0.918288,1.000e+00,4.935e-06,8.283e-07,2.125e-23,2.223e-31,4.103e-06,3.890e-07,8.213e-07,4.392e-07,9.265e-21,1.080e-08,92300623,0
ok,48000000.0000000000,48000003.4234774858,47999999.9234774858,744.0441651728,740.8958121381,0.0032358370,2.407605,1.000e+00,4.891e-06,8.283e-07,4.598e-23,2.202e-31,4.068e-06,3.890e-07,8.213e-07,4.392e-07,2.078e-21,1.516e-09,92300624,0
ok,48000000.0000000000,48000003.9234774858,47999999.9234774858,743.8973745622,740.7049757733,0.0009347638,0.695368,1.000e+00,4.973e-06,8.283e-07,2.851e-23,5.325e-32,4.147e-06,3.890e-07,8.213e-07,4.392e-07,3.086e-21,4.533e-09,92300626,0
ok,48000000.0000000000,48000004.4234774858,47999999.9234774858,744.2109167228,741.0624108103,0.0034842606,2.593024,1.000e+00,4.888e-06,8.283e-07,3.904e-23,1.092e-31,4.067e-06,3.890e-07,8.213e-07,4.392e-07,4.154e-21,1.781e-10,92300627,0
ok,48000000.0000000000,48000004.9234774858,47999999.9234774858,744.1174657783,740.9686601303,0.0060419450,4.495916,1.000e+00,4.890e-06,8.283e-07,6.668e-23,3.003e-32,4.058e-06,3.890e-07,8.213e-07,4.392e-07,1.418e-23,1.139e-08,92300628,0
ok,48000000.0000000000,48000005.4234774858,47999999.9234774858,743.7842546505,740.6480498130,0.0073287998,5.451045,1.000e+00,4.872e-06,8.283e-07,8.249e-23,2.748e-32,4.051e-06,3.890e-07,8.213e-07,4.392e-07,8.727e-22,4.811e-10,92300629,0
ok,48000000.0000000000,48000005.9234774858,47999999.9234774858,744.3738649635,741.1691741219,0.0007984660,0.594357,1.000e+00,4.988e-06,8.283e-07,2.591e-23,1.187e-31,4.160e-06,3.890e-07,8.213e-07,4.392e-07,3.501e-21,6.567e-09,92300630,0
audit,x=52000000.0000000000,t=51999994.1717109308, rem_spread_max=8.720e-21 ext_spread_max=1.799e-08 
ok,52000000.0000000000,51999994.1717109308,52000000.1717109308,633.9873956520,631.5346407961,0.0071086822,4.506816,1.000e+00,5.228e-06,9.075e-07,8.137e-23,1.705e-32,4.365e-06,4.317e-07,8.480e-07,4.758e-07,2.680e-21,1.491e-08,102416101,0
ok,52000000.0000000000,51999994.6717109308,52000000.1717109308,634.0168043853,631.5727496388,0.0210613124,13.353229,1.000e+00,5.206e-06,9.075e-07,1.970e-22,5.871e-32,4.337e-06,4.317e-07,8.480e-07,4.758e-07,1.179e-21,2.096e-08,102416102,0
ok,52000000.0000000000,51999995.1717109308,52000000.1717109308,633.9995757171,631.4487548642,0.0013392085,0.849058,1.000e+00,5.474e-06,9.075e-07,7.743e-23,1.182e-31,4.617e-06,4.317e-07,8.480e-07,4.758e-07,1.009e-20,9.314e-09,102416102,0
ok,52000000.0000000000,51999995.6717109308,52000000.1717109308,633.9989489408,631.5512309153,0.0045146642,2.862293,1.000e+00,5.215e-06,9.075e-07,3.692e-23,1.605e-32,4.363e-06,4.317e-07,8.480e-07,4.758e-07,8.019e-21,4.011e-09,102416104,0
ok,52000000.0000000000,51999996.1717109308,52000000.1717109308,634.0479292661,631.6106040346,0.0081604555,5.174121,1.000e+00,5.188e-06,9.075e-07,6.819e-23,7.610e-32,4.337e-06,4.317e-07,8.480e-07,4.758e-07,6.150e-22,3.123e-09,102416105,0
ok,52000000.0000000000,51999996.6717109308,52000000.1717109308,633.7807566843,631.0829513912,0.0000590659,0.037435,1.000e+00,5.848e-06,9.075e-07,6.607e-24,4.234e-32,4.983e-06,4.317e-07,8.480e-07,4.758e-07,5.688e-21,1.701e-08,102416106,0
ok,52000000.0000000000,51999997.1717109308,52000000.1717109308,634.1254390432,631.6808015112,0.0027658919,1.753923,1.000e+00,5.205e-06,9.075e-07,2.311e-23,1.543e-32,4.349e-06,4.317e-07,8.480e-07,4.758e-07,3.502e-21,8.175e-09,102416108,0
ok,52000000.0000000000,51999997.6717109308,52000000.1717109308,634.0435519875,631.5856301958,0.0010533318,0.667858,1.000e+00,5.240e-06,9.075e-07,9.684e-24,1.491e-31,4.378e-06,4.317e-07,8.480e-07,4.758e-07,2.914e-21,1.363e-08,102416109,0
ok,52000000.0000000000,51999998.1717109308,52000000.1717109308,633.7973502680,631.3325108148,0.0004886714,0.309719,1.000e+00,5.262e-06,9.075e-07,8.666e-24,6.914e-32,4.411e-06,4.317e-07,8.480e-07,4.758e-07,3.424e-21,2.755e-09,102416110,0
ok,52000000.0000000000,51999998.6717109308,52000000.1717109308,634.5081332540,631.0451024774,0.0000141877,0.009002,1.000e+00,7.755e-06,9.075e-07,6.398e-24,1.955e-32,6.907e-06,4.317e-07,8.480e-07,4.758e-07,2.759e-21,1.651e-10,102416112,0
ok,52000000.0000000000,51999999.1717109308,52000000.1717109308,634.0340181668,631.5517851493,0.0009233743,0.585451,1.000e+00,5.301e-06,9.075e-07,2.261e-23,1.397e-31,4.452e-06,4.317e-07,8.480e-07,4.758e-07,6.878e-22,1.345e-09,102416113,0
ok,52000000.0000000000,51999999.6717109308,52000000.1717109308,634.0511475403,631.6040427624,0.0062559457,3.966590,1.000e+00,5.213e-06,9.075e-07,6.869e-23,1.268e-31,4.350e-06,4.317e-07,8.480e-07,4.758e-07,2.464e-21,1.462e-08,102416115,0
ok,52000000.0000000000,52000000.6717109308,52000000.1717109308,634.0023603914,631.3197389804,0.0001630287,0.103361,1.000e+00,5.805e-06,9.075e-07,1.738e-23,1.350e-31,4.944e-06,4.317e-07,8.480e-07,4.758e-07,9.470e-21,1.289e-08,102416117,0
ok,52000000.0000000000,52000001.1717109308,52000000.1717109308,633.8488186024,631.3353860753,0.0002792671,0.177013,1.000e+00,5.383e-06,9.075e-07,9.390e-24,5.310e-32,4.535e-06,4.317e-07,8.480e-07,4.758e-07,1.946e-21,4.525e-10,102416118,0
ok,52000000.0000000000,52000001.6717109308,52000000.1717109308,634.2120690395,631.7688100404,0.0047510500,3.013173,1.000e+00,5.200e-06,9.075e-07,4.895e-23,2.409e-32,4.350e-06,4.317e-07,8.480e-07,4.758e-07,4.285e-21,1.974e-09,102416120,0
ok,52000000.0000000000,52000002.1717109308,52000000.1717109308,634.0550965365,631.5015685021,0.0004211551,0.267035,1.000e+00,5.480e-06,9.075e-07,2.094e-23,2.768e-31,4.626e-06,4.317e-07,8.480e-07,4.758e-07,5.959e-22,5.531e-09,102416121,0
ok,52000000.0000000000,52000002.6717109308,52000000.1717109308,633.9850031400,631.5441711042,0.0058460788,3.706326,1.000e+00,5.198e-06,9.075e-07,4.786e-23,1.077e-31,4.343e-06,4.317e-07,8.480e-07,4.758e-07,1.973e-21,7.695e-09,102416122,0
ok,52000000.0000000000,52000003.1717109308,52000000.1717109308,634.1159439811,631.6324911682,0.0006582321,0.417395,1.000e+00,5.303e-06,9.075e-07,1.648e-23,1.263e-31,4.453e-06,4.317e-07,8.480e-07,4.758e-07,4.017e-22,2.202e-09,102416124,0
ok,52000000.0000000000,52000003.6717109308,52000000.1717109308,633.9385650979,631.4896614326,0.0056944539,3.609933,1.000e+00,5.219e-06,9.075e-07,5.443e-23,9.428e-32,4.354e-06,4.317e-07,8.480e-07,4.758e-07,6.667e-22,1.712e-08,102416125,0
ok,52000000.0000000000,52000004.1717109308,52000000.1717109308,633.9909016379,631.5529913327,0.0119225245,7.558771,1.000e+00,5.191e-06,9.075e-07,1.025e-22,5.571e-32,4.341e-06,4.317e-07,8.480e-07,4.758e-07,3.221e-21,1.880e-09,102416126,0
ok,52000000.0000000000,52000004.6717109308,52000000.1717109308,633.9049130817,631.4638994331,0.0088074918,5.583111,1.000e+00,5.200e-06,9.075e-07,7.499e-23,2.660e-32,4.348e-06,4.317e-07,8.480e-07,4.758e-07,4.019e-21,3.752e-09,102416127,0
ok,52000000.0000000000,52000005.1717109308,52000000.1717109308,634.1007767568,631.6513876343,0.0040696525,2.580569,1.000e+00,5.217e-06,9.075e-07,3.380e-23,2.353e-31,4.360e-06,4.317e-07,8.480e-07,4.758e-07,6.441e-21,9.330e-09,102416128,0
ok,52000000.0000000000,52000005.6717109308,52000000.1717109308,633.9886364365,631.5296628518,0.0023946701,1.518193,1.000e+00,5.244e-06,9.075e-07,4.017e-23,2.475e-32,4.392e-06,4.317e-07,8.480e-07,4.758e-07,1.430e-21,4.060e-09,102416130,0
ok,52000000.0000000000,52000006.1717109308,52000000.1717109308,634.0278296391,631.5585153023,0.0016647873,1.055521,1.000e+00,5.269e-06,9.075e-07,3.603e-23,6.081e-32,4.418e-06,4.317e-07,8.480e-07,4.758e-07,6.946e-21,2.627e-09,102416130,0
audit,x=56000000.0000000000,t=55999994.1180917695, rem_spread_max=1.440e-20 ext_spread_max=9.615e-09 
ok,56000000.0000000000,55999994.1180917695,56000000.1180917695,546.6889710097,544.7422562152,0.0015804707,0.864026,1.000e+00,5.562e-06,9.869e-07,3.291e-23,2.873e-32,4.680e-06,4.745e-07,8.726e-07,5.124e-07,7.401e-21,9.615e-09,112580618,0
ok,56000000.0000000000,55999994.6180917695,56000000.1180917695,546.5615165330,544.5546804299,0.0000909056,0.049685,1.000e+00,5.768e-06,9.869e-07,4.750e-24,4.052e-32,4.895e-06,4.745e-07,8.726e-07,5.124e-07,6.352e-21,1.329e-10,112580620,0
ok,56000000.0000000000,55999995.1180917695,56000000.1180917695,546.5254483134,544.5856294655,0.0018604238,1.016769,1.000e+00,5.543e-06,9.869e-07,3.048e-23,1.290e-31,4.663e-06,4.745e-07,8.726e-07,5.124e-07,1.472e-20,6.529e-09,112580622,0
ok,56000000.0000000000,55999995.6180917695,56000000.1180917695,546.6406549317,544.7048562083,0.0037766697,2.064482,1.000e+00,5.526e-06,9.869e-07,4.880e-23,6.589e-32,4.650e-06,4.745e-07,8.726e-07,5.124e-07,3.989e-21,3.208e-09,112580623,0
ok,56000000.0000000000,55999996.1180917695,56000000.1180917695,546.6224388047,544.6899709232,0.0074581661,4.076802,1.000e+00,5.515e-06,9.869e-07,9.611e-23,1.001e-31,4.632e-06,4.745e-07,8.726e-07,5.124e-07,9.318e-22,1.072e-08,112580624,0
ok,56000000.0000000000,55999996.6180917695,56000000.1180917695,546.4918507945,544.5548673708,0.0020426305,1.116281,1.000e+00,5.534e-06,9.869e-07,2.828e-23,1.299e-31,4.661e-06,4.745e-07,8.726e-07,5.124e-07,4.012e-21,5.937e-10,112580625,0
ok,56000000.0000000000,55999997.1180917695,56000000.1180917695,546.6253835214,544.6408084382,0.0001563123,0.085444,1.000e+00,5.691e-06,9.869e-07,8.161e-24,1.867e-32,4.813e-06,4.745e-07,8.726e-07,5.124e-07,3.163e-21,6.055e-09,112580626,0
ok,56000000.0000000000,55999997.6180917695,56000000.1180917695,546.5355693346,544.5665408113,0.0007140761,0.390268,1.000e+00,5.641e-06,9.869e-07,3.077e-23,5.289e-32,4.753e-06,4.745e-07,8.726e-07,5.124e-07,2.380e-21,1.502e-08,112580629,0
ok,56000000.0000000000,55999998.1180917695,56000000.1180917695,546.7575803760,544.7791873717,0.0012793773,0.699509,1.000e+00,5.667e-06,9.869e-07,6.331e-23,1.658e-32,4.792e-06,4.745e-07,8.726e-07,5.124e-07,4.223e-21,2.152e-09,112580629,0
ok,56000000.0000000000,55999998.6180917695,56000000.1180917695,546.6896573195,544.4895462918,0.0002165070,0.118362,1.000e+00,6.418e-06,9.869e-07,5.102e-23,6.305e-32,5.528e-06,4.745e-07,8.726e-07,5.124e-07,3.214e-21,1.678e-08,112580631,0
ok,56000000.0000000000,55999999.1180917695,56000000.1180917695,546.6261814409,544.6882549208,0.0036155260,1.976341,1.000e+00,5.534e-06,9.869e-07,4.847e-23,5.973e-32,4.659e-06,4.745e-07,8.726e-07,5.124e-07,5.233e-21,2.314e-09,112580632,0
ok,56000000.0000000000,55999999.6180917695,56000000.1180917695,546.6636121844,544.7312346328,0.0064892826,3.547455,1.000e+00,5.514e-06,9.869e-07,8.462e-23,2.211e-31,4.639e-06,4.745e-07,8.726e-07,5.124e-07,2.543e-21,2.337e-09,112580633,0
ok,56000000.0000000000,56000000.6180917695,56000000.1180917695,546.5782489626,544.6422680429,0.0068899184,3.765879,1.000e+00,5.528e-06,9.869e-07,1.005e-22,8.620e-32,4.643e-06,4.745e-07,8.726e-07,5.124e-07,2.401e-21,1.264e-08,112580636,0
ok,56000000.0000000000,56000001.1180917695,56000000.1180917695,546.6497852322,544.7142674751,0.0062714673,3.428296,1.000e+00,5.525e-06,9.869e-07,8.801e-23,1.766e-32,4.649e-06,4.745e-07,8.726e-07,5.124e-07,8.399e-22,2.902e-09,112580637,0
ok,56000000.0000000000,56000001.6180917695,56000000.1180917695,546.5608196049,544.6156885982,0.0019311951,1.055515,1.000e+00,5.560e-06,9.869e-07,2.798e-23,1.636e-32,4.685e-06,4.745e-07,8.726e-07,5.124e-07,3.173e-22,1.837e-09,112580638,0
ok,56000000.0000000000,56000002.1180917695,56000000.1180917695,546.5179120994,544.5775053140,0.0040901207,2.235324,1.000e+00,5.545e-06,9.869e-07,8.559e-23,1.484e-31,4.669e-06,4.745e-07,8.726e-07,5.124e-07,6.111e-21,3.205e-09,112580640,0
ok,56000000.0000000000,56000002.6180917695,56000000.1180917695,546.6641061860,544.7083411272,0.0026678291,1.458406,1.000e+00,5.593e-06,9.869e-07,7.574e-23,2.951e-32,4.719e-06,4.745e-07,8.726e-07,5.124e-07,1.015e-21,1.723e-09,112580641,0
ok,56000000.0000000000,56000003.1180917695,56000000.1180917695,546.6889762560,544.7531382628,0.0059378909,3.246179,1.000e+00,5.525e-06,9.869e-07,7.781e-23,6.134e-32,4.651e-06,4.745e-07,8.726e-07,5.124e-07,2.488e-21,1.505e-09,112580642,0
ok,56000000.0000000000,56000003.6180917695,56000000.1180917695,546.5595880026,544.6134421389,0.0034134350,1.865645,1.000e+00,5.563e-06,9.869e-07,6.526e-23,8.770e-33,4.687e-06,4.745e-07,8.726e-07,5.124e-07,1.329e-22,3.687e-09,112580643,0
ok,56000000.0000000000,56000004.1180917695,56000000.1180917695,546.5727666270,544.6288870380,0.0051900143,2.836720,1.000e+00,5.555e-06,9.869e-07,1.031e-22,1.371e-31,4.668e-06,4.745e-07,8.726e-07,5.124e-07,1.048e-20,1.470e-08,112580644,0
ok,56000000.0000000000,56000004.6180917695,56000000.1180917695,546.6351483693,544.6074304399,0.0006310311,0.344944,1.000e+00,5.837e-06,9.869e-07,5.867e-23,4.768e-32,4.961e-06,4.745e-07,8.726e-07,5.124e-07,2.921e-21,3.125e-09,112580645,0
ok,56000000.0000000000,56000005.1180917695,56000000.1180917695,546.6508702977,544.7048234831,0.0018573059,1.015298,1.000e+00,5.561e-06,9.869e-07,3.423e-23,6.261e-32,4.684e-06,4.745e-07,8.726e-07,5.124e-07,8.363e-21,3.479e-09,112580647,0
ok,56000000.0000000000,56000005.6180917695,56000000.1180917695,546.5668646659,544.6288700384,0.0018967293,1.036689,1.000e+00,5.535e-06,9.869e-07,2.485e-23,1.630e-31,4.658e-06,4.745e-07,8.726e-07,5.124e-07,3.064e-21,4.513e-09,112580648,0
ok,56000000.0000000000,56000006.1180917695,56000000.1180917695,546.4957479226,544.5500774231,0.0010485404,0.573023,1.000e+00,5.563e-06,9.869e-07,2.290e-23,6.839e-33,4.685e-06,4.745e-07,8.726e-07,5.124e-07,4.067e-21,5.250e-09,112580650,0
audit,x=60000000.0000000000,t=59999994.3229564577, rem_spread_max=1.133e-20 ext_spread_max=3.171e-08 
ok,60000000.0000000000,59999994.3229564577,60000000.3229564577,476.1667915247,474.6072751133,0.0028430469,1.353765,1.000e+00,5.849e-06,1.067e-06,3.482e-23,1.210e-32,4.941e-06,5.176e-07,8.955e-07,5.490e-07,5.426e-21,1.209e-08,122790650,0
ok,60000000.0000000000,59999994.8229564577,60000000.3229564577,476.0470951275,474.4780504978,0.0011913925,0.567159,1.000e+00,5.895e-06,1.067e-06,1.862e-23,7.435e-33,4.980e-06,5.176e-07,8.955e-07,5.490e-07,3.682e-21,1.888e-08,122790651,0
ok,60000000.0000000000,59999995.3229564577,60000000.3229564577,476.1275475460,474.5289739021,0.0002674366,0.127334,1.000e+00,6.024e-06,1.067e-06,9.866e-24,8.791e-32,5.124e-06,5.176e-07,8.955e-07,5.490e-07,6.640e-21,4.095e-09,122790653,0
ok,60000000.0000000000,59999995.8229564577,60000000.3229564577,476.1314183709,474.5707673808,0.0052697436,2.509091,1.000e+00,5.855e-06,1.067e-06,6.645e-23,9.455e-32,4.944e-06,5.176e-07,8.955e-07,5.490e-07,1.621e-21,1.558e-08,122790654,0
ok,60000000.0000000000,59999996.3229564577,60000000.3229564577,476.1853222556,474.6026164767,0.0025325392,1.205958,1.000e+00,5.951e-06,1.067e-06,8.018e-23,2.692e-32,5.047e-06,5.176e-07,8.955e-07,5.490e-07,3.292e-21,8.807e-09,122790655,0
ok,60000000.0000000000,59999996.8229564577,60000000.3229564577,476.0209231954,474.4668215527,0.0124265666,5.915306,1.000e+00,5.829e-06,1.067e-06,1.733e-22,6.591e-32,4.931e-06,5.176e-07,8.955e-07,5.490e-07,3.100e-21,2.432e-09,122790656,0
ok,60000000.0000000000,59999997.3229564577,60000000.3229564577,476.1369947903,474.5429146962,0.0012513747,0.595826,1.000e+00,6.003e-06,1.067e-06,5.905e-23,3.270e-32,5.102e-06,5.176e-07,8.955e-07,5.490e-07,4.970e-22,5.837e-09,122790658,0
ok,60000000.0000000000,59999997.8229564577,60000000.3229564577,470.1712687744,462.0580681727,0.0000051445,0.002419,1.000e+00,3.636e-05,1.067e-06,3.538e-23,1.314e-32,3.546e-05,5.176e-07,8.955e-07,5.490e-07,2.582e-21,4.420e-09,122790659,0
ok,60000000.0000000000,59999998.3229564577,60000000.3229564577,476.0521233423,474.4779250899,0.0006110054,0.290870,1.000e+00,5.917e-06,1.067e-06,1.063e-23,5.421e-32,5.016e-06,5.176e-07,8.955e-07,5.490e-07,1.626e-21,5.379e-09,122790660,0
ok,60000000.0000000000,59999998.8229564577,60000000.3229564577,476.2026211212,474.6058624204,0.0004214942,0.200717,1.000e+00,6.013e-06,1.067e-06,1.055e-23,4.729e-32,5.112e-06,5.176e-07,8.955e-07,5.490e-07,3.154e-21,5.403e-09,122790662,0
ok,60000000.0000000000,59999999.3229564577,60000000.3229564577,476.0728040138,474.5162528256,0.0168796491,8.035942,1.000e+00,5.838e-06,1.067e-06,2.116e-22,1.602e-31,4.931e-06,5.176e-07,8.955e-07,5.490e-07,2.301e-21,1.157e-08,122790663,0
ok,60000000.0000000000,59999999.8229564577,60000000.3229564577,476.0498420527,474.4958619239,0.0369193800,17.575466,1.000e+00,5.827e-06,1.067e-06,4.518e-22,5.643e-32,4.914e-06,5.176e-07,8.955e-07,5.490e-07,3.510e-21,1.824e-08,122790664,0
ok,60000000.0000000000,60000000.8229564577,60000000.3229564577,476.2128762020,474.6352433257,0.0019457704,0.926601,1.000e+00,5.928e-06,1.067e-06,5.784e-23,7.448e-32,5.030e-06,5.176e-07,8.955e-07,5.490e-07,3.842e-21,2.616e-09,122790666,0
ok,60000000.0000000000,60000001.3229564577,60000000.3229564577,476.1412350596,474.5666600619,0.0014801370,0.704754,1.000e+00,5.916e-06,1.067e-06,2.922e-23,8.865e-32,5.018e-06,5.176e-07,8.955e-07,5.490e-07,1.238e-21,2.661e-09,122790668,0
ok,60000000.0000000000,60000001.8229564577,60000000.3229564577,476.0503408774,474.4937078302,0.0076878582,3.659807,1.000e+00,5.839e-06,1.067e-06,9.627e-23,2.060e-33,4.940e-06,5.176e-07,8.955e-07,5.490e-07,1.989e-21,3.824e-09,122790669,0
ok,60000000.0000000000,60000002.3229564577,60000000.3229564577,476.1601105420,474.5885465217,0.0030115969,1.434002,1.000e+00,5.902e-06,1.067e-06,6.941e-23,3.365e-32,5.004e-06,5.176e-07,8.955e-07,5.490e-07,3.250e-21,2.728e-09,122790670,0
ok,60000000.0000000000,60000002.8229564577,60000000.3229564577,476.2277960969,474.6553468705,0.0030020654,1.429667,1.000e+00,5.904e-06,1.067e-06,7.450e-23,1.278e-31,4.995e-06,5.176e-07,8.955e-07,5.490e-07,7.541e-21,1.387e-08,122790671,0
ok,60000000.0000000000,60000003.3229564577,60000000.3229564577,476.1902875476,474.6264854705,0.0032808592,1.562313,1.000e+00,5.867e-06,1.067e-06,5.373e-23,5.690e-33,4.966e-06,5.176e-07,8.955e-07,5.490e-07,2.172e-21,5.074e-09,122790673,0
ok,60000000.0000000000,60000003.8229564577,60000000.3229564577,476.0660696580,474.5041881632,0.0023958021,1.140560,1.000e+00,5.862e-06,1.067e-06,2.981e-23,2.334e-32,4.962e-06,5.176e-07,8.955e-07,5.490e-07,2.597e-21,5.057e-09,122790674,0
ok,60000000.0000000000,60000004.3229564577,60000000.3229564577,476.1124053285,474.4354533481,0.0001566203,0.074569,1.000e+00,6.373e-06,1.067e-06,1.985e-23,1.563e-32,5.463e-06,5.176e-07,8.955e-07,5.490e-07,2.057e-22,1.436e-08,122790676,0
ok,60000000.0000000000,60000004.8229564577,60000000.3229564577,476.1399016291,474.5815082716,0.0034031062,1.620354,1.000e+00,5.844e-06,1.067e-06,4.978e-23,1.100e-32,4.948e-06,5.176e-07,8.955e-07,5.490e-07,1.596e-21,1.071e-09,122790677,0
ok,60000000.0000000000,60000005.3229564577,60000000.3229564577,475.9960015639,474.4079238467,0.0003700930,0.176163,1.000e+00,5.981e-06,1.067e-06,9.666e-24,9.213e-32,5.075e-06,5.176e-07,8.955e-07,5.490e-07,1.012e-20,1.066e-08,122790678,0
ok,60000000.0000000000,60000005.8229564577,60000000.3229564577,476.0793746870,474.5115335141,0.0009789513,0.466058,1.000e+00,5.888e-06,1.067e-06,1.921e-23,1.249e-31,4.986e-06,5.176e-07,8.955e-07,5.490e-07,2.619e-21,6.918e-09,122790680,0
ok,60000000.0000000000,60000006.3229564577,60000000.3229564577,476.1001800490,474.5409857612,0.0039336174,1.872796,1.000e+00,5.849e-06,1.067e-06,5.029e-23,2.497e-32,4.942e-06,5.176e-07,8.955e-07,5.490e-07,2.121e-21,1.163e-08,122790681,0
audit,x=64000000.0000000000,t=63999993.8527132049, rem_spread_max=2.728e-21 ext_spread_max=1.026e-08 
ok,64000000.0000000000,63999993.8527132049,63999999.8527132049,418.3906867158,417.0902382902,0.0007086096,0.296476,1.000e+00,6.324e-06,1.146e-06,2.076e-24,1.001e-31,5.399e-06,5.608e-07,9.169e-07,5.856e-07,5.943e-21,7.375e-09,133043151,0
ok,64000000.0000000000,63999994.3527132049,63999999.8527132049,418.4588863602,417.1578636640,0.0004518733,0.189090,1.000e+00,6.324e-06,1.146e-06,1.054e-24,6.591e-32,5.407e-06,5.608e-07,9.169e-07,5.856e-07,2.838e-23,3.922e-10,133043153,0
ok,64000000.0000000000,63999994.8527132049,63999999.8527132049,418.3474764487,417.0735117051,0.0046168650,1.931454,1.000e+00,6.172e-06,1.146e-06,4.065e-24,6.032e-32,5.249e-06,5.608e-07,9.169e-07,5.856e-07,3.099e-21,6.302e-09,133043155,0
ok,64000000.0000000000,63999995.3527132049,63999999.8527132049,418.3502082095,417.0779185038,0.0081342600,3.402970,1.000e+00,6.163e-06,1.146e-06,6.285e-24,1.241e-31,5.240e-06,5.608e-07,9.169e-07,5.856e-07,2.514e-21,5.462e-09,133043156,0
ok,64000000.0000000000,63999995.8527132049,63999999.8527132049,418.3730902965,417.0937609919,0.0052056026,2.177884,1.000e+00,6.203e-06,1.146e-06,4.454e-24,2.257e-32,5.267e-06,5.608e-07,9.169e-07,5.856e-07,5.766e-22,1.907e-08,133043157,0
ok,64000000.0000000000,63999996.3527132049,63999999.8527132049,418.3997798674,417.1189817023,0.0048649969,2.035514,1.000e+00,6.210e-06,1.146e-06,6.490e-24,2.071e-32,5.290e-06,5.608e-07,9.169e-07,5.856e-07,8.662e-22,2.771e-09,133043158,0
ok,64000000.0000000000,63999996.8527132049,63999999.8527132049,418.5023646852,417.2194236584,0.0032142625,1.345177,1.000e+00,6.219e-06,1.146e-06,4.845e-24,6.724e-32,5.295e-06,5.608e-07,9.169e-07,5.856e-07,3.557e-21,6.637e-09,133043159,0
ok,64000000.0000000000,63999997.3527132049,63999999.8527132049,418.3476333056,417.0684773156,0.0029236119,1.223086,1.000e+00,6.202e-06,1.146e-06,2.252e-24,6.982e-32,5.283e-06,5.608e-07,9.169e-07,5.856e-07,5.701e-21,2.344e-09,133043161,0
ok,64000000.0000000000,63999997.8527132049,63999999.8527132049,418.4254407498,417.1536950402,0.0131230206,5.491006,1.000e+00,6.157e-06,1.146e-06,1.021e-23,5.769e-32,5.228e-06,5.608e-07,9.169e-07,5.856e-07,3.027e-21,1.235e-08,133043162,0
ok,64000000.0000000000,63999998.3527132049,63999999.8527132049,418.3105802583,416.8613515941,0.0002020922,0.084537,1.000e+00,7.184e-06,1.146e-06,2.762e-24,4.244e-32,6.263e-06,5.608e-07,9.169e-07,5.856e-07,2.779e-21,4.778e-09,133043163,0
ok,64000000.0000000000,63999998.8527132049,63999999.8527132049,418.3991406606,417.1239073323,0.0056570598,2.366909,1.000e+00,6.178e-06,1.146e-06,5.116e-24,6.239e-32,5.258e-06,5.608e-07,9.169e-07,5.856e-07,2.220e-21,3.324e-09,133043165,0
ok,64000000.0000000000,63999999.3527132049,63999999.8527132049,418.5186678073,417.2434752520,0.0064922737,2.717138,1.000e+00,6.174e-06,1.146e-06,4.910e-24,3.477e-32,5.253e-06,5.608e-07,9.169e-07,5.856e-07,7.535e-21,3.984e-09,133043166,0
ok,64000000.0000000000,64000000.3527132049,63999999.8527132049,418.3767431365,416.9673539010,0.0009341049,0.390808,1.000e+00,6.952e-06,1.146e-06,1.032e-23,2.912e-32,6.031e-06,5.608e-07,9.169e-07,5.856e-07,2.343e-21,3.814e-09,133043168,0
ok,64000000.0000000000,64000000.8527132049,63999999.8527132049,418.4224621153,417.1411963284,0.0058643133,2.453760,1.000e+00,6.212e-06,1.146e-06,9.071e-24,1.963e-31,5.290e-06,5.608e-07,9.169e-07,5.856e-07,3.072e-21,5.469e-09,133043169,0
ok,64000000.0000000000,64000001.3527132049,63999999.8527132049,418.3953608662,417.0932511161,0.0009144778,0.382613,1.000e+00,6.333e-06,1.146e-06,2.610e-24,8.378e-32,5.397e-06,5.608e-07,9.169e-07,5.856e-07,1.169e-23,1.936e-08,133043170,0
ok,64000000.0000000000,64000001.8527132049,63999999.8527132049,418.4618970545,417.1791865766,0.0007604442,0.318217,1.000e+00,6.219e-06,1.146e-06,7.190e-25,5.531e-32,5.300e-06,5.608e-07,9.169e-07,5.856e-07,9.359e-22,2.369e-09,133043172,0
ok,64000000.0000000000,64000002.3527132049,63999999.8527132049,418.3847560604,417.1097338912,0.0033084579,1.384208,1.000e+00,6.177e-06,1.146e-06,2.905e-24,5.012e-32,5.244e-06,5.608e-07,9.169e-07,5.856e-07,1.587e-21,1.659e-08,133043174,0
ok,64000000.0000000000,64000002.8527132049,63999999.8527132049,418.4783344250,417.1704182616,0.0002292843,0.095950,1.000e+00,6.363e-06,1.146e-06,3.882e-25,1.076e-31,5.443e-06,5.608e-07,9.169e-07,5.856e-07,7.208e-21,3.798e-09,133043175,0
ok,64000000.0000000000,64000003.3527132049,63999999.8527132049,418.3303072577,417.0525639301,0.0024798421,1.037393,1.000e+00,6.195e-06,1.146e-06,3.196e-24,2.999e-32,5.274e-06,5.608e-07,9.169e-07,5.856e-07,6.187e-21,4.336e-09,133043177,0
ok,64000000.0000000000,64000003.8527132049,63999999.8527132049,418.3967834280,417.0927822489,0.0011209838,0.469016,1.000e+00,6.344e-06,1.146e-06,3.186e-24,1.506e-31,5.421e-06,5.608e-07,9.169e-07,5.856e-07,8.427e-22,5.452e-09,133043178,0
ok,64000000.0000000000,64000004.3527132049,63999999.8527132049,418.4986072537,417.2252167280,0.0057522594,2.407312,1.000e+00,6.164e-06,1.146e-06,4.684e-24,6.948e-33,5.240e-06,5.608e-07,9.169e-07,5.856e-07,6.964e-22,6.705e-09,133043179,0
ok,64000000.0000000000,64000004.8527132049,63999999.8527132049,418.4289653703,417.0901376944,0.0000728674,0.030490,1.000e+00,6.543e-06,1.146e-06,2.367e-25,1.106e-31,5.618e-06,5.608e-07,9.169e-07,5.856e-07,7.894e-23,8.839e-09,133043180,0
ok,64000000.0000000000,64000005.3527132049,63999999.8527132049,418.5397613012,417.2455690881,0.0010469222,0.438178,1.000e+00,6.282e-06,1.146e-06,1.519e-24,7.705e-32,5.357e-06,5.608e-07,9.169e-07,5.856e-07,5.896e-21,8.174e-09,133043182,0
ok,64000000.0000000000,64000005.8527132049,63999999.8527132049,418.4986580776,417.2234826285,0.0140670504,5.887041,1.000e+00,6.174e-06,1.146e-06,1.234e-23,9.521e-32,5.248e-06,5.608e-07,9.169e-07,5.856e-07,5.037e-21,9.348e-09,133043183,0
audit,x=68000000.0000000000,t=67999994.0038860887, rem_spread_max=8.153e-21 ext_spread_max=7.804e-10 
ok,68000000.0000000000,67999994.0038860887,68000000.0038860887,370.6275638930,369.5757710776,0.0096795217,3.587498,1.000e+00,6.473e-06,1.226e-06,5.048e-23,1.078e-31,5.536e-06,6.041e-07,9.370e-07,6.222e-07,9.141e-22,4.005e-10,143335470,0
ok,68000000.0000000000,67999994.5038860887,68000000.0038860887,370.4725323434,369.2839456617,0.0001966994,0.072872,1.000e+00,7.485e-06,1.226e-06,1.679e-23,1.457e-31,6.538e-06,6.041e-07,9.370e-07,6.222e-07,3.893e-21,9.724e-09,143335471,0
ok,68000000.0000000000,67999995.0038860887,68000000.0038860887,370.6350789629,369.5773372369,0.0034570884,1.281318,1.000e+00,6.516e-06,1.226e-06,2.125e-23,7.399e-32,5.578e-06,6.041e-07,9.370e-07,6.222e-07,3.864e-21,1.218e-09,143335473,0
ok,68000000.0000000000,67999995.5038860887,68000000.0038860887,370.6158028115,369.5610168798,0.0074704845,2.768680,1.000e+00,6.496e-06,1.226e-06,3.992e-23,8.748e-32,5.549e-06,6.041e-07,9.370e-07,6.222e-07,5.043e-21,9.658e-09,143335474,0
ok,68000000.0000000000,67999996.0038860887,68000000.0038860887,370.6876627226,369.5959489332,0.0011239492,0.416634,1.000e+00,6.764e-06,1.226e-06,2.993e-23,3.458e-32,5.824e-06,6.041e-07,9.370e-07,6.222e-07,1.092e-21,2.192e-09,143335475,0
ok,68000000.0000000000,67999996.5038860887,68000000.0038860887,370.5397574023,369.4881949378,0.0173555068,6.430906,1.000e+00,6.475e-06,1.226e-06,1.057e-22,8.568e-32,5.537e-06,6.041e-07,9.370e-07,6.222e-07,3.069e-21,7.928e-10,143335477,0
ok,68000000.0000000000,67999997.0038860887,68000000.0038860887,370.5344273086,369.4812987843,0.0207183164,7.676850,1.000e+00,6.487e-06,1.226e-06,1.353e-22,9.742e-32,5.543e-06,6.041e-07,9.370e-07,6.222e-07,3.219e-22,6.626e-09,143335478,0
ok,68000000.0000000000,67999997.5038860887,68000000.0038860887,370.5838669424,369.5241554742,0.0042997408,1.593415,1.000e+00,6.533e-06,1.226e-06,4.985e-23,8.788e-32,5.595e-06,6.041e-07,9.370e-07,6.222e-07,3.940e-21,1.362e-09,143335478,0
ok,68000000.0000000000,67999998.0038860887,68000000.0038860887,370.5978979477,369.5334575346,0.0015293694,0.566781,1.000e+00,6.567e-06,1.226e-06,1.412e-23,9.324e-32,5.630e-06,6.041e-07,9.370e-07,6.222e-07,7.069e-21,6.779e-10,143335480,0
ok,68000000.0000000000,67999998.5038860887,68000000.0038860887,370.5136363798,369.4480401837,0.0015996267,0.592684,1.000e+00,6.579e-06,1.226e-06,1.590e-23,3.362e-32,5.635e-06,6.041e-07,9.370e-07,6.222e-07,4.603e-21,6.779e-09,143335482,0
ok,68000000.0000000000,67999999.0038860887,68000000.0038860887,370.6516704049,369.5991993123,0.0093436758,3.463249,1.000e+00,6.477e-06,1.226e-06,4.819e-23,6.426e-32,5.538e-06,6.041e-07,9.370e-07,6.222e-07,4.908e-22,1.586e-09,143335483,0
ok,68000000.0000000000,67999999.5038860887,68000000.0038860887,370.6227865057,369.5666986373,0.0064654028,2.396226,1.000e+00,6.505e-06,1.226e-06,3.796e-23,2.009e-32,5.558e-06,6.041e-07,9.370e-07,6.222e-07,5.711e-21,9.571e-09,143335484,0
ok,68000000.0000000000,68000000.5038860887,68000000.0038860887,370.6168309693,369.5598284182,0.0040170339,1.488780,1.000e+00,6.512e-06,1.226e-06,3.446e-23,6.795e-32,5.569e-06,6.041e-07,9.370e-07,6.222e-07,6.611e-21,5.938e-09,143335486,0
ok,68000000.0000000000,68000001.0038860887,68000000.0038860887,370.6036537286,369.5479754062,0.0021994151,0.815111,1.000e+00,6.503e-06,1.226e-06,1.171e-23,1.274e-31,5.564e-06,6.041e-07,9.370e-07,6.222e-07,3.339e-21,1.151e-09,143335488,0
ok,68000000.0000000000,68000001.5038860887,68000000.0038860887,370.5581974757,369.4647788992,0.0002459130,0.091125,1.000e+00,6.782e-06,1.226e-06,6.406e-24,1.141e-31,5.836e-06,6.041e-07,9.370e-07,6.222e-07,6.169e-21,8.256e-09,143335489,0
ok,68000000.0000000000,68000002.0038860887,68000000.0038860887,370.5387346595,369.4757141814,0.0007409757,0.274560,1.000e+00,6.559e-06,1.226e-06,3.869e-24,3.878e-32,5.618e-06,6.041e-07,9.370e-07,6.222e-07,5.107e-21,4.702e-09,143335491,0
ok,68000000.0000000000,68000002.5038860887,68000000.0038860887,370.5704278665,369.5147787726,0.0030533678,1.131488,1.000e+00,6.504e-06,1.226e-06,1.916e-23,2.281e-31,5.562e-06,6.041e-07,9.370e-07,6.222e-07,2.543e-22,5.062e-09,143335492,0
ok,68000000.0000000000,68000003.0038860887,68000000.0038860887,370.6105556203,369.5498094171,0.0022528269,0.834921,1.000e+00,6.540e-06,1.226e-06,1.914e-23,2.505e-31,5.593e-06,6.041e-07,9.370e-07,6.222e-07,3.739e-21,9.855e-09,143335494,0
ok,68000000.0000000000,68000003.5038860887,68000000.0038860887,370.5296039872,369.4331075613,0.0004572703,0.169432,1.000e+00,6.806e-06,1.226e-06,1.517e-23,3.843e-32,5.860e-06,6.041e-07,9.370e-07,6.222e-07,4.547e-22,8.604e-09,143335496,0
ok,68000000.0000000000,68000004.0038860887,68000000.0038860887,370.6435948076,369.5738761044,0.0063727469,2.362018,1.000e+00,6.604e-06,1.226e-06,9.227e-23,9.022e-32,5.666e-06,6.041e-07,9.370e-07,6.222e-07,1.090e-21,6.322e-10,143335496,0
ok,68000000.0000000000,68000004.5038860887,68000000.0038860887,370.5442423384,369.4925819088,0.0342013363,12.673107,1.000e+00,6.476e-06,1.226e-06,2.044e-22,2.523e-32,5.531e-06,6.041e-07,9.370e-07,6.222e-07,8.907e-22,7.296e-09,143335497,0
ok,68000000.0000000000,68000005.0038860887,68000000.0038860887,370.6293096798,369.5735951464,0.0152584608,5.655232,1.000e+00,6.502e-06,1.226e-06,1.113e-22,9.490e-33,5.563e-06,6.041e-07,9.370e-07,6.222e-07,6.494e-22,1.752e-09,143335498,0
ok,68000000.0000000000,68000005.5038860887,68000000.0038860887,370.6650304045,369.6049615974,0.0068656865,2.544869,1.000e+00,6.532e-06,1.226e-06,6.641e-23,7.698e-32,5.591e-06,6.041e-07,9.370e-07,6.222e-07,1.007e-20,4.699e-09,143335499,0
ok,68000000.0000000000,68000006.0038860887,68000000.0038860887,370.6568388909,369.5962431646,0.0035555759,1.317898,1.000e+00,6.536e-06,1.226e-06,2.586e-23,1.263e-32,5.595e-06,6.041e-07,9.370e-07,6.222e-07,6.379e-21,4.880e-09,143335501,0
audit,x=72000000.0000000000,t=71999994.0377117544, rem_spread_max=1.433e-20 ext_spread_max=6.474e-09 
ok,72000000.0000000000,71999994.0377117544,72000000.0377117544,330.4832610226,329.5878748396,0.0015747125,0.520416,1.000e+00,6.939e-06,1.307e-06,3.053e-23,8.436e-32,5.981e-06,6.477e-07,9.559e-07,6.588e-07,1.834e-21,1.822e-09,153665258,0
ok,72000000.0000000000,71999994.5377117544,72000000.0377117544,330.4899668683,329.6104258848,0.0182786707,6.040918,1.000e+00,6.792e-06,1.307e-06,2.751e-22,1.671e-31,5.832e-06,6.477e-07,9.559e-07,6.588e-07,2.605e-21,3.697e-09,153665259,0
ok,72000000.0000000000,71999995.0377117544,72000000.0377117544,330.5332889164,329.5864925610,0.0007469950,0.246907,1.000e+00,7.411e-06,1.307e-06,1.077e-22,1.121e-31,6.454e-06,6.477e-07,9.559e-07,6.588e-07,1.168e-21,1.420e-09,153665261,0
ok,72000000.0000000000,71999995.5377117544,72000000.0377117544,330.6421443685,329.7269652107,0.0012069388,0.399065,1.000e+00,7.113e-06,1.307e-06,8.634e-23,4.810e-32,6.152e-06,6.477e-07,9.559e-07,6.588e-07,4.457e-21,5.894e-09,153665262,0
ok,72000000.0000000000,71999996.0377117544,72000000.0377117544,330.5281044458,329.6418914859,0.0050279964,1.661894,1.000e+00,6.852e-06,1.307e-06,8.724e-23,1.853e-31,5.895e-06,6.477e-07,9.559e-07,6.588e-07,6.283e-21,8.437e-10,153665263,0
ok,72000000.0000000000,71999996.5377117544,72000000.0377117544,330.4291347917,329.5491199851,0.0159286177,5.263280,1.000e+00,6.799e-06,1.307e-06,2.505e-22,6.089e-32,5.838e-06,6.477e-07,9.559e-07,6.588e-07,2.083e-21,5.474e-09,153665264,0
ok,72000000.0000000000,71999997.0377117544,72000000.0377117544,330.5193658449,329.5993437897,0.0011868338,0.392272,1.000e+00,7.164e-06,1.307e-06,1.027e-22,2.607e-33,6.194e-06,6.477e-07,9.559e-07,6.588e-07,6.129e-21,1.478e-08,153665266,0
ok,72000000.0000000000,71999997.5377117544,72000000.0377117544,330.4974349552,329.6144150217,0.0089623644,2.962039,1.000e+00,6.824e-06,1.307e-06,1.668e-22,1.227e-31,5.860e-06,6.477e-07,9.559e-07,6.588e-07,3.935e-21,7.500e-09,153665267,0
ok,72000000.0000000000,71999998.0377117544,72000000.0377117544,330.5505292889,329.6000505491,0.0002326877,0.076915,1.000e+00,7.444e-06,1.307e-06,3.606e-23,5.408e-32,6.482e-06,6.477e-07,9.559e-07,6.588e-07,1.855e-21,5.909e-09,153665267,0
ok,72000000.0000000000,71999998.5377117544,72000000.0377117544,330.5138492476,329.6311007886,0.0032360424,1.069557,1.000e+00,6.821e-06,1.307e-06,5.558e-23,2.490e-32,5.863e-06,6.477e-07,9.559e-07,6.588e-07,1.206e-22,1.460e-09,153665269,0
ok,72000000.0000000000,71999999.0377117544,72000000.0377117544,330.5373267724,329.6507969829,0.0015419570,0.509674,1.000e+00,6.854e-06,1.307e-06,2.813e-23,1.283e-31,5.890e-06,6.477e-07,9.559e-07,6.588e-07,1.378e-21,8.206e-09,153665271,0
ok,72000000.0000000000,71999999.5377117544,72000000.0377117544,330.5086915066,329.5789697541,0.0002654166,0.087722,1.000e+00,7.254e-06,1.307e-06,2.574e-23,4.501e-32,6.294e-06,6.477e-07,9.559e-07,6.588e-07,2.157e-21,4.141e-09,153665272,0
ok,72000000.0000000000,72000000.5377117544,72000000.0377117544,330.5349667005,329.6470174406,0.0025205080,0.833116,1.000e+00,6.868e-06,1.307e-06,3.578e-23,7.803e-32,5.896e-06,6.477e-07,9.559e-07,6.588e-07,3.542e-21,1.541e-08,153665275,0
ok,72000000.0000000000,72000001.0377117544,72000000.0377117544,330.5140828150,329.6343301825,0.0124570341,4.117225,1.000e+00,6.793e-06,1.307e-06,1.820e-22,1.070e-31,5.834e-06,6.477e-07,9.559e-07,6.588e-07,7.100e-21,3.150e-09,153665276,0
ok,72000000.0000000000,72000001.5377117544,72000000.0377117544,330.5215688641,329.6391935118,0.0050060537,1.654609,1.000e+00,6.817e-06,1.307e-06,8.155e-23,1.026e-31,5.858e-06,6.477e-07,9.559e-07,6.588e-07,4.102e-21,2.690e-09,153665277,0
ok,72000000.0000000000,72000002.0377117544,72000000.0377117544,330.5181803608,329.6310580878,0.0019478387,0.643796,1.000e+00,6.861e-06,1.307e-06,2.763e-23,3.556e-32,5.904e-06,6.477e-07,9.559e-07,6.588e-07,5.149e-21,6.965e-10,153665279,0
ok,72000000.0000000000,72000002.5377117544,72000000.0377117544,330.4242353644,329.5298573711,0.0035661331,1.178337,1.000e+00,6.932e-06,1.307e-06,1.298e-22,9.548e-32,5.975e-06,6.477e-07,9.559e-07,6.588e-07,8.961e-21,1.836e-09,153665280,0
ok,72000000.0000000000,72000003.0377117544,72000000.0377117544,331.1503283375,329.5740314610,0.0001762715,0.058372,1.000e+00,1.318e-05,1.307e-06,2.472e-22,1.540e-31,1.222e-05,6.477e-07,9.559e-07,6.588e-07,3.466e-21,3.811e-09,153665282,0
ok,72000000.0000000000,72000003.5377117544,72000000.0377117544,330.5104635321,329.6314299788,0.0587201328,19.407616,1.000e+00,6.786e-06,1.307e-06,1.101e-21,8.144e-32,5.829e-06,6.477e-07,9.559e-07,6.588e-07,1.607e-21,1.311e-09,153665283,0
ok,72000000.0000000000,72000004.0377117544,72000000.0377117544,330.5464456953,329.6691667671,0.0877424272,29.002944,1.000e+00,6.768e-06,1.307e-06,1.376e-21,1.444e-31,5.806e-06,6.477e-07,9.559e-07,6.588e-07,1.851e-21,6.867e-09,153665283,0
ok,72000000.0000000000,72000004.5377117544,72000000.0377117544,330.4975693531,329.6032546693,0.0014437410,0.477153,1.000e+00,6.928e-06,1.307e-06,3.868e-23,3.498e-32,5.966e-06,6.477e-07,9.559e-07,6.588e-07,4.853e-22,5.994e-09,153665284,0
ok,72000000.0000000000,72000005.0377117544,72000000.0377117544,330.4796509987,329.5848644384,0.0008239087,0.272285,1.000e+00,6.933e-06,1.307e-06,1.881e-23,2.661e-32,5.973e-06,6.477e-07,9.559e-07,6.588e-07,3.382e-21,4.696e-09,153665286,0
ok,72000000.0000000000,72000005.5377117544,72000000.0377117544,329.9324866492,326.7438574921,0.0000123954,0.004090,1.000e+00,2.836e-05,1.307e-06,5.820e-23,1.526e-31,2.740e-05,6.477e-07,9.559e-07,6.588e-07,3.034e-21,1.371e-09,153665288,0
ok,72000000.0000000000,72000006.0377117544,72000000.0377117544,330.5930073558,329.7088745610,0.0042705180,1.411803,1.000e+00,6.829e-06,1.307e-06,7.659e-23,2.816e-32,5.868e-06,6.477e-07,9.559e-07,6.588e-07,3.229e-22,5.880e-09,153665289,0
audit,x=78000000.0000000000,t=77999993.9043345153, rem_spread_max=2.217e-21 ext_spread_max=7.376e-09 
ok,78000000.0000000000,77999993.9043345153,77999999.9043345153,281.5274883188,280.8198289320,0.0005328023,0.149999,1.000e+00,7.556e-06,1.427e-06,5.213e-24,1.018e-31,6.569e-06,7.133e-07,9.824e-07,7.137e-07,1.324e-20,4.548e-09,169225698,0
ok,78000000.0000000000,77999994.4043345153,77999999.9043345153,281.5684618515,280.8803170452,0.0107745731,3.033780,1.000e+00,7.305e-06,1.427e-06,4.083e-23,3.022e-32,6.311e-06,7.133e-07,9.824e-07,7.137e-07,2.504e-21,1.143e-08,169225699,0
ok,78000000.0000000000,77999994.9043345153,77999999.9043345153,281.5685758054,280.8652938962,0.0030005992,0.844875,1.000e+00,7.498e-06,1.427e-06,3.759e-23,1.993e-33,6.512e-06,7.133e-07,9.824e-07,7.137e-07,8.333e-22,2.865e-09,169225700,0
ok,78000000.0000000000,77999995.4043345153,77999999.9043345153,281.5747692479,280.8795059800,0.0058818588,1.656183,1.000e+00,7.395e-06,1.427e-06,4.452e-23,4.706e-32,6.405e-06,7.133e-07,9.824e-07,7.137e-07,2.189e-21,8.281e-09,169225702,0
ok,78000000.0000000000,77999995.9043345153,77999999.9043345153,281.5672494670,280.8801652799,0.0200043571,5.632572,1.000e+00,7.292e-06,1.427e-06,7.057e-23,3.335e-32,6.307e-06,7.133e-07,9.824e-07,7.137e-07,3.207e-21,1.906e-09,169225703,0
ok,78000000.0000000000,77999996.4043345153,77999999.9043345153,281.6006234336,280.9154283811,0.0465365593,13.104725,1.000e+00,7.266e-06,1.427e-06,1.611e-22,2.863e-32,6.276e-06,7.133e-07,9.824e-07,7.137e-07,8.351e-21,7.260e-09,169225704,0
ok,78000000.0000000000,77999996.9043345153,77999999.9043345153,281.5300016868,280.8354000262,0.0043685322,1.229873,1.000e+00,7.390e-06,1.427e-06,1.564e-23,7.414e-32,6.392e-06,7.133e-07,9.824e-07,7.137e-07,6.035e-21,1.541e-08,169225705,0
ok,78000000.0000000000,77999997.4043345153,77999999.9043345153,281.6280195457,280.9401225677,0.0109346464,3.079503,1.000e+00,7.298e-06,1.427e-06,4.657e-23,1.177e-31,6.308e-06,7.133e-07,9.824e-07,7.137e-07,1.357e-21,8.311e-09,169225706,0
ok,78000000.0000000000,77999997.9043345153,77999999.9043345153,281.6231056145,280.9163662341,0.0005830115,0.164190,1.000e+00,7.538e-06,1.427e-06,8.682e-24,5.505e-32,6.551e-06,7.133e-07,9.824e-07,7.137e-07,4.549e-21,4.371e-09,169225707,0
ok,78000000.0000000000,77999998.4043345153,77999999.9043345153,281.5678530206,280.8504151152,0.0004331368,0.121957,1.000e+00,7.678e-06,1.427e-06,9.286e-24,1.357e-31,6.685e-06,7.133e-07,9.824e-07,7.137e-07,7.242e-21,1.067e-08,169225710,0
ok,78000000.0000000000,77999998.9043345153,77999999.9043345153,281.6122114831,280.9206224357,0.0033419506,0.941134,1.000e+00,7.346e-06,1.427e-06,1.853e-23,1.219e-31,6.362e-06,7.133e-07,9.824e-07,7.137e-07,5.841e-21,1.860e-09,169225711,0
ok,78000000.0000000000,77999999.4043345153,77999999.9043345153,281.5594997063,280.8642009250,0.0023444934,0.660114,1.000e+00,7.397e-06,1.427e-06,1.034e-23,3.018e-31,6.397e-06,7.133e-07,9.824e-07,7.137e-07,2.253e-22,1.751e-08,169225712,0
ok,78000000.0000000000,78000000.4043345153,77999999.9043345153,281.5248701499,280.8406036432,0.0313585105,8.828200,1.000e+00,7.258e-06,1.427e-06,1.182e-22,1.731e-32,6.275e-06,7.133e-07,9.824e-07,7.137e-07,3.741e-21,6.950e-10,169225714,0
ok,78000000.0000000000,78000000.9043345153,77999999.9043345153,281.6066603393,280.9028067242,0.0010993301,0.309579,1.000e+00,7.502e-06,1.427e-06,1.350e-23,7.074e-33,6.520e-06,7.133e-07,9.824e-07,7.137e-07,2.233e-21,1.048e-10,169225715,0
ok,78000000.0000000000,78000001.4043345153,77999999.9043345153,281.6005739031,280.9103125342,0.0026174756,0.737083,1.000e+00,7.330e-06,1.427e-06,9.916e-24,2.053e-32,6.339e-06,7.133e-07,9.824e-07,7.137e-07,3.015e-21,9.037e-09,169225717,0
ok,78000000.0000000000,78000001.9043345153,77999999.9043345153,281.5894869141,280.8927500609,0.0007922782,0.223097,1.000e+00,7.413e-06,1.427e-06,6.622e-24,3.892e-32,6.426e-06,7.133e-07,9.824e-07,7.137e-07,7.425e-21,5.097e-09,169225719,0
ok,78000000.0000000000,78000002.4043345153,77999999.9043345153,281.6004454779,280.9113405472,0.0037090995,1.044484,1.000e+00,7.315e-06,1.427e-06,1.311e-23,1.812e-31,6.327e-06,7.133e-07,9.824e-07,7.137e-07,4.689e-21,5.795e-09,169225720,0
ok,78000000.0000000000,78000002.9043345153,77999999.9043345153,281.5432180002,280.8534835030,0.0049289843,1.387722,1.000e+00,7.327e-06,1.427e-06,2.069e-23,1.425e-32,6.334e-06,7.133e-07,9.824e-07,7.137e-07,1.647e-21,1.040e-08,169225721,0
ok,78000000.0000000000,78000003.4043345153,77999999.9043345153,281.1444889345,279.9439645409,0.0000728126,0.020471,1.000e+00,1.388e-05,1.427e-06,2.351e-23,3.663e-32,1.288e-05,7.133e-07,9.824e-07,7.137e-07,2.716e-21,1.926e-08,169225723,0
ok,78000000.0000000000,78000003.9043345153,77999999.9043345153,281.5572919902,280.8554482132,0.0014635580,0.412075,1.000e+00,7.480e-06,1.427e-06,1.484e-23,1.569e-32,6.496e-06,7.133e-07,9.824e-07,7.137e-07,7.515e-22,1.860e-09,169225724,0
ok,78000000.0000000000,78000004.4043345153,77999999.9043345153,281.5555378416,280.8620701797,0.0030739131,0.865477,1.000e+00,7.374e-06,1.427e-06,1.712e-23,2.278e-31,6.387e-06,7.133e-07,9.824e-07,7.137e-07,2.800e-21,4.206e-09,169225725,0
ok,78000000.0000000000,78000004.9043345153,77999999.9043345153,281.5801749738,280.8944472851,0.0408537850,11.503614,1.000e+00,7.274e-06,1.427e-06,1.783e-22,1.532e-31,6.282e-06,7.133e-07,9.824e-07,7.137e-07,5.130e-23,9.136e-09,169225727,0
ok,78000000.0000000000,78000005.4043345153,77999999.9043345153,281.5942356502,280.9078815909,0.0420634161,11.844814,1.000e+00,7.281e-06,1.427e-06,1.894e-22,9.953e-32,6.291e-06,7.133e-07,9.824e-07,7.137e-07,6.302e-21,7.719e-09,169225727,0
ok,78000000.0000000000,78000005.9043345153,77999999.9043345153,281.5737649769,280.8850762728,0.0158283430,4.456845,1.000e+00,7.312e-06,1.427e-06,7.785e-23,8.892e-32,6.327e-06,7.133e-07,9.824e-07,7.137e-07,6.107e-22,2.387e-09,169225729,0
audit,x=84000000.0000000000,t=83999993.7960909009, rem_spread_max=1.049e-20 ext_spread_max=1.674e-08 
ok,84000000.0000000000,83999993.7960909009,83999999.7960909009,242.7640924462,242.2174776304,0.0054838539,1.331283,1.000e+00,7.786e-06,1.548e-06,8.018e-24,2.781e-32,6.766e-06,7.792e-07,1.007e-06,7.686e-07,1.595e-21,1.411e-08,184859666,0
ok,84000000.0000000000,83999994.2960909009,83999999.7960909009,242.7571238035,242.2003752581,0.0006140579,0.149067,1.000e+00,7.960e-06,1.548e-06,2.368e-24,4.498e-32,6.941e-06,7.792e-07,1.007e-06,7.686e-07,4.305e-21,1.300e-08,184859667,0
ok,84000000.0000000000,83999994.7960909009,83999999.7960909009,242.7000834876,242.1532159312,0.0040013844,0.971136,1.000e+00,7.796e-06,1.548e-06,5.862e-24,2.563e-32,6.779e-06,7.792e-07,1.007e-06,7.686e-07,3.786e-21,9.585e-09,184859669,0
ok,84000000.0000000000,83999995.2960909009,83999999.7960909009,242.7680870992,242.1814410722,0.0004306196,0.104541,1.000e+00,8.471e-06,1.548e-06,5.927e-24,8.322e-32,7.462e-06,7.792e-07,1.007e-06,7.686e-07,5.130e-21,2.164e-09,184859670,0
ok,84000000.0000000000,83999995.7960909009,83999999.7960909009,242.7686959996,242.2202347740,0.0064509924,1.566099,1.000e+00,7.818e-06,1.548e-06,1.363e-23,4.280e-32,6.805e-06,7.792e-07,1.007e-06,7.686e-07,5.567e-21,5.953e-09,184859672,0
ok,84000000.0000000000,83999996.2960909009,83999999.7960909009,242.7694879627,242.2231319062,0.0132516537,3.217097,1.000e+00,7.782e-06,1.548e-06,1.990e-23,3.247e-32,6.770e-06,7.792e-07,1.007e-06,7.686e-07,6.992e-21,4.638e-09,184859673,0
ok,84000000.0000000000,83999996.7960909009,83999999.7960909009,242.7510767053,242.2013242382,0.0074050620,1.797587,1.000e+00,7.841e-06,1.548e-06,1.603e-23,2.843e-32,6.834e-06,7.792e-07,1.007e-06,7.686e-07,5.292e-21,2.136e-10,184859674,0
ok,84000000.0000000000,83999997.2960909009,83999999.7960909009,242.7990162932,242.1805264018,0.0012110120,0.294033,1.000e+00,9.014e-06,1.548e-06,3.033e-23,2.057e-32,8.005e-06,7.792e-07,1.007e-06,7.686e-07,6.333e-21,1.690e-09,184859676,0
ok,84000000.0000000000,83999997.7960909009,83999999.7960909009,242.7427628783,242.1906188985,0.0127582145,3.096964,1.000e+00,7.883e-06,1.548e-06,4.197e-23,7.146e-32,6.860e-06,7.792e-07,1.007e-06,7.686e-07,5.532e-21,1.619e-08,184859677,0
ok,84000000.0000000000,83999998.2960909009,83999999.7960909009,242.7239855140,242.1715887609,0.0081866236,1.987090,1.000e+00,7.889e-06,1.548e-06,2.482e-23,4.509e-32,6.880e-06,7.792e-07,1.007e-06,7.686e-07,3.514e-21,1.340e-09,184859678,0
ok,84000000.0000000000,83999998.7960909009,83999999.7960909009,242.7204764131,242.1749858000,0.0264986378,6.431762,1.000e+00,7.771e-06,1.548e-06,3.874e-23,6.536e-32,6.755e-06,7.792e-07,1.007e-06,7.686e-07,1.550e-21,8.352e-09,184859679,0
ok,84000000.0000000000,83999999.2960909009,83999999.7960909009,242.7553371912,242.2093410217,0.0156322483,3.794812,1.000e+00,7.777e-06,1.548e-06,2.418e-23,2.420e-31,6.768e-06,7.792e-07,1.007e-06,7.686e-07,3.313e-21,1.958e-09,184859680,0
ok,84000000.0000000000,84000000.2960909009,83999999.7960909009,242.7075396187,242.0936823001,0.0001769625,0.042950,1.000e+00,8.943e-06,1.548e-06,4.145e-24,2.923e-33,7.917e-06,7.792e-07,1.007e-06,7.686e-07,5.032e-22,1.914e-08,184859682,0
ok,84000000.0000000000,84000000.7960909009,83999999.7960909009,242.7597441135,242.2093895993,0.0025053265,0.608192,1.000e+00,7.851e-06,1.548e-06,5.847e-24,4.996e-32,6.835e-06,7.792e-07,1.007e-06,7.686e-07,2.478e-21,8.918e-09,184859684,0
ok,84000000.0000000000,84000001.2960909009,83999999.7960909009,242.7423037424,242.1946197867,0.0048060166,1.166624,1.000e+00,7.806e-06,1.548e-06,8.887e-24,1.589e-32,6.792e-06,7.792e-07,1.007e-06,7.686e-07,6.231e-21,7.222e-09,184859686,0
ok,84000000.0000000000,84000001.7960909009,83999999.7960909009,242.7758074141,242.2285434623,0.0059668179,1.448599,1.000e+00,7.797e-06,1.548e-06,8.776e-24,2.251e-32,6.778e-06,7.792e-07,1.007e-06,7.686e-07,2.368e-21,1.197e-08,184859687,0
ok,84000000.0000000000,84000002.2960909009,83999999.7960909009,242.7320215347,242.1712572219,0.0010921614,0.265103,1.000e+00,8.031e-06,1.548e-06,6.692e-24,6.961e-32,7.018e-06,7.792e-07,1.007e-06,7.686e-07,1.054e-21,6.584e-09,184859689,0
ok,84000000.0000000000,84000002.7960909009,83999999.7960909009,242.7424983843,242.1881410691,0.0020582327,0.499621,1.000e+00,7.921e-06,1.548e-06,7.145e-24,5.723e-32,6.910e-06,7.792e-07,1.007e-06,7.686e-07,5.270e-21,3.539e-09,184859690,0
ok,84000000.0000000000,84000003.2960909009,83999999.7960909009,242.7561497781,242.2057474998,0.0038900634,0.944337,1.000e+00,7.852e-06,1.548e-06,7.469e-24,1.234e-31,6.834e-06,7.792e-07,1.007e-06,7.686e-07,5.723e-21,1.061e-08,184859691,0
ok,84000000.0000000000,84000003.7960909009,83999999.7960909009,242.7661377922,242.2121596455,0.0047509938,1.153380,1.000e+00,7.912e-06,1.548e-06,1.759e-23,1.843e-31,6.896e-06,7.792e-07,1.007e-06,7.686e-07,1.077e-21,9.426e-09,184859692,0
ok,84000000.0000000000,84000004.2960909009,83999999.7960909009,242.7152183080,242.1654704145,0.0056060222,1.360667,1.000e+00,7.844e-06,1.548e-06,1.548e-23,1.075e-31,6.825e-06,7.792e-07,1.007e-06,7.686e-07,3.350e-22,1.220e-08,184859693,0
ok,84000000.0000000000,84000004.7960909009,83999999.7960909009,242.7610390539,242.2160636824,0.0187156770,4.543437,1.000e+00,7.759e-06,1.548e-06,2.851e-23,7.933e-32,6.747e-06,7.792e-07,1.007e-06,7.686e-07,4.352e-21,4.655e-09,184859695,0
ok,84000000.0000000000,84000005.2960909009,83999999.7960909009,242.7336965049,242.1110053496,0.0000540231,0.013113,1.000e+00,9.092e-06,1.548e-06,8.133e-25,1.645e-31,8.066e-06,7.792e-07,1.007e-06,7.686e-07,2.720e-21,1.863e-08,184859696,0
ok,84000000.0000000000,84000005.7960909009,83999999.7960909009,242.7557770544,242.2017765715,0.0027088331,0.657585,1.000e+00,7.914e-06,1.548e-06,9.858e-24,1.433e-31,6.892e-06,7.792e-07,1.007e-06,7.686e-07,2.810e-21,1.456e-08,184859698,0
audit,x=90000000.0000000000,t=89999993.9043310285, rem_spread_max=1.358e-20 ext_spread_max=1.105e-08 
ok,90000000.0000000000,89999993.9043310285,89999999.9043310285,211.3912805409,210.9486810902,0.0055006499,1.162790,1.000e+00,8.304e-06,1.669e-06,6.792e-23,8.875e-32,7.268e-06,8.454e-07,1.030e-06,8.235e-07,9.875e-21,5.529e-09,200561903,0
ok,90000000.0000000000,89999994.4043310285,89999999.9043310285,211.4186332428,210.9750486696,0.0051342884,1.085484,1.000e+00,8.323e-06,1.669e-06,4.531e-23,7.441e-32,7.281e-06,8.454e-07,1.030e-06,8.235e-07,7.779e-21,1.264e-08,200561904,0
ok,90000000.0000000000,89999994.9043310285,89999999.9043310285,211.3967279784,210.9545845166,0.0120619737,2.549862,1.000e+00,8.293e-06,1.669e-06,1.306e-22,2.574e-32,7.246e-06,8.454e-07,1.030e-06,8.235e-07,1.354e-21,1.700e-08,200561905,0
ok,90000000.0000000000,89999995.4043310285,89999999.9043310285,211.4461351950,211.0042554510,0.0089040634,1.882730,1.000e+00,8.282e-06,1.669e-06,1.046e-22,9.017e-33,7.245e-06,8.454e-07,1.030e-06,8.235e-07,1.110e-20,7.440e-09,200561906,0
ok,90000000.0000000000,89999995.9043310285,89999999.9043310285,211.4057519216,210.9635844864,0.0057875197,1.223515,1.000e+00,8.292e-06,1.669e-06,5.155e-23,3.258e-32,7.260e-06,8.454e-07,1.030e-06,8.235e-07,1.222e-21,2.442e-09,200561908,0
ok,90000000.0000000000,89999996.4043310285,89999999.9043310285,211.3997196576,210.9600199829,0.0178308721,3.769442,1.000e+00,8.237e-06,1.669e-06,1.576e-22,8.096e-32,7.208e-06,8.454e-07,1.030e-06,8.235e-07,1.262e-22,2.122e-10,200561909,0
ok,90000000.0000000000,89999996.9043310285,89999999.9043310285,211.4048921899,210.9597581781,0.0017151749,0.362596,1.000e+00,8.360e-06,1.669e-06,2.249e-23,1.233e-32,7.317e-06,8.454e-07,1.030e-06,8.235e-07,7.211e-21,1.317e-08,200561910,0
ok,90000000.0000000000,89999997.4043310285,89999999.9043310285,211.4156027990,210.9745489003,0.0094217754,1.991910,1.000e+00,8.266e-06,1.669e-06,8.283e-23,6.159e-32,7.226e-06,8.454e-07,1.030e-06,8.235e-07,2.654e-21,1.032e-08,200561912,0
ok,90000000.0000000000,89999997.9043310285,89999999.9043310285,211.4057222400,210.9645880077,0.0082696984,1.748262,1.000e+00,8.269e-06,1.669e-06,7.723e-23,3.998e-32,7.239e-06,8.454e-07,1.030e-06,8.235e-07,3.300e-21,8.264e-10,200561913,0
ok,90000000.0000000000,89999998.4043310285,89999999.9043310285,211.3764090372,210.9291038976,0.0020050892,0.423829,1.000e+00,8.411e-06,1.669e-06,4.164e-23,3.301e-32,7.378e-06,8.454e-07,1.030e-06,8.235e-07,3.444e-21,3.324e-09,200561915,0
ok,90000000.0000000000,89999998.9043310285,89999999.9043310285,211.4090474408,210.9676049571,0.0096462045,2.039295,1.000e+00,8.276e-06,1.669e-06,8.485e-23,1.001e-31,7.242e-06,8.454e-07,1.030e-06,8.235e-07,6.742e-21,3.767e-09,200561916,0
ok,90000000.0000000000,89999999.4043310285,89999999.9043310285,211.4107437882,210.9650229503,0.0071682121,1.515437,1.000e+00,8.372e-06,1.669e-06,1.585e-22,4.680e-32,7.339e-06,8.454e-07,1.030e-06,8.235e-07,1.887e-21,3.794e-09,200561918,0
ok,90000000.0000000000,90000000.4043310285,89999999.9043310285,211.3939444644,210.9544407057,0.1199525727,25.357247,1.000e+00,8.233e-06,1.669e-06,1.152e-21,5.840e-32,7.186e-06,8.454e-07,1.030e-06,8.235e-07,6.766e-22,1.754e-08,200561920,0
ok,90000000.0000000000,90000000.9043310285,89999999.9043310285,211.3991194146,210.9532511604,0.0240687348,5.088109,1.000e+00,8.377e-06,1.669e-06,5.629e-22,1.158e-31,7.332e-06,8.454e-07,1.030e-06,8.235e-07,3.993e-21,1.461e-08,200561920,0
ok,90000000.0000000000,90000001.4043310285,89999999.9043310285,211.4231671832,210.9632410847,0.0023493170,0.496700,1.000e+00,8.692e-06,1.669e-06,1.309e-22,3.072e-32,7.656e-06,8.454e-07,1.030e-06,8.235e-07,3.605e-21,6.434e-09,200561921,0
ok,90000000.0000000000,90000001.9043310285,89999999.9043310285,211.3796894882,210.9357526096,0.0034451277,0.728230,1.000e+00,8.335e-06,1.669e-06,3.563e-23,1.346e-31,7.296e-06,8.454e-07,1.030e-06,8.235e-07,2.639e-21,9.369e-09,200561923,0
ok,90000000.0000000000,90000002.4043310285,89999999.9043310285,211.3769790411,210.9266936703,0.0008992081,0.190072,1.000e+00,8.479e-06,1.669e-06,2.734e-23,1.077e-31,7.446e-06,8.454e-07,1.030e-06,8.235e-07,1.070e-21,2.612e-09,200561924,0
ok,90000000.0000000000,90000002.9043310285,89999999.9043310285,211.4170336864,210.9728747788,0.0028969998,0.612475,1.000e+00,8.336e-06,1.669e-06,3.415e-23,1.365e-31,7.295e-06,8.454e-07,1.030e-06,8.235e-07,1.671e-21,1.214e-08,200561926,0
ok,90000000.0000000000,90000003.4043310285,89999999.9043310285,211.5283939635,210.9133227198,0.0001120094,0.023693,1.000e+00,1.218e-05,1.669e-06,4.733e-23,1.707e-32,1.114e-05,8.454e-07,1.030e-06,8.235e-07,7.681e-22,1.103e-08,200561928,0
ok,90000000.0000000000,90000003.9043310285,89999999.9043310285,211.4095233274,210.9675427422,0.0056889528,1.202699,1.000e+00,8.288e-06,1.669e-06,5.407e-23,1.311e-31,7.257e-06,8.454e-07,1.030e-06,8.235e-07,2.063e-21,1.763e-09,200561929,0
ok,90000000.0000000000,90000004.4043310285,89999999.9043310285,211.4216916289,210.9803697819,0.0080711009,1.706406,1.000e+00,8.272e-06,1.669e-06,7.453e-23,2.137e-32,7.237e-06,8.454e-07,1.030e-06,8.235e-07,5.889e-21,5.216e-09,200561930,0
ok,90000000.0000000000,90000004.9043310285,89999999.9043310285,211.3780048506,210.9282772183,0.0019460531,0.411353,1.000e+00,8.466e-06,1.669e-06,5.701e-23,1.131e-31,7.432e-06,8.454e-07,1.030e-06,8.235e-07,1.224e-21,4.283e-09,200561932,0
ok,90000000.0000000000,90000005.4043310285,89999999.9043310285,211.3606442816,210.8980727718,0.0005317691,0.112395,1.000e+00,8.758e-06,1.669e-06,2.704e-23,7.398e-32,7.727e-06,8.454e-07,1.030e-06,8.235e-07,9.128e-21,9.146e-10,200561933,0
ok,90000000.0000000000,90000005.9043310285,89999999.9043310285,211.3975987070,210.9539439756,0.0039724757,0.839772,1.000e+00,8.327e-06,1.669e-06,4.873e-23,8.043e-33,7.285e-06,8.454e-07,1.030e-06,8.235e-07,2.606e-21,1.222e-08,200561934,0
audit,x=96000000.0000000000,t=95999994.0958193094, rem_spread_max=8.269e-21 ext_spread_max=1.343e-08 
ok,96000000.0000000000,95999994.0958193094,96000000.0958193094,185.7683592851,185.4060235257,0.0092508095,1.718508,1.000e+00,8.787e-06,1.790e-06,8.758e-23,4.155e-32,7.727e-06,9.118e-07,1.051e-06,8.784e-07,4.416e-21,8.426e-09,216327848,0
ok,96000000.0000000000,95999994.5958193094,96000000.0958193094,185.7799930256,185.4122717578,0.0011616712,0.215815,1.000e+00,8.943e-06,1.790e-06,2.593e-23,2.309e-32,7.881e-06,9.118e-07,1.051e-06,8.784e-07,9.088e-21,1.124e-08,216327850,0
ok,96000000.0000000000,95999995.0958193094,96000000.0958193094,185.7642603163,185.4032931037,0.0095742563,1.778555,1.000e+00,8.747e-06,1.790e-06,8.813e-23,1.127e-31,7.690e-06,9.118e-07,1.051e-06,8.784e-07,1.610e-21,6.463e-09,216327851,0
ok,96000000.0000000000,95999995.5958193094,96000000.0958193094,185.7794344154,185.4057053840,0.0006993609,0.129927,1.000e+00,9.119e-06,1.790e-06,2.919e-23,1.334e-31,8.067e-06,9.118e-07,1.051e-06,8.784e-07,2.607e-21,6.782e-10,216327852,0
ok,96000000.0000000000,95999996.0958193094,96000000.0958193094,185.7677175526,185.4030510755,0.0022437535,0.416817,1.000e+00,8.855e-06,1.790e-06,2.134e-23,3.270e-32,7.793e-06,9.118e-07,1.051e-06,8.784e-07,4.085e-21,1.126e-08,216327854,0
ok,96000000.0000000000,95999996.5958193094,96000000.0958193094,185.7732719613,185.1958525179,0.0001990853,0.036985,1.000e+00,1.508e-05,1.790e-06,1.337e-22,6.344e-32,1.403e-05,9.118e-07,1.051e-06,8.785e-07,3.970e-21,1.463e-09,216327856,0
ok,96000000.0000000000,95999997.0958193094,96000000.0958193094,185.7716828980,185.4113933140,0.0291195050,5.409580,1.000e+00,8.726e-06,1.790e-06,3.020e-22,8.528e-32,7.667e-06,9.118e-07,1.051e-06,8.785e-07,8.181e-21,8.659e-09,216327856,0
ok,96000000.0000000000,95999997.5958193094,96000000.0958193094,185.7773354636,185.3530868932,0.0001930562,0.035865,1.000e+00,1.060e-05,1.790e-06,3.741e-23,1.963e-31,9.530e-06,9.118e-07,1.051e-06,8.785e-07,2.796e-21,1.601e-08,216327858,0
ok,96000000.0000000000,95999998.0958193094,96000000.0958193094,185.7980875157,185.3914942536,0.0002843316,0.052828,1.000e+00,1.008e-05,1.790e-06,4.187e-23,3.316e-32,9.018e-06,9.118e-07,1.051e-06,8.785e-07,1.362e-21,8.712e-09,216327860,0
ok,96000000.0000000000,95999998.5958193094,96000000.0958193094,185.7858316728,185.3599374304,0.0005214676,0.096881,1.000e+00,1.064e-05,1.790e-06,1.068e-22,6.280e-32,9.586e-06,9.118e-07,1.051e-06,8.785e-07,1.025e-20,6.845e-09,216327861,0
ok,96000000.0000000000,95999999.0958193094,96000000.0958193094,185.6384353511,185.0583846726,0.0000736186,0.013666,1.000e+00,1.519e-05,1.790e-06,5.004e-23,1.083e-31,1.413e-05,9.118e-07,1.051e-06,8.785e-07,5.902e-21,4.411e-09,216327861,0
ok,96000000.0000000000,95999999.5958193094,96000000.0958193094,185.7689314605,185.4049451366,0.0064967075,1.206886,1.000e+00,8.835e-06,1.790e-06,9.738e-23,2.697e-31,7.782e-06,9.118e-07,1.051e-06,8.785e-07,4.273e-21,2.097e-09,216327863,0
ok,96000000.0000000000,96000000.5958193094,96000000.0958193094,185.7984305347,185.4227739210,0.0031285357,0.581277,1.000e+00,9.173e-06,1.790e-06,1.595e-22,9.826e-32,8.120e-06,9.118e-07,1.051e-06,8.785e-07,2.739e-21,1.666e-09,216327866,0
ok,96000000.0000000000,96000001.0958193094,96000000.0958193094,185.7673809845,185.4022435865,0.0037149875,0.690123,1.000e+00,8.869e-06,1.790e-06,3.979e-23,4.599e-32,7.814e-06,9.118e-07,1.051e-06,8.785e-07,1.044e-20,4.067e-09,216327867,0
ok,96000000.0000000000,96000001.5958193094,96000000.0958193094,185.7680010244,185.4039275081,0.0072786369,1.352138,1.000e+00,8.837e-06,1.790e-06,1.150e-22,4.571e-32,7.773e-06,9.118e-07,1.051e-06,8.785e-07,9.069e-21,1.328e-08,216327868,0
ok,96000000.0000000000,96000002.0958193094,96000000.0958193094,185.7759144682,185.4125575266,0.0092108454,1.711153,1.000e+00,8.816e-06,1.790e-06,1.198e-22,8.082e-32,7.753e-06,9.118e-07,1.051e-06,8.785e-07,7.105e-21,1.152e-08,216327870,0
ok,96000000.0000000000,96000002.5958193094,96000000.0958193094,185.7732896584,185.4126691727,0.0373251791,6.934021,1.000e+00,8.736e-06,1.790e-06,3.468e-22,1.040e-31,7.672e-06,9.118e-07,1.051e-06,8.785e-07,2.765e-21,1.336e-08,216327871,0
ok,96000000.0000000000,96000003.0958193094,96000000.0958193094,185.7765399310,185.4116664263,0.0066760503,1.240253,1.000e+00,8.860e-06,1.790e-06,8.822e-23,2.306e-32,7.802e-06,9.118e-07,1.051e-06,8.785e-07,1.907e-21,6.573e-09,216327872,0
ok,96000000.0000000000,96000003.5958193094,96000000.0958193094,185.7502081196,185.3770060799,0.0048225446,0.895789,1.000e+00,9.107e-06,1.790e-06,2.256e-22,3.584e-32,8.055e-06,9.118e-07,1.051e-06,8.785e-07,2.439e-22,1.119e-09,216327874,0
ok,96000000.0000000000,96000004.0958193094,96000000.0958193094,185.7970380276,185.3391343685,0.0006274150,0.116572,1.000e+00,1.158e-05,1.790e-06,1.912e-22,7.128e-32,1.053e-05,9.118e-07,1.051e-06,8.785e-07,2.806e-21,1.376e-09,216327874,0
ok,96000000.0000000000,96000004.5958193094,96000000.0958193094,185.7961724856,185.4352875892,0.0212021457,3.939277,1.000e+00,8.741e-06,1.790e-06,2.173e-22,5.766e-32,7.689e-06,9.118e-07,1.051e-06,8.785e-07,3.473e-21,8.722e-10,216327876,0
ok,96000000.0000000000,96000005.0958193094,96000000.0958193094,185.7362353085,185.3341709911,0.0001894915,0.035195,1.000e+00,9.953e-06,1.790e-06,2.588e-23,8.547e-32,8.892e-06,9.118e-07,1.051e-06,8.785e-07,5.097e-21,9.909e-09,216327876,0
ok,96000000.0000000000,96000005.5958193094,96000000.0958193094,185.7680492139,185.4045194258,0.0022675395,0.421236,1.000e+00,8.822e-06,1.790e-06,2.206e-23,2.145e-31,7.760e-06,9.118e-07,1.051e-06,8.785e-07,2.674e-21,1.116e-08,216327879,0
ok,96000000.0000000000,96000006.0958193094,96000000.0958193094,185.7498971120,185.3893008837,0.0129902762,2.412942,1.000e+00,8.738e-06,1.790e-06,1.203e-22,1.244e-31,7.675e-06,9.118e-07,1.051e-06,8.785e-07,2.802e-21,1.170e-08,216327880,0
audit,x=105000000.0000000000,t=104999993.6150265783, rem_spread_max=5.976e-21 ext_spread_max=1.371e-08 
ok,105000000.0000000000,104999993.6150265783,104999999.6150265783,155.2386672243,154.9617236812,0.0048021328,0.745477,1.000e+00,9.614e-06,1.973e-06,2.392e-23,2.382e-32,8.520e-06,1.012e-06,1.080e-06,9.608e-07,7.807e-21,1.371e-08,240087628,0
ok,105000000.0000000000,104999994.1150265783,104999999.6150265783,155.2385653158,154.9636721560,0.0038087412,0.591264,1.000e+00,9.528e-06,1.973e-06,7.995e-24,1.610e-32,8.437e-06,1.012e-06,1.080e-06,9.608e-07,3.689e-21,1.046e-08,240087630,0
ok,105000000.0000000000,104999994.6150265783,104999999.6150265783,155.2137589526,154.9373299028,0.0013014450,0.202002,1.000e+00,9.596e-06,1.973e-06,3.284e-24,9.729e-32,8.510e-06,1.012e-06,1.080e-06,9.608e-07,5.262e-21,6.319e-09,240087632,0
ok,105000000.0000000000,104999995.1150265783,104999999.6150265783,155.2448172195,154.9715727160,0.0144966816,2.250535,1.000e+00,9.458e-06,1.973e-06,2.993e-23,2.368e-32,8.374e-06,1.012e-06,1.080e-06,9.608e-07,4.300e-21,3.406e-09,240087633,0
ok,105000000.0000000000,104999995.6150265783,104999999.6150265783,155.1908025259,154.8542152206,0.0001106408,0.017170,1.000e+00,1.212e-05,1.973e-06,6.285e-24,7.303e-32,1.103e-05,1.012e-06,1.080e-06,9.608e-07,2.399e-21,1.276e-08,240087635,0
ok,105000000.0000000000,104999996.1150265783,104999999.6150265783,155.2292312187,154.9550122747,0.0130019634,2.018285,1.000e+00,9.501e-06,1.973e-06,2.680e-23,4.888e-32,8.408e-06,1.012e-06,1.080e-06,9.608e-07,7.438e-21,1.320e-08,240087636,0
ok,105000000.0000000000,104999996.6150265783,104999999.6150265783,155.2325426915,154.9590730078,0.0303949912,4.718292,1.000e+00,9.470e-06,1.973e-06,6.568e-23,7.959e-32,8.387e-06,1.012e-06,1.080e-06,9.608e-07,4.024e-21,1.895e-09,240087637,0
ok,105000000.0000000000,104999997.1150265783,104999999.6150265783,155.2350027618,154.9613786254,0.0307989029,4.781068,1.000e+00,9.476e-06,1.973e-06,7.098e-23,3.768e-32,8.389e-06,1.012e-06,1.080e-06,9.608e-07,7.252e-21,6.430e-09,240087638,0
ok,105000000.0000000000,104999997.6150265783,104999999.6150265783,155.2196268156,154.9427120676,0.0069705258,1.081962,1.000e+00,9.616e-06,1.973e-06,3.190e-23,1.832e-32,8.523e-06,1.012e-06,1.080e-06,9.608e-07,6.059e-21,1.206e-08,240087639,0
ok,105000000.0000000000,104999998.1150265783,104999999.6150265783,155.2348262888,154.9597059226,0.0087595720,1.359791,1.000e+00,9.538e-06,1.973e-06,2.194e-23,1.280e-32,8.440e-06,1.012e-06,1.080e-06,9.608e-07,9.846e-21,1.798e-08,240087641,0
ok,105000000.0000000000,104999998.6150265783,104999999.6150265783,155.2261636786,154.9335552286,0.0006370886,0.098893,1.000e+00,1.027e-05,1.973e-06,1.066e-23,7.552e-32,9.188e-06,1.012e-06,1.080e-06,9.608e-07,1.462e-21,4.322e-09,240087642,0
ok,105000000.0000000000,104999999.1150265783,104999999.6150265783,155.2231635732,154.9488571133,0.0135549122,2.104036,1.000e+00,9.506e-06,1.973e-06,3.348e-23,7.097e-32,8.420e-06,1.012e-06,1.080e-06,9.608e-07,7.325e-21,5.830e-09,240087644,0
ok,105000000.0000000000,105000000.1150265783,104999999.6150265783,155.2413703562,154.9688982488,0.1134623721,17.614054,1.000e+00,9.426e-06,1.973e-06,2.389e-22,8.070e-32,8.344e-06,1.012e-06,1.080e-06,9.608e-07,5.415e-21,2.187e-09,240087646,0
ok,105000000.0000000000,105000000.6150265783,104999999.6150265783,155.2174990731,154.9435124825,0.0254377793,3.948388,1.000e+00,9.493e-06,1.973e-06,5.451e-23,3.585e-32,8.402e-06,1.012e-06,1.080e-06,9.608e-07,5.418e-21,1.064e-08,240087647,0
ok,105000000.0000000000,105000001.1150265783,104999999.6150265783,155.2362394954,154.9611623862,0.0109442787,1.698949,1.000e+00,9.536e-06,1.973e-06,3.533e-23,4.661e-32,8.447e-06,1.012e-06,1.080e-06,9.608e-07,9.988e-22,8.701e-09,240087649,0
ok,105000000.0000000000,105000001.6150265783,104999999.6150265783,155.1926950719,154.8282876248,0.0001196948,0.018576,1.000e+00,1.329e-05,1.973e-06,9.972e-24,1.553e-32,1.221e-05,1.012e-06,1.080e-06,9.608e-07,3.474e-21,3.819e-10,240087649,0
ok,105000000.0000000000,105000002.1150265783,104999999.6150265783,155.2398359278,154.9652068823,0.0085291645,1.324066,1.000e+00,9.517e-06,1.973e-06,2.551e-23,1.726e-31,8.431e-06,1.012e-06,1.080e-06,9.608e-07,4.381e-21,5.178e-09,240087652,0
ok,105000000.0000000000,105000002.6150265783,104999999.6150265783,155.2312428623,154.9565877543,0.0121123983,1.880223,1.000e+00,9.519e-06,1.973e-06,2.709e-23,1.377e-32,8.438e-06,1.012e-06,1.080e-06,9.608e-07,9.785e-22,1.033e-09,240087653,0
ok,105000000.0000000000,105000003.1150265783,104999999.6150265783,155.2382718188,154.9655904477,0.0540144878,8.385115,1.000e+00,9.436e-06,1.973e-06,1.114e-22,7.375e-32,8.354e-06,1.012e-06,1.080e-06,9.608e-07,6.124e-21,1.380e-09,240087654,0
ok,105000000.0000000000,105000003.6150265783,104999999.6150265783,155.2237728040,154.9478467018,0.0054050115,0.838986,1.000e+00,9.574e-06,1.973e-06,1.119e-23,5.152e-33,8.487e-06,1.012e-06,1.080e-06,9.608e-07,4.795e-21,6.189e-09,240087655,0
ok,105000000.0000000000,105000004.1150265783,104999999.6150265783,155.2241337648,154.9467723349,0.0044213632,0.686302,1.000e+00,9.634e-06,1.973e-06,2.127e-23,2.156e-31,8.535e-06,1.012e-06,1.080e-06,9.608e-07,2.475e-21,1.810e-08,240087657,0
ok,105000000.0000000000,105000004.6150265783,104999999.6150265783,155.2358179558,154.9524612741,0.0008986138,0.139497,1.000e+00,9.883e-06,1.973e-06,7.154e-24,6.348e-32,8.794e-06,1.012e-06,1.080e-06,9.608e-07,4.993e-22,9.386e-09,240087658,0
ok,105000000.0000000000,105000005.1150265783,104999999.6150265783,155.2262793502,154.9355823460,0.0005248964,0.081478,1.000e+00,1.019e-05,1.973e-06,8.364e-24,7.682e-32,9.105e-06,1.012e-06,1.080e-06,9.608e-07,3.978e-21,7.539e-09,240087659,0
ok,105000000.0000000000,105000005.6150265783,104999999.6150265783,155.2378120362,154.9642938124,0.0125189119,1.943408,1.000e+00,9.471e-06,1.973e-06,2.801e-23,1.153e-31,8.388e-06,1.012e-06,1.080e-06,9.608e-07,4.191e-21,2.818e-09,240087661,0
audit,x=110000000.0000000000,t=109999993.9096220583, rem_spread_max=6.902e-21 ext_spread_max=6.319e-09 
ok,110000000.0000000000,109999993.9096220583,109999999.9096220583,141.4198208891,141.1808421312,0.0040640073,0.574731,1.000e+00,9.980e-06,2.074e-06,2.029e-23,3.245e-32,8.880e-06,1.068e-06,1.096e-06,1.007e-06,3.947e-21,4.097e-09,253341284,0
ok,110000000.0000000000,109999994.4096220583,109999999.9096220583,141.4271745083,141.1660868857,0.0001367723,0.019343,1.000e+00,1.110e-05,2.074e-06,7.254e-24,7.294e-32,9.993e-06,1.068e-06,1.096e-06,1.007e-06,1.776e-21,6.975e-09,253341285,0
ok,110000000.0000000000,109999994.9096220583,109999999.9096220583,141.4194773224,141.1798762670,0.0012534776,0.177266,1.000e+00,1.001e-05,2.074e-06,9.477e-24,1.099e-31,8.903e-06,1.068e-06,1.096e-06,1.007e-06,3.867e-21,1.327e-08,253341287,0
ok,110000000.0000000000,109999995.4096220583,109999999.9096220583,141.4052053972,141.1459144406,0.0004827482,0.068263,1.000e+00,1.101e-05,2.074e-06,2.466e-23,4.486e-33,9.910e-06,1.068e-06,1.096e-06,1.007e-06,2.812e-21,4.098e-09,253341290,0
ok,110000000.0000000000,109999995.9096220583,109999999.9096220583,141.3973645791,141.1592389511,0.0129957551,1.837566,1.000e+00,9.941e-06,2.074e-06,8.339e-23,4.835e-32,8.835e-06,1.068e-06,1.096e-06,1.007e-06,4.997e-24,9.782e-09,253341290,0
ok,110000000.0000000000,109999996.4096220583,109999999.9096220583,141.4139817631,141.1714690454,0.0051969005,0.734914,1.000e+00,1.016e-05,2.074e-06,7.764e-23,1.580e-31,9.057e-06,1.068e-06,1.096e-06,1.007e-06,5.723e-21,7.228e-09,253341292,0
ok,110000000.0000000000,109999996.9096220583,109999999.9096220583,141.4069024801,141.1635831656,0.0026892976,0.380285,1.000e+00,1.020e-05,2.074e-06,3.554e-23,1.252e-31,9.101e-06,1.068e-06,1.096e-06,1.007e-06,5.570e-21,5.118e-09,253341293,0
ok,110000000.0000000000,109999997.4096220583,109999999.9096220583,141.4162129146,141.1773354048,0.0090433714,1.278879,1.000e+00,9.976e-06,2.074e-06,5.923e-23,9.658e-32,8.877e-06,1.068e-06,1.096e-06,1.007e-06,1.061e-21,3.036e-09,253341294,0
ok,110000000.0000000000,109999997.9096220583,109999999.9096220583,141.3926012808,141.1527939564,0.0074766045,1.057137,1.000e+00,1.003e-05,2.074e-06,7.315e-23,1.641e-31,8.926e-06,1.068e-06,1.096e-06,1.007e-06,7.719e-21,5.145e-09,253341295,0
ok,110000000.0000000000,109999998.4096220583,109999999.9096220583,141.4186127952,141.1812564815,0.0193504160,2.736509,1.000e+00,9.898e-06,2.074e-06,8.648e-23,1.601e-32,8.795e-06,1.068e-06,1.096e-06,1.007e-06,6.344e-21,7.769e-09,253341297,0
ok,110000000.0000000000,109999998.9096220583,109999999.9096220583,141.4008279904,141.1291843058,0.0008210905,0.116103,1.000e+00,1.163e-05,2.074e-06,5.891e-23,3.425e-33,1.053e-05,1.068e-06,1.096e-06,1.007e-06,4.047e-21,1.073e-08,253341298,0
ok,110000000.0000000000,109999999.4096220583,109999999.9096220583,141.3941479885,141.1526647866,0.0125337572,1.772200,1.000e+00,1.011e-05,2.074e-06,1.754e-22,6.910e-33,9.015e-06,1.068e-06,1.096e-06,1.007e-06,2.774e-21,3.027e-10,253341300,0
ok,110000000.0000000000,110000000.4096220583,109999999.9096220583,141.3991532982,141.1620819075,0.0323628124,4.576074,1.000e+00,9.887e-06,2.074e-06,1.517e-22,1.637e-31,8.790e-06,1.068e-06,1.096e-06,1.007e-06,3.566e-21,1.516e-09,253341302,0
ok,110000000.0000000000,110000000.9096220583,109999999.9096220583,141.4073495693,141.1691541660,0.0103376012,1.461813,1.000e+00,9.943e-06,2.074e-06,4.362e-23,2.245e-32,8.843e-06,1.068e-06,1.096e-06,1.007e-06,7.498e-22,3.936e-09,253341303,0
ok,110000000.0000000000,110000001.4096220583,109999999.9096220583,141.4181143916,141.1693720964,0.0016751901,0.236902,1.000e+00,1.047e-05,2.074e-06,4.532e-23,1.432e-32,9.373e-06,1.068e-06,1.096e-06,1.007e-06,7.328e-21,4.649e-09,253341304,0
ok,110000000.0000000000,110000001.9096220583,109999999.9096220583,141.4076193437,141.1689233839,0.0053893972,0.762102,1.000e+00,9.968e-06,2.074e-06,2.540e-23,2.298e-32,8.859e-06,1.068e-06,1.096e-06,1.007e-06,6.333e-22,1.336e-08,253341306,0
ok,110000000.0000000000,110000002.4096220583,109999999.9096220583,141.4090132156,141.1441094683,0.0005843924,0.082638,1.000e+00,1.129e-05,2.074e-06,3.556e-23,9.315e-32,1.019e-05,1.068e-06,1.096e-06,1.007e-06,4.124e-21,8.824e-09,253341308,0
ok,110000000.0000000000,110000002.9096220583,109999999.9096220583,141.4189322617,141.1809861331,0.0134775171,1.905976,1.000e+00,9.928e-06,2.074e-06,7.006e-23,1.446e-31,8.819e-06,1.068e-06,1.096e-06,1.007e-06,3.397e-21,1.381e-08,253341309,0
ok,110000000.0000000000,110000003.4096220583,109999999.9096220583,141.4124315589,141.1751610633,0.0207843616,2.939167,1.000e+00,9.895e-06,2.074e-06,8.748e-23,1.244e-31,8.797e-06,1.068e-06,1.096e-06,1.007e-06,1.766e-22,2.605e-09,253341310,0
ok,110000000.0000000000,110000003.9096220583,109999999.9096220583,141.4019356190,141.1648431493,0.0300758836,4.252788,1.000e+00,9.888e-06,2.074e-06,1.365e-22,3.337e-32,8.776e-06,1.068e-06,1.096e-06,1.007e-06,1.785e-21,1.657e-08,253341311,0
ok,110000000.0000000000,110000004.4096220583,109999999.9096220583,141.4057571191,141.1682505193,0.0126289496,1.785806,1.000e+00,9.908e-06,2.074e-06,7.032e-23,2.460e-32,8.811e-06,1.068e-06,1.096e-06,1.007e-06,3.034e-21,1.305e-09,253341312,0
ok,110000000.0000000000,110000004.9096220583,109999999.9096220583,141.4210910164,141.1815410134,0.0028259252,0.399645,1.000e+00,1.001e-05,2.074e-06,1.721e-23,2.101e-31,8.910e-06,1.068e-06,1.096e-06,1.007e-06,1.843e-22,3.002e-09,253341314,0
ok,110000000.0000000000,110000005.4096220583,109999999.9096220583,141.3945571918,141.1567341238,0.0055369881,0.782900,1.000e+00,9.926e-06,2.074e-06,2.843e-23,1.317e-31,8.827e-06,1.068e-06,1.096e-06,1.007e-06,4.257e-23,3.296e-09,253341315,0
ok,110000000.0000000000,110000005.9096220583,109999999.9096220583,141.4013310028,141.1634532398,0.0060724555,0.858653,1.000e+00,9.928e-06,2.074e-06,3.047e-23,7.194e-32,8.822e-06,1.068e-06,1.096e-06,1.007e-06,6.981e-21,1.027e-08,253341317,0
audit,x=120000000.0000000000,t=119999993.9581565261, rem_spread_max=8.047e-21 ext_spread_max=8.221e-09 
ok,120000000.0000000000,119999993.9581565261,119999999.9581565261,118.7595199639,118.5735075764,0.0028700055,0.340841,1.000e+00,1.104e-05,2.278e-06,1.200e-23,8.055e-33,9.919e-06,1.180e-06,1.124e-06,1.098e-06,8.958e-21,1.779e-10,279955573,0
ok,120000000.0000000000,119999994.4581565261,119999999.9581565261,118.7561789437,118.5746980919,0.0093996782,1.116270,1.000e+00,1.072e-05,2.278e-06,1.066e-23,9.136e-34,9.595e-06,1.180e-06,1.124e-06,1.098e-06,6.617e-21,1.032e-10,279955574,0
ok,120000000.0000000000,119999994.9581565261,119999999.9581565261,118.7717923310,118.5846736396,0.0010414478,0.123695,1.000e+00,1.112e-05,2.278e-06,4.854e-24,4.704e-32,9.982e-06,1.180e-06,1.124e-06,1.098e-06,5.997e-21,1.392e-08,279955576,0
ok,120000000.0000000000,119999995.4581565261,119999999.9581565261,118.7569986102,118.5756358597,0.0111434067,1.323358,1.000e+00,1.071e-05,2.278e-06,1.255e-23,1.693e-32,9.585e-06,1.180e-06,1.124e-06,1.098e-06,8.079e-21,1.403e-09,279955577,0
ok,120000000.0000000000,119999995.9581565261,119999999.9581565261,118.7675580620,118.5854395706,0.0091092968,1.081889,1.000e+00,1.076e-05,2.278e-06,1.424e-23,5.142e-32,9.629e-06,1.180e-06,1.124e-06,1.098e-06,3.463e-21,9.153e-09,279955578,0
ok,120000000.0000000000,119999996.4581565261,119999999.9581565261,118.7706343430,118.5796982951,0.0011804104,0.140198,1.000e+00,1.139e-05,2.278e-06,8.618e-24,9.296e-32,1.026e-05,1.180e-06,1.124e-06,1.098e-06,2.157e-21,6.696e-09,279955580,0
ok,120000000.0000000000,119999996.9581565261,119999999.9581565261,118.7721346031,118.5909219798,0.0190122708,2.258128,1.000e+00,1.070e-05,2.278e-06,2.141e-23,1.114e-31,9.562e-06,1.180e-06,1.124e-06,1.098e-06,5.817e-21,1.023e-08,279955581,0
ok,120000000.0000000000,119999997.4581565261,119999999.9581565261,118.7660318346,118.5829845096,0.0056360403,0.669370,1.000e+00,1.083e-05,2.278e-06,1.090e-23,3.255e-32,9.687e-06,1.180e-06,1.124e-06,1.098e-06,2.002e-21,1.757e-08,279955582,0
ok,120000000.0000000000,119999997.9581565261,119999999.9581565261,118.7630713621,118.5802726478,0.0047023873,0.558470,1.000e+00,1.081e-05,2.278e-06,7.521e-24,1.029e-31,9.683e-06,1.180e-06,1.124e-06,1.098e-06,5.158e-22,5.116e-09,279955584,0
ok,120000000.0000000000,119999998.4581565261,119999999.9581565261,118.7617200689,118.5793696081,0.0099493615,1.181603,1.000e+00,1.078e-05,2.278e-06,1.985e-23,1.082e-31,9.647e-06,1.180e-06,1.124e-06,1.098e-06,1.300e-20,8.899e-09,279955586,0
ok,120000000.0000000000,119999998.9581565261,119999999.9581565261,118.7588798734,118.5781280885,0.0970939877,11.530773,1.000e+00,1.067e-05,2.278e-06,1.298e-22,1.951e-31,9.538e-06,1.180e-06,1.124e-06,1.098e-06,5.967e-21,4.136e-09,279955587,0
ok,120000000.0000000000,119999999.4581565261,119999999.9581565261,118.7637228753,118.5821226561,0.0925070288,10.986479,1.000e+00,1.073e-05,2.278e-06,1.611e-22,2.094e-31,9.597e-06,1.180e-06,1.124e-06,1.098e-06,6.166e-21,5.099e-09,279955588,0
ok,120000000.0000000000,120000000.4581565261,119999999.9581565261,118.7680360555,118.5821472119,0.0077223502,0.917168,1.000e+00,1.103e-05,2.278e-06,2.964e-23,3.178e-32,9.900e-06,1.180e-06,1.124e-06,1.098e-06,3.797e-21,7.939e-09,279955590,0
ok,120000000.0000000000,120000000.9581565261,119999999.9581565261,118.7629854079,118.5773676415,0.0017066786,0.202690,1.000e+00,1.101e-05,2.278e-06,4.954e-24,2.116e-32,9.887e-06,1.180e-06,1.124e-06,1.098e-06,1.102e-21,3.312e-09,279955591,0
ok,120000000.0000000000,120000001.4581565261,119999999.9581565261,118.7711907077,118.5901642720,0.0293214818,3.482547,1.000e+00,1.068e-05,2.278e-06,3.479e-23,4.697e-32,9.552e-06,1.180e-06,1.124e-06,1.098e-06,2.288e-21,6.789e-09,279955593,0
ok,120000000.0000000000,120000001.9581565261,119999999.9581565261,118.7653455728,118.5842418988,0.0231615925,2.750794,1.000e+00,1.069e-05,2.278e-06,2.655e-23,1.615e-32,9.565e-06,1.180e-06,1.124e-06,1.098e-06,8.843e-22,6.295e-10,279955594,0
ok,120000000.0000000000,120000002.4581565261,119999999.9581565261,118.7631958834,118.5799255914,0.0025546488,0.303398,1.000e+00,1.085e-05,2.278e-06,4.547e-24,1.462e-31,9.721e-06,1.180e-06,1.124e-06,1.098e-06,3.819e-21,9.711e-10,279955595,0
ok,120000000.0000000000,120000002.9581565261,119999999.9581565261,118.7745962293,118.5926150422,0.0054783290,0.650686,1.000e+00,1.075e-05,2.278e-06,6.165e-24,6.112e-32,9.623e-06,1.180e-06,1.124e-06,1.098e-06,1.015e-22,4.100e-09,279955597,0
ok,120000000.0000000000,120000003.4581565261,119999999.9581565261,118.7667563236,118.5830670987,0.0039063530,0.463945,1.000e+00,1.088e-05,2.278e-06,9.438e-24,5.107e-33,9.733e-06,1.180e-06,1.124e-06,1.098e-06,2.731e-21,1.751e-08,279955598,0
ok,120000000.0000000000,120000003.9581565261,119999999.9581565261,118.7770265109,118.5957978011,0.0203423879,2.416208,1.000e+00,1.070e-05,2.278e-06,2.456e-23,1.163e-31,9.571e-06,1.180e-06,1.124e-06,1.098e-06,1.768e-21,1.020e-09,279955600,0
ok,120000000.0000000000,120000004.4581565261,119999999.9581565261,118.7646061498,118.5832470233,0.0320590714,3.807483,1.000e+00,1.071e-05,2.278e-06,3.616e-23,9.887e-32,9.564e-06,1.180e-06,1.124e-06,1.098e-06,3.509e-21,2.021e-08,279955601,0
ok,120000000.0000000000,120000004.9581565261,119999999.9581565261,118.7686425293,118.5877443612,0.0408406512,4.850588,1.000e+00,1.067e-05,2.278e-06,4.764e-23,1.304e-31,9.546e-06,1.180e-06,1.124e-06,1.098e-06,7.236e-21,4.630e-09,279955602,0
ok,120000000.0000000000,120000005.4581565261,119999999.9581565261,118.7632068171,118.5808921372,0.0085084778,1.010494,1.000e+00,1.078e-05,2.278e-06,1.500e-23,1.626e-31,9.648e-06,1.180e-06,1.124e-06,1.098e-06,7.487e-22,5.213e-09,279955603,0
ok,120000000.0000000000,120000005.9581565261,119999999.9581565261,118.7636844436,118.5806030039,0.0035320358,0.419478,1.000e+00,1.083e-05,2.278e-06,4.174e-24,3.418e-32,9.691e-06,1.180e-06,1.124e-06,1.098e-06,6.791e-21,1.660e-08,279955605,0
audit,x=130000000.0000000000,t=129999994.0756324828, rem_spread_max=3.414e-20 ext_spread_max=1.081e-09 
ok,130000000.0000000000,129999994.0756324828,130000000.0756324828,101.1503009595,101.0067593241,0.0041466977,0.419440,1.000e+00,1.171e-05,2.482e-06,3.324e-23,3.102e-32,1.056e-05,1.293e-06,1.151e-06,1.190e-06,1.070e-20,7.515e-10,306702644,0
ok,130000000.0000000000,129999994.5756324828,130000000.0756324828,101.1482625511,101.0049812981,0.0049708039,0.502788,1.000e+00,1.168e-05,2.482e-06,2.074e-23,5.078e-32,1.053e-05,1.293e-06,1.151e-06,1.190e-06,4.791e-21,3.037e-09,306702646,0
ok,130000000.0000000000,129999995.0756324828,130000000.0756324828,101.1427066023,101.0018204675,0.1027046022,10.387822,1.000e+00,1.145e-05,2.482e-06,3.898e-22,3.700e-32,1.029e-05,1.293e-06,1.151e-06,1.190e-06,5.506e-21,8.428e-09,306702647,0
ok,130000000.0000000000,129999995.5756324828,130000000.0756324828,101.1343938592,100.9728808758,0.0005172789,0.052315,1.000e+00,1.349e-05,2.482e-06,3.442e-23,4.414e-33,1.233e-05,1.293e-06,1.151e-06,1.190e-06,2.934e-21,8.092e-09,306702647,0
ok,130000000.0000000000,129999996.0756324828,130000000.0756324828,101.1441461849,100.9991467819,0.0020148949,0.203795,1.000e+00,1.185e-05,2.482e-06,2.687e-23,3.401e-32,1.070e-05,1.293e-06,1.151e-06,1.190e-06,1.267e-21,7.039e-09,306702649,0
ok,130000000.0000000000,129999996.5756324828,130000000.0756324828,101.1467589028,101.0051388885,0.0170135295,1.720863,1.000e+00,1.152e-05,2.482e-06,6.501e-23,3.101e-32,1.036e-05,1.293e-06,1.151e-06,1.190e-06,6.603e-21,7.929e-09,306702651,0
ok,130000000.0000000000,129999997.0756324828,130000000.0756324828,101.1463413644,101.0029982971,0.0060500285,0.611938,1.000e+00,1.169e-05,2.482e-06,4.928e-23,2.095e-32,1.053e-05,1.293e-06,1.151e-06,1.190e-06,7.483e-25,7.484e-09,306702652,0
ok,130000000.0000000000,129999997.5756324828,130000000.0756324828,101.1426921913,101.0005865744,0.0117439493,1.187815,1.000e+00,1.157e-05,2.482e-06,6.213e-23,3.448e-32,1.041e-05,1.293e-06,1.151e-06,1.190e-06,2.956e-21,2.499e-09,306702654,0
ok,130000000.0000000000,129999998.0756324828,130000000.0756324828,101.1449915271,101.0016962498,0.0028345776,0.286703,1.000e+00,1.168e-05,2.482e-06,1.139e-23,9.315e-32,1.053e-05,1.293e-06,1.151e-06,1.190e-06,5.838e-21,1.890e-09,306702655,0
ok,130000000.0000000000,129999998.5756324828,130000000.0756324828,101.1428787224,101.0008438129,0.0132886054,1.344048,1.000e+00,1.156e-05,2.482e-06,5.794e-23,2.446e-33,1.040e-05,1.293e-06,1.151e-06,1.190e-06,3.186e-21,1.240e-08,306702657,0
ok,130000000.0000000000,129999999.0756324828,130000000.0756324828,101.1478776344,101.0063523443,0.0404572254,4.092163,1.000e+00,1.151e-05,2.482e-06,1.558e-22,3.688e-32,1.036e-05,1.293e-06,1.151e-06,1.190e-06,1.379e-20,2.041e-09,306702658,0
FLAG,130000000.0000000000,129999999.5756324828,130000000.0756324828,102.6511367698,100.8422208920,0.0000435830,0.004474,1.000e+00,1.740e-04,2.482e-06,2.236e-22,1.776e-31,1.728e-04,1.293e-06,1.151e-06,1.190e-06,5.339e-21,1.843e-09,306702660,1
ok,130000000.0000000000,130000000.5756324828,130000000.0756324828,101.1534574209,101.0123547269,0.1443704999,14.603575,1.000e+00,1.147e-05,2.482e-06,6.459e-22,1.269e-31,1.031e-05,1.293e-06,1.151e-06,1.190e-06,4.046e-21,6.149e-09,306702661,0
ok,130000000.0000000000,130000001.0756324828,130000000.0756324828,101.1502748352,101.0078130296,0.0160878667,1.627292,1.000e+00,1.160e-05,2.482e-06,9.129e-23,1.193e-31,1.045e-05,1.293e-06,1.151e-06,1.190e-06,1.366e-21,1.031e-09,306702663,0
ok,130000000.0000000000,130000001.5756324828,130000000.0756324828,101.1373274136,100.9951821871,0.0172012218,1.739686,1.000e+00,1.157e-05,2.482e-06,7.402e-23,5.066e-32,1.042e-05,1.293e-06,1.151e-06,1.190e-06,2.168e-21,2.142e-09,306702664,0
ok,130000000.0000000000,130000002.0756324828,130000000.0756324828,101.1464702180,101.0045483945,0.0215364263,2.178333,1.000e+00,1.155e-05,2.482e-06,1.147e-22,7.549e-32,1.039e-05,1.293e-06,1.151e-06,1.190e-06,2.692e-21,7.486e-09,306702665,0
ok,130000000.0000000000,130000002.5756324828,130000000.0756324828,101.1398246240,100.9966814252,0.0040369006,0.408291,1.000e+00,1.167e-05,2.482e-06,3.582e-23,1.198e-32,1.051e-05,1.293e-06,1.151e-06,1.190e-06,3.804e-21,9.850e-09,306702666,0
ok,130000000.0000000000,130000003.0756324828,130000000.0756324828,101.1405239343,100.9969761836,0.0020936646,0.211754,1.000e+00,1.171e-05,2.482e-06,1.608e-23,8.313e-32,1.056e-05,1.293e-06,1.151e-06,1.190e-06,3.102e-21,9.378e-10,306702668,0
ok,130000000.0000000000,130000003.5756324828,130000000.0756324828,101.1471898100,101.0051869775,0.0079116666,0.800243,1.000e+00,1.156e-05,2.482e-06,3.176e-23,1.392e-31,1.039e-05,1.293e-06,1.151e-06,1.190e-06,8.903e-22,1.177e-08,306702670,0
ok,130000000.0000000000,130000004.0756324828,130000000.0756324828,101.1366328466,100.9935299426,0.0059825875,0.605059,1.000e+00,1.167e-05,2.482e-06,4.060e-23,2.137e-31,1.051e-05,1.293e-06,1.151e-06,1.190e-06,3.362e-21,1.111e-08,306702671,0
ok,130000000.0000000000,130000004.5756324828,130000000.0756324828,101.1358587374,100.9884754209,0.0028086607,0.284056,1.000e+00,1.209e-05,2.482e-06,5.808e-23,9.870e-32,1.094e-05,1.293e-06,1.151e-06,1.190e-06,1.726e-22,2.361e-10,306702673,0
ok,130000000.0000000000,130000005.0756324828,130000000.0756324828,101.1440269951,101.0025374625,0.0298224468,3.016362,1.000e+00,1.151e-05,2.482e-06,1.173e-22,2.429e-32,1.035e-05,1.293e-06,1.151e-06,1.190e-06,2.731e-22,7.426e-09,306702674,0
ok,130000000.0000000000,130000005.5756324828,130000000.0756324828,101.1476801394,101.0061616255,0.0279316521,2.825222,1.000e+00,1.151e-05,2.482e-06,1.058e-22,5.975e-32,1.035e-05,1.293e-06,1.151e-06,1.190e-06,7.093e-21,1.202e-08,306702675,0
ok,130000000.0000000000,130000006.0756324828,130000000.0756324828,101.1529756817,101.0103848991,0.0074665703,0.755266,1.000e+00,1.161e-05,2.482e-06,5.124e-23,5.598e-32,1.046e-05,1.293e-06,1.151e-06,1.190e-06,4.641e-21,2.587e-09,306702677,0
audit,x=140000000.0000000000,t=139999994.1021780670, rem_spread_max=3.579e-21 ext_spread_max=3.019e-09 
ok,140000000.0000000000,139999994.1021780670,140000000.1021780670,87.1569995330,87.0294359234,0.0004284263,0.037340,1.000e+00,1.433e-05,2.687e-06,5.896e-23,5.254e-32,1.315e-05,1.406e-06,1.175e-06,1.281e-06,3.579e-21,2.326e-09,333572264,0
ok,140000000.0000000000,139999994.6021780670,140000000.1021780670,87.1606123166,87.0476180327,0.0110000840,0.958774,1.000e+00,1.238e-05,2.687e-06,1.057e-22,1.131e-31,1.120e-05,1.406e-06,1.175e-06,1.281e-06,2.891e-21,8.474e-10,333572265,0
ok,140000000.0000000000,139999995.1021780670,140000000.1021780670,87.1656440698,87.0531538743,0.0315995583,2.754396,1.000e+00,1.231e-05,2.687e-06,2.807e-22,2.771e-32,1.113e-05,1.406e-06,1.175e-06,1.281e-06,2.175e-21,1.968e-09,333572266,0
ok,140000000.0000000000,139999995.6021780670,140000000.1021780670,87.1613511994,87.0484074649,0.0150643747,1.313031,1.000e+00,1.237e-05,2.687e-06,1.780e-22,2.372e-32,1.119e-05,1.406e-06,1.175e-06,1.281e-06,2.458e-22,1.668e-09,333572267,0
ok,140000000.0000000000,139999996.1021780670,140000000.1021780670,87.1657004567,87.0529547549,0.0223190970,1.945460,1.000e+00,1.234e-05,2.687e-06,1.982e-22,1.967e-32,1.116e-05,1.406e-06,1.175e-06,1.281e-06,1.785e-21,8.262e-09,333572269,0
ok,140000000.0000000000,139999996.6021780670,140000000.1021780670,87.1649923882,87.0525684927,0.0454110749,3.958256,1.000e+00,1.230e-05,2.687e-06,3.987e-22,7.565e-33,1.112e-05,1.406e-06,1.175e-06,1.281e-06,9.869e-22,3.477e-09,333572270,0
ok,140000000.0000000000,139999997.1021780670,140000000.1021780670,87.1733196319,87.0525136708,0.0027968770,0.243813,1.000e+00,1.342e-05,2.687e-06,2.133e-22,3.358e-32,1.223e-05,1.406e-06,1.175e-06,1.281e-06,6.269e-21,6.848e-09,333572271,0
ok,140000000.0000000000,139999997.6021780670,140000000.1021780670,87.1826497642,87.0557486558,0.0013604174,0.118605,1.000e+00,1.423e-05,2.687e-06,1.805e-22,4.277e-32,1.304e-05,1.406e-06,1.175e-06,1.281e-06,3.109e-21,9.797e-09,333572272,0
ok,140000000.0000000000,139999998.1021780670,140000000.1021780670,87.1644193979,87.0514878351,0.0119684260,1.043221,1.000e+00,1.237e-05,2.687e-06,1.047e-22,2.385e-32,1.119e-05,1.406e-06,1.175e-06,1.281e-06,8.480e-21,7.205e-10,333572274,0
ok,140000000.0000000000,139999998.6021780670,140000000.1021780670,87.1628427585,87.0499302182,0.0170129549,1.482898,1.000e+00,1.237e-05,2.687e-06,2.058e-22,4.910e-32,1.119e-05,1.406e-06,1.175e-06,1.281e-06,4.110e-21,6.731e-09,333572276,0
ok,140000000.0000000000,139999999.1021780670,140000000.1021780670,87.1659702781,87.0526797754,0.0124972555,1.089335,1.000e+00,1.242e-05,2.687e-06,1.165e-22,1.382e-31,1.123e-05,1.406e-06,1.175e-06,1.281e-06,1.987e-22,1.212e-08,333572277,0
ok,140000000.0000000000,139999999.6021780670,140000000.1021780670,87.1710653645,87.0577821149,0.0248104950,2.162757,1.000e+00,1.241e-05,2.687e-06,4.018e-22,1.033e-31,1.122e-05,1.406e-06,1.175e-06,1.281e-06,2.916e-21,1.795e-08,333572279,0
ok,140000000.0000000000,140000000.6021780670,140000000.1021780670,87.1700974701,87.0577235302,0.1026516294,8.948152,1.000e+00,1.229e-05,2.687e-06,9.262e-22,5.990e-32,1.111e-05,1.406e-06,1.175e-06,1.281e-06,3.908e-21,2.357e-09,333572281,0
ok,140000000.0000000000,140000001.1021780670,140000000.1021780670,87.1641339346,87.0518545867,0.1202455457,10.481099,1.000e+00,1.228e-05,2.687e-06,1.052e-21,1.691e-31,1.110e-05,1.406e-06,1.175e-06,1.281e-06,7.951e-22,5.139e-09,333572282,0
ok,140000000.0000000000,140000001.6021780670,140000000.1021780670,87.1681548973,87.0550947543,0.0218224323,1.902221,1.000e+00,1.238e-05,2.687e-06,1.886e-22,4.627e-32,1.120e-05,1.406e-06,1.175e-06,1.281e-06,2.327e-21,5.296e-09,333572283,0
ok,140000000.0000000000,140000002.1021780670,140000000.1021780670,87.1601523954,87.0462537658,0.0091417893,0.796800,1.000e+00,1.250e-05,2.687e-06,1.671e-22,6.138e-32,1.132e-05,1.406e-06,1.175e-06,1.281e-06,7.068e-21,5.631e-09,333572285,0
ok,140000000.0000000000,140000002.6021780670,140000000.1021780670,87.1635104376,87.0506303907,0.0155082947,1.351757,1.000e+00,1.236e-05,2.687e-06,1.346e-22,9.279e-32,1.118e-05,1.406e-06,1.175e-06,1.281e-06,4.365e-22,4.059e-09,333572286,0
ok,140000000.0000000000,140000003.1021780670,140000000.1021780670,87.1753813930,87.0559794451,0.0019069844,0.166242,1.000e+00,1.323e-05,2.687e-06,1.216e-22,1.308e-31,1.205e-05,1.406e-06,1.175e-06,1.281e-06,2.047e-21,7.005e-09,333572287,0
ok,140000000.0000000000,140000003.6021780670,140000000.1021780670,87.1562289552,87.0420003108,0.0048478173,0.422517,1.000e+00,1.254e-05,2.687e-06,7.871e-23,1.725e-31,1.136e-05,1.406e-06,1.175e-06,1.281e-06,2.030e-21,9.898e-09,333572289,0
ok,140000000.0000000000,140000004.1021780670,140000000.1021780670,87.1665167604,87.0539998562,0.0217070865,1.892131,1.000e+00,1.231e-05,2.687e-06,1.939e-22,8.042e-32,1.113e-05,1.406e-06,1.175e-06,1.281e-06,3.081e-21,3.356e-09,333572290,0
ok,140000000.0000000000,140000004.6021780670,140000000.1021780670,87.1688940895,87.0558461778,0.0107334763,0.935625,1.000e+00,1.238e-05,2.687e-06,1.368e-22,2.530e-33,1.120e-05,1.406e-06,1.175e-06,1.281e-06,3.615e-21,6.217e-09,333572292,0
ok,140000000.0000000000,140000005.1021780670,140000000.1021780670,87.1636751530,87.0502792229,0.0070409973,0.613719,1.000e+00,1.243e-05,2.687e-06,6.604e-23,9.334e-33,1.125e-05,1.406e-06,1.175e-06,1.281e-06,8.863e-21,4.737e-09,333572293,0
ok,140000000.0000000000,140000005.6021780670,140000000.1021780670,87.1653892907,87.0526855388,0.0149611860,1.304097,1.000e+00,1.234e-05,2.687e-06,1.494e-22,8.742e-33,1.116e-05,1.406e-06,1.175e-06,1.281e-06,3.138e-21,7.028e-09,333572294,0
ok,140000000.0000000000,140000006.1021780670,140000000.1021780670,87.1641899935,87.0501604816,0.0027265408,0.237657,1.000e+00,1.252e-05,2.687e-06,3.559e-23,7.419e-32,1.133e-05,1.406e-06,1.175e-06,1.281e-06,4.445e-21,1.087e-08,333572296,0
audit,x=160000000.0000000000,t=159999993.7567463219, rem_spread_max=2.947e-20 ext_spread_max=3.701e-09 
ok,160000000.0000000000,159999993.7567463219,159999999.7567463219,66.6537635624,66.5792068638,0.0262744108,1.751288,1.000e+00,1.396e-05,3.098e-06,2.025e-22,9.075e-32,1.274e-05,1.634e-06,1.219e-06,1.464e-06,1.162e-21,1.715e-09,387645240,0
ok,160000000.0000000000,159999994.2567463219,159999999.7567463219,66.6526287289,66.5765259084,0.0035018268,0.233406,1.000e+00,1.431e-05,3.098e-06,7.330e-23,2.965e-32,1.309e-05,1.634e-06,1.219e-06,1.464e-06,4.062e-22,3.265e-09,387645241,0
ok,160000000.0000000000,159999994.7567463219,159999999.7567463219,66.6565431815,66.5819724229,0.0165107740,1.100551,1.000e+00,1.396e-05,3.098e-06,1.323e-22,2.011e-32,1.274e-05,1.634e-06,1.219e-06,1.464e-06,3.756e-21,1.439e-09,387645243,0
ok,160000000.0000000000,159999995.2567463219,159999999.7567463219,66.6541395142,66.5749999191,0.0008875943,0.059162,1.000e+00,1.501e-05,3.098e-06,4.552e-23,7.391e-32,1.377e-05,1.634e-06,1.219e-06,1.464e-06,1.043e-22,1.445e-08,387645244,0
ok,160000000.0000000000,159999995.7567463219,159999999.7567463219,66.6548195685,66.5795018851,0.0050037519,0.333524,1.000e+00,1.413e-05,3.098e-06,3.748e-23,7.980e-32,1.291e-05,1.634e-06,1.219e-06,1.464e-06,8.095e-21,4.602e-10,387645246,0
ok,160000000.0000000000,159999996.2567463219,159999999.7567463219,66.6533761497,66.5790256085,0.0454790620,3.031333,1.000e+00,1.391e-05,3.098e-06,3.516e-22,1.252e-31,1.268e-05,1.634e-06,1.219e-06,1.464e-06,1.385e-21,1.153e-08,387645247,0
ok,160000000.0000000000,159999996.7567463219,159999999.7567463219,66.6513033344,66.5763459264,0.0120662476,0.804231,1.000e+00,1.405e-05,3.098e-06,1.501e-22,5.861e-33,1.283e-05,1.634e-06,1.219e-06,1.464e-06,2.539e-21,4.058e-09,387645249,0
ok,160000000.0000000000,159999997.2567463219,159999999.7567463219,66.6511521580,66.5760014583,0.0097882157,0.652396,1.000e+00,1.410e-05,3.098e-06,7.389e-23,4.748e-32,1.287e-05,1.634e-06,1.219e-06,1.464e-06,4.066e-21,4.136e-09,387645250,0
ok,160000000.0000000000,159999997.7567463219,159999999.7567463219,66.6521635218,66.5772915729,0.0250380014,1.668837,1.000e+00,1.403e-05,3.098e-06,2.904e-22,1.193e-31,1.281e-05,1.634e-06,1.219e-06,1.464e-06,4.457e-21,3.685e-09,387645251,0
ok,160000000.0000000000,159999998.2567463219,159999999.7567463219,66.6543408522,66.5787436506,0.0123474106,0.823009,1.000e+00,1.420e-05,3.098e-06,2.147e-22,4.590e-32,1.297e-05,1.634e-06,1.219e-06,1.464e-06,1.030e-21,6.693e-09,387645253,0
ok,160000000.0000000000,159999998.7567463219,159999999.7567463219,66.6575542556,66.5781676908,0.0031215768,0.208077,1.000e+00,1.506e-05,3.098e-06,1.970e-22,6.704e-32,1.384e-05,1.634e-06,1.219e-06,1.464e-06,8.215e-23,7.733e-09,387645255,0
ok,160000000.0000000000,159999999.2567463219,159999999.7567463219,66.6523064807,66.5770627620,0.0550687122,3.670457,1.000e+00,1.412e-05,3.098e-06,9.830e-22,1.748e-31,1.289e-05,1.634e-06,1.219e-06,1.464e-06,3.180e-21,8.990e-09,387645256,0
ok,160000000.0000000000,160000000.2567463219,159999999.7567463219,66.6491251856,66.5731777591,0.0258730209,1.724414,1.000e+00,1.428e-05,3.098e-06,6.653e-22,8.497e-32,1.305e-05,1.634e-06,1.219e-06,1.464e-06,5.336e-21,5.302e-09,387645257,0
ok,160000000.0000000000,160000000.7567463219,159999999.7567463219,66.6494501728,66.5751867432,0.1169582153,7.795201,1.000e+00,1.389e-05,3.098e-06,8.811e-22,3.422e-32,1.267e-05,1.634e-06,1.219e-06,1.464e-06,5.981e-21,5.513e-09,387645259,0
ok,160000000.0000000000,160000001.2567463219,159999999.7567463219,66.6534164822,66.5783619179,0.0112524556,0.750015,1.000e+00,1.407e-05,3.098e-06,8.673e-23,2.271e-32,1.285e-05,1.634e-06,1.219e-06,1.464e-06,4.510e-21,2.323e-09,387645260,0
ok,160000000.0000000000,160000001.7567463219,159999999.7567463219,66.6521267842,66.5773860978,0.0103905929,0.692555,1.000e+00,1.400e-05,3.098e-06,8.629e-23,1.036e-31,1.278e-05,1.634e-06,1.219e-06,1.464e-06,9.564e-22,1.444e-09,387645262,0
ok,160000000.0000000000,160000002.2567463219,159999999.7567463219,66.6554349535,66.5772022907,0.0017064004,0.113741,1.000e+00,1.480e-05,3.098e-06,7.503e-23,5.094e-32,1.357e-05,1.634e-06,1.219e-06,1.464e-06,8.050e-22,5.383e-09,387645263,0
ok,160000000.0000000000,160000002.7567463219,159999999.7567463219,66.6513371211,66.5767686636,0.0255370691,1.702080,1.000e+00,1.396e-05,3.098e-06,2.168e-22,1.180e-31,1.273e-05,1.634e-06,1.219e-06,1.464e-06,1.765e-21,1.229e-08,387645265,0
ok,160000000.0000000000,160000003.2567463219,159999999.7567463219,66.6526282185,66.5763533180,0.0044520326,0.296740,1.000e+00,1.435e-05,3.098e-06,8.252e-23,1.599e-31,1.312e-05,1.634e-06,1.219e-06,1.464e-06,2.106e-21,8.962e-09,387645266,0
ok,160000000.0000000000,160000003.7567463219,159999999.7567463219,66.6504046873,66.5724323144,0.0058866437,0.392347,1.000e+00,1.474e-05,3.098e-06,2.667e-22,5.402e-33,1.351e-05,1.634e-06,1.219e-06,1.464e-06,1.888e-21,1.170e-08,387645268,0
ok,160000000.0000000000,160000004.2567463219,159999999.7567463219,66.6521621735,66.5775071823,0.0364003362,2.426161,1.000e+00,1.398e-05,3.098e-06,3.497e-22,1.074e-31,1.276e-05,1.634e-06,1.219e-06,1.464e-06,6.859e-21,4.080e-09,387645269,0
ok,160000000.0000000000,160000004.7567463219,159999999.7567463219,66.6556135027,66.5805834397,0.0143712019,0.957921,1.000e+00,1.407e-05,3.098e-06,1.104e-22,1.458e-31,1.284e-05,1.634e-06,1.219e-06,1.464e-06,6.409e-21,4.358e-09,387645270,0
ok,160000000.0000000000,160000005.2567463219,159999999.7567463219,66.6487175083,66.5740107603,0.0237956511,1.585950,1.000e+00,1.400e-05,3.098e-06,2.499e-22,4.254e-32,1.277e-05,1.634e-06,1.219e-06,1.464e-06,4.292e-22,9.615e-09,387645271,0
ok,160000000.0000000000,160000005.7567463219,159999999.7567463219,66.6525494602,66.5777079422,0.0135095659,0.900447,1.000e+00,1.402e-05,3.098e-06,1.114e-22,1.230e-31,1.280e-05,1.634e-06,1.219e-06,1.464e-06,2.933e-21,5.353e-09,387645273,0
audit,x=180000000.0000000000,t=179999994.1952213049, rem_spread_max=1.050e-20 ext_spread_max=8.492e-09 
ok,180000000.0000000000,179999994.1952213049,180000000.1952213049,52.5902777180,52.5376182887,0.0044620329,0.234660,1.000e+00,1.592e-05,3.511e-06,1.254e-23,2.517e-33,1.465e-05,1.863e-06,1.258e-06,1.647e-06,3.009e-21,6.163e-09,442117150,0
ok,180000000.0000000000,179999994.6952213049,180000000.1952213049,52.5904493438,52.5388122711,0.0416587799,2.190854,1.000e+00,1.554e-05,3.511e-06,4.359e-23,8.160e-32,1.428e-05,1.863e-06,1.258e-06,1.647e-06,6.663e-22,3.958e-09,442117151,0
ok,180000000.0000000000,179999995.1952213049,180000000.1952213049,52.5884820593,52.5367531511,0.0308897770,1.624447,1.000e+00,1.558e-05,3.511e-06,3.599e-23,8.575e-33,1.431e-05,1.863e-06,1.258e-06,1.647e-06,3.564e-21,4.222e-09,442117152,0
ok,180000000.0000000000,179999995.6952213049,180000000.1952213049,52.5872363895,52.5355138401,0.0392368769,2.063359,1.000e+00,1.557e-05,3.511e-06,4.494e-23,2.777e-32,1.431e-05,1.863e-06,1.258e-06,1.647e-06,5.858e-21,1.032e-08,442117154,0
ok,180000000.0000000000,179999996.1952213049,180000000.1952213049,52.5885614689,52.5368496433,0.0691535317,3.636685,1.000e+00,1.557e-05,3.511e-06,7.483e-23,5.180e-32,1.430e-05,1.863e-06,1.258e-06,1.647e-06,7.094e-21,8.778e-09,442117155,0
ok,180000000.0000000000,179999996.6952213049,180000000.1952213049,52.5889875339,52.5375295879,0.1678804067,8.828661,1.000e+00,1.547e-05,3.511e-06,1.775e-22,5.893e-32,1.421e-05,1.863e-06,1.258e-06,1.647e-06,1.207e-21,9.538e-09,442117156,0
ok,180000000.0000000000,179999997.1952213049,180000000.1952213049,52.5908644449,52.5386720692,0.0073904104,0.388668,1.000e+00,1.574e-05,3.511e-06,9.783e-24,1.992e-32,1.448e-05,1.863e-06,1.258e-06,1.647e-06,2.712e-21,4.061e-09,442117157,0
ok,180000000.0000000000,179999997.6952213049,180000000.1952213049,52.5876760122,52.5329540565,0.0013228105,0.069564,1.000e+00,1.668e-05,3.511e-06,8.661e-24,4.588e-32,1.542e-05,1.863e-06,1.258e-06,1.647e-06,1.837e-23,3.589e-09,442117159,0
ok,180000000.0000000000,179999998.1952213049,180000000.1952213049,52.5925947117,52.5376868446,0.0020238181,0.106438,1.000e+00,1.675e-05,3.511e-06,1.418e-23,2.737e-32,1.548e-05,1.863e-06,1.258e-06,1.647e-06,2.864e-21,1.025e-08,442117161,0
ok,180000000.0000000000,179999998.6952213049,180000000.1952213049,52.5919771589,52.5404757760,0.1164860917,6.126234,1.000e+00,1.549e-05,3.511e-06,1.217e-22,1.476e-32,1.423e-05,1.863e-06,1.258e-06,1.647e-06,3.859e-21,1.229e-09,442117162,0
ok,180000000.0000000000,179999999.1952213049,180000000.1952213049,52.5903305941,52.5232895566,0.0011176230,0.058776,1.000e+00,2.123e-05,3.511e-06,3.864e-23,1.706e-32,1.997e-05,1.863e-06,1.258e-06,1.647e-06,1.133e-21,3.497e-09,442117163,0
ok,180000000.0000000000,179999999.6952213049,180000000.1952213049,52.5913691720,52.5390257688,0.0358206667,1.883858,1.000e+00,1.580e-05,3.511e-06,9.221e-23,3.605e-33,1.454e-05,1.863e-06,1.258e-06,1.647e-06,6.867e-21,2.799e-09,442117165,0
ok,180000000.0000000000,180000000.6952213049,180000000.1952213049,52.5907928710,52.5378512147,0.0241235150,1.268675,1.000e+00,1.602e-05,3.511e-06,8.725e-23,6.058e-32,1.476e-05,1.863e-06,1.258e-06,1.647e-06,7.430e-21,4.821e-10,442117167,0
ok,180000000.0000000000,180000001.1952213049,180000000.1952213049,52.5908158867,52.5389084770,0.1153137436,6.064444,1.000e+00,1.564e-05,3.511e-06,2.256e-22,1.886e-32,1.438e-05,1.863e-06,1.258e-06,1.647e-06,1.343e-21,2.105e-09,442117169,0
ok,180000000.0000000000,180000001.6952213049,180000000.1952213049,52.5895445806,52.5380155417,0.1732471447,9.110988,1.000e+00,1.550e-05,3.511e-06,2.306e-22,6.280e-32,1.423e-05,1.863e-06,1.258e-06,1.647e-06,8.013e-21,8.566e-09,442117169,0
ok,180000000.0000000000,180000002.1952213049,180000000.1952213049,52.5900851693,52.5380123014,0.0134998450,0.709958,1.000e+00,1.570e-05,3.511e-06,1.538e-23,5.997e-32,1.443e-05,1.863e-06,1.258e-06,1.647e-06,3.556e-21,1.141e-08,442117171,0
ok,180000000.0000000000,180000002.6952213049,180000000.1952213049,52.5900383652,52.5377657747,0.0105585921,0.555277,1.000e+00,1.578e-05,3.511e-06,2.260e-23,8.105e-32,1.451e-05,1.863e-06,1.258e-06,1.647e-06,2.146e-21,9.013e-09,442117172,0
ok,180000000.0000000000,180000003.1952213049,180000000.1952213049,52.5880836009,52.5356983226,0.0047564448,0.250132,1.000e+00,1.582e-05,3.511e-06,5.366e-24,3.585e-32,1.455e-05,1.863e-06,1.258e-06,1.647e-06,8.299e-21,9.078e-09,442117174,0
ok,180000000.0000000000,180000003.6952213049,180000000.1952213049,52.5922480547,52.5400211123,0.0111238422,0.585028,1.000e+00,1.576e-05,3.511e-06,2.174e-23,5.997e-32,1.447e-05,1.863e-06,1.258e-06,1.647e-06,9.250e-21,3.112e-08,442117175,0
ok,180000000.0000000000,180000004.1952213049,180000000.1952213049,52.5889702659,52.5372036638,0.0272474231,1.432914,1.000e+00,1.559e-05,3.511e-06,2.983e-23,5.081e-32,1.432e-05,1.863e-06,1.258e-06,1.647e-06,2.947e-22,1.288e-08,442117177,0
ok,180000000.0000000000,180000004.6952213049,180000000.1952213049,52.5871145143,52.5355252042,0.0564241162,2.967181,1.000e+00,1.552e-05,3.511e-06,5.922e-23,1.108e-31,1.425e-05,1.863e-06,1.258e-06,1.647e-06,6.563e-21,1.865e-08,442117178,0
ok,180000000.0000000000,180000005.1952213049,180000000.1952213049,52.5890591644,52.5348120443,0.0012192740,0.064120,1.000e+00,1.651e-05,3.511e-06,7.318e-24,6.829e-32,1.524e-05,1.863e-06,1.258e-06,1.647e-06,6.347e-21,5.735e-09,442117179,0
ok,180000000.0000000000,180000005.6952213049,180000000.1952213049,52.5906099126,52.5387423568,0.0196226759,1.031968,1.000e+00,1.563e-05,3.511e-06,2.318e-23,1.009e-31,1.436e-05,1.863e-06,1.258e-06,1.647e-06,1.341e-20,8.237e-09,442117181,0
ok,180000000.0000000000,180000006.1952213049,180000000.1952213049,52.5902397678,52.5378949694,0.0125726711,0.661200,1.000e+00,1.580e-05,3.511e-06,3.002e-23,1.574e-33,1.453e-05,1.863e-06,1.258e-06,1.647e-06,9.909e-22,9.420e-09,442117182,0
audit,x=200000000.0000000000,t=199999993.8408320844, rem_spread_max=1.781e-20 ext_spread_max=1.320e-08 
ok,200000000.0000000000,199999993.8408320844,199999999.8408320844,42.5298058655,42.4919548978,0.0125235459,0.532624,1.000e+00,1.752e-05,3.925e-06,1.547e-22,1.529e-31,1.622e-05,2.094e-06,1.292e-06,1.830e-06,9.369e-22,7.842e-09,496943466,0
ok,200000000.0000000000,199999994.3408320844,199999999.8408320844,42.5314211664,42.4939682728,0.0276820197,1.177356,1.000e+00,1.730e-05,3.925e-06,2.184e-22,1.642e-31,1.600e-05,2.094e-06,1.292e-06,1.830e-06,4.215e-21,8.237e-10,496943466,0
ok,200000000.0000000000,199999994.8408320844,199999999.8408320844,42.5325525536,42.4951535950,0.0133260440,0.566791,1.000e+00,1.727e-05,3.925e-06,5.826e-23,5.500e-32,1.597e-05,2.094e-06,1.292e-06,1.830e-06,6.932e-21,1.869e-09,496943468,0
ok,200000000.0000000000,199999995.3408320844,199999999.8408320844,42.5280337163,42.4899814441,0.0032307624,0.137398,1.000e+00,1.764e-05,3.925e-06,3.944e-23,7.292e-32,1.634e-05,2.094e-06,1.292e-06,1.830e-06,6.631e-22,6.021e-09,496943470,0
ok,200000000.0000000000,199999995.8408320844,199999999.8408320844,42.5278926215,42.4864595777,0.0009861608,0.041939,1.000e+00,1.956e-05,3.925e-06,4.951e-23,1.455e-31,1.826e-05,2.094e-06,1.292e-06,1.830e-06,8.888e-22,6.713e-09,496943471,0
ok,200000000.0000000000,199999996.3408320844,199999999.8408320844,42.5295433032,42.4915903575,0.0103002622,0.438065,1.000e+00,1.758e-05,3.925e-06,1.194e-22,7.454e-32,1.628e-05,2.094e-06,1.292e-06,1.830e-06,3.787e-21,6.843e-09,496943473,0
ok,200000000.0000000000,199999996.8408320844,199999999.8408320844,42.5305331541,42.4933830442,0.0845292421,3.595074,1.000e+00,1.713e-05,3.925e-06,3.483e-22,2.246e-32,1.582e-05,2.094e-06,1.292e-06,1.830e-06,1.097e-20,1.294e-08,496943474,0
ok,200000000.0000000000,199999997.3408320844,199999999.8408320844,42.5300970563,42.4886533943,0.0022542699,0.095874,1.000e+00,1.956e-05,3.925e-06,1.143e-22,1.399e-32,1.827e-05,2.094e-06,1.292e-06,1.830e-06,2.350e-21,3.237e-09,496943475,0
ok,200000000.0000000000,199999997.8408320844,199999999.8408320844,42.5280416669,42.4904121413,0.0262610140,1.116830,1.000e+00,1.740e-05,3.925e-06,2.070e-22,4.134e-32,1.610e-05,2.094e-06,1.292e-06,1.830e-06,3.200e-21,5.828e-09,496943477,0
ok,200000000.0000000000,199999998.3408320844,199999999.8408320844,42.5311793005,42.4939965205,0.1063629197,4.523740,1.000e+00,1.714e-05,3.925e-06,4.328e-22,1.223e-31,1.585e-05,2.094e-06,1.292e-06,1.830e-06,5.047e-21,5.300e-09,496943478,0
ok,200000000.0000000000,199999998.8408320844,199999999.8408320844,42.5319834850,42.4946314338,0.0659146681,2.803482,1.000e+00,1.724e-05,3.925e-06,3.689e-22,1.354e-31,1.594e-05,2.094e-06,1.292e-06,1.830e-06,1.024e-21,3.794e-09,496943479,0
ok,200000000.0000000000,199999999.3408320844,199999999.8408320844,42.5300274150,42.4924046894,0.0378613530,1.610244,1.000e+00,1.739e-05,3.925e-06,3.005e-22,6.451e-32,1.608e-05,2.094e-06,1.292e-06,1.830e-06,4.810e-21,1.725e-08,496943481,0
ok,200000000.0000000000,200000000.3408320844,199999999.8408320844,42.5300930891,42.4930658621,0.4425797199,18.822957,1.000e+00,1.706e-05,3.925e-06,1.870e-21,2.303e-31,1.576e-05,2.094e-06,1.292e-06,1.830e-06,2.516e-21,4.716e-09,496943483,0
ok,200000000.0000000000,200000000.8408320844,199999999.8408320844,42.5313612781,42.4941984663,0.1159538541,4.931675,1.000e+00,1.713e-05,3.925e-06,5.073e-22,1.663e-31,1.584e-05,2.094e-06,1.292e-06,1.830e-06,9.532e-21,5.644e-10,496943484,0
ok,200000000.0000000000,200000001.3408320844,199999999.8408320844,42.5310517126,42.4936823351,0.0275435031,1.171454,1.000e+00,1.725e-05,3.925e-06,1.486e-22,1.269e-31,1.595e-05,2.094e-06,1.292e-06,1.830e-06,8.413e-22,5.444e-09,496943486,0
ok,200000000.0000000000,200000001.8408320844,199999999.8408320844,42.5294260723,42.4920086910,0.0121861008,0.518268,1.000e+00,1.728e-05,3.925e-06,5.185e-23,1.352e-32,1.598e-05,2.094e-06,1.292e-06,1.830e-06,2.438e-22,4.171e-09,496943487,0
ok,200000000.0000000000,200000002.3408320844,199999999.8408320844,42.5319455732,42.4943626914,0.0076845882,0.326840,1.000e+00,1.737e-05,3.925e-06,3.251e-23,3.538e-33,1.607e-05,2.094e-06,1.292e-06,1.830e-06,2.013e-21,3.240e-09,496943489,0
ok,200000000.0000000000,200000002.8408320844,199999999.8408320844,42.5294575203,42.4909182937,0.0097292231,0.413779,1.000e+00,1.792e-05,3.925e-06,1.815e-22,1.562e-31,1.662e-05,2.094e-06,1.292e-06,1.830e-06,6.130e-21,6.818e-09,496943490,0
ok,200000000.0000000000,200000003.3408320844,199999999.8408320844,42.5304373731,42.4930563816,0.0285067297,1.212404,1.000e+00,1.726e-05,3.925e-06,1.976e-22,4.596e-32,1.596e-05,2.094e-06,1.292e-06,1.830e-06,1.563e-21,6.984e-09,496943491,0
ok,200000000.0000000000,200000003.8408320844,199999999.8408320844,42.5315781766,42.4941402740,0.0285352616,1.213650,1.000e+00,1.729e-05,3.925e-06,1.428e-22,1.505e-31,1.598e-05,2.094e-06,1.292e-06,1.830e-06,1.249e-21,1.324e-08,496943493,0
ok,200000000.0000000000,200000004.3408320844,199999999.8408320844,42.5259594333,42.4813736830,0.0034954850,0.148649,1.000e+00,2.135e-05,3.925e-06,3.205e-22,1.191e-32,2.006e-05,2.094e-06,1.292e-06,1.830e-06,3.663e-21,1.117e-10,496943494,0
ok,200000000.0000000000,200000004.8408320844,199999999.8408320844,42.5310746864,42.4928596041,0.0243297219,1.034769,1.000e+00,1.773e-05,3.925e-06,3.911e-22,1.838e-31,1.644e-05,2.094e-06,1.292e-06,1.830e-06,7.847e-21,6.019e-10,496943496,0
ok,200000000.0000000000,200000005.3408320844,199999999.8408320844,42.5305612628,42.4920851930,0.0083932640,0.356970,1.000e+00,1.788e-05,3.925e-06,1.696e-22,1.221e-31,1.658e-05,2.094e-06,1.292e-06,1.830e-06,1.662e-21,3.111e-09,496943496,0
ok,200000000.0000000000,200000005.8408320844,199999999.8408320844,42.5311006378,42.4935892041,0.0073024985,0.310583,1.000e+00,1.733e-05,3.925e-06,3.852e-23,1.872e-31,1.603e-05,2.094e-06,1.292e-06,1.830e-06,4.697e-22,1.071e-08,496943498,0
audit,x=250000000.0000000000,t=249999993.7738887072, rem_spread_max=1.365e-20 ext_spread_max=1.294e-08 
ok,250000000.0000000000,249999993.7738887072,249999999.7738887072,27.0915089770,27.0723744393,0.0306126049,0.829342,1.000e+00,2.212e-05,4.965e-06,3.414e-22,2.978e-32,2.075e-05,2.678e-06,1.366e-06,2.288e-06,5.316e-21,1.197e-08,635341966,0
ok,250000000.0000000000,249999994.2738887072,249999999.7738887072,27.0910252882,27.0715273210,0.0164866123,0.446639,1.000e+00,2.264e-05,4.965e-06,2.683e-22,9.327e-32,2.126e-05,2.678e-06,1.366e-06,2.288e-06,1.904e-21,1.348e-08,635341967,0
ok,250000000.0000000000,249999994.7738887072,249999999.7738887072,27.0912143774,27.0722587713,0.0074932888,0.203002,1.000e+00,2.187e-05,4.965e-06,4.681e-23,6.639e-32,2.049e-05,2.678e-06,1.366e-06,2.288e-06,2.302e-21,1.126e-08,635341969,0
ok,250000000.0000000000,249999995.2738887072,249999999.7738887072,27.0911866909,27.0727005722,0.0345373119,0.935657,1.000e+00,2.121e-05,4.965e-06,1.055e-22,4.682e-32,1.983e-05,2.678e-06,1.366e-06,2.288e-06,2.169e-21,1.044e-08,635341971,0
ok,250000000.0000000000,249999995.7738887072,249999999.7738887072,27.0907532653,27.0721536698,0.0134038422,0.363120,1.000e+00,2.137e-05,4.965e-06,3.231e-23,2.395e-32,2.000e-05,2.678e-06,1.366e-06,2.288e-06,5.601e-21,2.163e-09,635341972,0
ok,250000000.0000000000,249999996.2738887072,249999999.7738887072,27.0918483648,27.0732334127,0.0146082098,0.395763,1.000e+00,2.139e-05,4.965e-06,4.727e-23,5.149e-32,2.001e-05,2.678e-06,1.366e-06,2.288e-06,9.770e-21,1.201e-08,635341974,0
ok,250000000.0000000000,249999996.7738887072,249999999.7738887072,27.0927509884,27.0743308235,0.1087188994,2.945494,1.000e+00,2.111e-05,4.965e-06,2.485e-22,2.177e-32,1.973e-05,2.678e-06,1.366e-06,2.288e-06,8.611e-21,1.645e-08,635341975,0
ok,250000000.0000000000,249999997.2738887072,249999999.7738887072,27.0907305721,27.0722799129,0.0818786284,2.218152,1.000e+00,2.116e-05,4.965e-06,2.216e-22,2.630e-33,1.978e-05,2.678e-06,1.366e-06,2.288e-06,4.284e-21,8.188e-09,635341976,0
ok,250000000.0000000000,249999997.7738887072,249999999.7738887072,27.0909816276,27.0720887983,0.0108906836,0.295039,1.000e+00,2.178e-05,4.965e-06,7.425e-23,4.829e-33,2.041e-05,2.678e-06,1.366e-06,2.288e-06,5.367e-21,8.125e-09,635341978,0
ok,250000000.0000000000,249999998.2738887072,249999999.7738887072,27.0919643563,27.0734394372,0.0383224831,1.038231,1.000e+00,2.126e-05,4.965e-06,1.473e-22,7.461e-33,1.989e-05,2.678e-06,1.366e-06,2.288e-06,2.693e-21,3.581e-10,635341980,0
ok,250000000.0000000000,249999998.7738887072,249999999.7738887072,27.0920664030,27.0736127528,0.1391877050,3.770883,1.000e+00,2.116e-05,4.965e-06,3.658e-22,6.177e-33,1.978e-05,2.678e-06,1.366e-06,2.288e-06,5.484e-21,8.493e-09,635341981,0
ok,250000000.0000000000,249999999.2738887072,249999999.7738887072,27.0920028973,27.0735884450,0.2516072839,6.816545,1.000e+00,2.110e-05,4.965e-06,5.651e-22,5.277e-33,1.973e-05,2.678e-06,1.366e-06,2.288e-06,7.556e-21,5.897e-09,635341982,0
ok,250000000.0000000000,250000000.2738887072,249999999.7738887072,27.0915160820,27.0730587467,0.3008610034,8.150781,1.000e+00,2.116e-05,4.965e-06,1.026e-21,2.844e-32,1.980e-05,2.678e-06,1.366e-06,2.288e-06,4.523e-21,5.980e-10,635341984,0
ok,250000000.0000000000,250000000.7738887072,249999999.7738887072,27.0913714763,27.0727125355,0.0884591555,2.396480,1.000e+00,2.145e-05,4.965e-06,4.437e-22,2.906e-32,2.008e-05,2.678e-06,1.366e-06,2.288e-06,2.640e-21,3.546e-09,635341986,0
ok,250000000.0000000000,250000001.2738887072,249999999.7738887072,27.0912010946,27.0727065594,0.0843645218,2.285536,1.000e+00,2.122e-05,4.965e-06,2.107e-22,1.649e-31,1.984e-05,2.678e-06,1.366e-06,2.288e-06,5.133e-21,1.016e-08,635341987,0
ok,250000000.0000000000,250000001.7738887072,249999999.7738887072,27.0918190605,27.0731479850,0.0233111064,0.631540,1.000e+00,2.147e-05,4.965e-06,1.256e-22,9.000e-32,2.009e-05,2.678e-06,1.366e-06,2.288e-06,5.325e-21,5.988e-09,635341989,0
ok,250000000.0000000000,250000002.2738887072,249999999.7738887072,27.0901889967,27.0705349927,0.0037968064,0.102856,1.000e+00,2.286e-05,4.965e-06,7.019e-23,2.807e-32,2.150e-05,2.678e-06,1.366e-06,2.288e-06,2.900e-21,1.166e-10,635341989,0
ok,250000000.0000000000,250000002.7738887072,249999999.7738887072,27.0914795085,27.0726099606,0.0044108951,0.119498,1.000e+00,2.175e-05,4.965e-06,2.956e-23,6.373e-32,2.038e-05,2.678e-06,1.366e-06,2.288e-06,5.702e-21,2.255e-09,635341991,0
ok,250000000.0000000000,250000003.2738887072,249999999.7738887072,27.1276804845,27.0319705360,0.0000280750,0.000762,1.000e+00,1.305e-04,4.965e-06,2.842e-23,3.331e-32,1.292e-04,2.678e-06,1.366e-06,2.288e-06,4.250e-21,1.379e-08,635341994,0
ok,250000000.0000000000,250000003.7738887072,249999999.7738887072,27.0913339726,27.0729242184,0.1206499765,3.268569,1.000e+00,2.110e-05,4.965e-06,3.131e-22,7.315e-32,1.972e-05,2.678e-06,1.366e-06,2.288e-06,7.112e-22,1.349e-08,635341995,0
ok,250000000.0000000000,250000004.2738887072,249999999.7738887072,27.0910928645,27.0726963379,0.2053308378,5.562637,1.000e+00,2.108e-05,4.965e-06,5.074e-22,7.512e-32,1.971e-05,2.678e-06,1.366e-06,2.288e-06,8.702e-21,7.186e-09,635341996,0
ok,250000000.0000000000,250000004.7738887072,249999999.7738887072,27.0909918879,27.0723606771,0.0297789473,0.806741,1.000e+00,2.141e-05,4.965e-06,7.144e-23,1.034e-31,2.004e-05,2.678e-06,1.366e-06,2.288e-06,4.180e-21,3.201e-09,635341997,0
ok,250000000.0000000000,250000005.2738887072,249999999.7738887072,27.0910444767,27.0725008540,0.0392237357,1.062612,1.000e+00,2.129e-05,4.965e-06,1.464e-22,2.603e-32,1.991e-05,2.678e-06,1.366e-06,2.288e-06,1.687e-21,6.756e-09,635341998,0
ok,250000000.0000000000,250000005.7738887072,249999999.7738887072,27.0906374425,27.0722175943,0.0834746485,2.261381,1.000e+00,2.111e-05,4.965e-06,1.892e-22,8.378e-32,1.974e-05,2.678e-06,1.366e-06,2.288e-06,8.903e-22,8.226e-09,635342000,0
audit,x=300000000.0000000000,t=299999994.1628425121, rem_spread_max=5.612e-21 ext_spread_max=1.558e-08 
ok,300000000.0000000000,299999994.1628425121,300000000.1628425121,18.7027786097,18.6923676856,0.0251609104,0.470579,1.000e+00,2.545e-05,6.012e-06,4.285e-23,3.110e-32,2.401e-05,3.267e-06,1.426e-06,2.745e-06,4.579e-21,1.136e-08,775342802,0
ok,300000000.0000000000,299999994.6628425121,300000000.1628425121,18.7029173716,18.6926208947,0.1047018597,1.958230,1.000e+00,2.510e-05,6.012e-06,2.270e-22,3.038e-32,2.367e-05,3.267e-06,1.426e-06,2.745e-06,4.108e-22,5.107e-09,775342804,0
ok,300000000.0000000000,299999995.1628425121,300000000.1628425121,18.7042852469,18.6925796072,0.0048859833,0.091389,1.000e+00,2.936e-05,6.012e-06,1.033e-22,1.041e-31,2.792e-05,3.267e-06,1.426e-06,2.745e-06,2.307e-21,1.209e-08,775342805,0
ok,300000000.0000000000,299999995.6628425121,300000000.1628425121,18.7028299766,18.6924027154,0.0333424316,0.623598,1.000e+00,2.550e-05,6.012e-06,1.069e-22,6.736e-32,2.407e-05,3.267e-06,1.426e-06,2.745e-06,1.632e-22,5.915e-09,775342806,0
ok,300000000.0000000000,299999996.1628425121,300000000.1628425121,18.7035140314,18.6927854218,0.0122882735,0.229834,1.000e+00,2.641e-05,6.012e-06,8.895e-23,2.279e-32,2.497e-05,3.267e-06,1.426e-06,2.745e-06,5.535e-21,9.417e-09,775342808,0
ok,300000000.0000000000,299999996.6628425121,300000000.1628425121,18.7028384379,18.6925644126,0.0889597127,1.663799,1.000e+00,2.503e-05,6.012e-06,1.327e-22,2.983e-32,2.361e-05,3.267e-06,1.426e-06,2.745e-06,1.203e-20,3.178e-09,775342809,0
ok,300000000.0000000000,299999997.1628425121,300000000.1628425121,18.7029911445,18.6926578535,0.0448370848,0.838588,1.000e+00,2.521e-05,6.012e-06,9.391e-23,3.658e-32,2.378e-05,3.267e-06,1.426e-06,2.745e-06,1.099e-20,3.454e-09,775342811,0
ok,300000000.0000000000,299999997.6628425121,300000000.1628425121,18.7033201115,18.6930307603,0.0929502861,1.738479,1.000e+00,2.508e-05,6.012e-06,1.394e-22,5.061e-33,2.365e-05,3.267e-06,1.426e-06,2.745e-06,1.224e-21,6.865e-09,775342812,0
ok,300000000.0000000000,299999998.1628425121,300000000.1628425121,18.7033078065,18.6922937834,0.0112693678,0.210774,1.000e+00,2.727e-05,6.012e-06,1.342e-22,5.927e-33,2.583e-05,3.267e-06,1.426e-06,2.745e-06,6.069e-21,1.891e-08,775342813,0
ok,300000000.0000000000,299999998.6628425121,300000000.1628425121,18.7031351525,18.6928612000,0.1304947274,2.440661,1.000e+00,2.503e-05,6.012e-06,1.929e-22,7.515e-32,2.361e-05,3.267e-06,1.426e-06,2.745e-06,1.631e-21,1.291e-09,775342815,0
ok,300000000.0000000000,299999999.1628425121,300000000.1628425121,18.7038611490,18.6919102336,0.0048001908,0.089782,1.000e+00,3.010e-05,6.012e-06,1.209e-22,1.208e-31,2.867e-05,3.267e-06,1.426e-06,2.745e-06,2.606e-21,7.709e-09,775342816,0
ok,300000000.0000000000,299999999.6628425121,300000000.1628425121,18.7029180566,18.6926123212,0.1310785744,2.451552,1.000e+00,2.513e-05,6.012e-06,1.931e-22,6.875e-32,2.369e-05,3.267e-06,1.426e-06,2.745e-06,6.842e-21,1.249e-08,775342818,0
ok,300000000.0000000000,300000000.6628425121,300000000.1628425121,18.7029303965,18.6926603280,0.8169542499,15.279438,1.000e+00,2.502e-05,6.012e-06,1.599e-21,2.051e-32,2.359e-05,3.267e-06,1.426e-06,2.745e-06,1.766e-20,8.327e-09,775342820,0
ok,300000000.0000000000,300000001.1628425121,300000000.1628425121,18.7029804746,18.6927567454,0.9670000123,18.085782,1.000e+00,2.488e-05,6.012e-06,1.521e-21,9.867e-32,2.344e-05,3.267e-06,1.426e-06,2.745e-06,4.896e-21,1.555e-08,775342821,0
ok,300000000.0000000000,300000001.6628425121,300000000.1628425121,18.7027568976,18.6921911095,0.0224005711,0.418952,1.000e+00,2.592e-05,6.012e-06,1.210e-22,3.446e-32,2.448e-05,3.267e-06,1.426e-06,2.745e-06,3.758e-21,1.557e-08,775342822,0
ok,300000000.0000000000,300000002.1628425121,300000000.1628425121,18.7028972773,18.6925398138,0.0188827648,0.353162,1.000e+00,2.529e-05,6.012e-06,2.958e-23,2.645e-32,2.384e-05,3.267e-06,1.426e-06,2.745e-06,5.605e-21,1.711e-08,775342824,0
ok,300000000.0000000000,300000002.6628425121,300000000.1628425121,18.7019901354,18.6913200136,0.0039228666,0.073365,1.000e+00,2.624e-05,6.012e-06,1.799e-23,1.340e-31,2.481e-05,3.267e-06,1.426e-06,2.745e-06,2.803e-21,3.311e-09,775342826,0
ok,300000000.0000000000,300000003.1628425121,300000000.1628425121,18.7025716509,18.6920109326,0.0200549399,0.375079,1.000e+00,2.590e-05,6.012e-06,1.088e-22,4.182e-32,2.447e-05,3.267e-06,1.426e-06,2.745e-06,7.830e-21,9.472e-09,775342827,0
ok,300000000.0000000000,300000003.6628425121,300000000.1628425121,18.7028936136,18.6923804364,0.0133202919,0.249128,1.000e+00,2.576e-05,6.012e-06,4.771e-23,7.390e-32,2.433e-05,3.267e-06,1.426e-06,2.745e-06,3.790e-22,1.249e-09,775342829,0
ok,300000000.0000000000,300000004.1628425121,300000000.1628425121,18.7035057572,18.6932161972,0.0668850758,1.250985,1.000e+00,2.508e-05,6.012e-06,1.142e-22,2.649e-32,2.365e-05,3.267e-06,1.426e-06,2.745e-06,1.451e-20,8.094e-09,775342830,0
ok,300000000.0000000000,300000004.6628425121,300000000.1628425121,18.7027048733,18.6924031220,0.0580187254,1.085107,1.000e+00,2.512e-05,6.012e-06,9.304e-23,1.901e-32,2.368e-05,3.267e-06,1.426e-06,2.745e-06,4.740e-21,1.094e-08,775342832,0
ok,300000000.0000000000,300000005.1628425121,300000000.1628425121,18.7030035122,18.6927167497,0.0929653862,1.738732,1.000e+00,2.507e-05,6.012e-06,1.488e-22,1.423e-31,2.364e-05,3.267e-06,1.426e-06,2.745e-06,5.855e-21,9.854e-09,775342833,0
ok,300000000.0000000000,300000005.6628425121,300000000.1628425121,18.7026055680,18.6921273755,0.0242616111,0.453755,1.000e+00,2.565e-05,6.012e-06,8.869e-23,2.901e-32,2.423e-05,3.267e-06,1.426e-06,2.745e-06,4.835e-21,1.254e-09,775342835,0
ok,300000000.0000000000,300000006.1628425121,300000000.1628425121,18.7030058925,18.6927763201,0.3368769857,6.300612,1.000e+00,2.490e-05,6.012e-06,4.833e-22,6.815e-32,2.347e-05,3.267e-06,1.426e-06,2.745e-06,1.847e-21,3.712e-10,775342836,0
audit,x=400000000.0000000000,t=399999993.9071255922, rem_spread_max=5.400e-21 ext_spread_max=6.523e-09 
ok,400000000.0000000000,399999993.9071255922,399999999.9071255922,10.3577776198,10.3538440989,0.1915150531,1.983670,1.000e+00,3.247e-05,8.123e-06,4.693e-22,7.343e-32,3.095e-05,4.462e-06,1.520e-06,3.660e-06,2.019e-21,2.153e-09,1059150191,0
ok,400000000.0000000000,399999994.4071255922,399999999.9071255922,10.3576524288,10.3536773456,0.0351990160,0.364579,1.000e+00,3.291e-05,8.123e-06,7.976e-23,1.527e-32,3.138e-05,4.462e-06,1.520e-06,3.660e-06,6.742e-22,6.726e-09,1059150193,0
ok,400000000.0000000000,399999994.9071255922,399999999.9071255922,10.3576662258,10.3537179948,0.1131474562,1.171944,1.000e+00,3.263e-05,8.123e-06,3.326e-22,3.408e-32,3.110e-05,4.462e-06,1.520e-06,3.660e-06,2.251e-21,1.020e-08,1059150194,0
ok,400000000.0000000000,399999995.4071255922,399999999.9071255922,10.3577150694,10.3537292018,0.0273733161,0.283525,1.000e+00,3.302e-05,8.123e-06,7.520e-23,6.426e-35,3.149e-05,4.462e-06,1.520e-06,3.660e-06,6.948e-21,2.641e-09,1059150196,0
ok,400000000.0000000000,399999995.9071255922,399999999.9071255922,10.3575119874,10.3534770225,0.0289228795,0.299569,1.000e+00,3.352e-05,8.123e-06,2.102e-22,6.367e-32,3.200e-05,4.462e-06,1.520e-06,3.660e-06,6.839e-21,2.535e-09,1059150198,0
ok,400000000.0000000000,399999996.4071255922,399999999.9071255922,10.3576860598,10.3536306180,0.0333403758,0.345329,1.000e+00,3.373e-05,8.123e-06,2.076e-22,3.548e-33,3.221e-05,4.462e-06,1.520e-06,3.660e-06,8.397e-21,7.123e-09,1059150199,0
ok,400000000.0000000000,399999996.9071255922,399999999.9071255922,10.3577558940,10.3537197913,0.1440229347,1.491754,1.000e+00,3.353e-05,8.123e-06,1.089e-21,4.219e-32,3.201e-05,4.462e-06,1.520e-06,3.660e-06,8.631e-21,8.368e-09,1059150200,0
ok,400000000.0000000000,399999997.4071255922,399999999.9071255922,10.3576055514,10.3536621209,0.3751671613,3.885834,1.000e+00,3.258e-05,8.123e-06,1.238e-21,8.571e-33,3.105e-05,4.462e-06,1.520e-06,3.660e-06,6.153e-21,4.043e-09,1059150201,0
ok,400000000.0000000000,399999997.9071255922,399999999.9071255922,10.3576283462,10.3536877056,0.2842237804,2.943884,1.000e+00,3.255e-05,8.123e-06,6.290e-22,4.052e-33,3.103e-05,4.462e-06,1.520e-06,3.660e-06,1.118e-21,2.169e-09,1059150203,0
ok,400000000.0000000000,399999998.4071255922,399999999.9071255922,10.3576965526,10.3537473737,0.2045523991,2.118692,1.000e+00,3.264e-05,8.123e-06,5.878e-22,1.416e-32,3.110e-05,4.462e-06,1.520e-06,3.660e-06,1.418e-20,1.732e-08,1059150204,0
ok,400000000.0000000000,399999998.9071255922,399999999.9071255922,10.3578036220,10.3538503183,0.1751368809,1.814033,1.000e+00,3.268e-05,8.123e-06,3.880e-22,2.277e-32,3.115e-05,4.462e-06,1.520e-06,3.660e-06,3.438e-22,1.060e-08,1059150206,0
ok,400000000.0000000000,399999999.4071255922,399999999.9071255922,10.3576992866,10.3537617920,0.4356732873,4.512573,1.000e+00,3.252e-05,8.123e-06,1.121e-21,3.396e-32,3.099e-05,4.462e-06,1.520e-06,3.660e-06,4.961e-21,1.077e-08,1059150207,0
ok,400000000.0000000000,400000000.4071255922,399999999.9071255922,10.3577634367,10.3537101451,0.0139503160,0.144494,1.000e+00,3.371e-05,8.123e-06,4.700e-23,4.663e-32,3.218e-05,4.462e-06,1.520e-06,3.660e-06,5.382e-21,7.868e-09,1059150210,0
ok,400000000.0000000000,400000000.9071255922,399999999.9071255922,10.3576652781,10.3537445132,1.0316770612,10.685766,1.000e+00,3.234e-05,8.123e-06,2.498e-21,7.479e-32,3.082e-05,4.462e-06,1.520e-06,3.660e-06,3.413e-21,5.410e-09,1059150212,0
ok,400000000.0000000000,400000001.4071255922,399999999.9071255922,10.3578102536,10.3538554219,0.4615424256,4.780569,1.000e+00,3.269e-05,8.123e-06,1.550e-21,8.151e-32,3.117e-05,4.462e-06,1.520e-06,3.660e-06,1.048e-20,3.343e-09,1059150213,0
ok,400000000.0000000000,400000001.9071255922,399999999.9071255922,10.3578518404,10.3536764654,0.0095935921,0.099369,1.000e+00,3.497e-05,8.123e-06,1.581e-22,7.960e-32,3.344e-05,4.462e-06,1.520e-06,3.660e-06,1.246e-20,1.534e-08,1059150213,0
ok,400000000.0000000000,400000002.4071255922,399999999.9071255922,10.3576369334,10.3535974114,0.0324200355,0.335795,1.000e+00,3.357e-05,8.123e-06,2.179e-22,5.085e-32,3.204e-05,4.462e-06,1.520e-06,3.660e-06,9.798e-22,1.197e-08,1059150216,0
ok,400000000.0000000000,400000002.9071255922,399999999.9071255922,10.3575083743,10.3534422925,0.0346309865,0.358691,1.000e+00,3.385e-05,8.123e-06,2.804e-22,7.658e-32,3.232e-05,4.462e-06,1.520e-06,3.660e-06,1.920e-21,5.535e-09,1059150217,0
ok,400000000.0000000000,400000003.4071255922,399999999.9071255922,10.3577015856,10.3537131494,0.0737560054,0.763943,1.000e+00,3.304e-05,8.123e-06,3.921e-22,6.099e-32,3.152e-05,4.462e-06,1.520e-06,3.660e-06,6.346e-21,5.747e-10,1059150218,0
ok,400000000.0000000000,400000003.9071255922,399999999.9071255922,10.3576812393,10.3537443497,0.2058666271,2.132301,1.000e+00,3.251e-05,8.123e-06,4.583e-22,4.489e-32,3.099e-05,4.462e-06,1.520e-06,3.660e-06,3.556e-21,4.273e-09,1059150220,0
ok,400000000.0000000000,400000004.4071255922,399999999.9071255922,10.3576661245,10.3534481223,0.0143876361,0.149022,1.000e+00,3.541e-05,8.123e-06,2.513e-22,9.027e-32,3.389e-05,4.462e-06,1.520e-06,3.660e-06,7.886e-21,5.518e-09,1059150222,0
ok,400000000.0000000000,400000004.9071255922,399999999.9071255922,10.3576502955,10.3537039352,0.1522736062,1.577197,1.000e+00,3.261e-05,8.123e-06,3.367e-22,3.168e-32,3.107e-05,4.462e-06,1.520e-06,3.660e-06,8.964e-21,1.678e-08,1059150223,0
ok,400000000.0000000000,400000005.4071255922,399999999.9071255922,10.3577944738,10.3538593938,0.2003372324,2.075052,1.000e+00,3.249e-05,8.123e-06,5.011e-22,7.902e-32,3.097e-05,4.462e-06,1.520e-06,3.660e-06,5.183e-21,1.520e-09,1059150224,0
ok,400000000.0000000000,400000005.9071255922,399999999.9071255922,10.3575937502,10.3535308922,0.0074322136,0.076980,1.000e+00,3.381e-05,8.123e-06,3.284e-23,2.576e-32,3.229e-05,4.462e-06,1.520e-06,3.660e-06,9.298e-21,6.094e-09,1059150226,0
audit,x=500000000.0000000000,t=499999993.9790470600, rem_spread_max=5.021e-21 ext_spread_max=9.382e-09 
ok,500000000.0000000000,499999993.9790470600,499999999.9790470600,6.4881261677,6.4863469263,0.2967274779,1.925205,1.000e+00,3.973e-05,1.025e-05,4.664e-22,1.063e-31,3.813e-05,5.674e-06,1.594e-06,4.575e-06,5.021e-21,7.313e-09,1346978974,0
ok,500000000.0000000000,499999994.4790470600,499999999.9790470600,6.4878717513,6.4853323100,0.0053268241,0.034560,1.000e+00,6.110e-05,1.025e-05,3.167e-22,8.803e-32,5.950e-05,5.674e-06,1.594e-06,4.575e-06,8.951e-21,8.100e-09,1346978975,0
ok,500000000.0000000000,499999994.9790470600,499999999.9790470600,6.4881444876,6.4863695384,0.2098184110,1.361332,1.000e+00,3.961e-05,1.025e-05,2.883e-22,4.115e-32,3.802e-05,5.674e-06,1.594e-06,4.575e-06,3.259e-21,4.717e-10,1346978977,0
ok,500000000.0000000000,499999995.4790470600,499999999.9790470600,6.4881677270,6.4863905488,0.1575541088,1.022238,1.000e+00,3.967e-05,1.025e-05,2.628e-22,1.065e-31,3.807e-05,5.674e-06,1.594e-06,4.575e-06,3.952e-21,4.302e-09,1346978979,0
ok,500000000.0000000000,499999995.9790470600,499999999.9790470600,6.4881526205,6.4863695266,0.0892506463,0.579072,1.000e+00,3.984e-05,1.025e-05,1.286e-22,5.148e-32,3.823e-05,5.674e-06,1.594e-06,4.575e-06,2.838e-21,1.128e-08,1346978980,0
ok,500000000.0000000000,499999996.4790470600,499999999.9790470600,6.4880959008,6.4863179136,0.1336871880,0.867375,1.000e+00,3.970e-05,1.025e-05,2.050e-22,2.430e-32,3.810e-05,5.674e-06,1.594e-06,4.575e-06,5.885e-21,2.455e-09,1346978982,0
ok,500000000.0000000000,499999996.9790470600,499999999.9790470600,6.4881356737,6.4862292278,0.0128622593,0.083452,1.000e+00,4.331e-05,1.025e-05,1.345e-22,5.362e-32,4.170e-05,5.674e-06,1.594e-06,4.575e-06,2.225e-21,8.359e-09,1346978983,0
ok,500000000.0000000000,499999997.4790470600,499999999.9790470600,6.4881450076,6.4863705553,0.4244577786,2.753944,1.000e+00,3.960e-05,1.025e-05,5.808e-22,3.377e-32,3.799e-05,5.674e-06,1.594e-06,4.575e-06,6.563e-21,1.402e-08,1346978985,0
ok,500000000.0000000000,499999997.9790470600,499999999.9790470600,6.4881716270,6.4863972542,0.6885587569,4.467487,1.000e+00,3.959e-05,1.025e-05,1.103e-21,5.791e-32,3.800e-05,5.674e-06,1.594e-06,4.575e-06,7.457e-21,1.779e-09,1346978986,0
ok,500000000.0000000000,499999998.4790470600,499999999.9790470600,6.4881455155,6.4863364360,0.2151368351,1.395839,1.000e+00,4.057e-05,1.025e-05,8.203e-22,1.476e-32,3.897e-05,5.674e-06,1.594e-06,4.575e-06,3.630e-21,1.071e-08,1346978988,0
ok,500000000.0000000000,499999998.9790470600,499999999.9790470600,6.4881161881,6.4863448978,1.0273916944,6.665837,1.000e+00,3.951e-05,1.025e-05,1.414e-21,3.512e-32,3.791e-05,5.674e-06,1.594e-06,4.575e-06,9.169e-21,8.873e-10,1346978989,0
ok,500000000.0000000000,499999999.4790470600,499999999.9790470600,6.4880953894,6.4861669907,0.0816855789,0.529984,1.000e+00,4.392e-05,1.025e-05,1.024e-21,1.384e-32,4.233e-05,5.674e-06,1.594e-06,4.575e-06,6.982e-22,1.768e-09,1346978990,0
ok,500000000.0000000000,500000000.4790470600,499999999.9790470600,6.4881258067,6.4863353431,0.2031764419,1.318234,1.000e+00,4.005e-05,1.025e-05,3.215e-22,8.820e-32,3.844e-05,5.674e-06,1.594e-06,4.575e-06,6.625e-21,1.033e-08,1346978993,0
ok,500000000.0000000000,500000000.9790470600,499999999.9790470600,6.4881819208,6.4864015999,0.4301781487,2.791074,1.000e+00,3.976e-05,1.025e-05,9.400e-22,4.737e-32,3.816e-05,5.674e-06,1.594e-06,4.575e-06,1.088e-22,2.647e-09,1346978995,0
ok,500000000.0000000000,500000001.4790470600,499999999.9790470600,6.4882328693,6.4864264684,0.1629989613,1.057575,1.000e+00,4.049e-05,1.025e-05,5.251e-22,9.231e-32,3.890e-05,5.674e-06,1.594e-06,4.575e-06,4.654e-21,2.938e-09,1346978996,0
ok,500000000.0000000000,500000001.9790470600,499999999.9790470600,6.4882208752,6.4864504953,0.4441731792,2.881894,1.000e+00,3.948e-05,1.025e-05,6.165e-22,7.070e-33,3.788e-05,5.674e-06,1.594e-06,4.575e-06,5.026e-21,6.952e-09,1346978997,0
ok,500000000.0000000000,500000002.4790470600,499999999.9790470600,6.4882198354,6.4863967120,0.0097724396,0.063406,1.000e+00,4.096e-05,1.025e-05,1.979e-23,5.818e-32,3.936e-05,5.674e-06,1.594e-06,4.575e-06,1.404e-21,1.376e-08,1346978999,0
ok,500000000.0000000000,500000002.9790470600,499999999.9790470600,6.4881507263,6.4858414783,0.0042785329,0.027760,1.000e+00,5.462e-05,1.025e-05,1.784e-22,6.911e-32,5.303e-05,5.674e-06,1.594e-06,4.575e-06,4.677e-22,2.268e-09,1346979001,0
ok,500000000.0000000000,500000003.4790470600,499999999.9790470600,6.4881711541,6.4863896721,0.1122657954,0.728400,1.000e+00,3.979e-05,1.025e-05,1.544e-22,6.306e-32,3.820e-05,5.674e-06,1.594e-06,4.575e-06,2.319e-21,2.152e-09,1346979002,0
ok,500000000.0000000000,500000003.9790470600,499999999.9790470600,6.4882540937,6.4864663189,0.1196654233,0.776420,1.000e+00,3.997e-05,1.025e-05,2.485e-22,5.657e-32,3.836e-05,5.674e-06,1.594e-06,4.575e-06,2.858e-22,1.321e-08,1346979004,0
ok,500000000.0000000000,500000004.4790470600,499999999.9790470600,6.4881218053,6.4863540351,0.8654261279,5.614990,1.000e+00,3.941e-05,1.025e-05,1.186e-21,3.581e-32,3.781e-05,5.674e-06,1.594e-06,4.575e-06,2.126e-20,3.254e-09,1346979005,0
ok,500000000.0000000000,500000004.9790470600,499999999.9790470600,6.4881554904,6.4863622375,0.1939797414,1.258571,1.000e+00,4.012e-05,1.025e-05,4.594e-22,8.640e-32,3.853e-05,5.674e-06,1.594e-06,4.575e-06,3.903e-21,5.826e-09,1346979006,0
ok,500000000.0000000000,500000005.4790470600,499999999.9790470600,6.4881288305,6.4863433144,0.2959679236,1.920278,1.000e+00,3.991e-05,1.025e-05,6.452e-22,9.661e-32,3.831e-05,5.674e-06,1.594e-06,4.575e-06,5.265e-21,3.310e-09,1346979008,0
ok,500000000.0000000000,500000005.9790470600,499999999.9790470600,6.4881371213,6.4863646548,0.5190125904,3.367425,1.000e+00,3.954e-05,1.025e-05,7.106e-22,1.599e-32,3.794e-05,5.674e-06,1.594e-06,4.575e-06,2.166e-21,8.426e-09,1346979009,0
audit,x=600000000.0000000000,t=599999994.0717860460, rem_spread_max=2.030e-21 ext_spread_max=2.553e-08 
ok,600000000.0000000000,599999994.0717860460,600000000.0717860460,4.3775268866,4.3766608912,0.3660466863,1.602379,1.000e+00,4.619e-05,1.239e-05,4.019e-22,2.756e-32,4.452e-05,6.898e-06,1.654e-06,5.490e-06,1.819e-21,1.879e-08,1638012424,0
ok,600000000.0000000000,599999994.5717860460,600000000.0717860460,4.3775222889,4.3766525413,0.2072819228,0.907381,1.000e+00,4.645e-05,1.239e-05,2.960e-22,4.277e-32,4.479e-05,6.898e-06,1.654e-06,5.490e-06,1.139e-20,1.953e-09,1638012425,0
ok,600000000.0000000000,599999995.0717860460,600000000.0717860460,4.3775294481,4.3766640628,0.3634648041,1.591078,1.000e+00,4.615e-05,1.239e-05,3.803e-22,5.911e-32,4.450e-05,6.898e-06,1.654e-06,5.490e-06,1.220e-20,3.243e-09,1638012427,0
ok,600000000.0000000000,599999995.5717860460,600000000.0717860460,4.3775744353,4.3766987673,0.2374610589,1.039503,1.000e+00,4.685e-05,1.239e-05,5.904e-22,1.022e-32,4.519e-05,6.898e-06,1.654e-06,5.490e-06,7.342e-22,6.332e-09,1638012429,0
ok,600000000.0000000000,599999996.0717860460,600000000.0717860460,4.3773552149,4.3763685845,0.0366501310,0.160431,1.000e+00,5.436e-05,1.239e-05,5.414e-22,7.227e-32,5.270e-05,6.898e-06,1.654e-06,5.490e-06,3.915e-21,9.166e-09,1638012429,0
ok,600000000.0000000000,599999996.5717860460,600000000.0717860460,4.3775308643,4.3766626978,0.2834091317,1.240632,1.000e+00,4.634e-05,1.239e-05,3.249e-22,1.127e-32,4.469e-05,6.898e-06,1.654e-06,5.490e-06,9.863e-21,1.766e-09,1638012431,0
ok,600000000.0000000000,599999997.0717860460,600000000.0717860460,4.3775763467,4.3766906331,0.0942229474,0.412468,1.000e+00,4.753e-05,1.239e-05,2.792e-22,7.054e-32,4.587e-05,6.898e-06,1.654e-06,5.490e-06,4.046e-21,5.628e-09,1638012433,0
ok,600000000.0000000000,599999997.5717860460,600000000.0717860460,4.3775599467,4.3766407151,0.0400764090,0.175437,1.000e+00,4.979e-05,1.239e-05,2.862e-22,5.437e-32,4.813e-05,6.898e-06,1.654e-06,5.490e-06,5.528e-22,1.535e-08,1638012435,0
ok,600000000.0000000000,599999998.0717860460,600000000.0717860460,4.3775170073,4.3766422215,0.2263475516,0.990840,1.000e+00,4.679e-05,1.239e-05,3.920e-22,1.630e-31,4.513e-05,6.898e-06,1.654e-06,5.490e-06,5.236e-21,3.279e-09,1638012436,0
ok,600000000.0000000000,599999998.5717860460,600000000.0717860460,4.3775158031,4.3766483560,0.6108244676,2.673894,1.000e+00,4.629e-05,1.239e-05,7.765e-22,1.074e-31,4.463e-05,6.898e-06,1.654e-06,5.490e-06,1.050e-20,7.701e-09,1638012437,0
ok,600000000.0000000000,599999999.0717860460,600000000.0717860460,4.3775446708,4.3764816315,0.0343541955,0.150387,1.000e+00,5.953e-05,1.239e-05,7.945e-22,7.288e-33,5.786e-05,6.898e-06,1.654e-06,5.490e-06,3.134e-21,8.917e-09,1638012438,0
ok,600000000.0000000000,599999999.5717860460,600000000.0717860460,4.3775237700,4.3766564272,0.5103922736,2.234254,1.000e+00,4.628e-05,1.239e-05,5.189e-22,1.641e-31,4.463e-05,6.898e-06,1.654e-06,5.490e-06,5.050e-21,1.215e-09,1638012440,0
ok,600000000.0000000000,600000000.5717860460,600000000.0717860460,4.3775361434,4.3766615777,0.2715510518,1.188725,1.000e+00,4.677e-05,1.239e-05,4.213e-22,1.475e-31,4.511e-05,6.898e-06,1.654e-06,5.490e-06,1.691e-21,6.732e-09,1638012443,0
ok,600000000.0000000000,600000001.0717860460,600000000.0717860460,4.3775139182,4.3766503108,1.3378746288,5.856565,1.000e+00,4.603e-05,1.239e-05,1.891e-21,7.367e-32,4.437e-05,6.898e-06,1.654e-06,5.490e-06,4.205e-21,4.354e-09,1638012445,0
ok,600000000.0000000000,600000001.5717860460,600000000.0717860460,4.3775575696,4.3766733464,0.6154877837,2.694333,1.000e+00,4.743e-05,1.239e-05,1.997e-21,1.109e-31,4.576e-05,6.898e-06,1.654e-06,5.490e-06,8.582e-21,7.437e-09,1638012446,0
ok,600000000.0000000000,600000002.0717860460,600000000.0717860460,4.3775248396,4.3766592255,1.1700117328,5.121755,1.000e+00,4.617e-05,1.239e-05,1.518e-21,6.622e-32,4.451e-05,6.898e-06,1.654e-06,5.490e-06,1.404e-20,4.972e-09,1638012447,0
ok,600000000.0000000000,600000002.5717860460,600000000.0717860460,4.3775250497,4.3766139359,0.0303346669,0.132791,1.000e+00,4.925e-05,1.239e-05,1.444e-22,1.385e-31,4.758e-05,6.898e-06,1.654e-06,5.490e-06,6.354e-21,1.012e-08,1638012448,0
ok,600000000.0000000000,600000003.0717860460,600000000.0717860460,4.3775411142,4.3766670963,0.0417314049,0.182681,1.000e+00,4.674e-05,1.239e-05,4.316e-23,1.688e-32,4.508e-05,6.898e-06,1.654e-06,5.490e-06,6.097e-21,4.185e-09,1638012450,0
ok,600000000.0000000000,600000003.5717860460,600000000.0717860460,4.3775344070,4.3766638934,0.1017778059,0.445536,1.000e+00,4.650e-05,1.239e-05,1.358e-22,1.002e-31,4.483e-05,6.898e-06,1.654e-06,5.490e-06,3.605e-21,1.551e-08,1638012452,0
ok,600000000.0000000000,600000004.0717860460,600000000.0717860460,4.3774868619,4.3765955746,0.0693596607,0.303621,1.000e+00,4.791e-05,1.239e-05,2.433e-22,4.975e-32,4.625e-05,6.898e-06,1.654e-06,5.490e-06,8.260e-21,6.134e-10,1638012453,0
ok,600000000.0000000000,600000004.5717860460,600000000.0717860460,4.3762699159,4.3743596674,0.0026447593,0.011574,1.000e+00,1.169e-04,1.239e-05,3.125e-22,4.033e-32,1.153e-04,6.898e-06,1.654e-06,5.490e-06,2.043e-22,6.903e-09,1638012454,0
ok,600000000.0000000000,600000005.0717860460,600000000.0717860460,4.3775306258,4.3766551071,0.0918437367,0.402049,1.000e+00,4.684e-05,1.239e-05,1.356e-22,1.434e-31,4.518e-05,6.898e-06,1.654e-06,5.490e-06,5.416e-21,9.084e-09,1638012456,0
ok,600000000.0000000000,600000005.5717860460,600000000.0717860460,4.3775216733,4.3766549214,0.3339598425,1.461916,1.000e+00,4.624e-05,1.239e-05,3.801e-22,2.417e-32,4.458e-05,6.898e-06,1.654e-06,5.490e-06,1.160e-21,1.340e-08,1638012458,0
ok,600000000.0000000000,600000006.0717860460,600000000.0717860460,4.3774941916,4.3766176737,0.2905514139,1.271887,1.000e+00,4.691e-05,1.239e-05,5.921e-22,9.183e-32,4.525e-05,6.898e-06,1.654e-06,5.490e-06,2.860e-21,4.985e-09,1638012459,0
audit,x=800000000.0000000000,t=799999993.7759722471, rem_spread_max=1.186e-20 ext_spread_max=9.980e-09 
ok,800000000.0000000000,799999993.7759722471,799999999.7759722471,2.2433606183,2.2431514862,0.4432421861,0.994352,1.000e+00,5.829e-05,1.670e-05,8.825e-22,9.218e-32,5.653e-05,9.375e-06,1.748e-06,7.320e-06,6.091e-21,4.146e-09,2227690763,0
ok,800000000.0000000000,799999994.2759722471,799999999.7759722471,2.2433564941,2.2431521762,2.2435770779,5.033143,1.000e+00,5.656e-05,1.670e-05,1.548e-21,1.398e-31,5.481e-05,9.375e-06,1.748e-06,7.320e-06,1.515e-20,1.130e-09,2227690765,0
ok,800000000.0000000000,799999994.7759722471,799999999.7759722471,2.2433541198,2.2431483276,0.6747345173,1.513668,1.000e+00,5.709e-05,1.670e-05,5.999e-22,6.556e-32,5.533e-05,9.375e-06,1.748e-06,7.320e-06,7.209e-22,6.541e-09,2227690766,0
ok,800000000.0000000000,799999995.2759722471,799999999.7759722471,2.2433596140,2.2431525654,0.2264566763,0.508024,1.000e+00,5.754e-05,1.670e-05,1.885e-22,5.093e-32,5.579e-05,9.375e-06,1.748e-06,7.320e-06,4.329e-21,2.060e-09,2227690768,0
ok,800000000.0000000000,799999995.7759722471,799999999.7759722471,2.2433583930,2.2431501819,0.2154963834,0.483436,1.000e+00,5.796e-05,1.670e-05,3.348e-22,2.608e-32,5.620e-05,9.375e-06,1.748e-06,7.320e-06,1.345e-21,2.637e-09,2227690770,0
ok,800000000.0000000000,799999996.2759722471,799999999.7759722471,2.2433561094,2.2431506667,0.5355701878,1.201475,1.000e+00,5.696e-05,1.670e-05,3.712e-22,9.020e-33,5.521e-05,9.375e-06,1.748e-06,7.320e-06,7.025e-21,1.493e-09,2227690771,0
ok,800000000.0000000000,799999996.7759722471,799999999.7759722471,2.2433520122,2.2431410867,0.1625776670,0.364719,1.000e+00,5.893e-05,1.670e-05,3.782e-22,1.512e-31,5.717e-05,9.375e-06,1.748e-06,7.320e-06,7.722e-21,1.040e-08,2227690773,0
ok,800000000.0000000000,799999997.2759722471,799999999.7759722471,2.2433589813,2.2431510195,0.1083731500,0.243120,1.000e+00,5.787e-05,1.670e-05,7.571e-23,3.652e-32,5.611e-05,9.375e-06,1.748e-06,7.320e-06,1.659e-21,8.543e-09,2227690774,0
ok,800000000.0000000000,799999997.7759722471,799999999.7759722471,2.2433594302,2.2431543991,0.9024722855,2.024570,1.000e+00,5.681e-05,1.670e-05,6.217e-22,1.202e-31,5.506e-05,9.375e-06,1.748e-06,7.320e-06,4.998e-21,3.082e-09,2227690776,0
ok,800000000.0000000000,799999998.2759722471,799999999.7759722471,2.2433458781,2.2431309927,0.2800708700,0.628296,1.000e+00,6.035e-05,1.670e-05,9.543e-22,1.453e-32,5.859e-05,9.375e-06,1.748e-06,7.320e-06,5.946e-21,9.049e-09,2227690777,0
ok,800000000.0000000000,799999998.7759722471,799999999.7759722471,2.2433566294,2.2431524308,5.7316141058,12.858055,1.000e+00,5.652e-05,1.670e-05,4.494e-21,5.831e-32,5.476e-05,9.375e-06,1.748e-06,7.320e-06,3.302e-21,5.250e-09,2227690779,0
ok,800000000.0000000000,799999999.2759722471,799999999.7759722471,2.2433523363,2.2431473165,3.7199542934,8.345168,1.000e+00,5.681e-05,1.670e-05,2.899e-21,2.006e-31,5.506e-05,9.375e-06,1.748e-06,7.320e-06,6.680e-21,3.634e-09,2227690780,0
ok,800000000.0000000000,800000000.2759722471,799999999.7759722471,2.2433219618,2.2430708323,0.1035053197,0.232196,1.000e+00,7.335e-05,1.670e-05,1.499e-21,1.886e-32,7.159e-05,9.375e-06,1.748e-06,7.320e-06,2.010e-21,8.721e-09,2227690782,0
ok,800000000.0000000000,800000000.7759722471,799999999.7759722471,2.2433531814,2.2431481226,1.3301427404,2.983980,1.000e+00,5.683e-05,1.670e-05,9.154e-22,5.435e-32,5.507e-05,9.375e-06,1.748e-06,7.320e-06,2.900e-21,2.371e-09,2227690784,0
ok,800000000.0000000000,800000001.2759722471,799999999.7759722471,2.2433625510,2.2431479338,0.1003649343,0.225155,1.000e+00,6.025e-05,1.670e-05,3.168e-22,2.667e-32,5.850e-05,9.375e-06,1.748e-06,7.320e-06,5.873e-21,4.253e-09,2227690786,0
ok,800000000.0000000000,800000001.7759722471,799999999.7759722471,2.2433615776,2.2431554616,0.7205288622,1.616407,1.000e+00,5.720e-05,1.670e-05,9.427e-22,1.639e-31,5.545e-05,9.375e-06,1.748e-06,7.320e-06,6.756e-21,5.587e-09,2227690788,0
ok,800000000.0000000000,800000002.2759722471,799999999.7759722471,2.2433569360,2.2431524609,1.6827311225,3.774967,1.000e+00,5.662e-05,1.670e-05,1.494e-21,6.161e-32,5.486e-05,9.375e-06,1.748e-06,7.320e-06,1.333e-21,8.491e-09,2227690788,0
ok,800000000.0000000000,800000002.7759722471,799999999.7759722471,2.2433528420,2.2431446239,0.1114012275,0.249912,1.000e+00,5.796e-05,1.670e-05,9.626e-23,1.472e-31,5.619e-05,9.375e-06,1.748e-06,7.320e-06,5.319e-21,1.926e-08,2227690790,0
ok,800000000.0000000000,800000003.2759722471,799999999.7759722471,2.2433602017,2.2431545120,0.4091159424,0.917794,1.000e+00,5.705e-05,1.670e-05,3.484e-22,9.654e-32,5.530e-05,9.375e-06,1.748e-06,7.320e-06,3.375e-21,7.027e-09,2227690792,0
ok,800000000.0000000000,800000003.7759722471,799999999.7759722471,2.2433541652,2.2431479126,0.2353830106,0.528047,1.000e+00,5.725e-05,1.670e-05,1.998e-22,5.501e-32,5.550e-05,9.375e-06,1.748e-06,7.320e-06,3.559e-21,2.387e-09,2227690793,0
ok,800000000.0000000000,800000004.2759722471,799999999.7759722471,2.2433657305,2.2431479385,0.0219219557,0.049179,1.000e+00,6.139e-05,1.670e-05,1.005e-22,6.270e-32,5.964e-05,9.375e-06,1.748e-06,7.320e-06,1.079e-20,4.304e-10,2227690796,0
ok,800000000.0000000000,800000004.7759722471,799999999.7759722471,2.2433557831,2.2431496784,0.7139525753,1.601650,1.000e+00,5.720e-05,1.670e-05,7.912e-22,1.220e-33,5.545e-05,9.375e-06,1.748e-06,7.320e-06,3.907e-21,3.870e-09,2227690797,0
ok,800000000.0000000000,800000005.2759722471,799999999.7759722471,2.2433584659,2.2431530871,1.1240892516,2.521735,1.000e+00,5.694e-05,1.670e-05,7.784e-22,1.206e-31,5.518e-05,9.375e-06,1.748e-06,7.320e-06,1.509e-20,1.195e-08,2227690798,0
ok,800000000.0000000000,800000005.7759722471,799999999.7759722471,2.2433539098,2.2431450218,0.5863020056,1.315283,1.000e+00,5.820e-05,1.670e-05,1.025e-21,1.351e-31,5.643e-05,9.375e-06,1.748e-06,7.320e-06,3.488e-21,1.933e-08,2227690799,0
audit,x=1000000000.0000000000,t=999999994.1156508923, rem_spread_max=1.482e-20 ext_spread_max=1.529e-08 
ok,1000000000.0000000000,999999994.1156508923,1000000000.1156508923,1.0816440321,1.0816368587,1.6223821470,1.754840,1.000e+00,6.020e-05,2.103e-05,4.850e-22,2.999e-32,5.838e-05,1.188e-05,1.821e-06,9.151e-06,1.206e-20,3.176e-10,2825411890,0
ok,1000000000.0000000000,999999994.6156508923,1000000000.1156508923,1.0816442957,1.0816370531,0.6566617086,0.710274,1.000e+00,6.098e-05,2.103e-05,3.461e-22,4.410e-32,5.915e-05,1.188e-05,1.821e-06,9.151e-06,8.912e-21,8.070e-09,2825411891,0
ok,1000000000.0000000000,999999995.1156508923,1000000000.1156508923,1.0816441026,1.0816369341,1.3771530489,1.489589,1.000e+00,6.014e-05,2.103e-05,4.086e-22,2.985e-32,5.831e-05,1.188e-05,1.821e-06,9.151e-06,6.228e-21,1.618e-08,2825411893,0
ok,1000000000.0000000000,999999995.6156508923,1000000000.1156508923,1.0816443055,1.0816371315,1.3100419569,1.416999,1.000e+00,6.020e-05,2.103e-05,4.570e-22,1.321e-32,5.837e-05,1.188e-05,1.821e-06,9.151e-06,3.806e-21,1.089e-08,2825411895,0
ok,1000000000.0000000000,999999996.1156508923,1000000000.1156508923,1.0816442453,1.0816367912,0.0698311311,0.075532,1.000e+00,6.338e-05,2.103e-05,3.533e-23,6.544e-32,6.155e-05,1.188e-05,1.821e-06,9.151e-06,2.835e-21,9.005e-10,2825411896,0
ok,1000000000.0000000000,999999996.6156508923,1000000000.1156508923,1.0816442623,1.0816370886,1.3981134647,1.512261,1.000e+00,6.020e-05,2.103e-05,4.075e-22,1.026e-31,5.837e-05,1.188e-05,1.821e-06,9.151e-06,5.119e-21,1.234e-08,2825411898,0
ok,1000000000.0000000000,999999997.1156508923,1000000000.1156508923,1.0816441763,1.0816365749,0.2616419835,0.283004,1.000e+00,6.504e-05,2.103e-05,4.118e-22,2.441e-32,6.321e-05,1.188e-05,1.821e-06,9.151e-06,1.718e-21,9.200e-09,2825411900,0
ok,1000000000.0000000000,999999997.6156508923,1000000000.1156508923,1.0816440825,1.0816368906,2.2092968493,2.389673,1.000e+00,6.041e-05,2.103e-05,6.594e-22,1.334e-32,5.857e-05,1.188e-05,1.821e-06,9.151e-06,1.695e-21,1.621e-08,2825411901,0
ok,1000000000.0000000000,999999998.1156508923,1000000000.1156508923,1.0816441276,1.0816369634,7.3990808644,8.003172,1.000e+00,6.009e-05,2.103e-05,3.053e-21,4.004e-32,5.826e-05,1.188e-05,1.821e-06,9.151e-06,7.764e-22,1.545e-08,2825411903,0
ok,1000000000.0000000000,999999998.6156508923,1000000000.1156508923,1.0816442826,1.0816368368,1.5927984686,1.722841,1.000e+00,6.328e-05,2.103e-05,1.970e-21,3.596e-32,6.145e-05,1.188e-05,1.821e-06,9.151e-06,5.933e-21,1.093e-08,2825411903,0
ok,1000000000.0000000000,999999999.1156508923,1000000000.1156508923,1.0816440642,1.0816367962,2.9950853685,3.239616,1.000e+00,6.127e-05,2.103e-05,1.502e-21,7.311e-33,5.944e-05,1.188e-05,1.821e-06,9.151e-06,4.446e-21,9.248e-09,2825411905,0
ok,1000000000.0000000000,999999999.6156508923,1000000000.1156508923,1.0816442282,1.0816370625,8.0102797788,8.664273,1.000e+00,6.011e-05,2.103e-05,3.152e-21,6.533e-32,5.828e-05,1.188e-05,1.821e-06,9.151e-06,3.472e-21,6.431e-09,2825411906,0
ok,1000000000.0000000000,1000000000.6156508923,1000000000.1156508923,1.0816442877,1.0816370415,0.7403050953,0.800747,1.000e+00,6.102e-05,2.103e-05,4.034e-22,7.722e-32,5.919e-05,1.188e-05,1.821e-06,9.151e-06,9.951e-21,7.866e-09,2825411910,0
ok,1000000000.0000000000,1000000001.1156508923,1000000000.1156508923,1.0816440335,1.0816368024,0.7436423025,0.804356,1.000e+00,6.085e-05,2.103e-05,2.378e-22,4.106e-32,5.902e-05,1.188e-05,1.821e-06,9.151e-06,9.513e-21,1.020e-08,2825411911,0
ok,1000000000.0000000000,1000000001.6156508923,1000000000.1156508923,1.0816442982,1.0816362118,0.0691735471,0.074821,1.000e+00,7.054e-05,2.103e-05,2.080e-22,6.236e-32,6.870e-05,1.188e-05,1.821e-06,9.151e-06,4.940e-21,1.609e-08,2825411913,0
ok,1000000000.0000000000,1000000002.1156508923,1000000000.1156508923,1.0816440500,1.0816367883,0.6062461779,0.655743,1.000e+00,6.120e-05,2.103e-05,3.857e-22,4.496e-32,5.935e-05,1.188e-05,1.821e-06,9.151e-06,9.326e-21,2.299e-08,2825411915,0
ok,1000000000.0000000000,1000000002.6156508923,1000000000.1156508923,1.0816443409,1.0816370038,0.6471893718,0.700029,1.000e+00,6.205e-05,2.103e-05,4.583e-22,1.115e-32,6.022e-05,1.188e-05,1.821e-06,9.151e-06,3.926e-21,1.414e-08,2825411916,0
ok,1000000000.0000000000,1000000003.1156508923,1000000000.1156508923,1.0816441412,1.0816369354,1.6823132784,1.819664,1.000e+00,6.056e-05,2.103e-05,8.762e-22,9.222e-33,5.873e-05,1.188e-05,1.821e-06,9.151e-06,1.439e-21,1.122e-08,2825411918,0
ok,1000000000.0000000000,1000000003.6156508923,1000000000.1156508923,1.0816441775,1.0816369298,1.8166771078,1.964998,1.000e+00,6.104e-05,2.103e-05,1.120e-21,5.700e-32,5.920e-05,1.188e-05,1.821e-06,9.151e-06,4.123e-21,1.558e-08,2825411918,0
ok,1000000000.0000000000,1000000004.1156508923,1000000000.1156508923,1.0816442169,1.0816370301,1.3835541651,1.496513,1.000e+00,6.035e-05,2.103e-05,4.149e-22,3.384e-32,5.851e-05,1.188e-05,1.821e-06,9.151e-06,7.164e-21,2.060e-08,2825411920,0
ok,1000000000.0000000000,1000000004.6156508923,1000000000.1156508923,1.0816441171,1.0816362495,0.0146755579,0.015874,1.000e+00,6.806e-05,2.103e-05,4.474e-24,1.142e-31,6.623e-05,1.188e-05,1.821e-06,9.151e-06,5.046e-21,1.026e-08,2825411922,0
ok,1000000000.0000000000,1000000005.1156508923,1000000000.1156508923,1.0816440317,1.0816366934,0.6941265853,0.750798,1.000e+00,6.207e-05,2.103e-05,5.380e-22,2.190e-32,6.024e-05,1.188e-05,1.821e-06,9.151e-06,7.635e-21,7.154e-10,2825411923,0
ok,1000000000.0000000000,1000000005.6156508923,1000000000.1156508923,1.0816442361,1.0816368370,0.3802924784,0.411341,1.000e+00,6.275e-05,2.103e-05,2.992e-22,7.562e-32,6.093e-05,1.188e-05,1.821e-06,9.151e-06,6.317e-21,6.779e-09,2825411925,0
ok,1000000000.0000000000,1000000006.1156508923,1000000000.1156508923,1.0816440493,1.0816366384,0.4960767946,0.536579,1.000e+00,6.289e-05,2.103e-05,4.738e-22,6.565e-32,6.106e-05,1.188e-05,1.821e-06,9.151e-06,3.627e-21,3.301e-09,2825411926,0
