H1_WINDOWS:  running  windows  1-26  (26  of  29)
resume:  window   0  (x=3490744654)  0/24  points  on disk
resume:  window   1  (x=3770004227)  0/24  points  on disk
resume:  window   2  (x=4071604565)  0/24  points  on disk
resume:  window   3  (x=4397332930)  0/24  points  on disk
resume:  window   4  (x=4749119564)  0/24  points  on disk
resume:  window   5  (x=5129049129)  0/24  points  on disk
resume:  window   6  (x=5539373060)  0/24  points  on disk
resume:  window   7  (x=5982522905)  0/24  points  on disk
resume:  window   8  (x=6461124737)  0/24  points  on disk
resume:  window   9  (x=6978014716)  0/24  points  on disk
resume:  window  10  (x=7536255893)  0/24  points  on disk
resume:  window  11  (x=8139156365)  0/24  points  on disk
resume:  window  12  (x=8790288874)  0/24  points  on disk
resume:  window  13  (x=9493511984)  0/24  points  on disk
resume:  window  14  (x=1.025299294e+10)  0/24  points  on disk
resume:  window  15  (x=1.107323238e+10)  0/24  points  on disk
resume:  window  16  (x=1.195909097e+10)  0/24  points  on disk
resume:  window  17  (x=1.291581825e+10)  0/24  points  on disk
resume:  window  18  (x=1.394908371e+10)  0/24  points  on disk
resume:  window  19  (x=1.50650104e+10)  0/24  points  on disk
resume:  window  20  (x=1.627021123e+10)  0/24  points  on disk
resume:  window  21  (x=1.757182813e+10)  0/24  points  on disk
resume:  window  22  (x=1.897757438e+10)  0/24  points  on disk
resume:  window  23  (x=2.049578033e+10)  0/24  points  on disk
resume:  window  24  (x=2.213544276e+10)  0/24  points  on disk
resume:  window  25  (x=2.390627818e+10)  0/24  points  on disk
memguard:  MemAvailable  21.6  GiB,  reserve  8  GiB,  ~2.5  GiB/thread  x  2  threads  ->  allow  <=  2  contexts  (=  4  slab  threads;  3  GPU  clients  incl.  Xorg  vs  budget  11)
day038  gpu  H1-3e10:  FULL,  624  point  jobs  remaining (26  windows,  2  contexts  x  2  threads)
pids: parent=395446 workers=2 written to ckpt_h1_3e10/run.pids
overlap: 152/12626784 zeros differ by <=1.00 ulp (last byte,  rounding-level) --  those indices certified with dg x3
stitch: B from element 12626784 (first zero 1006346000.166784); overlap cross-check 12626632/12626784 byte-equal
tail3e10: L 52290633 + A 2792198664 + B' 3053546936 + C 3142622346 + D 92577877714 = 101618536293 zeros (812.9 GB); G_LAST = 30001045999.981976
overlap: 152/12626784 zeros differ by <=1.00 ulp (last byte,  rounding-level) --  those indices certified with dg x3
stitch: B from element 12626784 (first zero 1006346000.166784); overlap cross-check 12626632/12626784 byte-equal
tail3e10: L 52290633 + A 2792198664 + B' 3053546936 + C 3142622346 + D 92577877714 = 101618536293 zeros (812.9 GB); G_LAST = 30001045999.981976
  ...t=3.491e+09 tail sweep 8% (500 pieces, 2 threads)
  ...t=3.491e+09 tail sweep 8% (500 pieces, 2 threads)
  ...t=3.491e+09 tail sweep 17% (1000 pieces, 2 threads)
  ...t=3.491e+09 tail sweep 17% (1000 pieces, 2 threads)
  ...t=3.491e+09 tail sweep 25% (1500 pieces, 2 threads)
  ...t=3.491e+09 tail sweep 25% (1500 pieces, 2 threads)
  ...t=3.491e+09 tail sweep 33% (2000 pieces, 2 threads)
  ...t=3.491e+09 tail sweep 33% (2000 pieces, 2 threads)
  ...t=3.491e+09 tail sweep 41% (2500 pieces, 2 threads)
  ...t=3.491e+09 tail sweep 41% (2500 pieces, 2 threads)
  ...t=3.491e+09 tail sweep 50% (3000 pieces, 2 threads)
  ...t=3.491e+09 tail sweep 50% (3000 pieces, 2 threads)
  ...t=3.491e+09 tail sweep 58% (3500 pieces, 2 threads)
  ...t=3.491e+09 tail sweep 58% (3500 pieces, 2 threads)
  ...t=3.491e+09 tail sweep 66% (4000 pieces, 2 threads)
  ...t=3.491e+09 tail sweep 66% (4000 pieces, 2 threads)
  ...t=3.491e+09 tail sweep 74% (4500 pieces, 2 threads)
  ...t=3.491e+09 tail sweep 74% (4500 pieces, 2 threads)
  ...t=3.491e+09 tail sweep 83% (5000 pieces, 2 threads)
  ...t=3.491e+09 tail sweep 83% (5000 pieces, 2 threads)
  ...t=3.491e+09 tail sweep 91% (5500 pieces, 2 threads)
  ...t=3.491e+09 tail sweep 91% (5500 pieces, 2 threads)
  ...t=3.491e+09 tail sweep 99% (6000 pieces, 2 threads)
  ...t=3.491e+09 tail sweep 99% (6000 pieces, 2 threads)
  pt win=0 k=-11 x=3.491e+09 t=3490744648.81855 mnew=1.0000 mcert=1.0000 bexp=4.17e-04
  pt win=0 k=-12 x=3.491e+09 t=3490744648.31855 mnew=1.0000 mcert=1.0000 bexp=4.02e-04
  ...t=3.491e+09 tail sweep 8% (500 pieces, 2 threads)
  ...t=3.491e+09 tail sweep 8% (500 pieces, 2 threads)
  ...t=3.491e+09 tail sweep 17% (1000 pieces, 2 threads)
  ...t=3.491e+09 tail sweep 17% (1000 pieces, 2 threads)
  ...t=3.491e+09 tail sweep 25% (1500 pieces, 2 threads)
  ...t=3.491e+09 tail sweep 25% (1500 pieces, 2 threads)
  ...t=3.491e+09 tail sweep 33% (2000 pieces, 2 threads)
  ...t=3.491e+09 tail sweep 33% (2000 pieces, 2 threads)
  ...t=3.491e+09 tail sweep 41% (2500 pieces, 2 threads)
  ...t=3.491e+09 tail sweep 41% (2500 pieces, 2 threads)
  ...t=3.491e+09 tail sweep 50% (3000 pieces, 2 threads)
H1_WINDOWS:  running  windows  1-26  (26  of  29)
resume:  window   0  (x=3490744654)  2/24  points  on disk
resume:  window   1  (x=3770004227)  0/24  points  on disk
resume:  window   2  (x=4071604565)  0/24  points  on disk
resume:  window   3  (x=4397332930)  0/24  points  on disk
resume:  window   4  (x=4749119564)  0/24  points  on disk
resume:  window   5  (x=5129049129)  0/24  points  on disk
resume:  window   6  (x=5539373060)  0/24  points  on disk
resume:  window   7  (x=5982522905)  0/24  points  on disk
resume:  window   8  (x=6461124737)  0/24  points  on disk
resume:  window   9  (x=6978014716)  0/24  points  on disk
resume:  window  10  (x=7536255893)  0/24  points  on disk
resume:  window  11  (x=8139156365)  0/24  points  on disk
resume:  window  12  (x=8790288874)  0/24  points  on disk
resume:  window  13  (x=9493511984)  0/24  points  on disk
resume:  window  14  (x=1.025299294e+10)  0/24  points  on disk
resume:  window  15  (x=1.107323238e+10)  0/24  points  on disk
resume:  window  16  (x=1.195909097e+10)  0/24  points  on disk
resume:  window  17  (x=1.291581825e+10)  0/24  points  on disk
resume:  window  18  (x=1.394908371e+10)  0/24  points  on disk
resume:  window  19  (x=1.50650104e+10)  0/24  points  on disk
resume:  window  20  (x=1.627021123e+10)  0/24  points  on disk
resume:  window  21  (x=1.757182813e+10)  0/24  points  on disk
resume:  window  22  (x=1.897757438e+10)  0/24  points  on disk
resume:  window  23  (x=2.049578033e+10)  0/24  points  on disk
resume:  window  24  (x=2.213544276e+10)  0/24  points  on disk
resume:  window  25  (x=2.390627818e+10)  0/24  points  on disk
memguard:  MemAvailable  22.5  GiB,  reserve  2  GiB,  ~2.5  GiB/thread  x  2  threads  ->  allow  <=  4  contexts  (=  8  slab  threads;  5  GPU  clients  incl.  Xorg  vs  budget  11)
day038  gpu  H1-3e10:  FULL,  622  point  jobs  remaining (26  windows,  4  contexts  x  2  threads)
pids: parent=432271 workers=4 written to ckpt_h1_3e10/run.pids
overlap: 152/12626784 zeros differ by <=1.00 ulp (last byte,  rounding-level) --  those indices certified with dg x3
stitch: B from element 12626784 (first zero 1006346000.166784); overlap cross-check 12626632/12626784 byte-equal
tail3e10: L 52290633 + A 2792198664 + B' 3053546936 + C 3142622346 + D 92577877714 = 101618536293 zeros (812.9 GB); G_LAST = 30001045999.981976
overlap: 152/12626784 zeros differ by <=1.00 ulp (last byte,  rounding-level) --  those indices certified with dg x3
stitch: B from element 12626784 (first zero 1006346000.166784); overlap cross-check 12626632/12626784 byte-equal
tail3e10: L 52290633 + A 2792198664 + B' 3053546936 + C 3142622346 + D 92577877714 = 101618536293 zeros (812.9 GB); G_LAST = 30001045999.981976
overlap: 152/12626784 zeros differ by <=1.00 ulp (last byte,  rounding-level) --  those indices certified with dg x3
stitch: B from element 12626784 (first zero 1006346000.166784); overlap cross-check 12626632/12626784 byte-equal
tail3e10: L 52290633 + A 2792198664 + B' 3053546936 + C 3142622346 + D 92577877714 = 101618536293 zeros (812.9 GB); G_LAST = 30001045999.981976
overlap: 152/12626784 zeros differ by <=1.00 ulp (last byte,  rounding-level) --  those indices certified with dg x3
stitch: B from element 12626784 (first zero 1006346000.166784); overlap cross-check 12626632/12626784 byte-equal
tail3e10: L 52290633 + A 2792198664 + B' 3053546936 + C 3142622346 + D 92577877714 = 101618536293 zeros (812.9 GB); G_LAST = 30001045999.981976
  ...t=3.491e+09 tail sweep 8% (500 pieces, 2 threads)
  ...t=3.491e+09 tail sweep 8% (500 pieces, 2 threads)
  ...t=3.491e+09 tail sweep 8% (500 pieces, 2 threads)
  ...t=3.491e+09 tail sweep 8% (500 pieces, 2 threads)
  ...t=3.491e+09 tail sweep 17% (1000 pieces, 2 threads)
  ...t=3.491e+09 tail sweep 17% (1000 pieces, 2 threads)
  ...t=3.491e+09 tail sweep 17% (1000 pieces, 2 threads)
  ...t=3.491e+09 tail sweep 17% (1000 pieces, 2 threads)
  ...t=3.491e+09 tail sweep 25% (1500 pieces, 2 threads)
  ...t=3.491e+09 tail sweep 25% (1500 pieces, 2 threads)
  ...t=3.491e+09 tail sweep 25% (1500 pieces, 2 threads)
  ...t=3.491e+09 tail sweep 25% (1500 pieces, 2 threads)
  ...t=3.491e+09 tail sweep 33% (2000 pieces, 2 threads)
  ...t=3.491e+09 tail sweep 33% (2000 pieces, 2 threads)
  ...t=3.491e+09 tail sweep 33% (2000 pieces, 2 threads)
  ...t=3.491e+09 tail sweep 33% (2000 pieces, 2 threads)
  ...t=3.491e+09 tail sweep 41% (2500 pieces, 2 threads)
  ...t=3.491e+09 tail sweep 41% (2500 pieces, 2 threads)
  ...t=3.491e+09 tail sweep 41% (2500 pieces, 2 threads)
  ...t=3.491e+09 tail sweep 41% (2500 pieces, 2 threads)
  ...t=3.491e+09 tail sweep 50% (3000 pieces, 2 threads)
  ...t=3.491e+09 tail sweep 50% (3000 pieces, 2 threads)
  ...t=3.491e+09 tail sweep 50% (3000 pieces, 2 threads)
  ...t=3.491e+09 tail sweep 50% (3000 pieces, 2 threads)
  ...t=3.491e+09 tail sweep 58% (3500 pieces, 2 threads)
  ...t=3.491e+09 tail sweep 58% (3500 pieces, 2 threads)
  ...t=3.491e+09 tail sweep 58% (3500 pieces, 2 threads)
  ...t=3.491e+09 tail sweep 58% (3500 pieces, 2 threads)
  ...t=3.491e+09 tail sweep 66% (4000 pieces, 2 threads)
  ...t=3.491e+09 tail sweep 66% (4000 pieces, 2 threads)
  ...t=3.491e+09 tail sweep 66% (4000 pieces, 2 threads)
  ...t=3.491e+09 tail sweep 66% (4000 pieces, 2 threads)
  ...t=3.491e+09 tail sweep 74% (4500 pieces, 2 threads)
  ...t=3.491e+09 tail sweep 74% (4500 pieces, 2 threads)
  ...t=3.491e+09 tail sweep 74% (4500 pieces, 2 threads)
  ...t=3.491e+09 tail sweep 74% (4500 pieces, 2 threads)
  ...t=3.491e+09 tail sweep 83% (5000 pieces, 2 threads)
  ...t=3.491e+09 tail sweep 83% (5000 pieces, 2 threads)
  ...t=3.491e+09 tail sweep 83% (5000 pieces, 2 threads)
  ...t=3.491e+09 tail sweep 83% (5000 pieces, 2 threads)
  ...t=3.491e+09 tail sweep 91% (5500 pieces, 2 threads)
  ...t=3.491e+09 tail sweep 91% (5500 pieces, 2 threads)
  ...t=3.491e+09 tail sweep 91% (5500 pieces, 2 threads)
  ...t=3.491e+09 tail sweep 91% (5500 pieces, 2 threads)
  ...t=3.491e+09 tail sweep 99% (6000 pieces, 2 threads)
  ...t=3.491e+09 tail sweep 99% (6000 pieces, 2 threads)
  ...t=3.491e+09 tail sweep 99% (6000 pieces, 2 threads)
  ...t=3.491e+09 tail sweep 99% (6000 pieces, 2 threads)
  pt win=0 k=-10 x=3.491e+09 t=3490744649.31855 mnew=1.0000 mcert=1.0000 bexp=4.12e-04
  pt win=0 k=-9 x=3.491e+09 t=3490744649.81855 mnew=1.0000 mcert=1.0000 bexp=4.01e-04
  pt win=0 k=-8 x=3.491e+09 t=3490744650.31855 mnew=1.0000 mcert=1.0000 bexp=4.00e-04
  pt win=0 k=-7 x=3.491e+09 t=3490744650.81855 mnew=1.0000 mcert=1.0000 bexp=4.09e-04
  ...t=3.491e+09 tail sweep 8% (500 pieces, 2 threads)
  ...t=3.491e+09 tail sweep 8% (500 pieces, 2 threads)
  ...t=3.491e+09 tail sweep 8% (500 pieces, 2 threads)
  ...t=3.491e+09 tail sweep 8% (500 pieces, 2 threads)
  ...t=3.491e+09 tail sweep 17% (1000 pieces, 2 threads)
  ...t=3.491e+09 tail sweep 17% (1000 pieces, 2 threads)
  ...t=3.491e+09 tail sweep 17% (1000 pieces, 2 threads)
  ...t=3.491e+09 tail sweep 17% (1000 pieces, 2 threads)
  ...t=3.491e+09 tail sweep 25% (1500 pieces, 2 threads)
  ...t=3.491e+09 tail sweep 25% (1500 pieces, 2 threads)
  ...t=3.491e+09 tail sweep 25% (1500 pieces, 2 threads)
  ...t=3.491e+09 tail sweep 25% (1500 pieces, 2 threads)
  ...t=3.491e+09 tail sweep 33% (2000 pieces, 2 threads)
  ...t=3.491e+09 tail sweep 33% (2000 pieces, 2 threads)
  ...t=3.491e+09 tail sweep 33% (2000 pieces, 2 threads)
  ...t=3.491e+09 tail sweep 33% (2000 pieces, 2 threads)
  ...t=3.491e+09 tail sweep 41% (2500 pieces, 2 threads)
  ...t=3.491e+09 tail sweep 41% (2500 pieces, 2 threads)
  ...t=3.491e+09 tail sweep 41% (2500 pieces, 2 threads)
  ...t=3.491e+09 tail sweep 41% (2500 pieces, 2 threads)
  ...t=3.491e+09 tail sweep 50% (3000 pieces, 2 threads)
  ...t=3.491e+09 tail sweep 50% (3000 pieces, 2 threads)
  ...t=3.491e+09 tail sweep 50% (3000 pieces, 2 threads)
  ...t=3.491e+09 tail sweep 50% (3000 pieces, 2 threads)
  ...t=3.491e+09 tail sweep 58% (3500 pieces, 2 threads)
  ...t=3.491e+09 tail sweep 58% (3500 pieces, 2 threads)
  ...t=3.491e+09 tail sweep 58% (3500 pieces, 2 threads)
  ...t=3.491e+09 tail sweep 58% (3500 pieces, 2 threads)
  ...t=3.491e+09 tail sweep 66% (4000 pieces, 2 threads)
  ...t=3.491e+09 tail sweep 66% (4000 pieces, 2 threads)
  ...t=3.491e+09 tail sweep 66% (4000 pieces, 2 threads)
  ...t=3.491e+09 tail sweep 66% (4000 pieces, 2 threads)
  ...t=3.491e+09 tail sweep 74% (4500 pieces, 2 threads)
  ...t=3.491e+09 tail sweep 74% (4500 pieces, 2 threads)
  ...t=3.491e+09 tail sweep 74% (4500 pieces, 2 threads)
  ...t=3.491e+09 tail sweep 74% (4500 pieces, 2 threads)
  ...t=3.491e+09 tail sweep 83% (5000 pieces, 2 threads)
  ...t=3.491e+09 tail sweep 83% (5000 pieces, 2 threads)
  ...t=3.491e+09 tail sweep 83% (5000 pieces, 2 threads)
  ...t=3.491e+09 tail sweep 83% (5000 pieces, 2 threads)
  ...t=3.491e+09 tail sweep 91% (5500 pieces, 2 threads)
  ...t=3.491e+09 tail sweep 91% (5500 pieces, 2 threads)
  ...t=3.491e+09 tail sweep 91% (5500 pieces, 2 threads)
  ...t=3.491e+09 tail sweep 91% (5500 pieces, 2 threads)
  ...t=3.491e+09 tail sweep 99% (6000 pieces, 2 threads)
  ...t=3.491e+09 tail sweep 99% (6000 pieces, 2 threads)
  ...t=3.491e+09 tail sweep 99% (6000 pieces, 2 threads)
  ...t=3.491e+09 tail sweep 99% (6000 pieces, 2 threads)
  pt win=0 k=-6 x=3.491e+09 t=3490744651.31855 mnew=1.0000 mcert=1.0000 bexp=4.18e-04
  pt win=0 k=-3 x=3.491e+09 t=3490744652.81855 mnew=1.0000 mcert=1.0000 bexp=4.04e-04
  pt win=0 k=-5 x=3.491e+09 t=3490744651.81855 mnew=1.0000 mcert=1.0000 bexp=4.02e-04
  pt win=0 k=-4 x=3.491e+09 t=3490744652.31855 mnew=1.0000 mcert=1.0000 bexp=4.04e-04
  ...t=3.491e+09 tail sweep 8% (500 pieces, 2 threads)  ...t=3.491e+09 tail sweep 8% (500 pieces, 2 threads)

  ...t=3.491e+09 tail sweep 8% (500 pieces, 2 threads)
  ...t=3.491e+09 tail sweep 8% (500 pieces, 2 threads)
  ...t=3.491e+09 tail sweep 17% (1000 pieces, 2 threads)  ...t=3.491e+09 tail sweep 17% (1000 pieces, 2 threads)

  ...t=3.491e+09 tail sweep 17% (1000 pieces, 2 threads)
  ...t=3.491e+09 tail sweep 17% (1000 pieces, 2 threads)
  ...t=3.491e+09 tail sweep 25% (1500 pieces, 2 threads)
  ...t=3.491e+09 tail sweep 25% (1500 pieces, 2 threads)
  ...t=3.491e+09 tail sweep 25% (1500 pieces, 2 threads)
  ...t=3.491e+09 tail sweep 25% (1500 pieces, 2 threads)
  ...t=3.491e+09 tail sweep 33% (2000 pieces, 2 threads)
  ...t=3.491e+09 tail sweep 33% (2000 pieces, 2 threads)
  ...t=3.491e+09 tail sweep 33% (2000 pieces, 2 threads)
  ...t=3.491e+09 tail sweep 33% (2000 pieces, 2 threads)
  ...t=3.491e+09 tail sweep 41% (2500 pieces, 2 threads)
  ...t=3.491e+09 tail sweep 41% (2500 pieces, 2 threads)
  ...t=3.491e+09 tail sweep 41% (2500 pieces, 2 threads)
  ...t=3.491e+09 tail sweep 41% (2500 pieces, 2 threads)
  ...t=3.491e+09 tail sweep 50% (3000 pieces, 2 threads)
  ...t=3.491e+09 tail sweep 50% (3000 pieces, 2 threads)
  ...t=3.491e+09 tail sweep 50% (3000 pieces, 2 threads)
  ...t=3.491e+09 tail sweep 50% (3000 pieces, 2 threads)
  ...t=3.491e+09 tail sweep 58% (3500 pieces, 2 threads)
  ...t=3.491e+09 tail sweep 58% (3500 pieces, 2 threads)
  ...t=3.491e+09 tail sweep 58% (3500 pieces, 2 threads)
  ...t=3.491e+09 tail sweep 58% (3500 pieces, 2 threads)
  ...t=3.491e+09 tail sweep 66% (4000 pieces, 2 threads)
  ...t=3.491e+09 tail sweep 66% (4000 pieces, 2 threads)
  ...t=3.491e+09 tail sweep 66% (4000 pieces, 2 threads)
  ...t=3.491e+09 tail sweep 66% (4000 pieces, 2 threads)
  ...t=3.491e+09 tail sweep 74% (4500 pieces, 2 threads)
  ...t=3.491e+09 tail sweep 74% (4500 pieces, 2 threads)
  ...t=3.491e+09 tail sweep 74% (4500 pieces, 2 threads)
  ...t=3.491e+09 tail sweep 74% (4500 pieces, 2 threads)
  ...t=3.491e+09 tail sweep 83% (5000 pieces, 2 threads)
  ...t=3.491e+09 tail sweep 83% (5000 pieces, 2 threads)
  ...t=3.491e+09 tail sweep 83% (5000 pieces, 2 threads)
  ...t=3.491e+09 tail sweep 83% (5000 pieces, 2 threads)
  ...t=3.491e+09 tail sweep 91% (5500 pieces, 2 threads)
  ...t=3.491e+09 tail sweep 91% (5500 pieces, 2 threads)
  ...t=3.491e+09 tail sweep 91% (5500 pieces, 2 threads)
  ...t=3.491e+09 tail sweep 91% (5500 pieces, 2 threads)
  ...t=3.491e+09 tail sweep 99% (6000 pieces, 2 threads)  ...t=3.491e+09 tail sweep 99% (6000 pieces, 2 threads)

  ...t=3.491e+09 tail sweep 99% (6000 pieces, 2 threads)
  ...t=3.491e+09 tail sweep 99% (6000 pieces, 2 threads)
  pt win=0 k=+1 x=3.491e+09 t=3490744654.81855 mnew=1.0000 mcert=1.0000 bexp=4.01e-04
  pt win=0 k=-2 x=3.491e+09 t=3490744653.31855 mnew=1.0000 mcert=1.0000 bexp=4.02e-04
  pt win=0 k=-1 x=3.491e+09 t=3490744653.81855 mnew=1.0000 mcert=1.0000 bexp=4.09e-04
  pt win=0 k=+2 x=3.491e+09 t=3490744655.31855 mnew=1.0000 mcert=1.0000 bexp=4.00e-04
  ...t=3.491e+09 tail sweep 8% (500 pieces, 2 threads)
  ...t=3.491e+09 tail sweep 8% (500 pieces, 2 threads)
  ...t=3.491e+09 tail sweep 8% (500 pieces, 2 threads)
  ...t=3.491e+09 tail sweep 8% (500 pieces, 2 threads)
  ...t=3.491e+09 tail sweep 17% (1000 pieces, 2 threads)
  ...t=3.491e+09 tail sweep 17% (1000 pieces, 2 threads)
  ...t=3.491e+09 tail sweep 17% (1000 pieces, 2 threads)
  ...t=3.491e+09 tail sweep 17% (1000 pieces, 2 threads)
  ...t=3.491e+09 tail sweep 25% (1500 pieces, 2 threads)
  ...t=3.491e+09 tail sweep 25% (1500 pieces, 2 threads)
  ...t=3.491e+09 tail sweep 25% (1500 pieces, 2 threads)
  ...t=3.491e+09 tail sweep 25% (1500 pieces, 2 threads)
  ...t=3.491e+09 tail sweep 33% (2000 pieces, 2 threads)
  ...t=3.491e+09 tail sweep 33% (2000 pieces, 2 threads)
  ...t=3.491e+09 tail sweep 33% (2000 pieces, 2 threads)
  ...t=3.491e+09 tail sweep 33% (2000 pieces, 2 threads)
  ...t=3.491e+09 tail sweep 41% (2500 pieces, 2 threads)
  ...t=3.491e+09 tail sweep 41% (2500 pieces, 2 threads)
  ...t=3.491e+09 tail sweep 41% (2500 pieces, 2 threads)
  ...t=3.491e+09 tail sweep 41% (2500 pieces, 2 threads)
  ...t=3.491e+09 tail sweep 50% (3000 pieces, 2 threads)
  ...t=3.491e+09 tail sweep 50% (3000 pieces, 2 threads)
  ...t=3.491e+09 tail sweep 50% (3000 pieces, 2 threads)
  ...t=3.491e+09 tail sweep 50% (3000 pieces, 2 threads)
  ...t=3.491e+09 tail sweep 58% (3500 pieces, 2 threads)
  ...t=3.491e+09 tail sweep 58% (3500 pieces, 2 threads)
  ...t=3.491e+09 tail sweep 58% (3500 pieces, 2 threads)
  ...t=3.491e+09 tail sweep 58% (3500 pieces, 2 threads)
  ...t=3.491e+09 tail sweep 66% (4000 pieces, 2 threads)
  ...t=3.491e+09 tail sweep 66% (4000 pieces, 2 threads)
  ...t=3.491e+09 tail sweep 66% (4000 pieces, 2 threads)
  ...t=3.491e+09 tail sweep 66% (4000 pieces, 2 threads)
  ...t=3.491e+09 tail sweep 74% (4500 pieces, 2 threads)
  ...t=3.491e+09 tail sweep 74% (4500 pieces, 2 threads)
  ...t=3.491e+09 tail sweep 74% (4500 pieces, 2 threads)
  ...t=3.491e+09 tail sweep 74% (4500 pieces, 2 threads)
  ...t=3.491e+09 tail sweep 83% (5000 pieces, 2 threads)
  ...t=3.491e+09 tail sweep 83% (5000 pieces, 2 threads)
  ...t=3.491e+09 tail sweep 83% (5000 pieces, 2 threads)  ...t=3.491e+09 tail sweep 83% (5000 pieces, 2 threads)

  ...t=3.491e+09 tail sweep 91% (5500 pieces, 2 threads)
  ...t=3.491e+09 tail sweep 91% (5500 pieces, 2 threads)
  ...t=3.491e+09 tail sweep 91% (5500 pieces, 2 threads)
  ...t=3.491e+09 tail sweep 91% (5500 pieces, 2 threads)
  ...t=3.491e+09 tail sweep 99% (6000 pieces, 2 threads)
  ...t=3.491e+09 tail sweep 99% (6000 pieces, 2 threads)
  ...t=3.491e+09 tail sweep 99% (6000 pieces, 2 threads)
  ...t=3.491e+09 tail sweep 99% (6000 pieces, 2 threads)
  pt win=0 k=+4 x=3.491e+09 t=3490744656.31855 mnew=1.0000 mcert=1.0000 bexp=4.03e-04
  pt win=0 k=+3 x=3.491e+09 t=3490744655.81855 mnew=1.0000 mcert=1.0000 bexp=4.01e-04
  pt win=0 k=+5 x=3.491e+09 t=3490744656.81855 mnew=1.0000 mcert=1.0000 bexp=4.04e-04
  pt win=0 k=+6 x=3.491e+09 t=3490744657.31855 mnew=1.0000 mcert=1.0000 bexp=4.11e-04
  ...t=3.491e+09 tail sweep 8% (500 pieces, 2 threads)
  ...t=3.491e+09 tail sweep 8% (500 pieces, 2 threads)
  ...t=3.491e+09 tail sweep 8% (500 pieces, 2 threads)
  ...t=3.491e+09 tail sweep 8% (500 pieces, 2 threads)
  ...t=3.491e+09 tail sweep 17% (1000 pieces, 2 threads)
  ...t=3.491e+09 tail sweep 17% (1000 pieces, 2 threads)
  ...t=3.491e+09 tail sweep 17% (1000 pieces, 2 threads)
  ...t=3.491e+09 tail sweep 17% (1000 pieces, 2 threads)
  ...t=3.491e+09 tail sweep 25% (1500 pieces, 2 threads)
  ...t=3.491e+09 tail sweep 25% (1500 pieces, 2 threads)
  ...t=3.491e+09 tail sweep 25% (1500 pieces, 2 threads)
  ...t=3.491e+09 tail sweep 25% (1500 pieces, 2 threads)
  ...t=3.491e+09 tail sweep 33% (2000 pieces, 2 threads)
  ...t=3.491e+09 tail sweep 33% (2000 pieces, 2 threads)
  ...t=3.491e+09 tail sweep 33% (2000 pieces, 2 threads)
  ...t=3.491e+09 tail sweep 33% (2000 pieces, 2 threads)
  ...t=3.491e+09 tail sweep 41% (2500 pieces, 2 threads)
  ...t=3.491e+09 tail sweep 41% (2500 pieces, 2 threads)
  ...t=3.491e+09 tail sweep 41% (2500 pieces, 2 threads)
  ...t=3.491e+09 tail sweep 41% (2500 pieces, 2 threads)
  ...t=3.491e+09 tail sweep 50% (3000 pieces, 2 threads)
  ...t=3.491e+09 tail sweep 50% (3000 pieces, 2 threads)
  ...t=3.491e+09 tail sweep 50% (3000 pieces, 2 threads)
  ...t=3.491e+09 tail sweep 50% (3000 pieces, 2 threads)
  ...t=3.491e+09 tail sweep 58% (3500 pieces, 2 threads)
  ...t=3.491e+09 tail sweep 58% (3500 pieces, 2 threads)
  ...t=3.491e+09 tail sweep 58% (3500 pieces, 2 threads)
  ...t=3.491e+09 tail sweep 58% (3500 pieces, 2 threads)
  ...t=3.491e+09 tail sweep 66% (4000 pieces, 2 threads)
  ...t=3.491e+09 tail sweep 66% (4000 pieces, 2 threads)
  ...t=3.491e+09 tail sweep 66% (4000 pieces, 2 threads)
  ...t=3.491e+09 tail sweep 66% (4000 pieces, 2 threads)
  ...t=3.491e+09 tail sweep 74% (4500 pieces, 2 threads)
  ...t=3.491e+09 tail sweep 74% (4500 pieces, 2 threads)
  ...t=3.491e+09 tail sweep 74% (4500 pieces, 2 threads)
  ...t=3.491e+09 tail sweep 74% (4500 pieces, 2 threads)
  ...t=3.491e+09 tail sweep 83% (5000 pieces, 2 threads)
  ...t=3.491e+09 tail sweep 83% (5000 pieces, 2 threads)
  ...t=3.491e+09 tail sweep 83% (5000 pieces, 2 threads)
  ...t=3.491e+09 tail sweep 83% (5000 pieces, 2 threads)
  ...t=3.491e+09 tail sweep 91% (5500 pieces, 2 threads)
  ...t=3.491e+09 tail sweep 91% (5500 pieces, 2 threads)
  ...t=3.491e+09 tail sweep 91% (5500 pieces, 2 threads)
  ...t=3.491e+09 tail sweep 91% (5500 pieces, 2 threads)
  ...t=3.491e+09 tail sweep 99% (6000 pieces, 2 threads)
  ...t=3.491e+09 tail sweep 99% (6000 pieces, 2 threads)
  ...t=3.491e+09 tail sweep 99% (6000 pieces, 2 threads)
  ...t=3.491e+09 tail sweep 99% (6000 pieces, 2 threads)
  pt win=0 k=+10 x=3.491e+09 t=3490744659.31855 mnew=1.0000 mcert=1.0000 bexp=4.08e-04
  pt win=0 k=+7 x=3.491e+09 t=3490744657.81855 mnew=1.0000 mcert=1.0000 bexp=4.10e-04
  pt win=0 k=+8 x=3.491e+09 t=3490744658.31855 mnew=1.0000 mcert=1.0000 bexp=4.03e-04
  pt win=0 k=+9 x=3.491e+09 t=3490744658.81855 mnew=1.0000 mcert=1.0000 bexp=4.01e-04
  ...t=3.491e+09 tail sweep 8% (500 pieces, 2 threads)
  ...t=3.491e+09 tail sweep 8% (500 pieces, 2 threads)
  ...t=3.77e+09 tail sweep 8% (500 pieces, 2 threads)
  ...t=3.77e+09 tail sweep 8% (500 pieces, 2 threads)
  ...t=3.77e+09 tail sweep 17% (1000 pieces, 2 threads)
  ...t=3.491e+09 tail sweep 17% (1000 pieces, 2 threads)
  ...t=3.491e+09 tail sweep 17% (1000 pieces, 2 threads)
  ...t=3.77e+09 tail sweep 17% (1000 pieces, 2 threads)
  ...t=3.491e+09 tail sweep 25% (1500 pieces, 2 threads)
  ...t=3.77e+09 tail sweep 25% (1500 pieces, 2 threads)
  ...t=3.491e+09 tail sweep 25% (1500 pieces, 2 threads)
  ...t=3.77e+09 tail sweep 25% (1500 pieces, 2 threads)
  ...t=3.491e+09 tail sweep 33% (2000 pieces, 2 threads)
  ...t=3.491e+09 tail sweep 33% (2000 pieces, 2 threads)
  ...t=3.77e+09 tail sweep 33% (2000 pieces, 2 threads)
  ...t=3.77e+09 tail sweep 33% (2000 pieces, 2 threads)
  ...t=3.491e+09 tail sweep 41% (2500 pieces, 2 threads)
  ...t=3.77e+09 tail sweep 41% (2500 pieces, 2 threads)
  ...t=3.491e+09 tail sweep 41% (2500 pieces, 2 threads)
  ...t=3.77e+09 tail sweep 41% (2500 pieces, 2 threads)
  ...t=3.77e+09 tail sweep 50% (3000 pieces, 2 threads)
  ...t=3.77e+09 tail sweep 50% (3000 pieces, 2 threads)
  ...t=3.491e+09 tail sweep 50% (3000 pieces, 2 threads)
  ...t=3.491e+09 tail sweep 50% (3000 pieces, 2 threads)
  ...t=3.77e+09 tail sweep 58% (3500 pieces, 2 threads)
  ...t=3.491e+09 tail sweep 58% (3500 pieces, 2 threads)
  ...t=3.77e+09 tail sweep 58% (3500 pieces, 2 threads)
  ...t=3.491e+09 tail sweep 58% (3500 pieces, 2 threads)
  ...t=3.491e+09 tail sweep 66% (4000 pieces, 2 threads)
  ...t=3.491e+09 tail sweep 66% (4000 pieces, 2 threads)
  ...t=3.77e+09 tail sweep 66% (4000 pieces, 2 threads)
  ...t=3.77e+09 tail sweep 66% (4000 pieces, 2 threads)
  ...t=3.77e+09 tail sweep 74% (4500 pieces, 2 threads)
  ...t=3.491e+09 tail sweep 74% (4500 pieces, 2 threads)
  ...t=3.77e+09 tail sweep 74% (4500 pieces, 2 threads)
  ...t=3.491e+09 tail sweep 74% (4500 pieces, 2 threads)
  ...t=3.491e+09 tail sweep 83% (5000 pieces, 2 threads)
  ...t=3.77e+09 tail sweep 83% (5000 pieces, 2 threads)
  ...t=3.77e+09 tail sweep 83% (5000 pieces, 2 threads)
  ...t=3.491e+09 tail sweep 83% (5000 pieces, 2 threads)
  ...t=3.77e+09 tail sweep 91% (5500 pieces, 2 threads)
  ...t=3.77e+09 tail sweep 91% (5500 pieces, 2 threads)
  ...t=3.491e+09 tail sweep 91% (5500 pieces, 2 threads)
  ...t=3.491e+09 tail sweep 91% (5500 pieces, 2 threads)
  ...t=3.77e+09 tail sweep 99% (6000 pieces, 2 threads)
  ...t=3.491e+09 tail sweep 99% (6000 pieces, 2 threads)
  ...t=3.491e+09 tail sweep 99% (6000 pieces, 2 threads)
  ...t=3.77e+09 tail sweep 99% (6000 pieces, 2 threads)
  pt win=0 k=+12 x=3.491e+09 t=3490744660.31855 mnew=1.0000 mcert=1.0000 bexp=4.03e-04
  pt win=1 k=-11 x=3.77e+09 t=3770004221.16975 mnew=1.0000 mcert=1.0000 bexp=5.06e-04
  pt win=0 k=+11 x=3.491e+09 t=3490744659.81855 mnew=1.0000 mcert=1.0000 bexp=4.07e-04
  pt win=1 k=-12 x=3.77e+09 t=3770004220.66975 mnew=1.0000 mcert=1.0000 bexp=4.30e-04
  ...t=3.77e+09 tail sweep 8% (500 pieces, 2 threads)
  ...t=3.77e+09 tail sweep 8% (500 pieces, 2 threads)
  ...t=3.77e+09 tail sweep 8% (500 pieces, 2 threads)
  ...t=3.77e+09 tail sweep 8% (500 pieces, 2 threads)
  ...t=3.77e+09 tail sweep 17% (1000 pieces, 2 threads)
  ...t=3.77e+09 tail sweep 17% (1000 pieces, 2 threads)
  ...t=3.77e+09 tail sweep 17% (1000 pieces, 2 threads)
  ...t=3.77e+09 tail sweep 17% (1000 pieces, 2 threads)
  ...t=3.77e+09 tail sweep 25% (1500 pieces, 2 threads)
  ...t=3.77e+09 tail sweep 25% (1500 pieces, 2 threads)  ...t=3.77e+09 tail sweep 25% (1500 pieces, 2 threads)

  ...t=3.77e+09 tail sweep 25% (1500 pieces, 2 threads)
  ...t=3.77e+09 tail sweep 33% (2000 pieces, 2 threads)
  ...t=3.77e+09 tail sweep 33% (2000 pieces, 2 threads)
  ...t=3.77e+09 tail sweep 33% (2000 pieces, 2 threads)
  ...t=3.77e+09 tail sweep 33% (2000 pieces, 2 threads)
  ...t=3.77e+09 tail sweep 41% (2500 pieces, 2 threads)
  ...t=3.77e+09 tail sweep 41% (2500 pieces, 2 threads)
  ...t=3.77e+09 tail sweep 41% (2500 pieces, 2 threads)
  ...t=3.77e+09 tail sweep 41% (2500 pieces, 2 threads)
  ...t=3.77e+09 tail sweep 50% (3000 pieces, 2 threads)
  ...t=3.77e+09 tail sweep 50% (3000 pieces, 2 threads)
  ...t=3.77e+09 tail sweep 50% (3000 pieces, 2 threads)
  ...t=3.77e+09 tail sweep 50% (3000 pieces, 2 threads)
  ...t=3.77e+09 tail sweep 58% (3500 pieces, 2 threads)
  ...t=3.77e+09 tail sweep 58% (3500 pieces, 2 threads)
  ...t=3.77e+09 tail sweep 58% (3500 pieces, 2 threads)
  ...t=3.77e+09 tail sweep 58% (3500 pieces, 2 threads)
  ...t=3.77e+09 tail sweep 66% (4000 pieces, 2 threads)
  ...t=3.77e+09 tail sweep 66% (4000 pieces, 2 threads)
  ...t=3.77e+09 tail sweep 66% (4000 pieces, 2 threads)
  ...t=3.77e+09 tail sweep 66% (4000 pieces, 2 threads)
  ...t=3.77e+09 tail sweep 74% (4500 pieces, 2 threads)
  ...t=3.77e+09 tail sweep 74% (4500 pieces, 2 threads)
  ...t=3.77e+09 tail sweep 74% (4500 pieces, 2 threads)
  ...t=3.77e+09 tail sweep 74% (4500 pieces, 2 threads)
  ...t=3.77e+09 tail sweep 83% (5000 pieces, 2 threads)
  ...t=3.77e+09 tail sweep 83% (5000 pieces, 2 threads)
  ...t=3.77e+09 tail sweep 83% (5000 pieces, 2 threads)
  ...t=3.77e+09 tail sweep 83% (5000 pieces, 2 threads)
  ...t=3.77e+09 tail sweep 91% (5500 pieces, 2 threads)
  ...t=3.77e+09 tail sweep 91% (5500 pieces, 2 threads)
  ...t=3.77e+09 tail sweep 91% (5500 pieces, 2 threads)
  ...t=3.77e+09 tail sweep 91% (5500 pieces, 2 threads)
  ...t=3.77e+09 tail sweep 99% (6000 pieces, 2 threads)
  ...t=3.77e+09 tail sweep 99% (6000 pieces, 2 threads)
  ...t=3.77e+09 tail sweep 99% (6000 pieces, 2 threads)
  ...t=3.77e+09 tail sweep 99% (6000 pieces, 2 threads)
  pt win=1 k=-9 x=3.77e+09 t=3770004222.16975 mnew=1.0000 mcert=1.0000 bexp=4.29e-04
  pt win=1 k=-10 x=3.77e+09 t=3770004221.66975 mnew=1.0000 mcert=1.0000 bexp=4.29e-04
  pt win=1 k=-8 x=3.77e+09 t=3770004222.66975 mnew=1.0000 mcert=1.0000 bexp=4.36e-04
  pt win=1 k=-7 x=3.77e+09 t=3770004223.16975 mnew=1.0000 mcert=1.0000 bexp=4.36e-04
  ...t=3.77e+09 tail sweep 8% (500 pieces, 2 threads)
  ...t=3.77e+09 tail sweep 8% (500 pieces, 2 threads)
  ...t=3.77e+09 tail sweep 8% (500 pieces, 2 threads)
  ...t=3.77e+09 tail sweep 8% (500 pieces, 2 threads)
  ...t=3.77e+09 tail sweep 17% (1000 pieces, 2 threads)
  ...t=3.77e+09 tail sweep 17% (1000 pieces, 2 threads)
  ...t=3.77e+09 tail sweep 17% (1000 pieces, 2 threads)
  ...t=3.77e+09 tail sweep 17% (1000 pieces, 2 threads)
  ...t=3.77e+09 tail sweep 25% (1500 pieces, 2 threads)
  ...t=3.77e+09 tail sweep 25% (1500 pieces, 2 threads)
  ...t=3.77e+09 tail sweep 25% (1500 pieces, 2 threads)
  ...t=3.77e+09 tail sweep 25% (1500 pieces, 2 threads)
  ...t=3.77e+09 tail sweep 33% (2000 pieces, 2 threads)
  ...t=3.77e+09 tail sweep 33% (2000 pieces, 2 threads)
  ...t=3.77e+09 tail sweep 33% (2000 pieces, 2 threads)
  ...t=3.77e+09 tail sweep 33% (2000 pieces, 2 threads)
  ...t=3.77e+09 tail sweep 41% (2500 pieces, 2 threads)
  ...t=3.77e+09 tail sweep 41% (2500 pieces, 2 threads)
  ...t=3.77e+09 tail sweep 41% (2500 pieces, 2 threads)
  ...t=3.77e+09 tail sweep 41% (2500 pieces, 2 threads)
  ...t=3.77e+09 tail sweep 50% (3000 pieces, 2 threads)
  ...t=3.77e+09 tail sweep 50% (3000 pieces, 2 threads)
  ...t=3.77e+09 tail sweep 50% (3000 pieces, 2 threads)
  ...t=3.77e+09 tail sweep 50% (3000 pieces, 2 threads)
  ...t=3.77e+09 tail sweep 58% (3500 pieces, 2 threads)
  ...t=3.77e+09 tail sweep 58% (3500 pieces, 2 threads)
  ...t=3.77e+09 tail sweep 58% (3500 pieces, 2 threads)
  ...t=3.77e+09 tail sweep 58% (3500 pieces, 2 threads)
  ...t=3.77e+09 tail sweep 66% (4000 pieces, 2 threads)
  ...t=3.77e+09 tail sweep 66% (4000 pieces, 2 threads)
  ...t=3.77e+09 tail sweep 66% (4000 pieces, 2 threads)
  ...t=3.77e+09 tail sweep 66% (4000 pieces, 2 threads)
  ...t=3.77e+09 tail sweep 74% (4500 pieces, 2 threads)  ...t=3.77e+09 tail sweep 74% (4500 pieces, 2 threads)

  ...t=3.77e+09 tail sweep 74% (4500 pieces, 2 threads)
  ...t=3.77e+09 tail sweep 74% (4500 pieces, 2 threads)
  ...t=3.77e+09 tail sweep 83% (5000 pieces, 2 threads)
  ...t=3.77e+09 tail sweep 83% (5000 pieces, 2 threads)
  ...t=3.77e+09 tail sweep 83% (5000 pieces, 2 threads)
  ...t=3.77e+09 tail sweep 83% (5000 pieces, 2 threads)
  ...t=3.77e+09 tail sweep 91% (5500 pieces, 2 threads)
  ...t=3.77e+09 tail sweep 91% (5500 pieces, 2 threads)
  ...t=3.77e+09 tail sweep 91% (5500 pieces, 2 threads)
  ...t=3.77e+09 tail sweep 91% (5500 pieces, 2 threads)
  ...t=3.77e+09 tail sweep 99% (6000 pieces, 2 threads)
  ...t=3.77e+09 tail sweep 99% (6000 pieces, 2 threads)
  ...t=3.77e+09 tail sweep 99% (6000 pieces, 2 threads)
  pt win=1 k=-6 x=3.77e+09 t=3770004223.66975 mnew=1.0000 mcert=1.0000 bexp=4.30e-04
  pt win=1 k=-5 x=3.77e+09 t=3770004224.16975 mnew=1.0000 mcert=1.0000 bexp=4.71e-04
  pt win=1 k=-4 x=3.77e+09 t=3770004224.66975 mnew=1.0000 mcert=1.0000 bexp=4.40e-04
  ...t=3.77e+09 tail sweep 99% (6000 pieces, 2 threads)
  pt win=1 k=-3 x=3.77e+09 t=3770004225.16975 mnew=1.0000 mcert=1.0000 bexp=4.34e-04
  ...t=3.77e+09 tail sweep 8% (500 pieces, 2 threads)
  ...t=3.77e+09 tail sweep 8% (500 pieces, 2 threads)
  ...t=3.77e+09 tail sweep 8% (500 pieces, 2 threads)
  ...t=3.77e+09 tail sweep 8% (500 pieces, 2 threads)
  ...t=3.77e+09 tail sweep 17% (1000 pieces, 2 threads)  ...t=3.77e+09 tail sweep 17% (1000 pieces, 2 threads)

  ...t=3.77e+09 tail sweep 17% (1000 pieces, 2 threads)
  ...t=3.77e+09 tail sweep 17% (1000 pieces, 2 threads)
  ...t=3.77e+09 tail sweep 25% (1500 pieces, 2 threads)
  ...t=3.77e+09 tail sweep 25% (1500 pieces, 2 threads)
  ...t=3.77e+09 tail sweep 25% (1500 pieces, 2 threads)
  ...t=3.77e+09 tail sweep 25% (1500 pieces, 2 threads)
  ...t=3.77e+09 tail sweep 33% (2000 pieces, 2 threads)
  ...t=3.77e+09 tail sweep 33% (2000 pieces, 2 threads)
  ...t=3.77e+09 tail sweep 33% (2000 pieces, 2 threads)
  ...t=3.77e+09 tail sweep 33% (2000 pieces, 2 threads)
  ...t=3.77e+09 tail sweep 41% (2500 pieces, 2 threads)
  ...t=3.77e+09 tail sweep 41% (2500 pieces, 2 threads)
  ...t=3.77e+09 tail sweep 41% (2500 pieces, 2 threads)
  ...t=3.77e+09 tail sweep 41% (2500 pieces, 2 threads)
  ...t=3.77e+09 tail sweep 50% (3000 pieces, 2 threads)
  ...t=3.77e+09 tail sweep 50% (3000 pieces, 2 threads)
  ...t=3.77e+09 tail sweep 50% (3000 pieces, 2 threads)
  ...t=3.77e+09 tail sweep 50% (3000 pieces, 2 threads)
  ...t=3.77e+09 tail sweep 58% (3500 pieces, 2 threads)
  ...t=3.77e+09 tail sweep 58% (3500 pieces, 2 threads)
  ...t=3.77e+09 tail sweep 58% (3500 pieces, 2 threads)
  ...t=3.77e+09 tail sweep 58% (3500 pieces, 2 threads)
  ...t=3.77e+09 tail sweep 66% (4000 pieces, 2 threads)
  ...t=3.77e+09 tail sweep 66% (4000 pieces, 2 threads)  ...t=3.77e+09 tail sweep 66% (4000 pieces, 2 threads)

  ...t=3.77e+09 tail sweep 66% (4000 pieces, 2 threads)
  ...t=3.77e+09 tail sweep 74% (4500 pieces, 2 threads)
  ...t=3.77e+09 tail sweep 74% (4500 pieces, 2 threads)
  ...t=3.77e+09 tail sweep 74% (4500 pieces, 2 threads)
  ...t=3.77e+09 tail sweep 74% (4500 pieces, 2 threads)
  ...t=3.77e+09 tail sweep 83% (5000 pieces, 2 threads)
  ...t=3.77e+09 tail sweep 83% (5000 pieces, 2 threads)
  ...t=3.77e+09 tail sweep 83% (5000 pieces, 2 threads)
  ...t=3.77e+09 tail sweep 83% (5000 pieces, 2 threads)
  ...t=3.77e+09 tail sweep 91% (5500 pieces, 2 threads)
  ...t=3.77e+09 tail sweep 91% (5500 pieces, 2 threads)
  ...t=3.77e+09 tail sweep 91% (5500 pieces, 2 threads)
  ...t=3.77e+09 tail sweep 91% (5500 pieces, 2 threads)
  ...t=3.77e+09 tail sweep 99% (6000 pieces, 2 threads)
  ...t=3.77e+09 tail sweep 99% (6000 pieces, 2 threads)
  ...t=3.77e+09 tail sweep 99% (6000 pieces, 2 threads)
  pt win=1 k=-2 x=3.77e+09 t=3770004225.66975 mnew=1.0000 mcert=1.0000 bexp=4.32e-04
  pt win=1 k=-1 x=3.77e+09 t=3770004226.16975 mnew=1.0000 mcert=1.0000 bexp=4.35e-04
  pt win=1 k=+1 x=3.77e+09 t=3770004227.16975 mnew=1.0000 mcert=1.0000 bexp=4.49e-04
  ...t=3.77e+09 tail sweep 99% (6000 pieces, 2 threads)
  pt win=1 k=+2 x=3.77e+09 t=3770004227.66975 mnew=1.0000 mcert=1.0000 bexp=4.32e-04
  ...t=3.77e+09 tail sweep 8% (500 pieces, 2 threads)
  ...t=3.77e+09 tail sweep 8% (500 pieces, 2 threads)  ...t=3.77e+09 tail sweep 8% (500 pieces, 2 threads)

  ...t=3.77e+09 tail sweep 8% (500 pieces, 2 threads)
  ...t=3.77e+09 tail sweep 17% (1000 pieces, 2 threads)
  ...t=3.77e+09 tail sweep 17% (1000 pieces, 2 threads)
  ...t=3.77e+09 tail sweep 17% (1000 pieces, 2 threads)
  ...t=3.77e+09 tail sweep 17% (1000 pieces, 2 threads)
  ...t=3.77e+09 tail sweep 25% (1500 pieces, 2 threads)
  ...t=3.77e+09 tail sweep 25% (1500 pieces, 2 threads)
  ...t=3.77e+09 tail sweep 25% (1500 pieces, 2 threads)
  ...t=3.77e+09 tail sweep 33% (2000 pieces, 2 threads)
  ...t=3.77e+09 tail sweep 33% (2000 pieces, 2 threads)
  ...t=3.77e+09 tail sweep 33% (2000 pieces, 2 threads)
  ...t=3.77e+09 tail sweep 25% (1500 pieces, 2 threads)
  ...t=3.77e+09 tail sweep 41% (2500 pieces, 2 threads)
  ...t=3.77e+09 tail sweep 41% (2500 pieces, 2 threads)
  ...t=3.77e+09 tail sweep 41% (2500 pieces, 2 threads)
  ...t=3.77e+09 tail sweep 33% (2000 pieces, 2 threads)
  ...t=3.77e+09 tail sweep 50% (3000 pieces, 2 threads)  ...t=3.77e+09 tail sweep 50% (3000 pieces, 2 threads)

  ...t=3.77e+09 tail sweep 50% (3000 pieces, 2 threads)
  ...t=3.77e+09 tail sweep 41% (2500 pieces, 2 threads)
  ...t=3.77e+09 tail sweep 58% (3500 pieces, 2 threads)
  ...t=3.77e+09 tail sweep 58% (3500 pieces, 2 threads)
  ...t=3.77e+09 tail sweep 58% (3500 pieces, 2 threads)
  ...t=3.77e+09 tail sweep 50% (3000 pieces, 2 threads)
  ...t=3.77e+09 tail sweep 66% (4000 pieces, 2 threads)
  ...t=3.77e+09 tail sweep 66% (4000 pieces, 2 threads)
  ...t=3.77e+09 tail sweep 66% (4000 pieces, 2 threads)
  ...t=3.77e+09 tail sweep 58% (3500 pieces, 2 threads)
  ...t=3.77e+09 tail sweep 74% (4500 pieces, 2 threads)
  ...t=3.77e+09 tail sweep 74% (4500 pieces, 2 threads)
  ...t=3.77e+09 tail sweep 74% (4500 pieces, 2 threads)
  ...t=3.77e+09 tail sweep 66% (4000 pieces, 2 threads)
  ...t=3.77e+09 tail sweep 83% (5000 pieces, 2 threads)
  ...t=3.77e+09 tail sweep 83% (5000 pieces, 2 threads)
  ...t=3.77e+09 tail sweep 83% (5000 pieces, 2 threads)
  ...t=3.77e+09 tail sweep 74% (4500 pieces, 2 threads)
  ...t=3.77e+09 tail sweep 91% (5500 pieces, 2 threads)
  ...t=3.77e+09 tail sweep 91% (5500 pieces, 2 threads)
  ...t=3.77e+09 tail sweep 91% (5500 pieces, 2 threads)
  ...t=3.77e+09 tail sweep 83% (5000 pieces, 2 threads)
  ...t=3.77e+09 tail sweep 99% (6000 pieces, 2 threads)
  ...t=3.77e+09 tail sweep 99% (6000 pieces, 2 threads)
  ...t=3.77e+09 tail sweep 99% (6000 pieces, 2 threads)
  ...t=3.77e+09 tail sweep 91% (5500 pieces, 2 threads)
  pt win=1 k=+3 x=3.77e+09 t=3770004228.16975 mnew=1.0000 mcert=1.0000 bexp=4.32e-04
  pt win=1 k=+4 x=3.77e+09 t=3770004228.66975 mnew=1.0000 mcert=1.0000 bexp=4.30e-04
  pt win=1 k=+5 x=3.77e+09 t=3770004229.16975 mnew=1.0000 mcert=1.0000 bexp=4.33e-04
  ...t=3.77e+09 tail sweep 99% (6000 pieces, 2 threads)
  ...t=3.77e+09 tail sweep 8% (500 pieces, 2 threads)
  ...t=3.77e+09 tail sweep 8% (500 pieces, 2 threads)  ...t=3.77e+09 tail sweep 8% (500 pieces, 2 threads)

  pt win=1 k=+6 x=3.77e+09 t=3770004229.66975 mnew=1.0000 mcert=1.0000 bexp=4.33e-04
  ...t=3.77e+09 tail sweep 17% (1000 pieces, 2 threads)
  ...t=3.77e+09 tail sweep 17% (1000 pieces, 2 threads)
  ...t=3.77e+09 tail sweep 17% (1000 pieces, 2 threads)
  ...t=3.77e+09 tail sweep 8% (500 pieces, 2 threads)
  ...t=3.77e+09 tail sweep 25% (1500 pieces, 2 threads)
  ...t=3.77e+09 tail sweep 25% (1500 pieces, 2 threads)
  ...t=3.77e+09 tail sweep 25% (1500 pieces, 2 threads)
  ...t=3.77e+09 tail sweep 17% (1000 pieces, 2 threads)
  ...t=3.77e+09 tail sweep 33% (2000 pieces, 2 threads)
  ...t=3.77e+09 tail sweep 33% (2000 pieces, 2 threads)
  ...t=3.77e+09 tail sweep 33% (2000 pieces, 2 threads)
  ...t=3.77e+09 tail sweep 25% (1500 pieces, 2 threads)
  ...t=3.77e+09 tail sweep 41% (2500 pieces, 2 threads)
  ...t=3.77e+09 tail sweep 41% (2500 pieces, 2 threads)
  ...t=3.77e+09 tail sweep 41% (2500 pieces, 2 threads)
  ...t=3.77e+09 tail sweep 33% (2000 pieces, 2 threads)
  ...t=3.77e+09 tail sweep 50% (3000 pieces, 2 threads)
  ...t=3.77e+09 tail sweep 50% (3000 pieces, 2 threads)
  ...t=3.77e+09 tail sweep 50% (3000 pieces, 2 threads)
  ...t=3.77e+09 tail sweep 41% (2500 pieces, 2 threads)
  ...t=3.77e+09 tail sweep 58% (3500 pieces, 2 threads)
  ...t=3.77e+09 tail sweep 58% (3500 pieces, 2 threads)
  ...t=3.77e+09 tail sweep 58% (3500 pieces, 2 threads)
  ...t=3.77e+09 tail sweep 50% (3000 pieces, 2 threads)
  ...t=3.77e+09 tail sweep 66% (4000 pieces, 2 threads)
  ...t=3.77e+09 tail sweep 66% (4000 pieces, 2 threads)
  ...t=3.77e+09 tail sweep 66% (4000 pieces, 2 threads)
  ...t=3.77e+09 tail sweep 58% (3500 pieces, 2 threads)
  ...t=3.77e+09 tail sweep 74% (4500 pieces, 2 threads)
  ...t=3.77e+09 tail sweep 74% (4500 pieces, 2 threads)
  ...t=3.77e+09 tail sweep 74% (4500 pieces, 2 threads)
  ...t=3.77e+09 tail sweep 66% (4000 pieces, 2 threads)
  ...t=3.77e+09 tail sweep 83% (5000 pieces, 2 threads)
  ...t=3.77e+09 tail sweep 83% (5000 pieces, 2 threads)
  ...t=3.77e+09 tail sweep 83% (5000 pieces, 2 threads)
  ...t=3.77e+09 tail sweep 74% (4500 pieces, 2 threads)
  ...t=3.77e+09 tail sweep 91% (5500 pieces, 2 threads)
  ...t=3.77e+09 tail sweep 91% (5500 pieces, 2 threads)
  ...t=3.77e+09 tail sweep 91% (5500 pieces, 2 threads)
  ...t=3.77e+09 tail sweep 83% (5000 pieces, 2 threads)
  ...t=3.77e+09 tail sweep 99% (6000 pieces, 2 threads)
  ...t=3.77e+09 tail sweep 99% (6000 pieces, 2 threads)
  ...t=3.77e+09 tail sweep 99% (6000 pieces, 2 threads)
  ...t=3.77e+09 tail sweep 91% (5500 pieces, 2 threads)
  pt win=1 k=+8 x=3.77e+09 t=3770004230.66975 mnew=1.0000 mcert=1.0000 bexp=4.50e-04
  pt win=1 k=+7 x=3.77e+09 t=3770004230.16975 mnew=1.0000 mcert=1.0000 bexp=4.29e-04
  pt win=1 k=+9 x=3.77e+09 t=3770004231.16975 mnew=1.0000 mcert=1.0000 bexp=4.31e-04
  ...t=3.77e+09 tail sweep 99% (6000 pieces, 2 threads)
  ...t=4.072e+09 tail sweep 8% (500 pieces, 2 threads)  ...t=3.77e+09 tail sweep 8% (500 pieces, 2 threads)

  ...t=3.77e+09 tail sweep 8% (500 pieces, 2 threads)
  pt win=1 k=+10 x=3.77e+09 t=3770004231.66975 mnew=1.0000 mcert=1.0000 bexp=4.34e-04
  ...t=3.77e+09 tail sweep 17% (1000 pieces, 2 threads)
  ...t=4.072e+09 tail sweep 17% (1000 pieces, 2 threads)
  ...t=3.77e+09 tail sweep 17% (1000 pieces, 2 threads)
  ...t=4.072e+09 tail sweep 8% (500 pieces, 2 threads)
  ...t=3.77e+09 tail sweep 25% (1500 pieces, 2 threads)
  ...t=4.072e+09 tail sweep 25% (1500 pieces, 2 threads)
  ...t=3.77e+09 tail sweep 25% (1500 pieces, 2 threads)
  ...t=4.072e+09 tail sweep 17% (1000 pieces, 2 threads)
Exception in thread Thread-23 (_chunk):
Traceback (most recent call last):
  File "/usr/lib/python3.12/threading.py", line 1073, in _bootstrap_inner
    self.run()
  File "/usr/lib/python3.12/threading.py", line 1010, in run
    self._target(*self._args, **self._kwargs)
  File "/home/hgoddard/Projects/rh-missing-tail/scripts/rh/day038_h1_3e10_gpu.py", line 569, in _chunk
    sr, si, br, bi, s_ar, dm = slabfn(
                               ^^^^^^^
  File "/home/hgoddard/Projects/rh-missing-tail/scripts/rh/day038_h1_3e10_gpu.py", line 457, in slab_budget_gpu
    dimdg = tf * 2.0 * cc / (A * A)                # > 0
            ~~~~~~~~~~~~~~^~~~~~~~~
  File "cupy/_core/core.pyx", line 1606, in cupy._core.core._ndarray_base.__truediv__
  File "cupy/_core/_kernel.pyx", line 1374, in cupy._core._kernel.ufunc.__call__
  File "cupy/_core/_kernel.pyx", line 657, in cupy._core._kernel._get_out_args_from_optionals
  File "cupy/_core/core.pyx", line 3342, in cupy._core.core._ndarray_init
  File "cupy/_core/core.pyx", line 300, in cupy._core.core._ndarray_base._init_fast
  File "cupy/cuda/memory.pyx", line 904, in cupy.cuda.memory.alloc
  File "cupy/cuda/memory.pyx", line 1614, in cupy.cuda.memory.MemoryPool.malloc
  File "cupy/cuda/memory.pyx", line 1635, in cupy.cuda.memory.MemoryPool.malloc
  File "cupy/cuda/memory.pyx", line 1350, in cupy.cuda.memory.SingleDeviceMemoryPool.malloc
  File "cupy/cuda/memory.pyx", line 1376, in cupy.cuda.memory.SingleDeviceMemoryPool._malloc
  File "cupy/cuda/memory.pyx", line 1560, in cupy.cuda.memory.SingleDeviceMemoryPool._try_malloc
cupy.cuda.memory.OutOfMemoryError: Out of memory allocating 134,217,728 bytes (allocated so far: 2,684,354,560 bytes).
  ...t=4.072e+09 tail sweep 33% (2000 pieces, 2 threads)  ...t=3.77e+09 tail sweep 33% (2000 pieces, 2 threads)

  ...t=3.77e+09 tail sweep 33% (2000 pieces, 2 threads)
  ...t=4.072e+09 tail sweep 25% (1500 pieces, 2 threads)
  ...t=4.072e+09 tail sweep 41% (2500 pieces, 2 threads)
  ...t=3.77e+09 tail sweep 41% (2500 pieces, 2 threads)
  ...t=4.072e+09 tail sweep 33% (2000 pieces, 2 threads)
  ...t=4.072e+09 tail sweep 50% (3000 pieces, 2 threads)
  ...t=3.77e+09 tail sweep 50% (3000 pieces, 2 threads)
  ...t=3.77e+09 tail sweep 41% (2500 pieces, 2 threads)
  ...t=4.072e+09 tail sweep 41% (2500 pieces, 2 threads)
  ...t=4.072e+09 tail sweep 58% (3500 pieces, 2 threads)
  ...t=3.77e+09 tail sweep 58% (3500 pieces, 2 threads)
  ...t=4.072e+09 tail sweep 50% (3000 pieces, 2 threads)
  ...t=3.77e+09 tail sweep 66% (4000 pieces, 2 threads)
  ...t=4.072e+09 tail sweep 66% (4000 pieces, 2 threads)
  ...t=3.77e+09 tail sweep 50% (3000 pieces, 2 threads)
  ...t=4.072e+09 tail sweep 58% (3500 pieces, 2 threads)
  ...t=4.072e+09 tail sweep 74% (4500 pieces, 2 threads)
  ...t=3.77e+09 tail sweep 74% (4500 pieces, 2 threads)
  ...t=4.072e+09 tail sweep 66% (4000 pieces, 2 threads)
  ...t=4.072e+09 tail sweep 83% (5000 pieces, 2 threads)
  ...t=3.77e+09 tail sweep 83% (5000 pieces, 2 threads)
  ...t=3.77e+09 tail sweep 58% (3500 pieces, 2 threads)
  ...t=4.072e+09 tail sweep 74% (4500 pieces, 2 threads)
  ...t=4.072e+09 tail sweep 91% (5500 pieces, 2 threads)
  ...t=3.77e+09 tail sweep 91% (5500 pieces, 2 threads)
  ...t=4.072e+09 tail sweep 83% (5000 pieces, 2 threads)
  ...t=4.072e+09 tail sweep 99% (6000 pieces, 2 threads)
  ...t=3.77e+09 tail sweep 99% (6000 pieces, 2 threads)
point  job  (win  1,  k  +12,  x=3770004227)  WORKER  FAILED:  TypeError('cannot unpack non-iterable NoneType object')  --  done  points  are  checkpointed;  supervisor  resumes
  pt win=1 k=+11 x=3.77e+09 t=3770004232.16975 mnew=1.0000 mcert=1.0000 bexp=4.37e-04
  ...t=4.072e+09 tail sweep 91% (5500 pieces, 2 threads)
  pt win=2 k=-12 x=4.072e+09 t=4071604558.94571 mnew=1.0000 mcert=1.0000 bexp=4.63e-04
  ...t=4.072e+09 tail sweep 8% (500 pieces, 2 threads)
  ...t=4.072e+09 tail sweep 8% (500 pieces, 2 threads)
  ...t=4.072e+09 tail sweep 99% (6000 pieces, 2 threads)
  ...t=4.072e+09 tail sweep 8% (500 pieces, 2 threads)
  pt win=2 k=-11 x=4.072e+09 t=4071604559.44571 mnew=1.0000 mcert=1.0000 bexp=4.88e-04
  ...t=4.072e+09 tail sweep 17% (1000 pieces, 2 threads)
  ...t=4.072e+09 tail sweep 17% (1000 pieces, 2 threads)
  ...t=4.072e+09 tail sweep 17% (1000 pieces, 2 threads)
  ...t=4.072e+09 tail sweep 8% (500 pieces, 2 threads)
  ...t=4.072e+09 tail sweep 25% (1500 pieces, 2 threads)
  ...t=4.072e+09 tail sweep 25% (1500 pieces, 2 threads)
  ...t=4.072e+09 tail sweep 17% (1000 pieces, 2 threads)
  ...t=4.072e+09 tail sweep 25% (1500 pieces, 2 threads)
  ...t=4.072e+09 tail sweep 33% (2000 pieces, 2 threads)
  ...t=4.072e+09 tail sweep 33% (2000 pieces, 2 threads)
  ...t=4.072e+09 tail sweep 25% (1500 pieces, 2 threads)
  ...t=4.072e+09 tail sweep 33% (2000 pieces, 2 threads)
  ...t=4.072e+09 tail sweep 41% (2500 pieces, 2 threads)
  ...t=4.072e+09 tail sweep 41% (2500 pieces, 2 threads)
  ...t=4.072e+09 tail sweep 33% (2000 pieces, 2 threads)
  ...t=4.072e+09 tail sweep 41% (2500 pieces, 2 threads)
  ...t=4.072e+09 tail sweep 50% (3000 pieces, 2 threads)
  ...t=4.072e+09 tail sweep 50% (3000 pieces, 2 threads)
  ...t=4.072e+09 tail sweep 41% (2500 pieces, 2 threads)
  ...t=4.072e+09 tail sweep 50% (3000 pieces, 2 threads)
  ...t=4.072e+09 tail sweep 58% (3500 pieces, 2 threads)
  ...t=4.072e+09 tail sweep 58% (3500 pieces, 2 threads)
  ...t=4.072e+09 tail sweep 50% (3000 pieces, 2 threads)
  ...t=4.072e+09 tail sweep 58% (3500 pieces, 2 threads)
  ...t=4.072e+09 tail sweep 66% (4000 pieces, 2 threads)
  ...t=4.072e+09 tail sweep 66% (4000 pieces, 2 threads)
  ...t=4.072e+09 tail sweep 58% (3500 pieces, 2 threads)
  ...t=4.072e+09 tail sweep 66% (4000 pieces, 2 threads)
  ...t=4.072e+09 tail sweep 74% (4500 pieces, 2 threads)
  ...t=4.072e+09 tail sweep 74% (4500 pieces, 2 threads)
  ...t=4.072e+09 tail sweep 66% (4000 pieces, 2 threads)
  ...t=4.072e+09 tail sweep 83% (5000 pieces, 2 threads)
  ...t=4.072e+09 tail sweep 74% (4500 pieces, 2 threads)
  ...t=4.072e+09 tail sweep 83% (5000 pieces, 2 threads)
  ...t=4.072e+09 tail sweep 74% (4500 pieces, 2 threads)
  ...t=4.072e+09 tail sweep 91% (5500 pieces, 2 threads)
  ...t=4.072e+09 tail sweep 83% (5000 pieces, 2 threads)
  ...t=4.072e+09 tail sweep 91% (5500 pieces, 2 threads)
  ...t=4.072e+09 tail sweep 83% (5000 pieces, 2 threads)
  ...t=4.072e+09 tail sweep 99% (6000 pieces, 2 threads)
  ...t=4.072e+09 tail sweep 91% (5500 pieces, 2 threads)
  pt win=2 k=-10 x=4.072e+09 t=4071604559.94571 mnew=1.0000 mcert=1.0000 bexp=4.61e-04
  ...t=4.072e+09 tail sweep 99% (6000 pieces, 2 threads)
  ...t=4.072e+09 tail sweep 91% (5500 pieces, 2 threads)
  pt win=2 k=-9 x=4.072e+09 t=4071604560.44571 mnew=1.0000 mcert=1.0000 bexp=4.65e-04
  ...t=4.072e+09 tail sweep 99% (6000 pieces, 2 threads)
  ...t=4.072e+09 tail sweep 8% (500 pieces, 2 threads)
  pt win=2 k=-8 x=4.072e+09 t=4071604560.94571 mnew=1.0000 mcert=1.0000 bexp=4.63e-04
  ...t=4.072e+09 tail sweep 99% (6000 pieces, 2 threads)
  ...t=4.072e+09 tail sweep 8% (500 pieces, 2 threads)
  pt win=2 k=-7 x=4.072e+09 t=4071604561.44571 mnew=1.0000 mcert=1.0000 bexp=4.66e-04
  ...t=4.072e+09 tail sweep 17% (1000 pieces, 2 threads)
  ...t=4.072e+09 tail sweep 8% (500 pieces, 2 threads)
  ...t=4.072e+09 tail sweep 17% (1000 pieces, 2 threads)
  ...t=4.072e+09 tail sweep 8% (500 pieces, 2 threads)
  ...t=4.072e+09 tail sweep 25% (1500 pieces, 2 threads)
  ...t=4.072e+09 tail sweep 17% (1000 pieces, 2 threads)
  ...t=4.072e+09 tail sweep 25% (1500 pieces, 2 threads)
  ...t=4.072e+09 tail sweep 17% (1000 pieces, 2 threads)
  ...t=4.072e+09 tail sweep 33% (2000 pieces, 2 threads)
  ...t=4.072e+09 tail sweep 25% (1500 pieces, 2 threads)
  ...t=4.072e+09 tail sweep 33% (2000 pieces, 2 threads)
  ...t=4.072e+09 tail sweep 25% (1500 pieces, 2 threads)
  ...t=4.072e+09 tail sweep 41% (2500 pieces, 2 threads)
  ...t=4.072e+09 tail sweep 33% (2000 pieces, 2 threads)
  ...t=4.072e+09 tail sweep 41% (2500 pieces, 2 threads)
  ...t=4.072e+09 tail sweep 33% (2000 pieces, 2 threads)
  ...t=4.072e+09 tail sweep 50% (3000 pieces, 2 threads)
  ...t=4.072e+09 tail sweep 41% (2500 pieces, 2 threads)
  ...t=4.072e+09 tail sweep 50% (3000 pieces, 2 threads)
  ...t=4.072e+09 tail sweep 41% (2500 pieces, 2 threads)
  ...t=4.072e+09 tail sweep 58% (3500 pieces, 2 threads)
  ...t=4.072e+09 tail sweep 50% (3000 pieces, 2 threads)
  ...t=4.072e+09 tail sweep 50% (3000 pieces, 2 threads)
  ...t=4.072e+09 tail sweep 58% (3500 pieces, 2 threads)
  ...t=4.072e+09 tail sweep 66% (4000 pieces, 2 threads)
  ...t=4.072e+09 tail sweep 58% (3500 pieces, 2 threads)
  ...t=4.072e+09 tail sweep 58% (3500 pieces, 2 threads)
  ...t=4.072e+09 tail sweep 66% (4000 pieces, 2 threads)
  ...t=4.072e+09 tail sweep 74% (4500 pieces, 2 threads)
  ...t=4.072e+09 tail sweep 66% (4000 pieces, 2 threads)
  ...t=4.072e+09 tail sweep 66% (4000 pieces, 2 threads)
  ...t=4.072e+09 tail sweep 74% (4500 pieces, 2 threads)
  ...t=4.072e+09 tail sweep 83% (5000 pieces, 2 threads)
  ...t=4.072e+09 tail sweep 74% (4500 pieces, 2 threads)
  ...t=4.072e+09 tail sweep 74% (4500 pieces, 2 threads)
  ...t=4.072e+09 tail sweep 83% (5000 pieces, 2 threads)
  ...t=4.072e+09 tail sweep 91% (5500 pieces, 2 threads)
  ...t=4.072e+09 tail sweep 83% (5000 pieces, 2 threads)
  ...t=4.072e+09 tail sweep 83% (5000 pieces, 2 threads)
  ...t=4.072e+09 tail sweep 91% (5500 pieces, 2 threads)
  ...t=4.072e+09 tail sweep 99% (6000 pieces, 2 threads)
  pt win=2 k=-6 x=4.072e+09 t=4071604561.94571 mnew=1.0000 mcert=1.0000 bexp=4.67e-04
  ...t=4.072e+09 tail sweep 91% (5500 pieces, 2 threads)
  ...t=4.072e+09 tail sweep 91% (5500 pieces, 2 threads)
  ...t=4.072e+09 tail sweep 99% (6000 pieces, 2 threads)
  pt win=2 k=-5 x=4.072e+09 t=4071604562.44571 mnew=1.0000 mcert=1.0000 bexp=4.75e-04
  ...t=4.072e+09 tail sweep 8% (500 pieces, 2 threads)
  ...t=4.072e+09 tail sweep 99% (6000 pieces, 2 threads)
  ...t=4.072e+09 tail sweep 99% (6000 pieces, 2 threads)
  ...t=4.072e+09 tail sweep 8% (500 pieces, 2 threads)
  pt win=2 k=-4 x=4.072e+09 t=4071604562.94571 mnew=1.0000 mcert=1.0000 bexp=4.62e-04
  pt win=2 k=-3 x=4.072e+09 t=4071604563.44571 mnew=1.0000 mcert=1.0000 bexp=4.84e-04
  ...t=4.072e+09 tail sweep 17% (1000 pieces, 2 threads)
  ...t=4.072e+09 tail sweep 17% (1000 pieces, 2 threads)
  ...t=4.072e+09 tail sweep 8% (500 pieces, 2 threads)
  ...t=4.072e+09 tail sweep 8% (500 pieces, 2 threads)
  ...t=4.072e+09 tail sweep 25% (1500 pieces, 2 threads)
  ...t=4.072e+09 tail sweep 25% (1500 pieces, 2 threads)
  ...t=4.072e+09 tail sweep 17% (1000 pieces, 2 threads)
  ...t=4.072e+09 tail sweep 17% (1000 pieces, 2 threads)
  ...t=4.072e+09 tail sweep 33% (2000 pieces, 2 threads)
  ...t=4.072e+09 tail sweep 33% (2000 pieces, 2 threads)
  ...t=4.072e+09 tail sweep 25% (1500 pieces, 2 threads)
  ...t=4.072e+09 tail sweep 25% (1500 pieces, 2 threads)
  ...t=4.072e+09 tail sweep 41% (2500 pieces, 2 threads)
  ...t=4.072e+09 tail sweep 41% (2500 pieces, 2 threads)
  ...t=4.072e+09 tail sweep 33% (2000 pieces, 2 threads)
  ...t=4.072e+09 tail sweep 33% (2000 pieces, 2 threads)
  ...t=4.072e+09 tail sweep 50% (3000 pieces, 2 threads)
  ...t=4.072e+09 tail sweep 50% (3000 pieces, 2 threads)
  ...t=4.072e+09 tail sweep 41% (2500 pieces, 2 threads)
  ...t=4.072e+09 tail sweep 41% (2500 pieces, 2 threads)
  ...t=4.072e+09 tail sweep 58% (3500 pieces, 2 threads)
  ...t=4.072e+09 tail sweep 58% (3500 pieces, 2 threads)
  ...t=4.072e+09 tail sweep 50% (3000 pieces, 2 threads)
  ...t=4.072e+09 tail sweep 50% (3000 pieces, 2 threads)
  ...t=4.072e+09 tail sweep 66% (4000 pieces, 2 threads)
  ...t=4.072e+09 tail sweep 66% (4000 pieces, 2 threads)
  ...t=4.072e+09 tail sweep 58% (3500 pieces, 2 threads)
  ...t=4.072e+09 tail sweep 58% (3500 pieces, 2 threads)
  ...t=4.072e+09 tail sweep 74% (4500 pieces, 2 threads)
  ...t=4.072e+09 tail sweep 74% (4500 pieces, 2 threads)
  ...t=4.072e+09 tail sweep 66% (4000 pieces, 2 threads)
  ...t=4.072e+09 tail sweep 66% (4000 pieces, 2 threads)
  ...t=4.072e+09 tail sweep 83% (5000 pieces, 2 threads)
H1_WINDOWS:  running  windows  1-11  (11  of  29)
resume:  window   0  (x=3490744654)  24/24  points  on disk
resume:  window   1  (x=3770004227)  23/24  points  on disk
resume:  window   2  (x=4071604565)  10/24  points  on disk
resume:  window   3  (x=4397332930)  0/24  points  on disk
resume:  window   4  (x=4749119564)  0/24  points  on disk
resume:  window   5  (x=5129049129)  0/24  points  on disk
resume:  window   6  (x=5539373060)  0/24  points  on disk
resume:  window   7  (x=5982522905)  0/24  points  on disk
resume:  window   8  (x=6461124737)  0/24  points  on disk
resume:  window   9  (x=6978014716)  0/24  points  on disk
resume:  window  10  (x=7536255893)  0/24  points  on disk
memguard:  MemAvailable  19.6  GiB,  reserve  2  GiB,  ~2.5  GiB/thread  x  2  threads  ->  allow  <=  3  contexts  (=  6  slab  threads;  4  GPU  clients  incl.  Xorg  vs  budget  11)
day038  gpu  H1-3e10:  FULL,  207  point  jobs  remaining (11  windows,  3  contexts  x  2  threads)
pids: parent=951732 workers=3 written to ckpt_h1_3e10/run.pids
overlap: 152/12626784 zeros differ by <=1.00 ulp (last byte,  rounding-level) --  those indices certified with dg x3
stitch: B from element 12626784 (first zero 1006346000.166784); overlap cross-check 12626632/12626784 byte-equal
tail3e10: L 52290633 + A 2792198664 + B' 3053546936 + C 3142622346 + D 92577877714 = 101618536293 zeros (812.9 GB); G_LAST = 30001045999.981976
overlap: 152/12626784 zeros differ by <=1.00 ulp (last byte,  rounding-level) --  those indices certified with dg x3
stitch: B from element 12626784 (first zero 1006346000.166784); overlap cross-check 12626632/12626784 byte-equal
tail3e10: L 52290633 + A 2792198664 + B' 3053546936 + C 3142622346 + D 92577877714 = 101618536293 zeros (812.9 GB); G_LAST = 30001045999.981976
overlap: 152/12626784 zeros differ by <=1.00 ulp (last byte,  rounding-level) --  those indices certified with dg x3
stitch: B from element 12626784 (first zero 1006346000.166784); overlap cross-check 12626632/12626784 byte-equal
tail3e10: L 52290633 + A 2792198664 + B' 3053546936 + C 3142622346 + D 92577877714 = 101618536293 zeros (812.9 GB); G_LAST = 30001045999.981976
  ...t=4.072e+09 tail sweep 8% (500 pieces, 2 threads)
  ...t=3.77e+09 tail sweep 8% (500 pieces, 2 threads)
  ...t=4.072e+09 tail sweep 8% (500 pieces, 2 threads)
  ...t=3.77e+09 tail sweep 17% (1000 pieces, 2 threads)  ...t=4.072e+09 tail sweep 17% (1000 pieces, 2 threads)

  ...t=4.072e+09 tail sweep 17% (1000 pieces, 2 threads)
  ...t=3.77e+09 tail sweep 25% (1500 pieces, 2 threads)
  ...t=4.072e+09 tail sweep 25% (1500 pieces, 2 threads)
  ...t=4.072e+09 tail sweep 25% (1500 pieces, 2 threads)
  ...t=4.072e+09 tail sweep 33% (2000 pieces, 2 threads)
  ...t=3.77e+09 tail sweep 33% (2000 pieces, 2 threads)
  ...t=4.072e+09 tail sweep 33% (2000 pieces, 2 threads)
  ...t=3.77e+09 tail sweep 41% (2500 pieces, 2 threads)
  ...t=4.072e+09 tail sweep 41% (2500 pieces, 2 threads)
  ...t=4.072e+09 tail sweep 41% (2500 pieces, 2 threads)
  ...t=3.77e+09 tail sweep 50% (3000 pieces, 2 threads)
  ...t=4.072e+09 tail sweep 50% (3000 pieces, 2 threads)
  ...t=4.072e+09 tail sweep 50% (3000 pieces, 2 threads)
  ...t=4.072e+09 tail sweep 58% (3500 pieces, 2 threads)  ...t=3.77e+09 tail sweep 58% (3500 pieces, 2 threads)

  ...t=4.072e+09 tail sweep 58% (3500 pieces, 2 threads)
  ...t=4.072e+09 tail sweep 66% (4000 pieces, 2 threads)
  ...t=4.072e+09 tail sweep 66% (4000 pieces, 2 threads)
  ...t=3.77e+09 tail sweep 66% (4000 pieces, 2 threads)
  ...t=4.072e+09 tail sweep 74% (4500 pieces, 2 threads)
  ...t=3.77e+09 tail sweep 74% (4500 pieces, 2 threads)
  ...t=4.072e+09 tail sweep 74% (4500 pieces, 2 threads)
  ...t=3.77e+09 tail sweep 83% (5000 pieces, 2 threads)
  ...t=4.072e+09 tail sweep 83% (5000 pieces, 2 threads)
  ...t=4.072e+09 tail sweep 83% (5000 pieces, 2 threads)
  ...t=4.072e+09 tail sweep 91% (5500 pieces, 2 threads)
  ...t=3.77e+09 tail sweep 91% (5500 pieces, 2 threads)
  ...t=4.072e+09 tail sweep 91% (5500 pieces, 2 threads)
  ...t=4.072e+09 tail sweep 99% (6000 pieces, 2 threads)
  ...t=4.072e+09 tail sweep 99% (6000 pieces, 2 threads)
  ...t=3.77e+09 tail sweep 99% (6000 pieces, 2 threads)
  pt win=1 k=+12 x=3.77e+09 t=3770004232.66975 mnew=1.0000 mcert=1.0000 bexp=4.34e-04
  pt win=2 k=-1 x=4.072e+09 t=4071604564.44571 mnew=1.0000 mcert=1.0000 bexp=4.65e-04
  pt win=2 k=-2 x=4.072e+09 t=4071604563.94571 mnew=1.0000 mcert=1.0000 bexp=4.61e-04
  ...t=4.072e+09 tail sweep 8% (500 pieces, 2 threads)
  ...t=4.072e+09 tail sweep 8% (500 pieces, 2 threads)
  ...t=4.072e+09 tail sweep 8% (500 pieces, 2 threads)
  ...t=4.072e+09 tail sweep 17% (1000 pieces, 2 threads)
  ...t=4.072e+09 tail sweep 17% (1000 pieces, 2 threads)
  ...t=4.072e+09 tail sweep 17% (1000 pieces, 2 threads)
  ...t=4.072e+09 tail sweep 25% (1500 pieces, 2 threads)
  ...t=4.072e+09 tail sweep 25% (1500 pieces, 2 threads)
  ...t=4.072e+09 tail sweep 25% (1500 pieces, 2 threads)
  ...t=4.072e+09 tail sweep 33% (2000 pieces, 2 threads)
  ...t=4.072e+09 tail sweep 33% (2000 pieces, 2 threads)
  ...t=4.072e+09 tail sweep 33% (2000 pieces, 2 threads)
  ...t=4.072e+09 tail sweep 41% (2500 pieces, 2 threads)
  ...t=4.072e+09 tail sweep 41% (2500 pieces, 2 threads)
  ...t=4.072e+09 tail sweep 41% (2500 pieces, 2 threads)
  ...t=4.072e+09 tail sweep 50% (3000 pieces, 2 threads)
  ...t=4.072e+09 tail sweep 50% (3000 pieces, 2 threads)
  ...t=4.072e+09 tail sweep 50% (3000 pieces, 2 threads)
  ...t=4.072e+09 tail sweep 58% (3500 pieces, 2 threads)
  ...t=4.072e+09 tail sweep 58% (3500 pieces, 2 threads)
  ...t=4.072e+09 tail sweep 58% (3500 pieces, 2 threads)
  ...t=4.072e+09 tail sweep 66% (4000 pieces, 2 threads)
  ...t=4.072e+09 tail sweep 66% (4000 pieces, 2 threads)
  ...t=4.072e+09 tail sweep 66% (4000 pieces, 2 threads)
  ...t=4.072e+09 tail sweep 74% (4500 pieces, 2 threads)
  ...t=4.072e+09 tail sweep 74% (4500 pieces, 2 threads)
  ...t=4.072e+09 tail sweep 74% (4500 pieces, 2 threads)
  ...t=4.072e+09 tail sweep 83% (5000 pieces, 2 threads)
  ...t=4.072e+09 tail sweep 83% (5000 pieces, 2 threads)
  ...t=4.072e+09 tail sweep 83% (5000 pieces, 2 threads)
  ...t=4.072e+09 tail sweep 91% (5500 pieces, 2 threads)
  ...t=4.072e+09 tail sweep 91% (5500 pieces, 2 threads)
  ...t=4.072e+09 tail sweep 91% (5500 pieces, 2 threads)
  ...t=4.072e+09 tail sweep 99% (6000 pieces, 2 threads)
  ...t=4.072e+09 tail sweep 99% (6000 pieces, 2 threads)
  ...t=4.072e+09 tail sweep 99% (6000 pieces, 2 threads)
  pt win=2 k=+1 x=4.072e+09 t=4071604565.44571 mnew=1.0000 mcert=1.0000 bexp=4.68e-04
  pt win=2 k=+3 x=4.072e+09 t=4071604566.44571 mnew=1.0000 mcert=1.0000 bexp=4.64e-04
  pt win=2 k=+2 x=4.072e+09 t=4071604565.94571 mnew=1.0000 mcert=1.0000 bexp=4.65e-04
  ...t=4.072e+09 tail sweep 8% (500 pieces, 2 threads)  ...t=4.072e+09 tail sweep 8% (500 pieces, 2 threads)

  ...t=4.072e+09 tail sweep 8% (500 pieces, 2 threads)
  ...t=4.072e+09 tail sweep 17% (1000 pieces, 2 threads)
  ...t=4.072e+09 tail sweep 17% (1000 pieces, 2 threads)
  ...t=4.072e+09 tail sweep 17% (1000 pieces, 2 threads)
  ...t=4.072e+09 tail sweep 25% (1500 pieces, 2 threads)
  ...t=4.072e+09 tail sweep 25% (1500 pieces, 2 threads)
  ...t=4.072e+09 tail sweep 25% (1500 pieces, 2 threads)
  ...t=4.072e+09 tail sweep 33% (2000 pieces, 2 threads)
  ...t=4.072e+09 tail sweep 33% (2000 pieces, 2 threads)
  ...t=4.072e+09 tail sweep 33% (2000 pieces, 2 threads)
  ...t=4.072e+09 tail sweep 41% (2500 pieces, 2 threads)
  ...t=4.072e+09 tail sweep 41% (2500 pieces, 2 threads)
  ...t=4.072e+09 tail sweep 41% (2500 pieces, 2 threads)
  ...t=4.072e+09 tail sweep 50% (3000 pieces, 2 threads)
  ...t=4.072e+09 tail sweep 50% (3000 pieces, 2 threads)
  ...t=4.072e+09 tail sweep 50% (3000 pieces, 2 threads)
  ...t=4.072e+09 tail sweep 58% (3500 pieces, 2 threads)
  ...t=4.072e+09 tail sweep 58% (3500 pieces, 2 threads)
  ...t=4.072e+09 tail sweep 58% (3500 pieces, 2 threads)
  ...t=4.072e+09 tail sweep 66% (4000 pieces, 2 threads)
  ...t=4.072e+09 tail sweep 66% (4000 pieces, 2 threads)
  ...t=4.072e+09 tail sweep 66% (4000 pieces, 2 threads)
  ...t=4.072e+09 tail sweep 74% (4500 pieces, 2 threads)
  ...t=4.072e+09 tail sweep 74% (4500 pieces, 2 threads)
  ...t=4.072e+09 tail sweep 74% (4500 pieces, 2 threads)
  ...t=4.072e+09 tail sweep 83% (5000 pieces, 2 threads)
  ...t=4.072e+09 tail sweep 83% (5000 pieces, 2 threads)
  ...t=4.072e+09 tail sweep 83% (5000 pieces, 2 threads)
  ...t=4.072e+09 tail sweep 91% (5500 pieces, 2 threads)
  ...t=4.072e+09 tail sweep 91% (5500 pieces, 2 threads)
  ...t=4.072e+09 tail sweep 91% (5500 pieces, 2 threads)
  ...t=4.072e+09 tail sweep 99% (6000 pieces, 2 threads)
  ...t=4.072e+09 tail sweep 99% (6000 pieces, 2 threads)
  ...t=4.072e+09 tail sweep 99% (6000 pieces, 2 threads)
  pt win=2 k=+5 x=4.072e+09 t=4071604567.44571 mnew=1.0000 mcert=1.0000 bexp=4.64e-04
  pt win=2 k=+4 x=4.072e+09 t=4071604566.94571 mnew=1.0000 mcert=1.0000 bexp=4.70e-04
  pt win=2 k=+6 x=4.072e+09 t=4071604567.94571 mnew=1.0000 mcert=1.0000 bexp=4.66e-04
  ...t=4.072e+09 tail sweep 8% (500 pieces, 2 threads)
  ...t=4.072e+09 tail sweep 8% (500 pieces, 2 threads)
  ...t=4.072e+09 tail sweep 8% (500 pieces, 2 threads)
  ...t=4.072e+09 tail sweep 17% (1000 pieces, 2 threads)
  ...t=4.072e+09 tail sweep 17% (1000 pieces, 2 threads)
  ...t=4.072e+09 tail sweep 17% (1000 pieces, 2 threads)
  ...t=4.072e+09 tail sweep 25% (1500 pieces, 2 threads)
  ...t=4.072e+09 tail sweep 25% (1500 pieces, 2 threads)
  ...t=4.072e+09 tail sweep 25% (1500 pieces, 2 threads)
  ...t=4.072e+09 tail sweep 33% (2000 pieces, 2 threads)
  ...t=4.072e+09 tail sweep 33% (2000 pieces, 2 threads)
  ...t=4.072e+09 tail sweep 33% (2000 pieces, 2 threads)
  ...t=4.072e+09 tail sweep 41% (2500 pieces, 2 threads)
  ...t=4.072e+09 tail sweep 41% (2500 pieces, 2 threads)
  ...t=4.072e+09 tail sweep 41% (2500 pieces, 2 threads)
  ...t=4.072e+09 tail sweep 50% (3000 pieces, 2 threads)
  ...t=4.072e+09 tail sweep 50% (3000 pieces, 2 threads)
  ...t=4.072e+09 tail sweep 50% (3000 pieces, 2 threads)
  ...t=4.072e+09 tail sweep 58% (3500 pieces, 2 threads)
  ...t=4.072e+09 tail sweep 58% (3500 pieces, 2 threads)  ...t=4.072e+09 tail sweep 58% (3500 pieces, 2 threads)

  ...t=4.072e+09 tail sweep 66% (4000 pieces, 2 threads)
  ...t=4.072e+09 tail sweep 66% (4000 pieces, 2 threads)
  ...t=4.072e+09 tail sweep 66% (4000 pieces, 2 threads)
  ...t=4.072e+09 tail sweep 74% (4500 pieces, 2 threads)
  ...t=4.072e+09 tail sweep 74% (4500 pieces, 2 threads)
  ...t=4.072e+09 tail sweep 74% (4500 pieces, 2 threads)
  ...t=4.072e+09 tail sweep 83% (5000 pieces, 2 threads)
  ...t=4.072e+09 tail sweep 83% (5000 pieces, 2 threads)
  ...t=4.072e+09 tail sweep 83% (5000 pieces, 2 threads)
  ...t=4.072e+09 tail sweep 91% (5500 pieces, 2 threads)
  ...t=4.072e+09 tail sweep 91% (5500 pieces, 2 threads)
  ...t=4.072e+09 tail sweep 91% (5500 pieces, 2 threads)
  ...t=4.072e+09 tail sweep 99% (6000 pieces, 2 threads)
  ...t=4.072e+09 tail sweep 99% (6000 pieces, 2 threads)
  ...t=4.072e+09 tail sweep 99% (6000 pieces, 2 threads)
  pt win=2 k=+7 x=4.072e+09 t=4071604568.44571 mnew=1.0000 mcert=1.0000 bexp=5.02e-04
  pt win=2 k=+9 x=4.072e+09 t=4071604569.44571 mnew=1.0000 mcert=1.0000 bexp=4.64e-04
  pt win=2 k=+8 x=4.072e+09 t=4071604568.94571 mnew=1.0000 mcert=1.0000 bexp=4.65e-04
  ...t=4.072e+09 tail sweep 8% (500 pieces, 2 threads)
  ...t=4.072e+09 tail sweep 8% (500 pieces, 2 threads)
  ...t=4.072e+09 tail sweep 8% (500 pieces, 2 threads)
  ...t=4.072e+09 tail sweep 17% (1000 pieces, 2 threads)
  ...t=4.072e+09 tail sweep 17% (1000 pieces, 2 threads)
  ...t=4.072e+09 tail sweep 17% (1000 pieces, 2 threads)
  ...t=4.072e+09 tail sweep 25% (1500 pieces, 2 threads)
  ...t=4.072e+09 tail sweep 25% (1500 pieces, 2 threads)
  ...t=4.072e+09 tail sweep 25% (1500 pieces, 2 threads)
  ...t=4.072e+09 tail sweep 33% (2000 pieces, 2 threads)
  ...t=4.072e+09 tail sweep 33% (2000 pieces, 2 threads)
  ...t=4.072e+09 tail sweep 33% (2000 pieces, 2 threads)
  ...t=4.072e+09 tail sweep 41% (2500 pieces, 2 threads)
  ...t=4.072e+09 tail sweep 41% (2500 pieces, 2 threads)
  ...t=4.072e+09 tail sweep 41% (2500 pieces, 2 threads)
  ...t=4.072e+09 tail sweep 50% (3000 pieces, 2 threads)
  ...t=4.072e+09 tail sweep 50% (3000 pieces, 2 threads)
  ...t=4.072e+09 tail sweep 50% (3000 pieces, 2 threads)
  ...t=4.072e+09 tail sweep 58% (3500 pieces, 2 threads)
  ...t=4.072e+09 tail sweep 58% (3500 pieces, 2 threads)
  ...t=4.072e+09 tail sweep 58% (3500 pieces, 2 threads)
  ...t=4.072e+09 tail sweep 66% (4000 pieces, 2 threads)
  ...t=4.072e+09 tail sweep 66% (4000 pieces, 2 threads)
  ...t=4.072e+09 tail sweep 66% (4000 pieces, 2 threads)
  ...t=4.072e+09 tail sweep 74% (4500 pieces, 2 threads)
  ...t=4.072e+09 tail sweep 74% (4500 pieces, 2 threads)
  ...t=4.072e+09 tail sweep 74% (4500 pieces, 2 threads)
  ...t=4.072e+09 tail sweep 83% (5000 pieces, 2 threads)
  ...t=4.072e+09 tail sweep 83% (5000 pieces, 2 threads)
  ...t=4.072e+09 tail sweep 83% (5000 pieces, 2 threads)
  ...t=4.072e+09 tail sweep 91% (5500 pieces, 2 threads)
  ...t=4.072e+09 tail sweep 91% (5500 pieces, 2 threads)
  ...t=4.072e+09 tail sweep 91% (5500 pieces, 2 threads)
  ...t=4.072e+09 tail sweep 99% (6000 pieces, 2 threads)
  ...t=4.072e+09 tail sweep 99% (6000 pieces, 2 threads)
  ...t=4.072e+09 tail sweep 99% (6000 pieces, 2 threads)
  pt win=2 k=+11 x=4.072e+09 t=4071604570.44571 mnew=1.0000 mcert=1.0000 bexp=4.61e-04
  pt win=2 k=+12 x=4.072e+09 t=4071604570.94571 mnew=1.0000 mcert=1.0000 bexp=4.63e-04
  pt win=2 k=+10 x=4.072e+09 t=4071604569.94571 mnew=1.0000 mcert=1.0000 bexp=4.63e-04
  ...t=4.397e+09 tail sweep 8% (500 pieces, 2 threads)
  ...t=4.397e+09 tail sweep 8% (500 pieces, 2 threads)
  ...t=4.397e+09 tail sweep 8% (500 pieces, 2 threads)
  ...t=4.397e+09 tail sweep 17% (1000 pieces, 2 threads)
  ...t=4.397e+09 tail sweep 17% (1000 pieces, 2 threads)
  ...t=4.397e+09 tail sweep 17% (1000 pieces, 2 threads)
  ...t=4.397e+09 tail sweep 25% (1500 pieces, 2 threads)
  ...t=4.397e+09 tail sweep 25% (1500 pieces, 2 threads)
  ...t=4.397e+09 tail sweep 25% (1500 pieces, 2 threads)
  ...t=4.397e+09 tail sweep 33% (2000 pieces, 2 threads)
  ...t=4.397e+09 tail sweep 33% (2000 pieces, 2 threads)
  ...t=4.397e+09 tail sweep 33% (2000 pieces, 2 threads)
  ...t=4.397e+09 tail sweep 41% (2500 pieces, 2 threads)
  ...t=4.397e+09 tail sweep 41% (2500 pieces, 2 threads)
  ...t=4.397e+09 tail sweep 41% (2500 pieces, 2 threads)
  ...t=4.397e+09 tail sweep 50% (3000 pieces, 2 threads)
  ...t=4.397e+09 tail sweep 50% (3000 pieces, 2 threads)
  ...t=4.397e+09 tail sweep 50% (3000 pieces, 2 threads)
  ...t=4.397e+09 tail sweep 58% (3500 pieces, 2 threads)
  ...t=4.397e+09 tail sweep 58% (3500 pieces, 2 threads)
  ...t=4.397e+09 tail sweep 58% (3500 pieces, 2 threads)
  ...t=4.397e+09 tail sweep 66% (4000 pieces, 2 threads)
  ...t=4.397e+09 tail sweep 66% (4000 pieces, 2 threads)
  ...t=4.397e+09 tail sweep 66% (4000 pieces, 2 threads)
  ...t=4.397e+09 tail sweep 74% (4500 pieces, 2 threads)
  ...t=4.397e+09 tail sweep 74% (4500 pieces, 2 threads)
  ...t=4.397e+09 tail sweep 74% (4500 pieces, 2 threads)
  ...t=4.397e+09 tail sweep 83% (5000 pieces, 2 threads)
  ...t=4.397e+09 tail sweep 83% (5000 pieces, 2 threads)
  ...t=4.397e+09 tail sweep 83% (5000 pieces, 2 threads)
  ...t=4.397e+09 tail sweep 91% (5500 pieces, 2 threads)
  ...t=4.397e+09 tail sweep 91% (5500 pieces, 2 threads)
  ...t=4.397e+09 tail sweep 91% (5500 pieces, 2 threads)
  ...t=4.397e+09 tail sweep 99% (6000 pieces, 2 threads)
  ...t=4.397e+09 tail sweep 99% (6000 pieces, 2 threads)
  ...t=4.397e+09 tail sweep 99% (6000 pieces, 2 threads)
  pt win=3 k=-10 x=4.397e+09 t=4397332925.04375 mnew=1.0000 mcert=1.0000 bexp=5.06e-04
  pt win=3 k=-11 x=4.397e+09 t=4397332924.54375 mnew=1.0000 mcert=1.0000 bexp=5.49e-04
  pt win=3 k=-12 x=4.397e+09 t=4397332924.04375 mnew=1.0000 mcert=1.0000 bexp=4.98e-04
  ...t=4.397e+09 tail sweep 8% (500 pieces, 2 threads)
  ...t=4.397e+09 tail sweep 8% (500 pieces, 2 threads)
  ...t=4.397e+09 tail sweep 8% (500 pieces, 2 threads)
  ...t=4.397e+09 tail sweep 17% (1000 pieces, 2 threads)
  ...t=4.397e+09 tail sweep 17% (1000 pieces, 2 threads)
  ...t=4.397e+09 tail sweep 17% (1000 pieces, 2 threads)
  ...t=4.397e+09 tail sweep 25% (1500 pieces, 2 threads)
  ...t=4.397e+09 tail sweep 25% (1500 pieces, 2 threads)
  ...t=4.397e+09 tail sweep 25% (1500 pieces, 2 threads)
  ...t=4.397e+09 tail sweep 33% (2000 pieces, 2 threads)
  ...t=4.397e+09 tail sweep 33% (2000 pieces, 2 threads)
  ...t=4.397e+09 tail sweep 33% (2000 pieces, 2 threads)
  ...t=4.397e+09 tail sweep 41% (2500 pieces, 2 threads)
  ...t=4.397e+09 tail sweep 41% (2500 pieces, 2 threads)
  ...t=4.397e+09 tail sweep 41% (2500 pieces, 2 threads)
  ...t=4.397e+09 tail sweep 50% (3000 pieces, 2 threads)
  ...t=4.397e+09 tail sweep 50% (3000 pieces, 2 threads)
  ...t=4.397e+09 tail sweep 50% (3000 pieces, 2 threads)
  ...t=4.397e+09 tail sweep 58% (3500 pieces, 2 threads)
  ...t=4.397e+09 tail sweep 58% (3500 pieces, 2 threads)
  ...t=4.397e+09 tail sweep 58% (3500 pieces, 2 threads)
  ...t=4.397e+09 tail sweep 66% (4000 pieces, 2 threads)
  ...t=4.397e+09 tail sweep 66% (4000 pieces, 2 threads)
  ...t=4.397e+09 tail sweep 66% (4000 pieces, 2 threads)
  ...t=4.397e+09 tail sweep 74% (4500 pieces, 2 threads)
  ...t=4.397e+09 tail sweep 74% (4500 pieces, 2 threads)
  ...t=4.397e+09 tail sweep 74% (4500 pieces, 2 threads)
  ...t=4.397e+09 tail sweep 83% (5000 pieces, 2 threads)
  ...t=4.397e+09 tail sweep 83% (5000 pieces, 2 threads)
  ...t=4.397e+09 tail sweep 83% (5000 pieces, 2 threads)
  ...t=4.397e+09 tail sweep 91% (5500 pieces, 2 threads)
  ...t=4.397e+09 tail sweep 91% (5500 pieces, 2 threads)
  ...t=4.397e+09 tail sweep 91% (5500 pieces, 2 threads)
  ...t=4.397e+09 tail sweep 99% (6000 pieces, 2 threads)
  ...t=4.397e+09 tail sweep 99% (6000 pieces, 2 threads)
  pt win=3 k=-9 x=4.397e+09 t=4397332925.54375 mnew=1.0000 mcert=1.0000 bexp=4.96e-04
  pt win=3 k=-8 x=4.397e+09 t=4397332926.04375 mnew=1.0000 mcert=1.0000 bexp=5.10e-04
  ...t=4.397e+09 tail sweep 99% (6000 pieces, 2 threads)
  pt win=3 k=-7 x=4.397e+09 t=4397332926.54375 mnew=1.0000 mcert=1.0000 bexp=1.30e-03
  ...t=4.397e+09 tail sweep 8% (500 pieces, 2 threads)
  ...t=4.397e+09 tail sweep 8% (500 pieces, 2 threads)
  ...t=4.397e+09 tail sweep 8% (500 pieces, 2 threads)
  ...t=4.397e+09 tail sweep 17% (1000 pieces, 2 threads)
  ...t=4.397e+09 tail sweep 17% (1000 pieces, 2 threads)
  ...t=4.397e+09 tail sweep 17% (1000 pieces, 2 threads)
  ...t=4.397e+09 tail sweep 25% (1500 pieces, 2 threads)
  ...t=4.397e+09 tail sweep 25% (1500 pieces, 2 threads)
  ...t=4.397e+09 tail sweep 25% (1500 pieces, 2 threads)
  ...t=4.397e+09 tail sweep 33% (2000 pieces, 2 threads)
  ...t=4.397e+09 tail sweep 33% (2000 pieces, 2 threads)
  ...t=4.397e+09 tail sweep 33% (2000 pieces, 2 threads)
  ...t=4.397e+09 tail sweep 41% (2500 pieces, 2 threads)
  ...t=4.397e+09 tail sweep 41% (2500 pieces, 2 threads)
  ...t=4.397e+09 tail sweep 41% (2500 pieces, 2 threads)
  ...t=4.397e+09 tail sweep 50% (3000 pieces, 2 threads)
  ...t=4.397e+09 tail sweep 50% (3000 pieces, 2 threads)
  ...t=4.397e+09 tail sweep 50% (3000 pieces, 2 threads)
  ...t=4.397e+09 tail sweep 58% (3500 pieces, 2 threads)
  ...t=4.397e+09 tail sweep 58% (3500 pieces, 2 threads)
  ...t=4.397e+09 tail sweep 58% (3500 pieces, 2 threads)
  ...t=4.397e+09 tail sweep 66% (4000 pieces, 2 threads)
  ...t=4.397e+09 tail sweep 66% (4000 pieces, 2 threads)
  ...t=4.397e+09 tail sweep 66% (4000 pieces, 2 threads)
  ...t=4.397e+09 tail sweep 74% (4500 pieces, 2 threads)
  ...t=4.397e+09 tail sweep 74% (4500 pieces, 2 threads)
  ...t=4.397e+09 tail sweep 83% (5000 pieces, 2 threads)
  ...t=4.397e+09 tail sweep 83% (5000 pieces, 2 threads)
  ...t=4.397e+09 tail sweep 74% (4500 pieces, 2 threads)
  ...t=4.397e+09 tail sweep 91% (5500 pieces, 2 threads)
  ...t=4.397e+09 tail sweep 91% (5500 pieces, 2 threads)
  ...t=4.397e+09 tail sweep 83% (5000 pieces, 2 threads)
  ...t=4.397e+09 tail sweep 99% (6000 pieces, 2 threads)
  ...t=4.397e+09 tail sweep 99% (6000 pieces, 2 threads)
  ...t=4.397e+09 tail sweep 91% (5500 pieces, 2 threads)
  pt win=3 k=-6 x=4.397e+09 t=4397332927.04375 mnew=1.0000 mcert=1.0000 bexp=6.31e-04
  pt win=3 k=-5 x=4.397e+09 t=4397332927.54375 mnew=1.0000 mcert=1.0000 bexp=5.02e-04
  ...t=4.397e+09 tail sweep 99% (6000 pieces, 2 threads)
  ...t=4.397e+09 tail sweep 8% (500 pieces, 2 threads)
  ...t=4.397e+09 tail sweep 8% (500 pieces, 2 threads)
  pt win=3 k=-4 x=4.397e+09 t=4397332928.04375 mnew=1.0000 mcert=1.0000 bexp=5.03e-04
  ...t=4.397e+09 tail sweep 17% (1000 pieces, 2 threads)
  ...t=4.397e+09 tail sweep 17% (1000 pieces, 2 threads)
  ...t=4.397e+09 tail sweep 8% (500 pieces, 2 threads)
  ...t=4.397e+09 tail sweep 25% (1500 pieces, 2 threads)
  ...t=4.397e+09 tail sweep 25% (1500 pieces, 2 threads)
  ...t=4.397e+09 tail sweep 17% (1000 pieces, 2 threads)
  ...t=4.397e+09 tail sweep 33% (2000 pieces, 2 threads)
  ...t=4.397e+09 tail sweep 33% (2000 pieces, 2 threads)
  ...t=4.397e+09 tail sweep 25% (1500 pieces, 2 threads)
  ...t=4.397e+09 tail sweep 41% (2500 pieces, 2 threads)
  ...t=4.397e+09 tail sweep 41% (2500 pieces, 2 threads)
  ...t=4.397e+09 tail sweep 33% (2000 pieces, 2 threads)
  ...t=4.397e+09 tail sweep 50% (3000 pieces, 2 threads)
  ...t=4.397e+09 tail sweep 50% (3000 pieces, 2 threads)
  ...t=4.397e+09 tail sweep 41% (2500 pieces, 2 threads)
  ...t=4.397e+09 tail sweep 58% (3500 pieces, 2 threads)
  ...t=4.397e+09 tail sweep 58% (3500 pieces, 2 threads)
  ...t=4.397e+09 tail sweep 50% (3000 pieces, 2 threads)
  ...t=4.397e+09 tail sweep 66% (4000 pieces, 2 threads)
  ...t=4.397e+09 tail sweep 66% (4000 pieces, 2 threads)
  ...t=4.397e+09 tail sweep 58% (3500 pieces, 2 threads)
  ...t=4.397e+09 tail sweep 74% (4500 pieces, 2 threads)
  ...t=4.397e+09 tail sweep 74% (4500 pieces, 2 threads)
  ...t=4.397e+09 tail sweep 66% (4000 pieces, 2 threads)
  ...t=4.397e+09 tail sweep 83% (5000 pieces, 2 threads)
  ...t=4.397e+09 tail sweep 83% (5000 pieces, 2 threads)
  ...t=4.397e+09 tail sweep 74% (4500 pieces, 2 threads)
  ...t=4.397e+09 tail sweep 91% (5500 pieces, 2 threads)
  ...t=4.397e+09 tail sweep 91% (5500 pieces, 2 threads)
  ...t=4.397e+09 tail sweep 83% (5000 pieces, 2 threads)
  ...t=4.397e+09 tail sweep 99% (6000 pieces, 2 threads)
  ...t=4.397e+09 tail sweep 99% (6000 pieces, 2 threads)
  ...t=4.397e+09 tail sweep 91% (5500 pieces, 2 threads)
  pt win=3 k=-3 x=4.397e+09 t=4397332928.54375 mnew=1.0000 mcert=1.0000 bexp=5.07e-04
  pt win=3 k=-2 x=4.397e+09 t=4397332929.04375 mnew=1.0000 mcert=1.0000 bexp=5.38e-04
  ...t=4.397e+09 tail sweep 8% (500 pieces, 2 threads)
  ...t=4.397e+09 tail sweep 8% (500 pieces, 2 threads)
  ...t=4.397e+09 tail sweep 99% (6000 pieces, 2 threads)
  pt win=3 k=-1 x=4.397e+09 t=4397332929.54375 mnew=1.0000 mcert=1.0000 bexp=5.01e-04
  ...t=4.397e+09 tail sweep 17% (1000 pieces, 2 threads)
  ...t=4.397e+09 tail sweep 17% (1000 pieces, 2 threads)
  ...t=4.397e+09 tail sweep 8% (500 pieces, 2 threads)
  ...t=4.397e+09 tail sweep 25% (1500 pieces, 2 threads)
  ...t=4.397e+09 tail sweep 25% (1500 pieces, 2 threads)
  ...t=4.397e+09 tail sweep 17% (1000 pieces, 2 threads)
  ...t=4.397e+09 tail sweep 33% (2000 pieces, 2 threads)
  ...t=4.397e+09 tail sweep 33% (2000 pieces, 2 threads)
  ...t=4.397e+09 tail sweep 25% (1500 pieces, 2 threads)
  ...t=4.397e+09 tail sweep 41% (2500 pieces, 2 threads)
  ...t=4.397e+09 tail sweep 41% (2500 pieces, 2 threads)
  ...t=4.397e+09 tail sweep 33% (2000 pieces, 2 threads)
  ...t=4.397e+09 tail sweep 50% (3000 pieces, 2 threads)
  ...t=4.397e+09 tail sweep 50% (3000 pieces, 2 threads)
  ...t=4.397e+09 tail sweep 41% (2500 pieces, 2 threads)
  ...t=4.397e+09 tail sweep 58% (3500 pieces, 2 threads)
  ...t=4.397e+09 tail sweep 58% (3500 pieces, 2 threads)
  ...t=4.397e+09 tail sweep 50% (3000 pieces, 2 threads)
  ...t=4.397e+09 tail sweep 66% (4000 pieces, 2 threads)
  ...t=4.397e+09 tail sweep 66% (4000 pieces, 2 threads)
  ...t=4.397e+09 tail sweep 58% (3500 pieces, 2 threads)
  ...t=4.397e+09 tail sweep 74% (4500 pieces, 2 threads)
  ...t=4.397e+09 tail sweep 74% (4500 pieces, 2 threads)
  ...t=4.397e+09 tail sweep 66% (4000 pieces, 2 threads)
  ...t=4.397e+09 tail sweep 83% (5000 pieces, 2 threads)
  ...t=4.397e+09 tail sweep 83% (5000 pieces, 2 threads)
  ...t=4.397e+09 tail sweep 74% (4500 pieces, 2 threads)
  ...t=4.397e+09 tail sweep 91% (5500 pieces, 2 threads)
  ...t=4.397e+09 tail sweep 91% (5500 pieces, 2 threads)
  ...t=4.397e+09 tail sweep 83% (5000 pieces, 2 threads)
  ...t=4.397e+09 tail sweep 99% (6000 pieces, 2 threads)
  ...t=4.397e+09 tail sweep 99% (6000 pieces, 2 threads)
  pt win=3 k=+1 x=4.397e+09 t=4397332930.54375 mnew=1.0000 mcert=1.0000 bexp=5.08e-04
  pt win=3 k=+2 x=4.397e+09 t=4397332931.04375 mnew=1.0000 mcert=1.0000 bexp=4.97e-04
  ...t=4.397e+09 tail sweep 91% (5500 pieces, 2 threads)
  ...t=4.397e+09 tail sweep 8% (500 pieces, 2 threads)
  ...t=4.397e+09 tail sweep 8% (500 pieces, 2 threads)
  ...t=4.397e+09 tail sweep 99% (6000 pieces, 2 threads)
  pt win=3 k=+3 x=4.397e+09 t=4397332931.54375 mnew=1.0000 mcert=1.0000 bexp=5.03e-04
  ...t=4.397e+09 tail sweep 17% (1000 pieces, 2 threads)
  ...t=4.397e+09 tail sweep 17% (1000 pieces, 2 threads)
  ...t=4.397e+09 tail sweep 8% (500 pieces, 2 threads)
  ...t=4.397e+09 tail sweep 25% (1500 pieces, 2 threads)
  ...t=4.397e+09 tail sweep 25% (1500 pieces, 2 threads)
  ...t=4.397e+09 tail sweep 17% (1000 pieces, 2 threads)
  ...t=4.397e+09 tail sweep 33% (2000 pieces, 2 threads)
  ...t=4.397e+09 tail sweep 33% (2000 pieces, 2 threads)
  ...t=4.397e+09 tail sweep 25% (1500 pieces, 2 threads)
  ...t=4.397e+09 tail sweep 41% (2500 pieces, 2 threads)
  ...t=4.397e+09 tail sweep 41% (2500 pieces, 2 threads)
  ...t=4.397e+09 tail sweep 33% (2000 pieces, 2 threads)
  ...t=4.397e+09 tail sweep 50% (3000 pieces, 2 threads)
  ...t=4.397e+09 tail sweep 50% (3000 pieces, 2 threads)
  ...t=4.397e+09 tail sweep 41% (2500 pieces, 2 threads)
  ...t=4.397e+09 tail sweep 58% (3500 pieces, 2 threads)
  ...t=4.397e+09 tail sweep 58% (3500 pieces, 2 threads)
  ...t=4.397e+09 tail sweep 50% (3000 pieces, 2 threads)
  ...t=4.397e+09 tail sweep 66% (4000 pieces, 2 threads)
  ...t=4.397e+09 tail sweep 66% (4000 pieces, 2 threads)
  ...t=4.397e+09 tail sweep 58% (3500 pieces, 2 threads)
  ...t=4.397e+09 tail sweep 74% (4500 pieces, 2 threads)  ...t=4.397e+09 tail sweep 74% (4500 pieces, 2 threads)

  ...t=4.397e+09 tail sweep 66% (4000 pieces, 2 threads)
  ...t=4.397e+09 tail sweep 83% (5000 pieces, 2 threads)
  ...t=4.397e+09 tail sweep 83% (5000 pieces, 2 threads)
  ...t=4.397e+09 tail sweep 74% (4500 pieces, 2 threads)
  ...t=4.397e+09 tail sweep 91% (5500 pieces, 2 threads)
  ...t=4.397e+09 tail sweep 91% (5500 pieces, 2 threads)
  ...t=4.397e+09 tail sweep 83% (5000 pieces, 2 threads)
  ...t=4.397e+09 tail sweep 99% (6000 pieces, 2 threads)
  ...t=4.397e+09 tail sweep 99% (6000 pieces, 2 threads)
  pt win=3 k=+5 x=4.397e+09 t=4397332932.54375 mnew=1.0000 mcert=1.0000 bexp=5.01e-04
  pt win=3 k=+4 x=4.397e+09 t=4397332932.04375 mnew=1.0000 mcert=1.0000 bexp=5.00e-04
  ...t=4.397e+09 tail sweep 91% (5500 pieces, 2 threads)
  ...t=4.397e+09 tail sweep 8% (500 pieces, 2 threads)
  ...t=4.397e+09 tail sweep 8% (500 pieces, 2 threads)
  ...t=4.397e+09 tail sweep 99% (6000 pieces, 2 threads)
  pt win=3 k=+6 x=4.397e+09 t=4397332933.04375 mnew=1.0000 mcert=1.0000 bexp=4.94e-04
  ...t=4.397e+09 tail sweep 17% (1000 pieces, 2 threads)
  ...t=4.397e+09 tail sweep 17% (1000 pieces, 2 threads)
  ...t=4.397e+09 tail sweep 8% (500 pieces, 2 threads)
  ...t=4.397e+09 tail sweep 25% (1500 pieces, 2 threads)
  ...t=4.397e+09 tail sweep 25% (1500 pieces, 2 threads)
  ...t=4.397e+09 tail sweep 17% (1000 pieces, 2 threads)
  ...t=4.397e+09 tail sweep 33% (2000 pieces, 2 threads)
  ...t=4.397e+09 tail sweep 33% (2000 pieces, 2 threads)
  ...t=4.397e+09 tail sweep 25% (1500 pieces, 2 threads)
  ...t=4.397e+09 tail sweep 41% (2500 pieces, 2 threads)
  ...t=4.397e+09 tail sweep 41% (2500 pieces, 2 threads)
  ...t=4.397e+09 tail sweep 33% (2000 pieces, 2 threads)
  ...t=4.397e+09 tail sweep 50% (3000 pieces, 2 threads)
  ...t=4.397e+09 tail sweep 50% (3000 pieces, 2 threads)
  ...t=4.397e+09 tail sweep 41% (2500 pieces, 2 threads)
  ...t=4.397e+09 tail sweep 58% (3500 pieces, 2 threads)
  ...t=4.397e+09 tail sweep 58% (3500 pieces, 2 threads)
  ...t=4.397e+09 tail sweep 50% (3000 pieces, 2 threads)
  ...t=4.397e+09 tail sweep 66% (4000 pieces, 2 threads)
  ...t=4.397e+09 tail sweep 66% (4000 pieces, 2 threads)
  ...t=4.397e+09 tail sweep 58% (3500 pieces, 2 threads)
  ...t=4.397e+09 tail sweep 74% (4500 pieces, 2 threads)
  ...t=4.397e+09 tail sweep 74% (4500 pieces, 2 threads)
  ...t=4.397e+09 tail sweep 66% (4000 pieces, 2 threads)
  ...t=4.397e+09 tail sweep 83% (5000 pieces, 2 threads)  ...t=4.397e+09 tail sweep 83% (5000 pieces, 2 threads)

  ...t=4.397e+09 tail sweep 74% (4500 pieces, 2 threads)
  ...t=4.397e+09 tail sweep 91% (5500 pieces, 2 threads)
  ...t=4.397e+09 tail sweep 91% (5500 pieces, 2 threads)
  ...t=4.397e+09 tail sweep 83% (5000 pieces, 2 threads)
  ...t=4.397e+09 tail sweep 99% (6000 pieces, 2 threads)
  ...t=4.397e+09 tail sweep 99% (6000 pieces, 2 threads)
  pt win=3 k=+7 x=4.397e+09 t=4397332933.54375 mnew=1.0000 mcert=1.0000 bexp=5.00e-04
  pt win=3 k=+8 x=4.397e+09 t=4397332934.04375 mnew=1.0000 mcert=1.0000 bexp=4.99e-04
  ...t=4.397e+09 tail sweep 91% (5500 pieces, 2 threads)
  ...t=4.397e+09 tail sweep 8% (500 pieces, 2 threads)
  ...t=4.397e+09 tail sweep 8% (500 pieces, 2 threads)
  ...t=4.397e+09 tail sweep 99% (6000 pieces, 2 threads)
  pt win=3 k=+9 x=4.397e+09 t=4397332934.54375 mnew=1.0000 mcert=1.0000 bexp=5.01e-04
  ...t=4.397e+09 tail sweep 17% (1000 pieces, 2 threads)
  ...t=4.397e+09 tail sweep 17% (1000 pieces, 2 threads)
  ...t=4.397e+09 tail sweep 8% (500 pieces, 2 threads)
  ...t=4.397e+09 tail sweep 25% (1500 pieces, 2 threads)
  ...t=4.397e+09 tail sweep 25% (1500 pieces, 2 threads)
  ...t=4.397e+09 tail sweep 17% (1000 pieces, 2 threads)
  ...t=4.397e+09 tail sweep 33% (2000 pieces, 2 threads)
  ...t=4.397e+09 tail sweep 33% (2000 pieces, 2 threads)
  ...t=4.397e+09 tail sweep 25% (1500 pieces, 2 threads)
  ...t=4.397e+09 tail sweep 41% (2500 pieces, 2 threads)
  ...t=4.397e+09 tail sweep 41% (2500 pieces, 2 threads)
  ...t=4.397e+09 tail sweep 33% (2000 pieces, 2 threads)
  ...t=4.397e+09 tail sweep 50% (3000 pieces, 2 threads)
  ...t=4.397e+09 tail sweep 50% (3000 pieces, 2 threads)
  ...t=4.397e+09 tail sweep 41% (2500 pieces, 2 threads)
  ...t=4.397e+09 tail sweep 58% (3500 pieces, 2 threads)
  ...t=4.397e+09 tail sweep 58% (3500 pieces, 2 threads)
  ...t=4.397e+09 tail sweep 50% (3000 pieces, 2 threads)
  ...t=4.397e+09 tail sweep 66% (4000 pieces, 2 threads)
  ...t=4.397e+09 tail sweep 66% (4000 pieces, 2 threads)
  ...t=4.397e+09 tail sweep 58% (3500 pieces, 2 threads)
  ...t=4.397e+09 tail sweep 74% (4500 pieces, 2 threads)
  ...t=4.397e+09 tail sweep 74% (4500 pieces, 2 threads)
  ...t=4.397e+09 tail sweep 66% (4000 pieces, 2 threads)
  ...t=4.397e+09 tail sweep 83% (5000 pieces, 2 threads)
  ...t=4.397e+09 tail sweep 83% (5000 pieces, 2 threads)
  ...t=4.397e+09 tail sweep 74% (4500 pieces, 2 threads)
  ...t=4.397e+09 tail sweep 91% (5500 pieces, 2 threads)
  ...t=4.397e+09 tail sweep 91% (5500 pieces, 2 threads)
  ...t=4.397e+09 tail sweep 83% (5000 pieces, 2 threads)
  ...t=4.397e+09 tail sweep 99% (6000 pieces, 2 threads)
  ...t=4.397e+09 tail sweep 99% (6000 pieces, 2 threads)
  pt win=3 k=+10 x=4.397e+09 t=4397332935.04375 mnew=1.0000 mcert=1.0000 bexp=5.01e-04
  pt win=3 k=+11 x=4.397e+09 t=4397332935.54375 mnew=1.0000 mcert=1.0000 bexp=4.96e-04
  ...t=4.397e+09 tail sweep 91% (5500 pieces, 2 threads)
  ...t=4.749e+09 tail sweep 8% (500 pieces, 2 threads)
  ...t=4.749e+09 tail sweep 8% (500 pieces, 2 threads)
  ...t=4.397e+09 tail sweep 99% (6000 pieces, 2 threads)
  pt win=3 k=+12 x=4.397e+09 t=4397332936.04375 mnew=1.0000 mcert=1.0000 bexp=4.98e-04
  ...t=4.749e+09 tail sweep 17% (1000 pieces, 2 threads)
  ...t=4.749e+09 tail sweep 17% (1000 pieces, 2 threads)
  ...t=4.749e+09 tail sweep 8% (500 pieces, 2 threads)
  ...t=4.749e+09 tail sweep 25% (1500 pieces, 2 threads)
  ...t=4.749e+09 tail sweep 25% (1500 pieces, 2 threads)
  ...t=4.749e+09 tail sweep 17% (1000 pieces, 2 threads)
  ...t=4.749e+09 tail sweep 33% (2000 pieces, 2 threads)
  ...t=4.749e+09 tail sweep 33% (2000 pieces, 2 threads)
  ...t=4.749e+09 tail sweep 25% (1500 pieces, 2 threads)
  ...t=4.749e+09 tail sweep 41% (2500 pieces, 2 threads)
  ...t=4.749e+09 tail sweep 41% (2500 pieces, 2 threads)
  ...t=4.749e+09 tail sweep 33% (2000 pieces, 2 threads)
  ...t=4.749e+09 tail sweep 50% (3000 pieces, 2 threads)
  ...t=4.749e+09 tail sweep 50% (3000 pieces, 2 threads)
  ...t=4.749e+09 tail sweep 41% (2500 pieces, 2 threads)
  ...t=4.749e+09 tail sweep 58% (3500 pieces, 2 threads)
  ...t=4.749e+09 tail sweep 58% (3500 pieces, 2 threads)
  ...t=4.749e+09 tail sweep 50% (3000 pieces, 2 threads)
  ...t=4.749e+09 tail sweep 66% (4000 pieces, 2 threads)
  ...t=4.749e+09 tail sweep 66% (4000 pieces, 2 threads)
  ...t=4.749e+09 tail sweep 58% (3500 pieces, 2 threads)
  ...t=4.749e+09 tail sweep 74% (4500 pieces, 2 threads)
  ...t=4.749e+09 tail sweep 74% (4500 pieces, 2 threads)
  ...t=4.749e+09 tail sweep 66% (4000 pieces, 2 threads)
  ...t=4.749e+09 tail sweep 83% (5000 pieces, 2 threads)
  ...t=4.749e+09 tail sweep 83% (5000 pieces, 2 threads)
  ...t=4.749e+09 tail sweep 74% (4500 pieces, 2 threads)
  ...t=4.749e+09 tail sweep 91% (5500 pieces, 2 threads)
  ...t=4.749e+09 tail sweep 91% (5500 pieces, 2 threads)
  ...t=4.749e+09 tail sweep 83% (5000 pieces, 2 threads)
  ...t=4.749e+09 tail sweep 99% (6000 pieces, 2 threads)
  ...t=4.749e+09 tail sweep 99% (6000 pieces, 2 threads)
  pt win=4 k=-11 x=4.749e+09 t=4749119558.80838 mnew=1.0000 mcert=1.0000 bexp=5.35e-04
  pt win=4 k=-12 x=4.749e+09 t=4749119558.30838 mnew=1.0000 mcert=1.0000 bexp=5.32e-04
  ...t=4.749e+09 tail sweep 91% (5500 pieces, 2 threads)
  ...t=4.749e+09 tail sweep 8% (500 pieces, 2 threads)
  ...t=4.749e+09 tail sweep 99% (6000 pieces, 2 threads)
  ...t=4.749e+09 tail sweep 8% (500 pieces, 2 threads)
  pt win=4 k=-10 x=4.749e+09 t=4749119559.30838 mnew=1.0000 mcert=1.0000 bexp=5.38e-04
  ...t=4.749e+09 tail sweep 17% (1000 pieces, 2 threads)
  ...t=4.749e+09 tail sweep 17% (1000 pieces, 2 threads)
  ...t=4.749e+09 tail sweep 8% (500 pieces, 2 threads)
  ...t=4.749e+09 tail sweep 25% (1500 pieces, 2 threads)
  ...t=4.749e+09 tail sweep 25% (1500 pieces, 2 threads)
  ...t=4.749e+09 tail sweep 17% (1000 pieces, 2 threads)
  ...t=4.749e+09 tail sweep 33% (2000 pieces, 2 threads)
  ...t=4.749e+09 tail sweep 33% (2000 pieces, 2 threads)
  ...t=4.749e+09 tail sweep 25% (1500 pieces, 2 threads)
  ...t=4.749e+09 tail sweep 41% (2500 pieces, 2 threads)
  ...t=4.749e+09 tail sweep 41% (2500 pieces, 2 threads)
  ...t=4.749e+09 tail sweep 33% (2000 pieces, 2 threads)
  ...t=4.749e+09 tail sweep 50% (3000 pieces, 2 threads)
  ...t=4.749e+09 tail sweep 50% (3000 pieces, 2 threads)
  ...t=4.749e+09 tail sweep 41% (2500 pieces, 2 threads)
  ...t=4.749e+09 tail sweep 58% (3500 pieces, 2 threads)
  ...t=4.749e+09 tail sweep 58% (3500 pieces, 2 threads)
  ...t=4.749e+09 tail sweep 50% (3000 pieces, 2 threads)
  ...t=4.749e+09 tail sweep 66% (4000 pieces, 2 threads)
  ...t=4.749e+09 tail sweep 66% (4000 pieces, 2 threads)
  ...t=4.749e+09 tail sweep 58% (3500 pieces, 2 threads)
  ...t=4.749e+09 tail sweep 74% (4500 pieces, 2 threads)
  ...t=4.749e+09 tail sweep 74% (4500 pieces, 2 threads)
  ...t=4.749e+09 tail sweep 66% (4000 pieces, 2 threads)
  ...t=4.749e+09 tail sweep 83% (5000 pieces, 2 threads)
  ...t=4.749e+09 tail sweep 83% (5000 pieces, 2 threads)
  ...t=4.749e+09 tail sweep 74% (4500 pieces, 2 threads)
  ...t=4.749e+09 tail sweep 91% (5500 pieces, 2 threads)
  ...t=4.749e+09 tail sweep 91% (5500 pieces, 2 threads)
  ...t=4.749e+09 tail sweep 83% (5000 pieces, 2 threads)
  ...t=4.749e+09 tail sweep 99% (6000 pieces, 2 threads)
  ...t=4.749e+09 tail sweep 99% (6000 pieces, 2 threads)
  pt win=4 k=-8 x=4.749e+09 t=4749119560.30838 mnew=1.0000 mcert=1.0000 bexp=5.31e-04
  pt win=4 k=-9 x=4.749e+09 t=4749119559.80838 mnew=1.0000 mcert=1.0000 bexp=5.40e-04
  ...t=4.749e+09 tail sweep 91% (5500 pieces, 2 threads)
  ...t=4.749e+09 tail sweep 8% (500 pieces, 2 threads)
  ...t=4.749e+09 tail sweep 8% (500 pieces, 2 threads)
  ...t=4.749e+09 tail sweep 99% (6000 pieces, 2 threads)
  pt win=4 k=-7 x=4.749e+09 t=4749119560.80838 mnew=1.0000 mcert=1.0000 bexp=5.33e-04
  ...t=4.749e+09 tail sweep 17% (1000 pieces, 2 threads)
  ...t=4.749e+09 tail sweep 17% (1000 pieces, 2 threads)
  ...t=4.749e+09 tail sweep 8% (500 pieces, 2 threads)
  ...t=4.749e+09 tail sweep 25% (1500 pieces, 2 threads)
  ...t=4.749e+09 tail sweep 25% (1500 pieces, 2 threads)
  ...t=4.749e+09 tail sweep 17% (1000 pieces, 2 threads)
  ...t=4.749e+09 tail sweep 33% (2000 pieces, 2 threads)
  ...t=4.749e+09 tail sweep 33% (2000 pieces, 2 threads)
  ...t=4.749e+09 tail sweep 25% (1500 pieces, 2 threads)
H1_WINDOWS:  running  windows  1-11  (11  of  29)
resume:  window   0  (x=3490744654)  24/24  points  on disk
resume:  window   1  (x=3770004227)  24/24  points  on disk
resume:  window   2  (x=4071604565)  24/24  points  on disk
resume:  window   3  (x=4397332930)  24/24  points  on disk
resume:  window   4  (x=4749119564)  6/24  points  on disk
resume:  window   5  (x=5129049129)  0/24  points  on disk
resume:  window   6  (x=5539373060)  0/24  points  on disk
resume:  window   7  (x=5982522905)  0/24  points  on disk
resume:  window   8  (x=6461124737)  0/24  points  on disk
resume:  window   9  (x=6978014716)  0/24  points  on disk
resume:  window  10  (x=7536255893)  0/24  points  on disk
memguard:  MemAvailable  19.2  GiB  <  reserve  28  +  one  context  x  8  threads  --  HOLD  (exit  6);  supervisor  retries  later
H1_WINDOWS:  running  windows  1-11  (11  of  29)
resume:  window   0  (x=3490744654)  24/24  points  on disk
resume:  window   1  (x=3770004227)  24/24  points  on disk
resume:  window   2  (x=4071604565)  24/24  points  on disk
resume:  window   3  (x=4397332930)  24/24  points  on disk
resume:  window   4  (x=4749119564)  6/24  points  on disk
resume:  window   5  (x=5129049129)  0/24  points  on disk
resume:  window   6  (x=5539373060)  0/24  points  on disk
resume:  window   7  (x=5982522905)  0/24  points  on disk
resume:  window   8  (x=6461124737)  0/24  points  on disk
resume:  window   9  (x=6978014716)  0/24  points  on disk
resume:  window  10  (x=7536255893)  0/24  points  on disk
memguard:  MemAvailable  19.2  GiB  <  reserve  28  +  one  context  x  8  threads  --  HOLD  (exit  6);  supervisor  retries  later
H1_WINDOWS:  running  windows  1-11  (11  of  29)
resume:  window   0  (x=3490744654)  24/24  points  on disk
resume:  window   1  (x=3770004227)  24/24  points  on disk
resume:  window   2  (x=4071604565)  24/24  points  on disk
resume:  window   3  (x=4397332930)  24/24  points  on disk
resume:  window   4  (x=4749119564)  6/24  points  on disk
resume:  window   5  (x=5129049129)  0/24  points  on disk
resume:  window   6  (x=5539373060)  0/24  points  on disk
resume:  window   7  (x=5982522905)  0/24  points  on disk
resume:  window   8  (x=6461124737)  0/24  points  on disk
resume:  window   9  (x=6978014716)  0/24  points  on disk
resume:  window  10  (x=7536255893)  0/24  points  on disk
memguard:  MemAvailable  19.1  GiB  <  reserve  28  +  one  context  x  8  threads  --  HOLD  (exit  6);  supervisor  retries  later
H1_WINDOWS:  running  windows  1-11  (11  of  29)
resume:  window   0  (x=3490744654)  24/24  points  on disk
resume:  window   1  (x=3770004227)  24/24  points  on disk
resume:  window   2  (x=4071604565)  24/24  points  on disk
resume:  window   3  (x=4397332930)  24/24  points  on disk
resume:  window   4  (x=4749119564)  6/24  points  on disk
resume:  window   5  (x=5129049129)  0/24  points  on disk
resume:  window   6  (x=5539373060)  0/24  points  on disk
resume:  window   7  (x=5982522905)  0/24  points  on disk
resume:  window   8  (x=6461124737)  0/24  points  on disk
resume:  window   9  (x=6978014716)  0/24  points  on disk
resume:  window  10  (x=7536255893)  0/24  points  on disk
memguard:  MemAvailable  19.2  GiB  <  reserve  28  +  one  context  x  8  threads  --  HOLD  (exit  6);  supervisor  retries  later
H1_WINDOWS:  running  windows  1-11  (11  of  29)
resume:  window   0  (x=3490744654)  24/24  points  on disk
resume:  window   1  (x=3770004227)  24/24  points  on disk
resume:  window   2  (x=4071604565)  24/24  points  on disk
resume:  window   3  (x=4397332930)  24/24  points  on disk
resume:  window   4  (x=4749119564)  6/24  points  on disk
resume:  window   5  (x=5129049129)  0/24  points  on disk
resume:  window   6  (x=5539373060)  0/24  points  on disk
resume:  window   7  (x=5982522905)  0/24  points  on disk
resume:  window   8  (x=6461124737)  0/24  points  on disk
resume:  window   9  (x=6978014716)  0/24  points  on disk
resume:  window  10  (x=7536255893)  0/24  points  on disk
memguard:  MemAvailable  19.2  GiB  <  reserve  28  +  one  context  x  8  threads  --  HOLD  (exit  6);  supervisor  retries  later
H1_WINDOWS:  running  windows  1-11  (11  of  29)
resume:  window   0  (x=3490744654)  24/24  points  on disk
resume:  window   1  (x=3770004227)  24/24  points  on disk
resume:  window   2  (x=4071604565)  24/24  points  on disk
resume:  window   3  (x=4397332930)  24/24  points  on disk
resume:  window   4  (x=4749119564)  6/24  points  on disk
resume:  window   5  (x=5129049129)  0/24  points  on disk
resume:  window   6  (x=5539373060)  0/24  points  on disk
resume:  window   7  (x=5982522905)  0/24  points  on disk
resume:  window   8  (x=6461124737)  0/24  points  on disk
resume:  window   9  (x=6978014716)  0/24  points  on disk
resume:  window  10  (x=7536255893)  0/24  points  on disk
memguard:  MemAvailable  19.2  GiB  <  reserve  28  +  one  context  x  8  threads  --  HOLD  (exit  6);  supervisor  retries  later
H1_WINDOWS:  running  windows  1-11  (11  of  29)
resume:  window   0  (x=3490744654)  24/24  points  on disk
resume:  window   1  (x=3770004227)  24/24  points  on disk
resume:  window   2  (x=4071604565)  24/24  points  on disk
resume:  window   3  (x=4397332930)  24/24  points  on disk
resume:  window   4  (x=4749119564)  6/24  points  on disk
resume:  window   5  (x=5129049129)  0/24  points  on disk
resume:  window   6  (x=5539373060)  0/24  points  on disk
resume:  window   7  (x=5982522905)  0/24  points  on disk
resume:  window   8  (x=6461124737)  0/24  points  on disk
resume:  window   9  (x=6978014716)  0/24  points  on disk
resume:  window  10  (x=7536255893)  0/24  points  on disk
memguard:  MemAvailable  19.2  GiB  <  reserve  28  +  one  context  x  8  threads  --  HOLD  (exit  6);  supervisor  retries  later
H1_WINDOWS:  running  windows  1-11  (11  of  29)
resume:  window   0  (x=3490744654)  24/24  points  on disk
resume:  window   1  (x=3770004227)  24/24  points  on disk
resume:  window   2  (x=4071604565)  24/24  points  on disk
resume:  window   3  (x=4397332930)  24/24  points  on disk
resume:  window   4  (x=4749119564)  6/24  points  on disk
resume:  window   5  (x=5129049129)  0/24  points  on disk
resume:  window   6  (x=5539373060)  0/24  points  on disk
resume:  window   7  (x=5982522905)  0/24  points  on disk
resume:  window   8  (x=6461124737)  0/24  points  on disk
resume:  window   9  (x=6978014716)  0/24  points  on disk
resume:  window  10  (x=7536255893)  0/24  points  on disk
memguard:  MemAvailable  19.2  GiB  <  reserve  28  +  one  context  x  8  threads  --  HOLD  (exit  6);  supervisor  retries  later
H1_WINDOWS:  running  windows  1-11  (11  of  29)
resume:  window   0  (x=3490744654)  24/24  points  on disk
resume:  window   1  (x=3770004227)  24/24  points  on disk
resume:  window   2  (x=4071604565)  24/24  points  on disk
resume:  window   3  (x=4397332930)  24/24  points  on disk
resume:  window   4  (x=4749119564)  6/24  points  on disk
resume:  window   5  (x=5129049129)  0/24  points  on disk
resume:  window   6  (x=5539373060)  0/24  points  on disk
resume:  window   7  (x=5982522905)  0/24  points  on disk
resume:  window   8  (x=6461124737)  0/24  points  on disk
resume:  window   9  (x=6978014716)  0/24  points  on disk
resume:  window  10  (x=7536255893)  0/24  points  on disk
memguard:  MemAvailable  19.2  GiB  <  reserve  28  +  one  context  x  8  threads  --  HOLD  (exit  6);  supervisor  retries  later
H1_WINDOWS:  running  windows  1-11  (11  of  29)
resume:  window   0  (x=3490744654)  24/24  points  on disk
resume:  window   1  (x=3770004227)  24/24  points  on disk
resume:  window   2  (x=4071604565)  24/24  points  on disk
resume:  window   3  (x=4397332930)  24/24  points  on disk
resume:  window   4  (x=4749119564)  6/24  points  on disk
resume:  window   5  (x=5129049129)  0/24  points  on disk
resume:  window   6  (x=5539373060)  0/24  points  on disk
resume:  window   7  (x=5982522905)  0/24  points  on disk
resume:  window   8  (x=6461124737)  0/24  points  on disk
resume:  window   9  (x=6978014716)  0/24  points  on disk
resume:  window  10  (x=7536255893)  0/24  points  on disk
memguard:  MemAvailable  19.3  GiB  <  reserve  28  +  one  context  x  8  threads  --  HOLD  (exit  6);  supervisor  retries  later
H1_WINDOWS:  running  windows  1-11  (11  of  29)
resume:  window   0  (x=3490744654)  24/24  points  on disk
resume:  window   1  (x=3770004227)  24/24  points  on disk
resume:  window   2  (x=4071604565)  24/24  points  on disk
resume:  window   3  (x=4397332930)  24/24  points  on disk
resume:  window   4  (x=4749119564)  6/24  points  on disk
resume:  window   5  (x=5129049129)  0/24  points  on disk
resume:  window   6  (x=5539373060)  0/24  points  on disk
resume:  window   7  (x=5982522905)  0/24  points  on disk
resume:  window   8  (x=6461124737)  0/24  points  on disk
resume:  window   9  (x=6978014716)  0/24  points  on disk
resume:  window  10  (x=7536255893)  0/24  points  on disk
memguard:  MemAvailable  19.1  GiB  <  reserve  28  +  one  context  x  8  threads  --  HOLD  (exit  6);  supervisor  retries  later
H1_WINDOWS:  running  windows  1-11  (11  of  29)
resume:  window   0  (x=3490744654)  24/24  points  on disk
resume:  window   1  (x=3770004227)  24/24  points  on disk
resume:  window   2  (x=4071604565)  24/24  points  on disk
resume:  window   3  (x=4397332930)  24/24  points  on disk
resume:  window   4  (x=4749119564)  6/24  points  on disk
resume:  window   5  (x=5129049129)  0/24  points  on disk
resume:  window   6  (x=5539373060)  0/24  points  on disk
resume:  window   7  (x=5982522905)  0/24  points  on disk
resume:  window   8  (x=6461124737)  0/24  points  on disk
resume:  window   9  (x=6978014716)  0/24  points  on disk
resume:  window  10  (x=7536255893)  0/24  points  on disk
memguard:  MemAvailable  19.1  GiB  <  reserve  28  +  one  context  x  8  threads  --  HOLD  (exit  6);  supervisor  retries  later
H1_WINDOWS:  running  windows  1-11  (11  of  29)
resume:  window   0  (x=3490744654)  24/24  points  on disk
resume:  window   1  (x=3770004227)  24/24  points  on disk
resume:  window   2  (x=4071604565)  24/24  points  on disk
resume:  window   3  (x=4397332930)  24/24  points  on disk
resume:  window   4  (x=4749119564)  6/24  points  on disk
resume:  window   5  (x=5129049129)  0/24  points  on disk
resume:  window   6  (x=5539373060)  0/24  points  on disk
resume:  window   7  (x=5982522905)  0/24  points  on disk
resume:  window   8  (x=6461124737)  0/24  points  on disk
resume:  window   9  (x=6978014716)  0/24  points  on disk
resume:  window  10  (x=7536255893)  0/24  points  on disk
memguard:  MemAvailable  19.2  GiB  <  reserve  28  +  one  context  x  8  threads  --  HOLD  (exit  6);  supervisor  retries  later
H1_WINDOWS:  running  windows  1-11  (11  of  29)
resume:  window   0  (x=3490744654)  24/24  points  on disk
resume:  window   1  (x=3770004227)  24/24  points  on disk
resume:  window   2  (x=4071604565)  24/24  points  on disk
resume:  window   3  (x=4397332930)  24/24  points  on disk
resume:  window   4  (x=4749119564)  6/24  points  on disk
resume:  window   5  (x=5129049129)  0/24  points  on disk
resume:  window   6  (x=5539373060)  0/24  points  on disk
resume:  window   7  (x=5982522905)  0/24  points  on disk
resume:  window   8  (x=6461124737)  0/24  points  on disk
resume:  window   9  (x=6978014716)  0/24  points  on disk
resume:  window  10  (x=7536255893)  0/24  points  on disk
memguard:  MemAvailable  19.3  GiB  <  reserve  28  +  one  context  x  8  threads  --  HOLD  (exit  6);  supervisor  retries  later
H1_WINDOWS:  running  windows  1-11  (11  of  29)
resume:  window   0  (x=3490744654)  24/24  points  on disk
resume:  window   1  (x=3770004227)  24/24  points  on disk
resume:  window   2  (x=4071604565)  24/24  points  on disk
resume:  window   3  (x=4397332930)  24/24  points  on disk
resume:  window   4  (x=4749119564)  6/24  points  on disk
resume:  window   5  (x=5129049129)  0/24  points  on disk
resume:  window   6  (x=5539373060)  0/24  points  on disk
resume:  window   7  (x=5982522905)  0/24  points  on disk
resume:  window   8  (x=6461124737)  0/24  points  on disk
resume:  window   9  (x=6978014716)  0/24  points  on disk
resume:  window  10  (x=7536255893)  0/24  points  on disk
memguard:  MemAvailable  19.3  GiB  <  reserve  28  +  one  context  x  8  threads  --  HOLD  (exit  6);  supervisor  retries  later
H1_WINDOWS:  running  windows  1-11  (11  of  29)
resume:  window   0  (x=3490744654)  24/24  points  on disk
resume:  window   1  (x=3770004227)  24/24  points  on disk
resume:  window   2  (x=4071604565)  24/24  points  on disk
resume:  window   3  (x=4397332930)  24/24  points  on disk
resume:  window   4  (x=4749119564)  6/24  points  on disk
resume:  window   5  (x=5129049129)  0/24  points  on disk
resume:  window   6  (x=5539373060)  0/24  points  on disk
resume:  window   7  (x=5982522905)  0/24  points  on disk
resume:  window   8  (x=6461124737)  0/24  points  on disk
resume:  window   9  (x=6978014716)  0/24  points  on disk
resume:  window  10  (x=7536255893)  0/24  points  on disk
memguard:  MemAvailable  19.4  GiB  <  reserve  28  +  one  context  x  8  threads  --  HOLD  (exit  6);  supervisor  retries  later
H1_WINDOWS:  running  windows  1-11  (11  of  29)
resume:  window   0  (x=3490744654)  24/24  points  on disk
resume:  window   1  (x=3770004227)  24/24  points  on disk
resume:  window   2  (x=4071604565)  24/24  points  on disk
resume:  window   3  (x=4397332930)  24/24  points  on disk
resume:  window   4  (x=4749119564)  6/24  points  on disk
resume:  window   5  (x=5129049129)  0/24  points  on disk
resume:  window   6  (x=5539373060)  0/24  points  on disk
resume:  window   7  (x=5982522905)  0/24  points  on disk
resume:  window   8  (x=6461124737)  0/24  points  on disk
resume:  window   9  (x=6978014716)  0/24  points  on disk
resume:  window  10  (x=7536255893)  0/24  points  on disk
memguard:  MemAvailable  19.4  GiB  <  reserve  28  +  one  context  x  8  threads  --  HOLD  (exit  6);  supervisor  retries  later
H1_WINDOWS:  running  windows  1-11  (11  of  29)
resume:  window   0  (x=3490744654)  24/24  points  on disk
resume:  window   1  (x=3770004227)  24/24  points  on disk
resume:  window   2  (x=4071604565)  24/24  points  on disk
resume:  window   3  (x=4397332930)  24/24  points  on disk
resume:  window   4  (x=4749119564)  6/24  points  on disk
resume:  window   5  (x=5129049129)  0/24  points  on disk
resume:  window   6  (x=5539373060)  0/24  points  on disk
resume:  window   7  (x=5982522905)  0/24  points  on disk
resume:  window   8  (x=6461124737)  0/24  points  on disk
resume:  window   9  (x=6978014716)  0/24  points  on disk
resume:  window  10  (x=7536255893)  0/24  points  on disk
memguard:  MemAvailable  19.3  GiB  <  reserve  28  +  one  context  x  8  threads  --  HOLD  (exit  6);  supervisor  retries  later
H1_WINDOWS:  running  windows  1-11  (11  of  29)
resume:  window   0  (x=3490744654)  24/24  points  on disk
resume:  window   1  (x=3770004227)  24/24  points  on disk
resume:  window   2  (x=4071604565)  24/24  points  on disk
resume:  window   3  (x=4397332930)  24/24  points  on disk
resume:  window   4  (x=4749119564)  6/24  points  on disk
resume:  window   5  (x=5129049129)  0/24  points  on disk
resume:  window   6  (x=5539373060)  0/24  points  on disk
resume:  window   7  (x=5982522905)  0/24  points  on disk
resume:  window   8  (x=6461124737)  0/24  points  on disk
resume:  window   9  (x=6978014716)  0/24  points  on disk
resume:  window  10  (x=7536255893)  0/24  points  on disk
memguard:  MemAvailable  19.3  GiB  <  reserve  28  +  one  context  x  8  threads  --  HOLD  (exit  6);  supervisor  retries  later
H1_WINDOWS:  running  windows  1-11  (11  of  29)
resume:  window   0  (x=3490744654)  24/24  points  on disk
resume:  window   1  (x=3770004227)  24/24  points  on disk
resume:  window   2  (x=4071604565)  24/24  points  on disk
resume:  window   3  (x=4397332930)  24/24  points  on disk
resume:  window   4  (x=4749119564)  6/24  points  on disk
resume:  window   5  (x=5129049129)  0/24  points  on disk
resume:  window   6  (x=5539373060)  0/24  points  on disk
resume:  window   7  (x=5982522905)  0/24  points  on disk
resume:  window   8  (x=6461124737)  0/24  points  on disk
resume:  window   9  (x=6978014716)  0/24  points  on disk
resume:  window  10  (x=7536255893)  0/24  points  on disk
memguard:  MemAvailable  19.3  GiB  <  reserve  28  +  one  context  x  8  threads  --  HOLD  (exit  6);  supervisor  retries  later
H1_WINDOWS:  running  windows  1-11  (11  of  29)
resume:  window   0  (x=3490744654)  24/24  points  on disk
resume:  window   1  (x=3770004227)  24/24  points  on disk
resume:  window   2  (x=4071604565)  24/24  points  on disk
resume:  window   3  (x=4397332930)  24/24  points  on disk
resume:  window   4  (x=4749119564)  6/24  points  on disk
resume:  window   5  (x=5129049129)  0/24  points  on disk
resume:  window   6  (x=5539373060)  0/24  points  on disk
resume:  window   7  (x=5982522905)  0/24  points  on disk
resume:  window   8  (x=6461124737)  0/24  points  on disk
resume:  window   9  (x=6978014716)  0/24  points  on disk
resume:  window  10  (x=7536255893)  0/24  points  on disk
memguard:  MemAvailable  19.2  GiB  <  reserve  28  +  one  context  x  8  threads  --  HOLD  (exit  6);  supervisor  retries  later
H1_WINDOWS:  running  windows  1-11  (11  of  29)
resume:  window   0  (x=3490744654)  24/24  points  on disk
resume:  window   1  (x=3770004227)  24/24  points  on disk
resume:  window   2  (x=4071604565)  24/24  points  on disk
resume:  window   3  (x=4397332930)  24/24  points  on disk
resume:  window   4  (x=4749119564)  6/24  points  on disk
resume:  window   5  (x=5129049129)  0/24  points  on disk
resume:  window   6  (x=5539373060)  0/24  points  on disk
resume:  window   7  (x=5982522905)  0/24  points  on disk
resume:  window   8  (x=6461124737)  0/24  points  on disk
resume:  window   9  (x=6978014716)  0/24  points  on disk
resume:  window  10  (x=7536255893)  0/24  points  on disk
memguard:  MemAvailable  19.2  GiB  <  reserve  28  +  one  context  x  8  threads  --  HOLD  (exit  6);  supervisor  retries  later
H1_WINDOWS:  running  windows  1-11  (11  of  29)
resume:  window   0  (x=3490744654)  24/24  points  on disk
resume:  window   1  (x=3770004227)  24/24  points  on disk
resume:  window   2  (x=4071604565)  24/24  points  on disk
resume:  window   3  (x=4397332930)  24/24  points  on disk
resume:  window   4  (x=4749119564)  6/24  points  on disk
resume:  window   5  (x=5129049129)  0/24  points  on disk
resume:  window   6  (x=5539373060)  0/24  points  on disk
resume:  window   7  (x=5982522905)  0/24  points  on disk
resume:  window   8  (x=6461124737)  0/24  points  on disk
resume:  window   9  (x=6978014716)  0/24  points  on disk
resume:  window  10  (x=7536255893)  0/24  points  on disk
memguard:  MemAvailable  19.2  GiB  <  reserve  28  +  one  context  x  3  threads  --  HOLD  (exit  6);  supervisor  retries  later
H1_WINDOWS:  running  windows  1-11  (11  of  29)
resume:  window   0  (x=3490744654)  24/24  points  on disk
resume:  window   1  (x=3770004227)  24/24  points  on disk
resume:  window   2  (x=4071604565)  24/24  points  on disk
resume:  window   3  (x=4397332930)  24/24  points  on disk
resume:  window   4  (x=4749119564)  6/24  points  on disk
resume:  window   5  (x=5129049129)  0/24  points  on disk
resume:  window   6  (x=5539373060)  0/24  points  on disk
resume:  window   7  (x=5982522905)  0/24  points  on disk
resume:  window   8  (x=6461124737)  0/24  points  on disk
resume:  window   9  (x=6978014716)  0/24  points  on disk
resume:  window  10  (x=7536255893)  0/24  points  on disk
memguard:  MemAvailable  19.3  GiB  <  reserve  28  +  one  context  x  3  threads  --  HOLD  (exit  6);  supervisor  retries  later
H1_WINDOWS:  running  windows  1-11  (11  of  29)
resume:  window   0  (x=3490744654)  24/24  points  on disk
resume:  window   1  (x=3770004227)  24/24  points  on disk
resume:  window   2  (x=4071604565)  24/24  points  on disk
resume:  window   3  (x=4397332930)  24/24  points  on disk
resume:  window   4  (x=4749119564)  6/24  points  on disk
resume:  window   5  (x=5129049129)  0/24  points  on disk
resume:  window   6  (x=5539373060)  0/24  points  on disk
resume:  window   7  (x=5982522905)  0/24  points  on disk
resume:  window   8  (x=6461124737)  0/24  points  on disk
resume:  window   9  (x=6978014716)  0/24  points  on disk
resume:  window  10  (x=7536255893)  0/24  points  on disk
memguard:  MemAvailable  19.3  GiB  <  reserve  28  +  one  context  x  3  threads  --  HOLD  (exit  6);  supervisor  retries  later
H1_WINDOWS:  running  windows  1-11  (11  of  29)
resume:  window   0  (x=3490744654)  24/24  points  on disk
resume:  window   1  (x=3770004227)  24/24  points  on disk
resume:  window   2  (x=4071604565)  24/24  points  on disk
resume:  window   3  (x=4397332930)  24/24  points  on disk
resume:  window   4  (x=4749119564)  6/24  points  on disk
resume:  window   5  (x=5129049129)  0/24  points  on disk
resume:  window   6  (x=5539373060)  0/24  points  on disk
resume:  window   7  (x=5982522905)  0/24  points  on disk
resume:  window   8  (x=6461124737)  0/24  points  on disk
resume:  window   9  (x=6978014716)  0/24  points  on disk
resume:  window  10  (x=7536255893)  0/24  points  on disk
memguard:  MemAvailable  19.3  GiB  <  reserve  28  +  one  context  x  3  threads  --  HOLD  (exit  6);  supervisor  retries  later
H1_WINDOWS:  running  windows  1-11  (11  of  29)
resume:  window   0  (x=3490744654)  24/24  points  on disk
resume:  window   1  (x=3770004227)  24/24  points  on disk
resume:  window   2  (x=4071604565)  24/24  points  on disk
resume:  window   3  (x=4397332930)  24/24  points  on disk
resume:  window   4  (x=4749119564)  6/24  points  on disk
resume:  window   5  (x=5129049129)  0/24  points  on disk
resume:  window   6  (x=5539373060)  0/24  points  on disk
resume:  window   7  (x=5982522905)  0/24  points  on disk
resume:  window   8  (x=6461124737)  0/24  points  on disk
resume:  window   9  (x=6978014716)  0/24  points  on disk
resume:  window  10  (x=7536255893)  0/24  points  on disk
memguard:  MemAvailable  19.3  GiB  <  reserve  28  +  one  context  x  3  threads  --  HOLD  (exit  6);  supervisor  retries  later
H1_WINDOWS:  running  windows  1-11  (11  of  29)
resume:  window   0  (x=3490744654)  24/24  points  on disk
resume:  window   1  (x=3770004227)  24/24  points  on disk
resume:  window   2  (x=4071604565)  24/24  points  on disk
resume:  window   3  (x=4397332930)  24/24  points  on disk
resume:  window   4  (x=4749119564)  6/24  points  on disk
resume:  window   5  (x=5129049129)  0/24  points  on disk
resume:  window   6  (x=5539373060)  0/24  points  on disk
resume:  window   7  (x=5982522905)  0/24  points  on disk
resume:  window   8  (x=6461124737)  0/24  points  on disk
resume:  window   9  (x=6978014716)  0/24  points  on disk
resume:  window  10  (x=7536255893)  0/24  points  on disk
memguard:  MemAvailable  19.2  GiB  <  reserve  28  +  one  context  x  3  threads  --  HOLD  (exit  6);  supervisor  retries  later
H1_WINDOWS:  running  windows  1-11  (11  of  29)
resume:  window   0  (x=3490744654)  24/24  points  on disk
resume:  window   1  (x=3770004227)  24/24  points  on disk
resume:  window   2  (x=4071604565)  24/24  points  on disk
resume:  window   3  (x=4397332930)  24/24  points  on disk
resume:  window   4  (x=4749119564)  6/24  points  on disk
resume:  window   5  (x=5129049129)  0/24  points  on disk
resume:  window   6  (x=5539373060)  0/24  points  on disk
resume:  window   7  (x=5982522905)  0/24  points  on disk
resume:  window   8  (x=6461124737)  0/24  points  on disk
resume:  window   9  (x=6978014716)  0/24  points  on disk
resume:  window  10  (x=7536255893)  0/24  points  on disk
memguard:  MemAvailable  19.2  GiB  <  reserve  28  +  one  context  x  3  threads  --  HOLD  (exit  6);  supervisor  retries  later
H1_WINDOWS:  running  windows  1-11  (11  of  29)
resume:  window   0  (x=3490744654)  24/24  points  on disk
resume:  window   1  (x=3770004227)  24/24  points  on disk
resume:  window   2  (x=4071604565)  24/24  points  on disk
resume:  window   3  (x=4397332930)  24/24  points  on disk
resume:  window   4  (x=4749119564)  6/24  points  on disk
resume:  window   5  (x=5129049129)  0/24  points  on disk
resume:  window   6  (x=5539373060)  0/24  points  on disk
resume:  window   7  (x=5982522905)  0/24  points  on disk
resume:  window   8  (x=6461124737)  0/24  points  on disk
resume:  window   9  (x=6978014716)  0/24  points  on disk
resume:  window  10  (x=7536255893)  0/24  points  on disk
memguard:  MemAvailable  19.2  GiB  <  reserve  28  +  one  context  x  3  threads  --  HOLD  (exit  6);  supervisor  retries  later
H1_WINDOWS:  running  windows  1-11  (11  of  29)
resume:  window   0  (x=3490744654)  24/24  points  on disk
resume:  window   1  (x=3770004227)  24/24  points  on disk
resume:  window   2  (x=4071604565)  24/24  points  on disk
resume:  window   3  (x=4397332930)  24/24  points  on disk
resume:  window   4  (x=4749119564)  6/24  points  on disk
resume:  window   5  (x=5129049129)  0/24  points  on disk
resume:  window   6  (x=5539373060)  0/24  points  on disk
resume:  window   7  (x=5982522905)  0/24  points  on disk
resume:  window   8  (x=6461124737)  0/24  points  on disk
resume:  window   9  (x=6978014716)  0/24  points  on disk
resume:  window  10  (x=7536255893)  0/24  points  on disk
memguard:  MemAvailable  19.1  GiB  <  reserve  28  +  one  context  x  3  threads  --  HOLD  (exit  6);  supervisor  retries  later
H1_WINDOWS:  running  windows  1-11  (11  of  29)
resume:  window   0  (x=3490744654)  24/24  points  on disk
resume:  window   1  (x=3770004227)  24/24  points  on disk
resume:  window   2  (x=4071604565)  24/24  points  on disk
resume:  window   3  (x=4397332930)  24/24  points  on disk
resume:  window   4  (x=4749119564)  6/24  points  on disk
resume:  window   5  (x=5129049129)  0/24  points  on disk
resume:  window   6  (x=5539373060)  0/24  points  on disk
resume:  window   7  (x=5982522905)  0/24  points  on disk
resume:  window   8  (x=6461124737)  0/24  points  on disk
resume:  window   9  (x=6978014716)  0/24  points  on disk
resume:  window  10  (x=7536255893)  0/24  points  on disk
memguard:  MemAvailable  19.2  GiB  <  reserve  28  +  one  context  x  3  threads  --  HOLD  (exit  6);  supervisor  retries  later
H1_WINDOWS:  running  windows  1-11  (11  of  29)
resume:  window   0  (x=3490744654)  24/24  points  on disk
resume:  window   1  (x=3770004227)  24/24  points  on disk
resume:  window   2  (x=4071604565)  24/24  points  on disk
resume:  window   3  (x=4397332930)  24/24  points  on disk
resume:  window   4  (x=4749119564)  6/24  points  on disk
resume:  window   5  (x=5129049129)  0/24  points  on disk
resume:  window   6  (x=5539373060)  0/24  points  on disk
resume:  window   7  (x=5982522905)  0/24  points  on disk
resume:  window   8  (x=6461124737)  0/24  points  on disk
resume:  window   9  (x=6978014716)  0/24  points  on disk
resume:  window  10  (x=7536255893)  0/24  points  on disk
memguard:  MemAvailable  19.2  GiB  <  reserve  28  +  one  context  x  3  threads  --  HOLD  (exit  6);  supervisor  retries  later
H1_WINDOWS:  running  windows  1-11  (11  of  29)
resume:  window   0  (x=3490744654)  24/24  points  on disk
resume:  window   1  (x=3770004227)  24/24  points  on disk
resume:  window   2  (x=4071604565)  24/24  points  on disk
resume:  window   3  (x=4397332930)  24/24  points  on disk
resume:  window   4  (x=4749119564)  6/24  points  on disk
resume:  window   5  (x=5129049129)  0/24  points  on disk
resume:  window   6  (x=5539373060)  0/24  points  on disk
resume:  window   7  (x=5982522905)  0/24  points  on disk
resume:  window   8  (x=6461124737)  0/24  points  on disk
resume:  window   9  (x=6978014716)  0/24  points  on disk
resume:  window  10  (x=7536255893)  0/24  points  on disk
memguard:  MemAvailable  19.2  GiB  <  reserve  28  +  one  context  x  3  threads  --  HOLD  (exit  6);  supervisor  retries  later
H1_WINDOWS:  running  windows  1-11  (11  of  29)
resume:  window   0  (x=3490744654)  24/24  points  on disk
resume:  window   1  (x=3770004227)  24/24  points  on disk
resume:  window   2  (x=4071604565)  24/24  points  on disk
resume:  window   3  (x=4397332930)  24/24  points  on disk
resume:  window   4  (x=4749119564)  6/24  points  on disk
resume:  window   5  (x=5129049129)  0/24  points  on disk
resume:  window   6  (x=5539373060)  0/24  points  on disk
resume:  window   7  (x=5982522905)  0/24  points  on disk
resume:  window   8  (x=6461124737)  0/24  points  on disk
resume:  window   9  (x=6978014716)  0/24  points  on disk
resume:  window  10  (x=7536255893)  0/24  points  on disk
memguard:  MemAvailable  19.2  GiB  <  reserve  28  +  one  context  x  3  threads  --  HOLD  (exit  6);  supervisor  retries  later
H1_WINDOWS:  running  windows  1-11  (11  of  29)
resume:  window   0  (x=3490744654)  24/24  points  on disk
resume:  window   1  (x=3770004227)  24/24  points  on disk
resume:  window   2  (x=4071604565)  24/24  points  on disk
resume:  window   3  (x=4397332930)  24/24  points  on disk
resume:  window   4  (x=4749119564)  6/24  points  on disk
resume:  window   5  (x=5129049129)  0/24  points  on disk
resume:  window   6  (x=5539373060)  0/24  points  on disk
resume:  window   7  (x=5982522905)  0/24  points  on disk
resume:  window   8  (x=6461124737)  0/24  points  on disk
resume:  window   9  (x=6978014716)  0/24  points  on disk
resume:  window  10  (x=7536255893)  0/24  points  on disk
memguard:  MemAvailable  19.3  GiB  <  reserve  28  +  one  context  x  3  threads  --  HOLD  (exit  6);  supervisor  retries  later
H1_WINDOWS:  running  windows  1-11  (11  of  29)
resume:  window   0  (x=3490744654)  24/24  points  on disk
resume:  window   1  (x=3770004227)  24/24  points  on disk
resume:  window   2  (x=4071604565)  24/24  points  on disk
resume:  window   3  (x=4397332930)  24/24  points  on disk
resume:  window   4  (x=4749119564)  6/24  points  on disk
resume:  window   5  (x=5129049129)  0/24  points  on disk
resume:  window   6  (x=5539373060)  0/24  points  on disk
resume:  window   7  (x=5982522905)  0/24  points  on disk
resume:  window   8  (x=6461124737)  0/24  points  on disk
resume:  window   9  (x=6978014716)  0/24  points  on disk
resume:  window  10  (x=7536255893)  0/24  points  on disk
memguard:  MemAvailable  19.2  GiB  <  reserve  28  +  one  context  x  3  threads  --  HOLD  (exit  6);  supervisor  retries  later
H1_WINDOWS:  running  windows  1-11  (11  of  29)
resume:  window   0  (x=3490744654)  24/24  points  on disk
resume:  window   1  (x=3770004227)  24/24  points  on disk
resume:  window   2  (x=4071604565)  24/24  points  on disk
resume:  window   3  (x=4397332930)  24/24  points  on disk
resume:  window   4  (x=4749119564)  6/24  points  on disk
resume:  window   5  (x=5129049129)  0/24  points  on disk
resume:  window   6  (x=5539373060)  0/24  points  on disk
resume:  window   7  (x=5982522905)  0/24  points  on disk
resume:  window   8  (x=6461124737)  0/24  points  on disk
resume:  window   9  (x=6978014716)  0/24  points  on disk
resume:  window  10  (x=7536255893)  0/24  points  on disk
memguard:  MemAvailable  19.3  GiB  <  reserve  28  +  one  context  x  3  threads  --  HOLD  (exit  6);  supervisor  retries  later
H1_WINDOWS:  running  windows  1-11  (11  of  29)
resume:  window   0  (x=3490744654)  24/24  points  on disk
resume:  window   1  (x=3770004227)  24/24  points  on disk
resume:  window   2  (x=4071604565)  24/24  points  on disk
resume:  window   3  (x=4397332930)  24/24  points  on disk
resume:  window   4  (x=4749119564)  6/24  points  on disk
resume:  window   5  (x=5129049129)  0/24  points  on disk
resume:  window   6  (x=5539373060)  0/24  points  on disk
resume:  window   7  (x=5982522905)  0/24  points  on disk
resume:  window   8  (x=6461124737)  0/24  points  on disk
resume:  window   9  (x=6978014716)  0/24  points  on disk
resume:  window  10  (x=7536255893)  0/24  points  on disk
memguard:  MemAvailable  19.3  GiB  <  reserve  28  +  one  context  x  2  threads  --  HOLD  (exit  6);  supervisor  retries  later
H1_WINDOWS:  running  windows  1-11  (11  of  29)
resume:  window   0  (x=3490744654)  24/24  points  on disk
resume:  window   1  (x=3770004227)  24/24  points  on disk
resume:  window   2  (x=4071604565)  24/24  points  on disk
resume:  window   3  (x=4397332930)  24/24  points  on disk
resume:  window   4  (x=4749119564)  6/24  points  on disk
resume:  window   5  (x=5129049129)  0/24  points  on disk
resume:  window   6  (x=5539373060)  0/24  points  on disk
resume:  window   7  (x=5982522905)  0/24  points  on disk
resume:  window   8  (x=6461124737)  0/24  points  on disk
resume:  window   9  (x=6978014716)  0/24  points  on disk
resume:  window  10  (x=7536255893)  0/24  points  on disk
memguard:  MemAvailable  19.3  GiB  <  reserve  28  +  one  context  x  2  threads  --  HOLD  (exit  6);  supervisor  retries  later
H1_WINDOWS:  running  windows  1-11  (11  of  29)
resume:  window   0  (x=3490744654)  24/24  points  on disk
resume:  window   1  (x=3770004227)  24/24  points  on disk
resume:  window   2  (x=4071604565)  24/24  points  on disk
resume:  window   3  (x=4397332930)  24/24  points  on disk
resume:  window   4  (x=4749119564)  6/24  points  on disk
resume:  window   5  (x=5129049129)  0/24  points  on disk
resume:  window   6  (x=5539373060)  0/24  points  on disk
resume:  window   7  (x=5982522905)  0/24  points  on disk
resume:  window   8  (x=6461124737)  0/24  points  on disk
resume:  window   9  (x=6978014716)  0/24  points  on disk
resume:  window  10  (x=7536255893)  0/24  points  on disk
memguard:  MemAvailable  19.3  GiB  <  reserve  28  +  one  context  x  2  threads  --  HOLD  (exit  6);  supervisor  retries  later
H1_WINDOWS:  running  windows  1-11  (11  of  29)
resume:  window   0  (x=3490744654)  24/24  points  on disk
resume:  window   1  (x=3770004227)  24/24  points  on disk
resume:  window   2  (x=4071604565)  24/24  points  on disk
resume:  window   3  (x=4397332930)  24/24  points  on disk
resume:  window   4  (x=4749119564)  6/24  points  on disk
resume:  window   5  (x=5129049129)  0/24  points  on disk
resume:  window   6  (x=5539373060)  0/24  points  on disk
resume:  window   7  (x=5982522905)  0/24  points  on disk
resume:  window   8  (x=6461124737)  0/24  points  on disk
resume:  window   9  (x=6978014716)  0/24  points  on disk
resume:  window  10  (x=7536255893)  0/24  points  on disk
memguard:  MemAvailable  19.3  GiB  <  reserve  28  +  one  context  x  2  threads  --  HOLD  (exit  6);  supervisor  retries  later
H1_WINDOWS:  running  windows  1-11  (11  of  29)
resume:  window   0  (x=3490744654)  24/24  points  on disk
resume:  window   1  (x=3770004227)  24/24  points  on disk
resume:  window   2  (x=4071604565)  24/24  points  on disk
resume:  window   3  (x=4397332930)  24/24  points  on disk
resume:  window   4  (x=4749119564)  6/24  points  on disk
resume:  window   5  (x=5129049129)  0/24  points  on disk
resume:  window   6  (x=5539373060)  0/24  points  on disk
resume:  window   7  (x=5982522905)  0/24  points  on disk
resume:  window   8  (x=6461124737)  0/24  points  on disk
resume:  window   9  (x=6978014716)  0/24  points  on disk
resume:  window  10  (x=7536255893)  0/24  points  on disk
memguard:  MemAvailable  19.3  GiB  <  reserve  28  +  one  context  x  2  threads  --  HOLD  (exit  6);  supervisor  retries  later
H1_WINDOWS:  running  windows  1-11  (11  of  29)
resume:  window   0  (x=3490744654)  24/24  points  on disk
resume:  window   1  (x=3770004227)  24/24  points  on disk
resume:  window   2  (x=4071604565)  24/24  points  on disk
resume:  window   3  (x=4397332930)  24/24  points  on disk
resume:  window   4  (x=4749119564)  6/24  points  on disk
resume:  window   5  (x=5129049129)  0/24  points  on disk
resume:  window   6  (x=5539373060)  0/24  points  on disk
resume:  window   7  (x=5982522905)  0/24  points  on disk
resume:  window   8  (x=6461124737)  0/24  points  on disk
resume:  window   9  (x=6978014716)  0/24  points  on disk
resume:  window  10  (x=7536255893)  0/24  points  on disk
memguard:  MemAvailable  19.2  GiB  <  reserve  28  +  one  context  x  2  threads  --  HOLD  (exit  6);  supervisor  retries  later
H1_WINDOWS:  running  windows  1-11  (11  of  29)
resume:  window   0  (x=3490744654)  24/24  points  on disk
resume:  window   1  (x=3770004227)  24/24  points  on disk
resume:  window   2  (x=4071604565)  24/24  points  on disk
resume:  window   3  (x=4397332930)  24/24  points  on disk
resume:  window   4  (x=4749119564)  6/24  points  on disk
resume:  window   5  (x=5129049129)  0/24  points  on disk
resume:  window   6  (x=5539373060)  0/24  points  on disk
resume:  window   7  (x=5982522905)  0/24  points  on disk
resume:  window   8  (x=6461124737)  0/24  points  on disk
resume:  window   9  (x=6978014716)  0/24  points  on disk
resume:  window  10  (x=7536255893)  0/24  points  on disk
memguard:  MemAvailable  19.3  GiB  <  reserve  28  +  one  context  x  2  threads  --  HOLD  (exit  6);  supervisor  retries  later
H1_WINDOWS:  running  windows  1-11  (11  of  29)
resume:  window   0  (x=3490744654)  24/24  points  on disk
resume:  window   1  (x=3770004227)  24/24  points  on disk
resume:  window   2  (x=4071604565)  24/24  points  on disk
resume:  window   3  (x=4397332930)  24/24  points  on disk
resume:  window   4  (x=4749119564)  6/24  points  on disk
resume:  window   5  (x=5129049129)  0/24  points  on disk
resume:  window   6  (x=5539373060)  0/24  points  on disk
resume:  window   7  (x=5982522905)  0/24  points  on disk
resume:  window   8  (x=6461124737)  0/24  points  on disk
resume:  window   9  (x=6978014716)  0/24  points  on disk
resume:  window  10  (x=7536255893)  0/24  points  on disk
memguard:  MemAvailable  19.1  GiB  <  reserve  28  +  one  context  x  2  threads  --  HOLD  (exit  6);  supervisor  retries  later
H1_WINDOWS:  running  windows  1-11  (11  of  29)
resume:  window   0  (x=3490744654)  24/24  points  on disk
resume:  window   1  (x=3770004227)  24/24  points  on disk
resume:  window   2  (x=4071604565)  24/24  points  on disk
resume:  window   3  (x=4397332930)  24/24  points  on disk
resume:  window   4  (x=4749119564)  6/24  points  on disk
resume:  window   5  (x=5129049129)  0/24  points  on disk
resume:  window   6  (x=5539373060)  0/24  points  on disk
resume:  window   7  (x=5982522905)  0/24  points  on disk
resume:  window   8  (x=6461124737)  0/24  points  on disk
resume:  window   9  (x=6978014716)  0/24  points  on disk
resume:  window  10  (x=7536255893)  0/24  points  on disk
memguard:  MemAvailable  19.1  GiB  <  reserve  28  +  one  context  x  2  threads  --  HOLD  (exit  6);  supervisor  retries  later
H1_WINDOWS:  running  windows  1-11  (11  of  29)
resume:  window   0  (x=3490744654)  24/24  points  on disk
resume:  window   1  (x=3770004227)  24/24  points  on disk
resume:  window   2  (x=4071604565)  24/24  points  on disk
resume:  window   3  (x=4397332930)  24/24  points  on disk
resume:  window   4  (x=4749119564)  6/24  points  on disk
resume:  window   5  (x=5129049129)  0/24  points  on disk
resume:  window   6  (x=5539373060)  0/24  points  on disk
resume:  window   7  (x=5982522905)  0/24  points  on disk
resume:  window   8  (x=6461124737)  0/24  points  on disk
resume:  window   9  (x=6978014716)  0/24  points  on disk
resume:  window  10  (x=7536255893)  0/24  points  on disk
memguard:  MemAvailable  19.1  GiB  <  reserve  28  +  one  context  x  2  threads  --  HOLD  (exit  6);  supervisor  retries  later
H1_WINDOWS:  running  windows  1-11  (11  of  29)
resume:  window   0  (x=3490744654)  24/24  points  on disk
resume:  window   1  (x=3770004227)  24/24  points  on disk
resume:  window   2  (x=4071604565)  24/24  points  on disk
resume:  window   3  (x=4397332930)  24/24  points  on disk
resume:  window   4  (x=4749119564)  6/24  points  on disk
resume:  window   5  (x=5129049129)  0/24  points  on disk
resume:  window   6  (x=5539373060)  0/24  points  on disk
resume:  window   7  (x=5982522905)  0/24  points  on disk
resume:  window   8  (x=6461124737)  0/24  points  on disk
resume:  window   9  (x=6978014716)  0/24  points  on disk
resume:  window  10  (x=7536255893)  0/24  points  on disk
memguard:  MemAvailable  19.2  GiB  <  reserve  28  +  one  context  x  2  threads  --  HOLD  (exit  6);  supervisor  retries  later
H1_WINDOWS:  running  windows  1-11  (11  of  29)
resume:  window   0  (x=3490744654)  24/24  points  on disk
resume:  window   1  (x=3770004227)  24/24  points  on disk
resume:  window   2  (x=4071604565)  24/24  points  on disk
resume:  window   3  (x=4397332930)  24/24  points  on disk
resume:  window   4  (x=4749119564)  6/24  points  on disk
resume:  window   5  (x=5129049129)  0/24  points  on disk
resume:  window   6  (x=5539373060)  0/24  points  on disk
resume:  window   7  (x=5982522905)  0/24  points  on disk
resume:  window   8  (x=6461124737)  0/24  points  on disk
resume:  window   9  (x=6978014716)  0/24  points  on disk
resume:  window  10  (x=7536255893)  0/24  points  on disk
memguard:  MemAvailable  19.2  GiB  <  reserve  28  +  one  context  x  2  threads  --  HOLD  (exit  6);  supervisor  retries  later
H1_WINDOWS:  running  windows  1-11  (11  of  29)
resume:  window   0  (x=3490744654)  24/24  points  on disk
resume:  window   1  (x=3770004227)  24/24  points  on disk
resume:  window   2  (x=4071604565)  24/24  points  on disk
resume:  window   3  (x=4397332930)  24/24  points  on disk
resume:  window   4  (x=4749119564)  6/24  points  on disk
resume:  window   5  (x=5129049129)  0/24  points  on disk
resume:  window   6  (x=5539373060)  0/24  points  on disk
resume:  window   7  (x=5982522905)  0/24  points  on disk
resume:  window   8  (x=6461124737)  0/24  points  on disk
resume:  window   9  (x=6978014716)  0/24  points  on disk
resume:  window  10  (x=7536255893)  0/24  points  on disk
memguard:  MemAvailable  19.1  GiB  <  reserve  28  +  one  context  x  2  threads  --  HOLD  (exit  6);  supervisor  retries  later
H1_WINDOWS:  running  windows  1-11  (11  of  29)
resume:  window   0  (x=3490744654)  24/24  points  on disk
resume:  window   1  (x=3770004227)  24/24  points  on disk
resume:  window   2  (x=4071604565)  24/24  points  on disk
resume:  window   3  (x=4397332930)  24/24  points  on disk
resume:  window   4  (x=4749119564)  6/24  points  on disk
resume:  window   5  (x=5129049129)  0/24  points  on disk
resume:  window   6  (x=5539373060)  0/24  points  on disk
resume:  window   7  (x=5982522905)  0/24  points  on disk
resume:  window   8  (x=6461124737)  0/24  points  on disk
resume:  window   9  (x=6978014716)  0/24  points  on disk
resume:  window  10  (x=7536255893)  0/24  points  on disk
memguard:  MemAvailable  19.1  GiB  <  reserve  28  +  one  context  x  2  threads  --  HOLD  (exit  6);  supervisor  retries  later
H1_WINDOWS:  running  windows  1-11  (11  of  29)
resume:  window   0  (x=3490744654)  24/24  points  on disk
resume:  window   1  (x=3770004227)  24/24  points  on disk
resume:  window   2  (x=4071604565)  24/24  points  on disk
resume:  window   3  (x=4397332930)  24/24  points  on disk
resume:  window   4  (x=4749119564)  6/24  points  on disk
resume:  window   5  (x=5129049129)  0/24  points  on disk
resume:  window   6  (x=5539373060)  0/24  points  on disk
resume:  window   7  (x=5982522905)  0/24  points  on disk
resume:  window   8  (x=6461124737)  0/24  points  on disk
resume:  window   9  (x=6978014716)  0/24  points  on disk
resume:  window  10  (x=7536255893)  0/24  points  on disk
memguard:  MemAvailable  19.1  GiB  <  reserve  28  +  one  context  x  2  threads  --  HOLD  (exit  6);  supervisor  retries  later
H1_WINDOWS:  running  windows  1-11  (11  of  29)
resume:  window   0  (x=3490744654)  24/24  points  on disk
resume:  window   1  (x=3770004227)  24/24  points  on disk
resume:  window   2  (x=4071604565)  24/24  points  on disk
resume:  window   3  (x=4397332930)  24/24  points  on disk
resume:  window   4  (x=4749119564)  6/24  points  on disk
resume:  window   5  (x=5129049129)  0/24  points  on disk
resume:  window   6  (x=5539373060)  0/24  points  on disk
resume:  window   7  (x=5982522905)  0/24  points  on disk
resume:  window   8  (x=6461124737)  0/24  points  on disk
resume:  window   9  (x=6978014716)  0/24  points  on disk
resume:  window  10  (x=7536255893)  0/24  points  on disk
memguard:  MemAvailable  19.2  GiB  <  reserve  28  +  one  context  x  2  threads  --  HOLD  (exit  6);  supervisor  retries  later
H1_WINDOWS:  running  windows  1-11  (11  of  29)
resume:  window   0  (x=3490744654)  24/24  points  on disk
resume:  window   1  (x=3770004227)  24/24  points  on disk
resume:  window   2  (x=4071604565)  24/24  points  on disk
resume:  window   3  (x=4397332930)  24/24  points  on disk
resume:  window   4  (x=4749119564)  6/24  points  on disk
resume:  window   5  (x=5129049129)  0/24  points  on disk
resume:  window   6  (x=5539373060)  0/24  points  on disk
resume:  window   7  (x=5982522905)  0/24  points  on disk
resume:  window   8  (x=6461124737)  0/24  points  on disk
resume:  window   9  (x=6978014716)  0/24  points  on disk
resume:  window  10  (x=7536255893)  0/24  points  on disk
memguard:  MemAvailable  19.1  GiB  <  reserve  28  +  one  context  x  2  threads  --  HOLD  (exit  6);  supervisor  retries  later
H1_WINDOWS:  running  windows  1-11  (11  of  29)
resume:  window   0  (x=3490744654)  24/24  points  on disk
resume:  window   1  (x=3770004227)  24/24  points  on disk
resume:  window   2  (x=4071604565)  24/24  points  on disk
resume:  window   3  (x=4397332930)  24/24  points  on disk
resume:  window   4  (x=4749119564)  6/24  points  on disk
resume:  window   5  (x=5129049129)  0/24  points  on disk
resume:  window   6  (x=5539373060)  0/24  points  on disk
resume:  window   7  (x=5982522905)  0/24  points  on disk
resume:  window   8  (x=6461124737)  0/24  points  on disk
resume:  window   9  (x=6978014716)  0/24  points  on disk
resume:  window  10  (x=7536255893)  0/24  points  on disk
memguard:  MemAvailable  19.1  GiB  <  reserve  28  +  one  context  x  2  threads  --  HOLD  (exit  6);  supervisor  retries  later
H1_WINDOWS:  running  windows  1-11  (11  of  29)
resume:  window   0  (x=3490744654)  24/24  points  on disk
resume:  window   1  (x=3770004227)  24/24  points  on disk
resume:  window   2  (x=4071604565)  24/24  points  on disk
resume:  window   3  (x=4397332930)  24/24  points  on disk
resume:  window   4  (x=4749119564)  6/24  points  on disk
resume:  window   5  (x=5129049129)  0/24  points  on disk
resume:  window   6  (x=5539373060)  0/24  points  on disk
resume:  window   7  (x=5982522905)  0/24  points  on disk
resume:  window   8  (x=6461124737)  0/24  points  on disk
resume:  window   9  (x=6978014716)  0/24  points  on disk
resume:  window  10  (x=7536255893)  0/24  points  on disk
memguard:  MemAvailable  19.0  GiB  <  reserve  28  +  one  context  x  2  threads  --  HOLD  (exit  6);  supervisor  retries  later
H1_WINDOWS:  running  windows  1-11  (11  of  29)
resume:  window   0  (x=3490744654)  24/24  points  on disk
resume:  window   1  (x=3770004227)  24/24  points  on disk
resume:  window   2  (x=4071604565)  24/24  points  on disk
resume:  window   3  (x=4397332930)  24/24  points  on disk
resume:  window   4  (x=4749119564)  6/24  points  on disk
resume:  window   5  (x=5129049129)  0/24  points  on disk
resume:  window   6  (x=5539373060)  0/24  points  on disk
resume:  window   7  (x=5982522905)  0/24  points  on disk
resume:  window   8  (x=6461124737)  0/24  points  on disk
resume:  window   9  (x=6978014716)  0/24  points  on disk
resume:  window  10  (x=7536255893)  0/24  points  on disk
memguard:  MemAvailable  19.2  GiB  <  reserve  28  +  one  context  x  2  threads  --  HOLD  (exit  6);  supervisor  retries  later
H1_WINDOWS:  running  windows  1-11  (11  of  29)
resume:  window   0  (x=3490744654)  24/24  points  on disk
resume:  window   1  (x=3770004227)  24/24  points  on disk
resume:  window   2  (x=4071604565)  24/24  points  on disk
resume:  window   3  (x=4397332930)  24/24  points  on disk
resume:  window   4  (x=4749119564)  6/24  points  on disk
resume:  window   5  (x=5129049129)  0/24  points  on disk
resume:  window   6  (x=5539373060)  0/24  points  on disk
resume:  window   7  (x=5982522905)  0/24  points  on disk
resume:  window   8  (x=6461124737)  0/24  points  on disk
resume:  window   9  (x=6978014716)  0/24  points  on disk
resume:  window  10  (x=7536255893)  0/24  points  on disk
memguard:  MemAvailable  19.2  GiB  <  reserve  28  +  one  context  x  2  threads  --  HOLD  (exit  6);  supervisor  retries  later
H1_WINDOWS:  running  windows  1-11  (11  of  29)
resume:  window   0  (x=3490744654)  24/24  points  on disk
resume:  window   1  (x=3770004227)  24/24  points  on disk
resume:  window   2  (x=4071604565)  24/24  points  on disk
resume:  window   3  (x=4397332930)  24/24  points  on disk
resume:  window   4  (x=4749119564)  6/24  points  on disk
resume:  window   5  (x=5129049129)  0/24  points  on disk
resume:  window   6  (x=5539373060)  0/24  points  on disk
resume:  window   7  (x=5982522905)  0/24  points  on disk
resume:  window   8  (x=6461124737)  0/24  points  on disk
resume:  window   9  (x=6978014716)  0/24  points  on disk
resume:  window  10  (x=7536255893)  0/24  points  on disk
memguard:  MemAvailable  19.3  GiB  <  reserve  28  +  one  context  x  2  threads  --  HOLD  (exit  6);  supervisor  retries  later
H1_WINDOWS:  running  windows  1-11  (11  of  29)
resume:  window   0  (x=3490744654)  24/24  points  on disk
resume:  window   1  (x=3770004227)  24/24  points  on disk
resume:  window   2  (x=4071604565)  24/24  points  on disk
resume:  window   3  (x=4397332930)  24/24  points  on disk
resume:  window   4  (x=4749119564)  6/24  points  on disk
resume:  window   5  (x=5129049129)  0/24  points  on disk
resume:  window   6  (x=5539373060)  0/24  points  on disk
resume:  window   7  (x=5982522905)  0/24  points  on disk
resume:  window   8  (x=6461124737)  0/24  points  on disk
resume:  window   9  (x=6978014716)  0/24  points  on disk
resume:  window  10  (x=7536255893)  0/24  points  on disk
memguard:  MemAvailable  19.2  GiB  <  reserve  28  +  one  context  x  2  threads  --  HOLD  (exit  6);  supervisor  retries  later
H1_WINDOWS:  running  windows  1-11  (11  of  29)
resume:  window   0  (x=3490744654)  24/24  points  on disk
resume:  window   1  (x=3770004227)  24/24  points  on disk
resume:  window   2  (x=4071604565)  24/24  points  on disk
resume:  window   3  (x=4397332930)  24/24  points  on disk
resume:  window   4  (x=4749119564)  6/24  points  on disk
resume:  window   5  (x=5129049129)  0/24  points  on disk
resume:  window   6  (x=5539373060)  0/24  points  on disk
resume:  window   7  (x=5982522905)  0/24  points  on disk
resume:  window   8  (x=6461124737)  0/24  points  on disk
resume:  window   9  (x=6978014716)  0/24  points  on disk
resume:  window  10  (x=7536255893)  0/24  points  on disk
memguard:  MemAvailable  19.2  GiB  <  reserve  28  +  one  context  x  2  threads  --  HOLD  (exit  6);  supervisor  retries  later
H1_WINDOWS:  running  windows  1-11  (11  of  29)
resume:  window   0  (x=3490744654)  24/24  points  on disk
resume:  window   1  (x=3770004227)  24/24  points  on disk
resume:  window   2  (x=4071604565)  24/24  points  on disk
resume:  window   3  (x=4397332930)  24/24  points  on disk
resume:  window   4  (x=4749119564)  6/24  points  on disk
resume:  window   5  (x=5129049129)  0/24  points  on disk
resume:  window   6  (x=5539373060)  0/24  points  on disk
resume:  window   7  (x=5982522905)  0/24  points  on disk
resume:  window   8  (x=6461124737)  0/24  points  on disk
resume:  window   9  (x=6978014716)  0/24  points  on disk
resume:  window  10  (x=7536255893)  0/24  points  on disk
memguard:  MemAvailable  19.3  GiB  <  reserve  28  +  one  context  x  2  threads  --  HOLD  (exit  6);  supervisor  retries  later
H1_WINDOWS:  running  windows  1-11  (11  of  29)
resume:  window   0  (x=3490744654)  24/24  points  on disk
resume:  window   1  (x=3770004227)  24/24  points  on disk
resume:  window   2  (x=4071604565)  24/24  points  on disk
resume:  window   3  (x=4397332930)  24/24  points  on disk
resume:  window   4  (x=4749119564)  6/24  points  on disk
resume:  window   5  (x=5129049129)  0/24  points  on disk
resume:  window   6  (x=5539373060)  0/24  points  on disk
resume:  window   7  (x=5982522905)  0/24  points  on disk
resume:  window   8  (x=6461124737)  0/24  points  on disk
resume:  window   9  (x=6978014716)  0/24  points  on disk
resume:  window  10  (x=7536255893)  0/24  points  on disk
memguard:  MemAvailable  19.2  GiB  <  reserve  28  +  one  context  x  2  threads  --  HOLD  (exit  6);  supervisor  retries  later
H1_WINDOWS:  running  windows  1-11  (11  of  29)
resume:  window   0  (x=3490744654)  24/24  points  on disk
resume:  window   1  (x=3770004227)  24/24  points  on disk
resume:  window   2  (x=4071604565)  24/24  points  on disk
resume:  window   3  (x=4397332930)  24/24  points  on disk
resume:  window   4  (x=4749119564)  6/24  points  on disk
resume:  window   5  (x=5129049129)  0/24  points  on disk
resume:  window   6  (x=5539373060)  0/24  points  on disk
resume:  window   7  (x=5982522905)  0/24  points  on disk
resume:  window   8  (x=6461124737)  0/24  points  on disk
resume:  window   9  (x=6978014716)  0/24  points  on disk
resume:  window  10  (x=7536255893)  0/24  points  on disk
memguard:  MemAvailable  19.3  GiB  <  reserve  28  +  one  context  x  2  threads  --  HOLD  (exit  6);  supervisor  retries  later
H1_WINDOWS:  running  windows  1-11  (11  of  29)
resume:  window   0  (x=3490744654)  24/24  points  on disk
resume:  window   1  (x=3770004227)  24/24  points  on disk
resume:  window   2  (x=4071604565)  24/24  points  on disk
resume:  window   3  (x=4397332930)  24/24  points  on disk
resume:  window   4  (x=4749119564)  6/24  points  on disk
resume:  window   5  (x=5129049129)  0/24  points  on disk
resume:  window   6  (x=5539373060)  0/24  points  on disk
resume:  window   7  (x=5982522905)  0/24  points  on disk
resume:  window   8  (x=6461124737)  0/24  points  on disk
resume:  window   9  (x=6978014716)  0/24  points  on disk
resume:  window  10  (x=7536255893)  0/24  points  on disk
memguard:  MemAvailable  19.1  GiB  <  reserve  28  +  one  context  x  2  threads  --  HOLD  (exit  6);  supervisor  retries  later
H1_WINDOWS:  running  windows  1-11  (11  of  29)
resume:  window   0  (x=3490744654)  24/24  points  on disk
resume:  window   1  (x=3770004227)  24/24  points  on disk
resume:  window   2  (x=4071604565)  24/24  points  on disk
resume:  window   3  (x=4397332930)  24/24  points  on disk
resume:  window   4  (x=4749119564)  6/24  points  on disk
resume:  window   5  (x=5129049129)  0/24  points  on disk
resume:  window   6  (x=5539373060)  0/24  points  on disk
resume:  window   7  (x=5982522905)  0/24  points  on disk
resume:  window   8  (x=6461124737)  0/24  points  on disk
resume:  window   9  (x=6978014716)  0/24  points  on disk
resume:  window  10  (x=7536255893)  0/24  points  on disk
memguard:  MemAvailable  19.1  GiB  <  reserve  28  +  one  context  x  2  threads  --  HOLD  (exit  6);  supervisor  retries  later
H1_WINDOWS:  running  windows  1-11  (11  of  29)
resume:  window   0  (x=3490744654)  24/24  points  on disk
resume:  window   1  (x=3770004227)  24/24  points  on disk
resume:  window   2  (x=4071604565)  24/24  points  on disk
resume:  window   3  (x=4397332930)  24/24  points  on disk
resume:  window   4  (x=4749119564)  6/24  points  on disk
resume:  window   5  (x=5129049129)  0/24  points  on disk
resume:  window   6  (x=5539373060)  0/24  points  on disk
resume:  window   7  (x=5982522905)  0/24  points  on disk
resume:  window   8  (x=6461124737)  0/24  points  on disk
resume:  window   9  (x=6978014716)  0/24  points  on disk
resume:  window  10  (x=7536255893)  0/24  points  on disk
memguard:  MemAvailable  18.8  GiB  <  reserve  28  +  one  context  x  2  threads  --  HOLD  (exit  6);  supervisor  retries  later
H1_WINDOWS:  running  windows  1-11  (11  of  29)
resume:  window   0  (x=3490744654)  24/24  points  on disk
resume:  window   1  (x=3770004227)  24/24  points  on disk
resume:  window   2  (x=4071604565)  24/24  points  on disk
resume:  window   3  (x=4397332930)  24/24  points  on disk
resume:  window   4  (x=4749119564)  6/24  points  on disk
resume:  window   5  (x=5129049129)  0/24  points  on disk
resume:  window   6  (x=5539373060)  0/24  points  on disk
resume:  window   7  (x=5982522905)  0/24  points  on disk
resume:  window   8  (x=6461124737)  0/24  points  on disk
resume:  window   9  (x=6978014716)  0/24  points  on disk
resume:  window  10  (x=7536255893)  0/24  points  on disk
memguard:  MemAvailable  18.9  GiB,  reserve  8  GiB,  ~2.5  GiB/thread  x  2  threads  ->  allow  <=  2  contexts  (=  4  slab  threads;  3  GPU  clients  incl.  Xorg  vs  budget  11)
day038  gpu  H1-3e10:  FULL,  162  point  jobs  remaining (11  windows,  2  contexts  x  2  threads)
pids: parent=1491175 workers=2 written to ckpt_h1_3e10/run.pids
overlap: 152/12626784 zeros differ by <=1.00 ulp (last byte,  rounding-level) --  those indices certified with dg x3
stitch: B from element 12626784 (first zero 1006346000.166784); overlap cross-check 12626632/12626784 byte-equal
tail3e10: L 52290633 + A 2792198664 + B' 3053546936 + C 3142622346 + D 92577877714 = 101618536293 zeros (812.9 GB); G_LAST = 30001045999.981976
overlap: 152/12626784 zeros differ by <=1.00 ulp (last byte,  rounding-level) --  those indices certified with dg x3
stitch: B from element 12626784 (first zero 1006346000.166784); overlap cross-check 12626632/12626784 byte-equal
tail3e10: L 52290633 + A 2792198664 + B' 3053546936 + C 3142622346 + D 92577877714 = 101618536293 zeros (812.9 GB); G_LAST = 30001045999.981976
  ...t=4.749e+09 tail sweep 8% (500 pieces, 2 threads)
  ...t=4.749e+09 tail sweep 8% (500 pieces, 2 threads)
  ...t=4.749e+09 tail sweep 17% (1000 pieces, 2 threads)
  ...t=4.749e+09 tail sweep 17% (1000 pieces, 2 threads)
  ...t=4.749e+09 tail sweep 25% (1500 pieces, 2 threads)
  ...t=4.749e+09 tail sweep 25% (1500 pieces, 2 threads)
  ...t=4.749e+09 tail sweep 33% (2000 pieces, 2 threads)
  ...t=4.749e+09 tail sweep 33% (2000 pieces, 2 threads)
  ...t=4.749e+09 tail sweep 41% (2500 pieces, 2 threads)
  ...t=4.749e+09 tail sweep 41% (2500 pieces, 2 threads)
  ...t=4.749e+09 tail sweep 50% (3000 pieces, 2 threads)  ...t=4.749e+09 tail sweep 50% (3000 pieces, 2 threads)

  ...t=4.749e+09 tail sweep 58% (3500 pieces, 2 threads)
  ...t=4.749e+09 tail sweep 58% (3500 pieces, 2 threads)
  ...t=4.749e+09 tail sweep 66% (4000 pieces, 2 threads)
  ...t=4.749e+09 tail sweep 66% (4000 pieces, 2 threads)
  ...t=4.749e+09 tail sweep 74% (4500 pieces, 2 threads)
  ...t=4.749e+09 tail sweep 74% (4500 pieces, 2 threads)
  ...t=4.749e+09 tail sweep 83% (5000 pieces, 2 threads)
  ...t=4.749e+09 tail sweep 83% (5000 pieces, 2 threads)
  ...t=4.749e+09 tail sweep 91% (5500 pieces, 2 threads)
  ...t=4.749e+09 tail sweep 91% (5500 pieces, 2 threads)
  ...t=4.749e+09 tail sweep 99% (6000 pieces, 2 threads)
  ...t=4.749e+09 tail sweep 99% (6000 pieces, 2 threads)
  pt win=4 k=-5 x=4.749e+09 t=4749119561.80838 mnew=1.0000 mcert=1.0000 bexp=5.55e-04
  pt win=4 k=-6 x=4.749e+09 t=4749119561.30838 mnew=1.0000 mcert=1.0000 bexp=5.37e-04
  ...t=4.749e+09 tail sweep 8% (500 pieces, 2 threads)
  ...t=4.749e+09 tail sweep 8% (500 pieces, 2 threads)
  ...t=4.749e+09 tail sweep 17% (1000 pieces, 2 threads)
  ...t=4.749e+09 tail sweep 17% (1000 pieces, 2 threads)
  ...t=4.749e+09 tail sweep 25% (1500 pieces, 2 threads)
  ...t=4.749e+09 tail sweep 25% (1500 pieces, 2 threads)
  ...t=4.749e+09 tail sweep 33% (2000 pieces, 2 threads)
  ...t=4.749e+09 tail sweep 33% (2000 pieces, 2 threads)
  ...t=4.749e+09 tail sweep 41% (2500 pieces, 2 threads)
  ...t=4.749e+09 tail sweep 41% (2500 pieces, 2 threads)
  ...t=4.749e+09 tail sweep 50% (3000 pieces, 2 threads)
  ...t=4.749e+09 tail sweep 50% (3000 pieces, 2 threads)
  ...t=4.749e+09 tail sweep 58% (3500 pieces, 2 threads)
  ...t=4.749e+09 tail sweep 58% (3500 pieces, 2 threads)
  ...t=4.749e+09 tail sweep 66% (4000 pieces, 2 threads)
  ...t=4.749e+09 tail sweep 66% (4000 pieces, 2 threads)
  ...t=4.749e+09 tail sweep 74% (4500 pieces, 2 threads)
  ...t=4.749e+09 tail sweep 74% (4500 pieces, 2 threads)
  ...t=4.749e+09 tail sweep 83% (5000 pieces, 2 threads)
  ...t=4.749e+09 tail sweep 83% (5000 pieces, 2 threads)
  ...t=4.749e+09 tail sweep 91% (5500 pieces, 2 threads)
  ...t=4.749e+09 tail sweep 91% (5500 pieces, 2 threads)
  ...t=4.749e+09 tail sweep 99% (6000 pieces, 2 threads)
  ...t=4.749e+09 tail sweep 99% (6000 pieces, 2 threads)
  pt win=4 k=-4 x=4.749e+09 t=4749119562.30838 mnew=1.0000 mcert=1.0000 bexp=5.42e-04
  pt win=4 k=-3 x=4.749e+09 t=4749119562.80838 mnew=1.0000 mcert=1.0000 bexp=5.31e-04
  ...t=4.749e+09 tail sweep 8% (500 pieces, 2 threads)
  ...t=4.749e+09 tail sweep 8% (500 pieces, 2 threads)
  ...t=4.749e+09 tail sweep 17% (1000 pieces, 2 threads)
  ...t=4.749e+09 tail sweep 17% (1000 pieces, 2 threads)
  ...t=4.749e+09 tail sweep 25% (1500 pieces, 2 threads)
  ...t=4.749e+09 tail sweep 25% (1500 pieces, 2 threads)
  ...t=4.749e+09 tail sweep 33% (2000 pieces, 2 threads)
  ...t=4.749e+09 tail sweep 33% (2000 pieces, 2 threads)
  ...t=4.749e+09 tail sweep 41% (2500 pieces, 2 threads)
  ...t=4.749e+09 tail sweep 41% (2500 pieces, 2 threads)
  ...t=4.749e+09 tail sweep 50% (3000 pieces, 2 threads)
  ...t=4.749e+09 tail sweep 50% (3000 pieces, 2 threads)
  ...t=4.749e+09 tail sweep 58% (3500 pieces, 2 threads)
  ...t=4.749e+09 tail sweep 58% (3500 pieces, 2 threads)
  ...t=4.749e+09 tail sweep 66% (4000 pieces, 2 threads)
  ...t=4.749e+09 tail sweep 66% (4000 pieces, 2 threads)
  ...t=4.749e+09 tail sweep 74% (4500 pieces, 2 threads)
  ...t=4.749e+09 tail sweep 74% (4500 pieces, 2 threads)
  ...t=4.749e+09 tail sweep 83% (5000 pieces, 2 threads)
  ...t=4.749e+09 tail sweep 83% (5000 pieces, 2 threads)
  ...t=4.749e+09 tail sweep 91% (5500 pieces, 2 threads)
  ...t=4.749e+09 tail sweep 91% (5500 pieces, 2 threads)
  ...t=4.749e+09 tail sweep 99% (6000 pieces, 2 threads)
  ...t=4.749e+09 tail sweep 99% (6000 pieces, 2 threads)
  pt win=4 k=-1 x=4.749e+09 t=4749119563.80838 mnew=1.0000 mcert=1.0000 bexp=5.33e-04
  pt win=4 k=-2 x=4.749e+09 t=4749119563.30838 mnew=1.0000 mcert=1.0000 bexp=8.66e-04
  ...t=4.749e+09 tail sweep 8% (500 pieces, 2 threads)
  ...t=4.749e+09 tail sweep 8% (500 pieces, 2 threads)
  ...t=4.749e+09 tail sweep 17% (1000 pieces, 2 threads)
  ...t=4.749e+09 tail sweep 17% (1000 pieces, 2 threads)
  ...t=4.749e+09 tail sweep 25% (1500 pieces, 2 threads)
  ...t=4.749e+09 tail sweep 25% (1500 pieces, 2 threads)
  ...t=4.749e+09 tail sweep 33% (2000 pieces, 2 threads)
  ...t=4.749e+09 tail sweep 33% (2000 pieces, 2 threads)
  ...t=4.749e+09 tail sweep 41% (2500 pieces, 2 threads)
  ...t=4.749e+09 tail sweep 41% (2500 pieces, 2 threads)
  ...t=4.749e+09 tail sweep 50% (3000 pieces, 2 threads)
  ...t=4.749e+09 tail sweep 50% (3000 pieces, 2 threads)
  ...t=4.749e+09 tail sweep 58% (3500 pieces, 2 threads)
  ...t=4.749e+09 tail sweep 58% (3500 pieces, 2 threads)
  ...t=4.749e+09 tail sweep 66% (4000 pieces, 2 threads)
  ...t=4.749e+09 tail sweep 66% (4000 pieces, 2 threads)
  ...t=4.749e+09 tail sweep 74% (4500 pieces, 2 threads)
  ...t=4.749e+09 tail sweep 74% (4500 pieces, 2 threads)
  ...t=4.749e+09 tail sweep 83% (5000 pieces, 2 threads)
  ...t=4.749e+09 tail sweep 83% (5000 pieces, 2 threads)
  ...t=4.749e+09 tail sweep 91% (5500 pieces, 2 threads)
  ...t=4.749e+09 tail sweep 91% (5500 pieces, 2 threads)
  ...t=4.749e+09 tail sweep 99% (6000 pieces, 2 threads)
  ...t=4.749e+09 tail sweep 99% (6000 pieces, 2 threads)
  pt win=4 k=+1 x=4.749e+09 t=4749119564.80838 mnew=1.0000 mcert=1.0000 bexp=5.41e-04
  pt win=4 k=+2 x=4.749e+09 t=4749119565.30838 mnew=1.0000 mcert=1.0000 bexp=5.35e-04
  ...t=4.749e+09 tail sweep 8% (500 pieces, 2 threads)
  ...t=4.749e+09 tail sweep 8% (500 pieces, 2 threads)
  ...t=4.749e+09 tail sweep 17% (1000 pieces, 2 threads)
  ...t=4.749e+09 tail sweep 17% (1000 pieces, 2 threads)
  ...t=4.749e+09 tail sweep 25% (1500 pieces, 2 threads)
  ...t=4.749e+09 tail sweep 25% (1500 pieces, 2 threads)
  ...t=4.749e+09 tail sweep 33% (2000 pieces, 2 threads)
  ...t=4.749e+09 tail sweep 33% (2000 pieces, 2 threads)
  ...t=4.749e+09 tail sweep 41% (2500 pieces, 2 threads)
  ...t=4.749e+09 tail sweep 41% (2500 pieces, 2 threads)
  ...t=4.749e+09 tail sweep 50% (3000 pieces, 2 threads)
  ...t=4.749e+09 tail sweep 50% (3000 pieces, 2 threads)
  ...t=4.749e+09 tail sweep 58% (3500 pieces, 2 threads)
  ...t=4.749e+09 tail sweep 58% (3500 pieces, 2 threads)
  ...t=4.749e+09 tail sweep 66% (4000 pieces, 2 threads)
  ...t=4.749e+09 tail sweep 66% (4000 pieces, 2 threads)
  ...t=4.749e+09 tail sweep 74% (4500 pieces, 2 threads)
  ...t=4.749e+09 tail sweep 74% (4500 pieces, 2 threads)
  ...t=4.749e+09 tail sweep 83% (5000 pieces, 2 threads)
  ...t=4.749e+09 tail sweep 83% (5000 pieces, 2 threads)
  ...t=4.749e+09 tail sweep 91% (5500 pieces, 2 threads)
  ...t=4.749e+09 tail sweep 91% (5500 pieces, 2 threads)
  ...t=4.749e+09 tail sweep 99% (6000 pieces, 2 threads)
  ...t=4.749e+09 tail sweep 99% (6000 pieces, 2 threads)
  pt win=4 k=+4 x=4.749e+09 t=4749119566.30838 mnew=1.0000 mcert=1.0000 bexp=5.33e-04
  pt win=4 k=+3 x=4.749e+09 t=4749119565.80838 mnew=1.0000 mcert=1.0000 bexp=5.32e-04
  ...t=4.749e+09 tail sweep 8% (500 pieces, 2 threads)
  ...t=4.749e+09 tail sweep 8% (500 pieces, 2 threads)
  ...t=4.749e+09 tail sweep 17% (1000 pieces, 2 threads)
  ...t=4.749e+09 tail sweep 17% (1000 pieces, 2 threads)
  ...t=4.749e+09 tail sweep 25% (1500 pieces, 2 threads)
  ...t=4.749e+09 tail sweep 25% (1500 pieces, 2 threads)
  ...t=4.749e+09 tail sweep 33% (2000 pieces, 2 threads)
  ...t=4.749e+09 tail sweep 33% (2000 pieces, 2 threads)
  ...t=4.749e+09 tail sweep 41% (2500 pieces, 2 threads)
  ...t=4.749e+09 tail sweep 41% (2500 pieces, 2 threads)
  ...t=4.749e+09 tail sweep 50% (3000 pieces, 2 threads)
  ...t=4.749e+09 tail sweep 50% (3000 pieces, 2 threads)
  ...t=4.749e+09 tail sweep 58% (3500 pieces, 2 threads)
  ...t=4.749e+09 tail sweep 58% (3500 pieces, 2 threads)
  ...t=4.749e+09 tail sweep 66% (4000 pieces, 2 threads)
  ...t=4.749e+09 tail sweep 66% (4000 pieces, 2 threads)
  ...t=4.749e+09 tail sweep 74% (4500 pieces, 2 threads)
  ...t=4.749e+09 tail sweep 74% (4500 pieces, 2 threads)
  ...t=4.749e+09 tail sweep 83% (5000 pieces, 2 threads)
  ...t=4.749e+09 tail sweep 83% (5000 pieces, 2 threads)
  ...t=4.749e+09 tail sweep 91% (5500 pieces, 2 threads)
  ...t=4.749e+09 tail sweep 91% (5500 pieces, 2 threads)
  ...t=4.749e+09 tail sweep 99% (6000 pieces, 2 threads)
  ...t=4.749e+09 tail sweep 99% (6000 pieces, 2 threads)
  pt win=4 k=+6 x=4.749e+09 t=4749119567.30838 mnew=1.0000 mcert=1.0000 bexp=5.39e-04
  pt win=4 k=+5 x=4.749e+09 t=4749119566.80838 mnew=1.0000 mcert=1.0000 bexp=5.34e-04
  ...t=4.749e+09 tail sweep 8% (500 pieces, 2 threads)
  ...t=4.749e+09 tail sweep 8% (500 pieces, 2 threads)
  ...t=4.749e+09 tail sweep 17% (1000 pieces, 2 threads)
  ...t=4.749e+09 tail sweep 17% (1000 pieces, 2 threads)
  ...t=4.749e+09 tail sweep 25% (1500 pieces, 2 threads)
  ...t=4.749e+09 tail sweep 25% (1500 pieces, 2 threads)
  ...t=4.749e+09 tail sweep 33% (2000 pieces, 2 threads)
  ...t=4.749e+09 tail sweep 33% (2000 pieces, 2 threads)
  ...t=4.749e+09 tail sweep 41% (2500 pieces, 2 threads)
  ...t=4.749e+09 tail sweep 41% (2500 pieces, 2 threads)
  ...t=4.749e+09 tail sweep 50% (3000 pieces, 2 threads)
  ...t=4.749e+09 tail sweep 50% (3000 pieces, 2 threads)
  ...t=4.749e+09 tail sweep 58% (3500 pieces, 2 threads)
  ...t=4.749e+09 tail sweep 58% (3500 pieces, 2 threads)
  ...t=4.749e+09 tail sweep 66% (4000 pieces, 2 threads)
  ...t=4.749e+09 tail sweep 66% (4000 pieces, 2 threads)
  ...t=4.749e+09 tail sweep 74% (4500 pieces, 2 threads)
  ...t=4.749e+09 tail sweep 74% (4500 pieces, 2 threads)
  ...t=4.749e+09 tail sweep 83% (5000 pieces, 2 threads)
  ...t=4.749e+09 tail sweep 83% (5000 pieces, 2 threads)
  ...t=4.749e+09 tail sweep 91% (5500 pieces, 2 threads)
  ...t=4.749e+09 tail sweep 91% (5500 pieces, 2 threads)
  ...t=4.749e+09 tail sweep 99% (6000 pieces, 2 threads)
  ...t=4.749e+09 tail sweep 99% (6000 pieces, 2 threads)
  pt win=4 k=+7 x=4.749e+09 t=4749119567.80838 mnew=1.0000 mcert=1.0000 bexp=5.32e-04
  pt win=4 k=+8 x=4.749e+09 t=4749119568.30838 mnew=1.0000 mcert=1.0000 bexp=5.37e-04
  ...t=4.749e+09 tail sweep 8% (500 pieces, 2 threads)
  ...t=4.749e+09 tail sweep 8% (500 pieces, 2 threads)
  ...t=4.749e+09 tail sweep 17% (1000 pieces, 2 threads)
  ...t=4.749e+09 tail sweep 17% (1000 pieces, 2 threads)
  ...t=4.749e+09 tail sweep 25% (1500 pieces, 2 threads)
  ...t=4.749e+09 tail sweep 25% (1500 pieces, 2 threads)
  ...t=4.749e+09 tail sweep 33% (2000 pieces, 2 threads)
  ...t=4.749e+09 tail sweep 33% (2000 pieces, 2 threads)
  ...t=4.749e+09 tail sweep 41% (2500 pieces, 2 threads)
  ...t=4.749e+09 tail sweep 41% (2500 pieces, 2 threads)
  ...t=4.749e+09 tail sweep 50% (3000 pieces, 2 threads)
  ...t=4.749e+09 tail sweep 50% (3000 pieces, 2 threads)
  ...t=4.749e+09 tail sweep 58% (3500 pieces, 2 threads)
  ...t=4.749e+09 tail sweep 58% (3500 pieces, 2 threads)
  ...t=4.749e+09 tail sweep 66% (4000 pieces, 2 threads)
  ...t=4.749e+09 tail sweep 66% (4000 pieces, 2 threads)
  ...t=4.749e+09 tail sweep 74% (4500 pieces, 2 threads)
  ...t=4.749e+09 tail sweep 74% (4500 pieces, 2 threads)
  ...t=4.749e+09 tail sweep 83% (5000 pieces, 2 threads)
  ...t=4.749e+09 tail sweep 83% (5000 pieces, 2 threads)
  ...t=4.749e+09 tail sweep 91% (5500 pieces, 2 threads)
  ...t=4.749e+09 tail sweep 91% (5500 pieces, 2 threads)
  ...t=4.749e+09 tail sweep 99% (6000 pieces, 2 threads)
  ...t=4.749e+09 tail sweep 99% (6000 pieces, 2 threads)
  pt win=4 k=+9 x=4.749e+09 t=4749119568.80838 mnew=1.0000 mcert=1.0000 bexp=5.55e-04
  pt win=4 k=+10 x=4.749e+09 t=4749119569.30838 mnew=1.0000 mcert=1.0000 bexp=5.32e-04
  ...t=4.749e+09 tail sweep 8% (500 pieces, 2 threads)
  ...t=4.749e+09 tail sweep 8% (500 pieces, 2 threads)
  ...t=4.749e+09 tail sweep 17% (1000 pieces, 2 threads)
  ...t=4.749e+09 tail sweep 17% (1000 pieces, 2 threads)
  ...t=4.749e+09 tail sweep 25% (1500 pieces, 2 threads)
  ...t=4.749e+09 tail sweep 25% (1500 pieces, 2 threads)
  ...t=4.749e+09 tail sweep 33% (2000 pieces, 2 threads)
  ...t=4.749e+09 tail sweep 33% (2000 pieces, 2 threads)
  ...t=4.749e+09 tail sweep 41% (2500 pieces, 2 threads)
  ...t=4.749e+09 tail sweep 41% (2500 pieces, 2 threads)
  ...t=4.749e+09 tail sweep 50% (3000 pieces, 2 threads)
  ...t=4.749e+09 tail sweep 50% (3000 pieces, 2 threads)
  ...t=4.749e+09 tail sweep 58% (3500 pieces, 2 threads)
  ...t=4.749e+09 tail sweep 58% (3500 pieces, 2 threads)
  ...t=4.749e+09 tail sweep 66% (4000 pieces, 2 threads)
  ...t=4.749e+09 tail sweep 66% (4000 pieces, 2 threads)
  ...t=4.749e+09 tail sweep 74% (4500 pieces, 2 threads)
  ...t=4.749e+09 tail sweep 74% (4500 pieces, 2 threads)
  ...t=4.749e+09 tail sweep 83% (5000 pieces, 2 threads)
  ...t=4.749e+09 tail sweep 83% (5000 pieces, 2 threads)
  ...t=4.749e+09 tail sweep 91% (5500 pieces, 2 threads)
  ...t=4.749e+09 tail sweep 91% (5500 pieces, 2 threads)
  ...t=4.749e+09 tail sweep 99% (6000 pieces, 2 threads)
  ...t=4.749e+09 tail sweep 99% (6000 pieces, 2 threads)
  pt win=4 k=+12 x=4.749e+09 t=4749119570.30838 mnew=1.0000 mcert=1.0000 bexp=5.45e-04
  pt win=4 k=+11 x=4.749e+09 t=4749119569.80838 mnew=1.0000 mcert=1.0000 bexp=5.34e-04
  ...t=5.129e+09 tail sweep 8% (500 pieces, 2 threads)
  ...t=5.129e+09 tail sweep 8% (500 pieces, 2 threads)
  ...t=5.129e+09 tail sweep 17% (1000 pieces, 2 threads)
  ...t=5.129e+09 tail sweep 17% (1000 pieces, 2 threads)
  ...t=5.129e+09 tail sweep 25% (1500 pieces, 2 threads)
  ...t=5.129e+09 tail sweep 25% (1500 pieces, 2 threads)
  ...t=5.129e+09 tail sweep 33% (2000 pieces, 2 threads)
  ...t=5.129e+09 tail sweep 33% (2000 pieces, 2 threads)
  ...t=5.129e+09 tail sweep 41% (2500 pieces, 2 threads)
  ...t=5.129e+09 tail sweep 41% (2500 pieces, 2 threads)
  ...t=5.129e+09 tail sweep 50% (3000 pieces, 2 threads)
  ...t=5.129e+09 tail sweep 50% (3000 pieces, 2 threads)
  ...t=5.129e+09 tail sweep 58% (3500 pieces, 2 threads)
  ...t=5.129e+09 tail sweep 58% (3500 pieces, 2 threads)
  ...t=5.129e+09 tail sweep 66% (4000 pieces, 2 threads)
  ...t=5.129e+09 tail sweep 66% (4000 pieces, 2 threads)
  ...t=5.129e+09 tail sweep 74% (4500 pieces, 2 threads)
  ...t=5.129e+09 tail sweep 74% (4500 pieces, 2 threads)
  ...t=5.129e+09 tail sweep 83% (5000 pieces, 2 threads)
  ...t=5.129e+09 tail sweep 83% (5000 pieces, 2 threads)
  ...t=5.129e+09 tail sweep 91% (5500 pieces, 2 threads)
  ...t=5.129e+09 tail sweep 91% (5500 pieces, 2 threads)
  ...t=5.129e+09 tail sweep 99% (6000 pieces, 2 threads)
  ...t=5.129e+09 tail sweep 99% (6000 pieces, 2 threads)
  pt win=5 k=-11 x=5.129e+09 t=5129049124.22840 mnew=1.0000 mcert=1.0000 bexp=5.73e-04
  pt win=5 k=-12 x=5.129e+09 t=5129049123.72840 mnew=1.0000 mcert=1.0000 bexp=5.72e-04
  ...t=5.129e+09 tail sweep 8% (500 pieces, 2 threads)
  ...t=5.129e+09 tail sweep 8% (500 pieces, 2 threads)
  ...t=5.129e+09 tail sweep 17% (1000 pieces, 2 threads)
  ...t=5.129e+09 tail sweep 17% (1000 pieces, 2 threads)
  ...t=5.129e+09 tail sweep 25% (1500 pieces, 2 threads)
  ...t=5.129e+09 tail sweep 25% (1500 pieces, 2 threads)
  ...t=5.129e+09 tail sweep 33% (2000 pieces, 2 threads)
  ...t=5.129e+09 tail sweep 33% (2000 pieces, 2 threads)
  ...t=5.129e+09 tail sweep 41% (2500 pieces, 2 threads)
  ...t=5.129e+09 tail sweep 41% (2500 pieces, 2 threads)
  ...t=5.129e+09 tail sweep 50% (3000 pieces, 2 threads)
  ...t=5.129e+09 tail sweep 50% (3000 pieces, 2 threads)
  ...t=5.129e+09 tail sweep 58% (3500 pieces, 2 threads)
  ...t=5.129e+09 tail sweep 58% (3500 pieces, 2 threads)
  ...t=5.129e+09 tail sweep 66% (4000 pieces, 2 threads)
  ...t=5.129e+09 tail sweep 66% (4000 pieces, 2 threads)
  ...t=5.129e+09 tail sweep 74% (4500 pieces, 2 threads)
  ...t=5.129e+09 tail sweep 74% (4500 pieces, 2 threads)
  ...t=5.129e+09 tail sweep 83% (5000 pieces, 2 threads)
  ...t=5.129e+09 tail sweep 83% (5000 pieces, 2 threads)
  ...t=5.129e+09 tail sweep 91% (5500 pieces, 2 threads)
  ...t=5.129e+09 tail sweep 91% (5500 pieces, 2 threads)
  ...t=5.129e+09 tail sweep 99% (6000 pieces, 2 threads)
  pt win=5 k=-10 x=5.129e+09 t=5129049124.72840 mnew=1.0000 mcert=1.0000 bexp=5.72e-04
  ...t=5.129e+09 tail sweep 99% (6000 pieces, 2 threads)
  pt win=5 k=-9 x=5.129e+09 t=5129049125.22840 mnew=1.0000 mcert=1.0000 bexp=6.21e-04
  ...t=5.129e+09 tail sweep 8% (500 pieces, 2 threads)
  ...t=5.129e+09 tail sweep 8% (500 pieces, 2 threads)
  ...t=5.129e+09 tail sweep 17% (1000 pieces, 2 threads)
  ...t=5.129e+09 tail sweep 17% (1000 pieces, 2 threads)
  ...t=5.129e+09 tail sweep 25% (1500 pieces, 2 threads)
  ...t=5.129e+09 tail sweep 25% (1500 pieces, 2 threads)
  ...t=5.129e+09 tail sweep 33% (2000 pieces, 2 threads)
  ...t=5.129e+09 tail sweep 33% (2000 pieces, 2 threads)
  ...t=5.129e+09 tail sweep 41% (2500 pieces, 2 threads)
  ...t=5.129e+09 tail sweep 41% (2500 pieces, 2 threads)
  ...t=5.129e+09 tail sweep 50% (3000 pieces, 2 threads)
  ...t=5.129e+09 tail sweep 50% (3000 pieces, 2 threads)
  ...t=5.129e+09 tail sweep 58% (3500 pieces, 2 threads)
  ...t=5.129e+09 tail sweep 58% (3500 pieces, 2 threads)
  ...t=5.129e+09 tail sweep 66% (4000 pieces, 2 threads)
  ...t=5.129e+09 tail sweep 66% (4000 pieces, 2 threads)
  ...t=5.129e+09 tail sweep 74% (4500 pieces, 2 threads)
  ...t=5.129e+09 tail sweep 74% (4500 pieces, 2 threads)
  ...t=5.129e+09 tail sweep 83% (5000 pieces, 2 threads)
  ...t=5.129e+09 tail sweep 83% (5000 pieces, 2 threads)
  ...t=5.129e+09 tail sweep 91% (5500 pieces, 2 threads)
  ...t=5.129e+09 tail sweep 91% (5500 pieces, 2 threads)
  ...t=5.129e+09 tail sweep 99% (6000 pieces, 2 threads)
  pt win=5 k=-8 x=5.129e+09 t=5129049125.72840 mnew=1.0000 mcert=1.0000 bexp=5.71e-04
  ...t=5.129e+09 tail sweep 99% (6000 pieces, 2 threads)
  pt win=5 k=-7 x=5.129e+09 t=5129049126.22840 mnew=1.0000 mcert=1.0000 bexp=5.73e-04
  ...t=5.129e+09 tail sweep 8% (500 pieces, 2 threads)
  ...t=5.129e+09 tail sweep 8% (500 pieces, 2 threads)
  ...t=5.129e+09 tail sweep 17% (1000 pieces, 2 threads)
  ...t=5.129e+09 tail sweep 17% (1000 pieces, 2 threads)
  ...t=5.129e+09 tail sweep 25% (1500 pieces, 2 threads)
  ...t=5.129e+09 tail sweep 25% (1500 pieces, 2 threads)
  ...t=5.129e+09 tail sweep 33% (2000 pieces, 2 threads)
  ...t=5.129e+09 tail sweep 33% (2000 pieces, 2 threads)
  ...t=5.129e+09 tail sweep 41% (2500 pieces, 2 threads)
  ...t=5.129e+09 tail sweep 41% (2500 pieces, 2 threads)
  ...t=5.129e+09 tail sweep 50% (3000 pieces, 2 threads)
  ...t=5.129e+09 tail sweep 50% (3000 pieces, 2 threads)
  ...t=5.129e+09 tail sweep 58% (3500 pieces, 2 threads)
  ...t=5.129e+09 tail sweep 58% (3500 pieces, 2 threads)
  ...t=5.129e+09 tail sweep 66% (4000 pieces, 2 threads)
  ...t=5.129e+09 tail sweep 66% (4000 pieces, 2 threads)
  ...t=5.129e+09 tail sweep 74% (4500 pieces, 2 threads)
  ...t=5.129e+09 tail sweep 74% (4500 pieces, 2 threads)
  ...t=5.129e+09 tail sweep 83% (5000 pieces, 2 threads)
  ...t=5.129e+09 tail sweep 83% (5000 pieces, 2 threads)
  ...t=5.129e+09 tail sweep 91% (5500 pieces, 2 threads)
  ...t=5.129e+09 tail sweep 91% (5500 pieces, 2 threads)
  ...t=5.129e+09 tail sweep 99% (6000 pieces, 2 threads)
  ...t=5.129e+09 tail sweep 99% (6000 pieces, 2 threads)
  pt win=5 k=-6 x=5.129e+09 t=5129049126.72840 mnew=1.0000 mcert=1.0000 bexp=5.72e-04
  pt win=5 k=-5 x=5.129e+09 t=5129049127.22840 mnew=1.0000 mcert=1.0000 bexp=5.75e-04
  ...t=5.129e+09 tail sweep 8% (500 pieces, 2 threads)
  ...t=5.129e+09 tail sweep 8% (500 pieces, 2 threads)
  ...t=5.129e+09 tail sweep 17% (1000 pieces, 2 threads)
  ...t=5.129e+09 tail sweep 17% (1000 pieces, 2 threads)
  ...t=5.129e+09 tail sweep 25% (1500 pieces, 2 threads)
  ...t=5.129e+09 tail sweep 25% (1500 pieces, 2 threads)
  ...t=5.129e+09 tail sweep 33% (2000 pieces, 2 threads)
  ...t=5.129e+09 tail sweep 33% (2000 pieces, 2 threads)
  ...t=5.129e+09 tail sweep 41% (2500 pieces, 2 threads)
  ...t=5.129e+09 tail sweep 41% (2500 pieces, 2 threads)
  ...t=5.129e+09 tail sweep 50% (3000 pieces, 2 threads)
  ...t=5.129e+09 tail sweep 50% (3000 pieces, 2 threads)
  ...t=5.129e+09 tail sweep 58% (3500 pieces, 2 threads)
  ...t=5.129e+09 tail sweep 58% (3500 pieces, 2 threads)
  ...t=5.129e+09 tail sweep 66% (4000 pieces, 2 threads)
  ...t=5.129e+09 tail sweep 66% (4000 pieces, 2 threads)
  ...t=5.129e+09 tail sweep 74% (4500 pieces, 2 threads)
  ...t=5.129e+09 tail sweep 74% (4500 pieces, 2 threads)
  ...t=5.129e+09 tail sweep 83% (5000 pieces, 2 threads)
  ...t=5.129e+09 tail sweep 83% (5000 pieces, 2 threads)
  ...t=5.129e+09 tail sweep 91% (5500 pieces, 2 threads)
  ...t=5.129e+09 tail sweep 91% (5500 pieces, 2 threads)
  ...t=5.129e+09 tail sweep 99% (6000 pieces, 2 threads)
  ...t=5.129e+09 tail sweep 99% (6000 pieces, 2 threads)
  pt win=5 k=-4 x=5.129e+09 t=5129049127.72840 mnew=1.0000 mcert=1.0000 bexp=5.95e-04
  pt win=5 k=-3 x=5.129e+09 t=5129049128.22840 mnew=1.0000 mcert=1.0000 bexp=5.94e-04
  ...t=5.129e+09 tail sweep 8% (500 pieces, 2 threads)
  ...t=5.129e+09 tail sweep 8% (500 pieces, 2 threads)
  ...t=5.129e+09 tail sweep 17% (1000 pieces, 2 threads)
  ...t=5.129e+09 tail sweep 17% (1000 pieces, 2 threads)
  ...t=5.129e+09 tail sweep 25% (1500 pieces, 2 threads)
  ...t=5.129e+09 tail sweep 25% (1500 pieces, 2 threads)
  ...t=5.129e+09 tail sweep 33% (2000 pieces, 2 threads)
  ...t=5.129e+09 tail sweep 33% (2000 pieces, 2 threads)
  ...t=5.129e+09 tail sweep 41% (2500 pieces, 2 threads)
  ...t=5.129e+09 tail sweep 41% (2500 pieces, 2 threads)
  ...t=5.129e+09 tail sweep 50% (3000 pieces, 2 threads)
  ...t=5.129e+09 tail sweep 50% (3000 pieces, 2 threads)
  ...t=5.129e+09 tail sweep 58% (3500 pieces, 2 threads)
  ...t=5.129e+09 tail sweep 58% (3500 pieces, 2 threads)
  ...t=5.129e+09 tail sweep 66% (4000 pieces, 2 threads)
  ...t=5.129e+09 tail sweep 66% (4000 pieces, 2 threads)
  ...t=5.129e+09 tail sweep 74% (4500 pieces, 2 threads)
  ...t=5.129e+09 tail sweep 74% (4500 pieces, 2 threads)
  ...t=5.129e+09 tail sweep 83% (5000 pieces, 2 threads)
  ...t=5.129e+09 tail sweep 83% (5000 pieces, 2 threads)
  ...t=5.129e+09 tail sweep 91% (5500 pieces, 2 threads)
  ...t=5.129e+09 tail sweep 91% (5500 pieces, 2 threads)
  ...t=5.129e+09 tail sweep 99% (6000 pieces, 2 threads)
  ...t=5.129e+09 tail sweep 99% (6000 pieces, 2 threads)
  pt win=5 k=-2 x=5.129e+09 t=5129049128.72840 mnew=1.0000 mcert=1.0000 bexp=5.76e-04
  pt win=5 k=-1 x=5.129e+09 t=5129049129.22840 mnew=1.0000 mcert=1.0000 bexp=6.02e-04
  ...t=5.129e+09 tail sweep 8% (500 pieces, 2 threads)
  ...t=5.129e+09 tail sweep 8% (500 pieces, 2 threads)
  ...t=5.129e+09 tail sweep 17% (1000 pieces, 2 threads)
  ...t=5.129e+09 tail sweep 17% (1000 pieces, 2 threads)
  ...t=5.129e+09 tail sweep 25% (1500 pieces, 2 threads)
  ...t=5.129e+09 tail sweep 25% (1500 pieces, 2 threads)
  ...t=5.129e+09 tail sweep 33% (2000 pieces, 2 threads)
  ...t=5.129e+09 tail sweep 33% (2000 pieces, 2 threads)
  ...t=5.129e+09 tail sweep 41% (2500 pieces, 2 threads)
  ...t=5.129e+09 tail sweep 41% (2500 pieces, 2 threads)
  ...t=5.129e+09 tail sweep 50% (3000 pieces, 2 threads)
  ...t=5.129e+09 tail sweep 50% (3000 pieces, 2 threads)
  ...t=5.129e+09 tail sweep 58% (3500 pieces, 2 threads)
  ...t=5.129e+09 tail sweep 58% (3500 pieces, 2 threads)
  ...t=5.129e+09 tail sweep 66% (4000 pieces, 2 threads)
  ...t=5.129e+09 tail sweep 66% (4000 pieces, 2 threads)
  ...t=5.129e+09 tail sweep 74% (4500 pieces, 2 threads)
  ...t=5.129e+09 tail sweep 74% (4500 pieces, 2 threads)
  ...t=5.129e+09 tail sweep 83% (5000 pieces, 2 threads)
  ...t=5.129e+09 tail sweep 83% (5000 pieces, 2 threads)
  ...t=5.129e+09 tail sweep 91% (5500 pieces, 2 threads)
  ...t=5.129e+09 tail sweep 91% (5500 pieces, 2 threads)
  ...t=5.129e+09 tail sweep 99% (6000 pieces, 2 threads)
  ...t=5.129e+09 tail sweep 99% (6000 pieces, 2 threads)
  pt win=5 k=+1 x=5.129e+09 t=5129049130.22840 mnew=1.0000 mcert=1.0000 bexp=5.72e-04
  pt win=5 k=+2 x=5.129e+09 t=5129049130.72840 mnew=1.0000 mcert=1.0000 bexp=5.73e-04
  ...t=5.129e+09 tail sweep 8% (500 pieces, 2 threads)
  ...t=5.129e+09 tail sweep 8% (500 pieces, 2 threads)
  ...t=5.129e+09 tail sweep 17% (1000 pieces, 2 threads)
  ...t=5.129e+09 tail sweep 17% (1000 pieces, 2 threads)
  ...t=5.129e+09 tail sweep 25% (1500 pieces, 2 threads)
  ...t=5.129e+09 tail sweep 25% (1500 pieces, 2 threads)
  ...t=5.129e+09 tail sweep 33% (2000 pieces, 2 threads)
  ...t=5.129e+09 tail sweep 33% (2000 pieces, 2 threads)
  ...t=5.129e+09 tail sweep 41% (2500 pieces, 2 threads)
  ...t=5.129e+09 tail sweep 41% (2500 pieces, 2 threads)
  ...t=5.129e+09 tail sweep 50% (3000 pieces, 2 threads)
  ...t=5.129e+09 tail sweep 50% (3000 pieces, 2 threads)
  ...t=5.129e+09 tail sweep 58% (3500 pieces, 2 threads)
  ...t=5.129e+09 tail sweep 58% (3500 pieces, 2 threads)
  ...t=5.129e+09 tail sweep 66% (4000 pieces, 2 threads)
  ...t=5.129e+09 tail sweep 66% (4000 pieces, 2 threads)
  ...t=5.129e+09 tail sweep 74% (4500 pieces, 2 threads)
  ...t=5.129e+09 tail sweep 74% (4500 pieces, 2 threads)
  ...t=5.129e+09 tail sweep 83% (5000 pieces, 2 threads)
  ...t=5.129e+09 tail sweep 83% (5000 pieces, 2 threads)
  ...t=5.129e+09 tail sweep 91% (5500 pieces, 2 threads)
  ...t=5.129e+09 tail sweep 91% (5500 pieces, 2 threads)
  ...t=5.129e+09 tail sweep 99% (6000 pieces, 2 threads)
  ...t=5.129e+09 tail sweep 99% (6000 pieces, 2 threads)
  pt win=5 k=+3 x=5.129e+09 t=5129049131.22840 mnew=1.0000 mcert=1.0000 bexp=5.78e-04
  pt win=5 k=+4 x=5.129e+09 t=5129049131.72840 mnew=1.0000 mcert=1.0000 bexp=6.12e-04
  ...t=5.129e+09 tail sweep 8% (500 pieces, 2 threads)
  ...t=5.129e+09 tail sweep 8% (500 pieces, 2 threads)
  ...t=5.129e+09 tail sweep 17% (1000 pieces, 2 threads)
  ...t=5.129e+09 tail sweep 17% (1000 pieces, 2 threads)
  ...t=5.129e+09 tail sweep 25% (1500 pieces, 2 threads)
  ...t=5.129e+09 tail sweep 25% (1500 pieces, 2 threads)
  ...t=5.129e+09 tail sweep 33% (2000 pieces, 2 threads)
  ...t=5.129e+09 tail sweep 33% (2000 pieces, 2 threads)
  ...t=5.129e+09 tail sweep 41% (2500 pieces, 2 threads)
  ...t=5.129e+09 tail sweep 41% (2500 pieces, 2 threads)
  ...t=5.129e+09 tail sweep 50% (3000 pieces, 2 threads)
  ...t=5.129e+09 tail sweep 50% (3000 pieces, 2 threads)
  ...t=5.129e+09 tail sweep 58% (3500 pieces, 2 threads)
  ...t=5.129e+09 tail sweep 58% (3500 pieces, 2 threads)
  ...t=5.129e+09 tail sweep 66% (4000 pieces, 2 threads)
  ...t=5.129e+09 tail sweep 66% (4000 pieces, 2 threads)
  ...t=5.129e+09 tail sweep 74% (4500 pieces, 2 threads)
  ...t=5.129e+09 tail sweep 74% (4500 pieces, 2 threads)
  ...t=5.129e+09 tail sweep 83% (5000 pieces, 2 threads)
  ...t=5.129e+09 tail sweep 83% (5000 pieces, 2 threads)
  ...t=5.129e+09 tail sweep 91% (5500 pieces, 2 threads)
  ...t=5.129e+09 tail sweep 91% (5500 pieces, 2 threads)
  ...t=5.129e+09 tail sweep 99% (6000 pieces, 2 threads)
  ...t=5.129e+09 tail sweep 99% (6000 pieces, 2 threads)
  pt win=5 k=+5 x=5.129e+09 t=5129049132.22840 mnew=1.0000 mcert=1.0000 bexp=5.89e-04
  pt win=5 k=+6 x=5.129e+09 t=5129049132.72840 mnew=1.0000 mcert=1.0000 bexp=5.78e-04
  ...t=5.129e+09 tail sweep 8% (500 pieces, 2 threads)
  ...t=5.129e+09 tail sweep 8% (500 pieces, 2 threads)
  ...t=5.129e+09 tail sweep 17% (1000 pieces, 2 threads)
  ...t=5.129e+09 tail sweep 17% (1000 pieces, 2 threads)
  ...t=5.129e+09 tail sweep 25% (1500 pieces, 2 threads)
  ...t=5.129e+09 tail sweep 25% (1500 pieces, 2 threads)
  ...t=5.129e+09 tail sweep 33% (2000 pieces, 2 threads)
  ...t=5.129e+09 tail sweep 33% (2000 pieces, 2 threads)
  ...t=5.129e+09 tail sweep 41% (2500 pieces, 2 threads)
  ...t=5.129e+09 tail sweep 41% (2500 pieces, 2 threads)
  ...t=5.129e+09 tail sweep 50% (3000 pieces, 2 threads)
  ...t=5.129e+09 tail sweep 50% (3000 pieces, 2 threads)
  ...t=5.129e+09 tail sweep 58% (3500 pieces, 2 threads)
  ...t=5.129e+09 tail sweep 58% (3500 pieces, 2 threads)
  ...t=5.129e+09 tail sweep 66% (4000 pieces, 2 threads)
  ...t=5.129e+09 tail sweep 66% (4000 pieces, 2 threads)
  ...t=5.129e+09 tail sweep 74% (4500 pieces, 2 threads)
  ...t=5.129e+09 tail sweep 74% (4500 pieces, 2 threads)
  ...t=5.129e+09 tail sweep 83% (5000 pieces, 2 threads)
  ...t=5.129e+09 tail sweep 83% (5000 pieces, 2 threads)
  ...t=5.129e+09 tail sweep 91% (5500 pieces, 2 threads)
  ...t=5.129e+09 tail sweep 91% (5500 pieces, 2 threads)
  ...t=5.129e+09 tail sweep 99% (6000 pieces, 2 threads)
  ...t=5.129e+09 tail sweep 99% (6000 pieces, 2 threads)
  pt win=5 k=+7 x=5.129e+09 t=5129049133.22840 mnew=1.0000 mcert=1.0000 bexp=5.75e-04
  pt win=5 k=+8 x=5.129e+09 t=5129049133.72840 mnew=1.0000 mcert=1.0000 bexp=5.88e-04
  ...t=5.129e+09 tail sweep 8% (500 pieces, 2 threads)
  ...t=5.129e+09 tail sweep 8% (500 pieces, 2 threads)
  ...t=5.129e+09 tail sweep 17% (1000 pieces, 2 threads)
  ...t=5.129e+09 tail sweep 17% (1000 pieces, 2 threads)
  ...t=5.129e+09 tail sweep 25% (1500 pieces, 2 threads)
  ...t=5.129e+09 tail sweep 25% (1500 pieces, 2 threads)
  ...t=5.129e+09 tail sweep 33% (2000 pieces, 2 threads)
  ...t=5.129e+09 tail sweep 33% (2000 pieces, 2 threads)
  ...t=5.129e+09 tail sweep 41% (2500 pieces, 2 threads)
  ...t=5.129e+09 tail sweep 41% (2500 pieces, 2 threads)
  ...t=5.129e+09 tail sweep 50% (3000 pieces, 2 threads)
  ...t=5.129e+09 tail sweep 50% (3000 pieces, 2 threads)
  ...t=5.129e+09 tail sweep 58% (3500 pieces, 2 threads)
  ...t=5.129e+09 tail sweep 58% (3500 pieces, 2 threads)
  ...t=5.129e+09 tail sweep 66% (4000 pieces, 2 threads)
  ...t=5.129e+09 tail sweep 66% (4000 pieces, 2 threads)
  ...t=5.129e+09 tail sweep 74% (4500 pieces, 2 threads)
  ...t=5.129e+09 tail sweep 74% (4500 pieces, 2 threads)
  ...t=5.129e+09 tail sweep 83% (5000 pieces, 2 threads)
  ...t=5.129e+09 tail sweep 83% (5000 pieces, 2 threads)
  ...t=5.129e+09 tail sweep 91% (5500 pieces, 2 threads)
  ...t=5.129e+09 tail sweep 91% (5500 pieces, 2 threads)
  ...t=5.129e+09 tail sweep 99% (6000 pieces, 2 threads)
  ...t=5.129e+09 tail sweep 99% (6000 pieces, 2 threads)
  pt win=5 k=+9 x=5.129e+09 t=5129049134.22840 mnew=1.0000 mcert=1.0000 bexp=5.70e-04
  pt win=5 k=+10 x=5.129e+09 t=5129049134.72840 mnew=1.0000 mcert=1.0000 bexp=6.00e-04
  ...t=5.129e+09 tail sweep 8% (500 pieces, 2 threads)
  ...t=5.129e+09 tail sweep 8% (500 pieces, 2 threads)
  ...t=5.129e+09 tail sweep 17% (1000 pieces, 2 threads)
  ...t=5.129e+09 tail sweep 17% (1000 pieces, 2 threads)
  ...t=5.129e+09 tail sweep 25% (1500 pieces, 2 threads)
  ...t=5.129e+09 tail sweep 25% (1500 pieces, 2 threads)
  ...t=5.129e+09 tail sweep 33% (2000 pieces, 2 threads)
  ...t=5.129e+09 tail sweep 33% (2000 pieces, 2 threads)
  ...t=5.129e+09 tail sweep 41% (2500 pieces, 2 threads)
  ...t=5.129e+09 tail sweep 41% (2500 pieces, 2 threads)
  ...t=5.129e+09 tail sweep 50% (3000 pieces, 2 threads)
  ...t=5.129e+09 tail sweep 50% (3000 pieces, 2 threads)
  ...t=5.129e+09 tail sweep 58% (3500 pieces, 2 threads)
  ...t=5.129e+09 tail sweep 58% (3500 pieces, 2 threads)
  ...t=5.129e+09 tail sweep 66% (4000 pieces, 2 threads)
  ...t=5.129e+09 tail sweep 66% (4000 pieces, 2 threads)
  ...t=5.129e+09 tail sweep 74% (4500 pieces, 2 threads)
  ...t=5.129e+09 tail sweep 74% (4500 pieces, 2 threads)
  ...t=5.129e+09 tail sweep 83% (5000 pieces, 2 threads)  ...t=5.129e+09 tail sweep 83% (5000 pieces, 2 threads)

  ...t=5.129e+09 tail sweep 91% (5500 pieces, 2 threads)
  ...t=5.129e+09 tail sweep 91% (5500 pieces, 2 threads)
  ...t=5.129e+09 tail sweep 99% (6000 pieces, 2 threads)
  ...t=5.129e+09 tail sweep 99% (6000 pieces, 2 threads)
  pt win=5 k=+11 x=5.129e+09 t=5129049135.22840 mnew=1.0000 mcert=1.0000 bexp=5.73e-04
  pt win=5 k=+12 x=5.129e+09 t=5129049135.72840 mnew=1.0000 mcert=1.0000 bexp=6.04e-04
  ...t=5.539e+09 tail sweep 8% (500 pieces, 2 threads)
  ...t=5.539e+09 tail sweep 8% (500 pieces, 2 threads)
  ...t=5.539e+09 tail sweep 17% (1000 pieces, 2 threads)
  ...t=5.539e+09 tail sweep 17% (1000 pieces, 2 threads)
  ...t=5.539e+09 tail sweep 25% (1500 pieces, 2 threads)
  ...t=5.539e+09 tail sweep 25% (1500 pieces, 2 threads)
  ...t=5.539e+09 tail sweep 33% (2000 pieces, 2 threads)
  ...t=5.539e+09 tail sweep 33% (2000 pieces, 2 threads)
  ...t=5.539e+09 tail sweep 41% (2500 pieces, 2 threads)
  ...t=5.539e+09 tail sweep 41% (2500 pieces, 2 threads)
  ...t=5.539e+09 tail sweep 50% (3000 pieces, 2 threads)
  ...t=5.539e+09 tail sweep 50% (3000 pieces, 2 threads)
  ...t=5.539e+09 tail sweep 58% (3500 pieces, 2 threads)
  ...t=5.539e+09 tail sweep 58% (3500 pieces, 2 threads)
  ...t=5.539e+09 tail sweep 66% (4000 pieces, 2 threads)
  ...t=5.539e+09 tail sweep 66% (4000 pieces, 2 threads)
  ...t=5.539e+09 tail sweep 74% (4500 pieces, 2 threads)
  ...t=5.539e+09 tail sweep 74% (4500 pieces, 2 threads)
  ...t=5.539e+09 tail sweep 83% (5000 pieces, 2 threads)
  ...t=5.539e+09 tail sweep 83% (5000 pieces, 2 threads)
  ...t=5.539e+09 tail sweep 91% (5500 pieces, 2 threads)
  ...t=5.539e+09 tail sweep 91% (5500 pieces, 2 threads)
  ...t=5.539e+09 tail sweep 99% (6000 pieces, 2 threads)
  ...t=5.539e+09 tail sweep 99% (6000 pieces, 2 threads)
  pt win=6 k=-11 x=5.539e+09 t=5539373054.50704 mnew=1.0000 mcert=1.0000 bexp=6.40e-04
  pt win=6 k=-12 x=5.539e+09 t=5539373054.00704 mnew=1.0000 mcert=1.0000 bexp=6.23e-04
  ...t=5.539e+09 tail sweep 8% (500 pieces, 2 threads)
  ...t=5.539e+09 tail sweep 8% (500 pieces, 2 threads)
  ...t=5.539e+09 tail sweep 17% (1000 pieces, 2 threads)
  ...t=5.539e+09 tail sweep 17% (1000 pieces, 2 threads)
  ...t=5.539e+09 tail sweep 25% (1500 pieces, 2 threads)
  ...t=5.539e+09 tail sweep 25% (1500 pieces, 2 threads)
  ...t=5.539e+09 tail sweep 33% (2000 pieces, 2 threads)
  ...t=5.539e+09 tail sweep 33% (2000 pieces, 2 threads)
  ...t=5.539e+09 tail sweep 41% (2500 pieces, 2 threads)
  ...t=5.539e+09 tail sweep 41% (2500 pieces, 2 threads)
  ...t=5.539e+09 tail sweep 50% (3000 pieces, 2 threads)
  ...t=5.539e+09 tail sweep 50% (3000 pieces, 2 threads)
  ...t=5.539e+09 tail sweep 58% (3500 pieces, 2 threads)
  ...t=5.539e+09 tail sweep 58% (3500 pieces, 2 threads)
  ...t=5.539e+09 tail sweep 66% (4000 pieces, 2 threads)
  ...t=5.539e+09 tail sweep 66% (4000 pieces, 2 threads)
  ...t=5.539e+09 tail sweep 74% (4500 pieces, 2 threads)
  ...t=5.539e+09 tail sweep 74% (4500 pieces, 2 threads)
  ...t=5.539e+09 tail sweep 83% (5000 pieces, 2 threads)
  ...t=5.539e+09 tail sweep 83% (5000 pieces, 2 threads)
  ...t=5.539e+09 tail sweep 91% (5500 pieces, 2 threads)
  ...t=5.539e+09 tail sweep 91% (5500 pieces, 2 threads)
  ...t=5.539e+09 tail sweep 99% (6000 pieces, 2 threads)
  pt win=6 k=-10 x=5.539e+09 t=5539373055.00704 mnew=1.0000 mcert=1.0000 bexp=6.61e-04
  ...t=5.539e+09 tail sweep 99% (6000 pieces, 2 threads)
  pt win=6 k=-9 x=5.539e+09 t=5539373055.50704 mnew=1.0000 mcert=1.0000 bexp=6.23e-04
  ...t=5.539e+09 tail sweep 8% (500 pieces, 2 threads)
  ...t=5.539e+09 tail sweep 8% (500 pieces, 2 threads)
  ...t=5.539e+09 tail sweep 17% (1000 pieces, 2 threads)
  ...t=5.539e+09 tail sweep 17% (1000 pieces, 2 threads)
  ...t=5.539e+09 tail sweep 25% (1500 pieces, 2 threads)
  ...t=5.539e+09 tail sweep 25% (1500 pieces, 2 threads)
  ...t=5.539e+09 tail sweep 33% (2000 pieces, 2 threads)
  ...t=5.539e+09 tail sweep 33% (2000 pieces, 2 threads)
  ...t=5.539e+09 tail sweep 41% (2500 pieces, 2 threads)
  ...t=5.539e+09 tail sweep 41% (2500 pieces, 2 threads)
  ...t=5.539e+09 tail sweep 50% (3000 pieces, 2 threads)
  ...t=5.539e+09 tail sweep 50% (3000 pieces, 2 threads)
  ...t=5.539e+09 tail sweep 58% (3500 pieces, 2 threads)
  ...t=5.539e+09 tail sweep 58% (3500 pieces, 2 threads)
  ...t=5.539e+09 tail sweep 66% (4000 pieces, 2 threads)
  ...t=5.539e+09 tail sweep 66% (4000 pieces, 2 threads)
  ...t=5.539e+09 tail sweep 74% (4500 pieces, 2 threads)
  ...t=5.539e+09 tail sweep 74% (4500 pieces, 2 threads)
  ...t=5.539e+09 tail sweep 83% (5000 pieces, 2 threads)
  ...t=5.539e+09 tail sweep 83% (5000 pieces, 2 threads)
  ...t=5.539e+09 tail sweep 91% (5500 pieces, 2 threads)
  ...t=5.539e+09 tail sweep 91% (5500 pieces, 2 threads)
  ...t=5.539e+09 tail sweep 99% (6000 pieces, 2 threads)
  pt win=6 k=-8 x=5.539e+09 t=5539373056.00704 mnew=1.0000 mcert=1.0000 bexp=6.45e-04
  ...t=5.539e+09 tail sweep 99% (6000 pieces, 2 threads)
  pt win=6 k=-7 x=5.539e+09 t=5539373056.50704 mnew=1.0000 mcert=1.0000 bexp=6.19e-04
  ...t=5.539e+09 tail sweep 8% (500 pieces, 2 threads)
  ...t=5.539e+09 tail sweep 8% (500 pieces, 2 threads)
  ...t=5.539e+09 tail sweep 17% (1000 pieces, 2 threads)
  ...t=5.539e+09 tail sweep 17% (1000 pieces, 2 threads)
  ...t=5.539e+09 tail sweep 25% (1500 pieces, 2 threads)
  ...t=5.539e+09 tail sweep 25% (1500 pieces, 2 threads)
  ...t=5.539e+09 tail sweep 33% (2000 pieces, 2 threads)
  ...t=5.539e+09 tail sweep 33% (2000 pieces, 2 threads)
  ...t=5.539e+09 tail sweep 41% (2500 pieces, 2 threads)
  ...t=5.539e+09 tail sweep 41% (2500 pieces, 2 threads)
  ...t=5.539e+09 tail sweep 50% (3000 pieces, 2 threads)
  ...t=5.539e+09 tail sweep 50% (3000 pieces, 2 threads)
  ...t=5.539e+09 tail sweep 58% (3500 pieces, 2 threads)
  ...t=5.539e+09 tail sweep 58% (3500 pieces, 2 threads)
  ...t=5.539e+09 tail sweep 66% (4000 pieces, 2 threads)
  ...t=5.539e+09 tail sweep 66% (4000 pieces, 2 threads)
  ...t=5.539e+09 tail sweep 74% (4500 pieces, 2 threads)
  ...t=5.539e+09 tail sweep 74% (4500 pieces, 2 threads)
  ...t=5.539e+09 tail sweep 83% (5000 pieces, 2 threads)
  ...t=5.539e+09 tail sweep 83% (5000 pieces, 2 threads)
  ...t=5.539e+09 tail sweep 91% (5500 pieces, 2 threads)
  ...t=5.539e+09 tail sweep 91% (5500 pieces, 2 threads)
  ...t=5.539e+09 tail sweep 99% (6000 pieces, 2 threads)
  pt win=6 k=-6 x=5.539e+09 t=5539373057.00704 mnew=1.0000 mcert=1.0000 bexp=6.41e-04
  ...t=5.539e+09 tail sweep 99% (6000 pieces, 2 threads)
  pt win=6 k=-5 x=5.539e+09 t=5539373057.50704 mnew=1.0000 mcert=1.0000 bexp=6.22e-04
  ...t=5.539e+09 tail sweep 8% (500 pieces, 2 threads)
  ...t=5.539e+09 tail sweep 8% (500 pieces, 2 threads)
  ...t=5.539e+09 tail sweep 17% (1000 pieces, 2 threads)
  ...t=5.539e+09 tail sweep 17% (1000 pieces, 2 threads)
  ...t=5.539e+09 tail sweep 25% (1500 pieces, 2 threads)
  ...t=5.539e+09 tail sweep 25% (1500 pieces, 2 threads)
  ...t=5.539e+09 tail sweep 33% (2000 pieces, 2 threads)
  ...t=5.539e+09 tail sweep 33% (2000 pieces, 2 threads)
  ...t=5.539e+09 tail sweep 41% (2500 pieces, 2 threads)
  ...t=5.539e+09 tail sweep 41% (2500 pieces, 2 threads)
  ...t=5.539e+09 tail sweep 50% (3000 pieces, 2 threads)
  ...t=5.539e+09 tail sweep 50% (3000 pieces, 2 threads)
  ...t=5.539e+09 tail sweep 58% (3500 pieces, 2 threads)
  ...t=5.539e+09 tail sweep 58% (3500 pieces, 2 threads)
  ...t=5.539e+09 tail sweep 66% (4000 pieces, 2 threads)
  ...t=5.539e+09 tail sweep 66% (4000 pieces, 2 threads)
  ...t=5.539e+09 tail sweep 74% (4500 pieces, 2 threads)
  ...t=5.539e+09 tail sweep 74% (4500 pieces, 2 threads)
  ...t=5.539e+09 tail sweep 83% (5000 pieces, 2 threads)
  ...t=5.539e+09 tail sweep 83% (5000 pieces, 2 threads)
  ...t=5.539e+09 tail sweep 91% (5500 pieces, 2 threads)
  ...t=5.539e+09 tail sweep 91% (5500 pieces, 2 threads)
  ...t=5.539e+09 tail sweep 99% (6000 pieces, 2 threads)
  pt win=6 k=-4 x=5.539e+09 t=5539373058.00704 mnew=1.0000 mcert=1.0000 bexp=6.71e-04
  ...t=5.539e+09 tail sweep 99% (6000 pieces, 2 threads)
  pt win=6 k=-3 x=5.539e+09 t=5539373058.50704 mnew=1.0000 mcert=1.0000 bexp=6.17e-04
  ...t=5.539e+09 tail sweep 8% (500 pieces, 2 threads)
  ...t=5.539e+09 tail sweep 8% (500 pieces, 2 threads)
  ...t=5.539e+09 tail sweep 17% (1000 pieces, 2 threads)
  ...t=5.539e+09 tail sweep 17% (1000 pieces, 2 threads)
  ...t=5.539e+09 tail sweep 25% (1500 pieces, 2 threads)
  ...t=5.539e+09 tail sweep 25% (1500 pieces, 2 threads)
  ...t=5.539e+09 tail sweep 33% (2000 pieces, 2 threads)
  ...t=5.539e+09 tail sweep 33% (2000 pieces, 2 threads)
  ...t=5.539e+09 tail sweep 41% (2500 pieces, 2 threads)
  ...t=5.539e+09 tail sweep 41% (2500 pieces, 2 threads)
  ...t=5.539e+09 tail sweep 50% (3000 pieces, 2 threads)
  ...t=5.539e+09 tail sweep 50% (3000 pieces, 2 threads)
  ...t=5.539e+09 tail sweep 58% (3500 pieces, 2 threads)
  ...t=5.539e+09 tail sweep 58% (3500 pieces, 2 threads)
  ...t=5.539e+09 tail sweep 66% (4000 pieces, 2 threads)
  ...t=5.539e+09 tail sweep 66% (4000 pieces, 2 threads)
  ...t=5.539e+09 tail sweep 74% (4500 pieces, 2 threads)
  ...t=5.539e+09 tail sweep 74% (4500 pieces, 2 threads)
  ...t=5.539e+09 tail sweep 83% (5000 pieces, 2 threads)
  ...t=5.539e+09 tail sweep 83% (5000 pieces, 2 threads)
  ...t=5.539e+09 tail sweep 91% (5500 pieces, 2 threads)
  ...t=5.539e+09 tail sweep 91% (5500 pieces, 2 threads)
  ...t=5.539e+09 tail sweep 99% (6000 pieces, 2 threads)
  pt win=6 k=-2 x=5.539e+09 t=5539373059.00704 mnew=1.0000 mcert=1.0000 bexp=6.26e-04
  ...t=5.539e+09 tail sweep 99% (6000 pieces, 2 threads)
  pt win=6 k=-1 x=5.539e+09 t=5539373059.50704 mnew=1.0000 mcert=1.0000 bexp=6.53e-04
  ...t=5.539e+09 tail sweep 8% (500 pieces, 2 threads)
  ...t=5.539e+09 tail sweep 8% (500 pieces, 2 threads)
  ...t=5.539e+09 tail sweep 17% (1000 pieces, 2 threads)
  ...t=5.539e+09 tail sweep 17% (1000 pieces, 2 threads)
  ...t=5.539e+09 tail sweep 25% (1500 pieces, 2 threads)
  ...t=5.539e+09 tail sweep 25% (1500 pieces, 2 threads)
  ...t=5.539e+09 tail sweep 33% (2000 pieces, 2 threads)
  ...t=5.539e+09 tail sweep 33% (2000 pieces, 2 threads)
  ...t=5.539e+09 tail sweep 41% (2500 pieces, 2 threads)
  ...t=5.539e+09 tail sweep 41% (2500 pieces, 2 threads)
  ...t=5.539e+09 tail sweep 50% (3000 pieces, 2 threads)
  ...t=5.539e+09 tail sweep 50% (3000 pieces, 2 threads)
  ...t=5.539e+09 tail sweep 58% (3500 pieces, 2 threads)
  ...t=5.539e+09 tail sweep 58% (3500 pieces, 2 threads)
  ...t=5.539e+09 tail sweep 66% (4000 pieces, 2 threads)
  ...t=5.539e+09 tail sweep 66% (4000 pieces, 2 threads)
  ...t=5.539e+09 tail sweep 74% (4500 pieces, 2 threads)
  ...t=5.539e+09 tail sweep 74% (4500 pieces, 2 threads)
  ...t=5.539e+09 tail sweep 83% (5000 pieces, 2 threads)
  ...t=5.539e+09 tail sweep 83% (5000 pieces, 2 threads)
  ...t=5.539e+09 tail sweep 91% (5500 pieces, 2 threads)
  ...t=5.539e+09 tail sweep 91% (5500 pieces, 2 threads)
  ...t=5.539e+09 tail sweep 99% (6000 pieces, 2 threads)
  pt win=6 k=+1 x=5.539e+09 t=5539373060.50704 mnew=1.0000 mcert=1.0000 bexp=6.39e-04
  ...t=5.539e+09 tail sweep 99% (6000 pieces, 2 threads)
  pt win=6 k=+2 x=5.539e+09 t=5539373061.00704 mnew=1.0000 mcert=1.0000 bexp=6.19e-04
  ...t=5.539e+09 tail sweep 8% (500 pieces, 2 threads)
  ...t=5.539e+09 tail sweep 8% (500 pieces, 2 threads)
  ...t=5.539e+09 tail sweep 17% (1000 pieces, 2 threads)
  ...t=5.539e+09 tail sweep 17% (1000 pieces, 2 threads)
  ...t=5.539e+09 tail sweep 25% (1500 pieces, 2 threads)
  ...t=5.539e+09 tail sweep 25% (1500 pieces, 2 threads)
  ...t=5.539e+09 tail sweep 33% (2000 pieces, 2 threads)
  ...t=5.539e+09 tail sweep 33% (2000 pieces, 2 threads)
  ...t=5.539e+09 tail sweep 41% (2500 pieces, 2 threads)
  ...t=5.539e+09 tail sweep 41% (2500 pieces, 2 threads)
  ...t=5.539e+09 tail sweep 50% (3000 pieces, 2 threads)
  ...t=5.539e+09 tail sweep 50% (3000 pieces, 2 threads)
  ...t=5.539e+09 tail sweep 58% (3500 pieces, 2 threads)
  ...t=5.539e+09 tail sweep 58% (3500 pieces, 2 threads)
  ...t=5.539e+09 tail sweep 66% (4000 pieces, 2 threads)
  ...t=5.539e+09 tail sweep 66% (4000 pieces, 2 threads)
  ...t=5.539e+09 tail sweep 74% (4500 pieces, 2 threads)
  ...t=5.539e+09 tail sweep 74% (4500 pieces, 2 threads)
  ...t=5.539e+09 tail sweep 83% (5000 pieces, 2 threads)
  ...t=5.539e+09 tail sweep 83% (5000 pieces, 2 threads)
  ...t=5.539e+09 tail sweep 91% (5500 pieces, 2 threads)
  ...t=5.539e+09 tail sweep 91% (5500 pieces, 2 threads)
  ...t=5.539e+09 tail sweep 99% (6000 pieces, 2 threads)
  pt win=6 k=+3 x=5.539e+09 t=5539373061.50704 mnew=1.0000 mcert=1.0000 bexp=6.88e-04
  ...t=5.539e+09 tail sweep 99% (6000 pieces, 2 threads)
  pt win=6 k=+4 x=5.539e+09 t=5539373062.00704 mnew=1.0000 mcert=1.0000 bexp=6.11e-04
  ...t=5.539e+09 tail sweep 8% (500 pieces, 2 threads)
  ...t=5.539e+09 tail sweep 8% (500 pieces, 2 threads)
  ...t=5.539e+09 tail sweep 17% (1000 pieces, 2 threads)
  ...t=5.539e+09 tail sweep 17% (1000 pieces, 2 threads)
  ...t=5.539e+09 tail sweep 25% (1500 pieces, 2 threads)
  ...t=5.539e+09 tail sweep 25% (1500 pieces, 2 threads)
  ...t=5.539e+09 tail sweep 33% (2000 pieces, 2 threads)
  ...t=5.539e+09 tail sweep 33% (2000 pieces, 2 threads)
  ...t=5.539e+09 tail sweep 41% (2500 pieces, 2 threads)
  ...t=5.539e+09 tail sweep 41% (2500 pieces, 2 threads)
  ...t=5.539e+09 tail sweep 50% (3000 pieces, 2 threads)
  ...t=5.539e+09 tail sweep 50% (3000 pieces, 2 threads)
  ...t=5.539e+09 tail sweep 58% (3500 pieces, 2 threads)
  ...t=5.539e+09 tail sweep 58% (3500 pieces, 2 threads)
  ...t=5.539e+09 tail sweep 66% (4000 pieces, 2 threads)
  ...t=5.539e+09 tail sweep 66% (4000 pieces, 2 threads)
  ...t=5.539e+09 tail sweep 74% (4500 pieces, 2 threads)
  ...t=5.539e+09 tail sweep 74% (4500 pieces, 2 threads)
  ...t=5.539e+09 tail sweep 83% (5000 pieces, 2 threads)
  ...t=5.539e+09 tail sweep 83% (5000 pieces, 2 threads)
  ...t=5.539e+09 tail sweep 91% (5500 pieces, 2 threads)
  ...t=5.539e+09 tail sweep 91% (5500 pieces, 2 threads)
  ...t=5.539e+09 tail sweep 99% (6000 pieces, 2 threads)
  pt win=6 k=+5 x=5.539e+09 t=5539373062.50704 mnew=1.0000 mcert=1.0000 bexp=6.20e-04
  ...t=5.539e+09 tail sweep 99% (6000 pieces, 2 threads)
  pt win=6 k=+6 x=5.539e+09 t=5539373063.00704 mnew=1.0000 mcert=1.0000 bexp=6.21e-04
  ...t=5.539e+09 tail sweep 8% (500 pieces, 2 threads)
  ...t=5.539e+09 tail sweep 8% (500 pieces, 2 threads)
  ...t=5.539e+09 tail sweep 17% (1000 pieces, 2 threads)
  ...t=5.539e+09 tail sweep 17% (1000 pieces, 2 threads)
  ...t=5.539e+09 tail sweep 25% (1500 pieces, 2 threads)
  ...t=5.539e+09 tail sweep 25% (1500 pieces, 2 threads)
  ...t=5.539e+09 tail sweep 33% (2000 pieces, 2 threads)
  ...t=5.539e+09 tail sweep 33% (2000 pieces, 2 threads)
  ...t=5.539e+09 tail sweep 41% (2500 pieces, 2 threads)
  ...t=5.539e+09 tail sweep 41% (2500 pieces, 2 threads)
  ...t=5.539e+09 tail sweep 50% (3000 pieces, 2 threads)
  ...t=5.539e+09 tail sweep 50% (3000 pieces, 2 threads)
  ...t=5.539e+09 tail sweep 58% (3500 pieces, 2 threads)
  ...t=5.539e+09 tail sweep 58% (3500 pieces, 2 threads)
  ...t=5.539e+09 tail sweep 66% (4000 pieces, 2 threads)
  ...t=5.539e+09 tail sweep 66% (4000 pieces, 2 threads)
  ...t=5.539e+09 tail sweep 74% (4500 pieces, 2 threads)
  ...t=5.539e+09 tail sweep 74% (4500 pieces, 2 threads)
  ...t=5.539e+09 tail sweep 83% (5000 pieces, 2 threads)
  ...t=5.539e+09 tail sweep 83% (5000 pieces, 2 threads)
  ...t=5.539e+09 tail sweep 91% (5500 pieces, 2 threads)
  ...t=5.539e+09 tail sweep 91% (5500 pieces, 2 threads)
  ...t=5.539e+09 tail sweep 99% (6000 pieces, 2 threads)
  pt win=6 k=+7 x=5.539e+09 t=5539373063.50704 mnew=1.0000 mcert=1.0000 bexp=6.27e-04
  ...t=5.539e+09 tail sweep 99% (6000 pieces, 2 threads)
  pt win=6 k=+8 x=5.539e+09 t=5539373064.00704 mnew=1.0000 mcert=1.0000 bexp=6.34e-04
  ...t=5.539e+09 tail sweep 8% (500 pieces, 2 threads)
  ...t=5.539e+09 tail sweep 8% (500 pieces, 2 threads)
  ...t=5.539e+09 tail sweep 17% (1000 pieces, 2 threads)
  ...t=5.539e+09 tail sweep 17% (1000 pieces, 2 threads)
  ...t=5.539e+09 tail sweep 25% (1500 pieces, 2 threads)
  ...t=5.539e+09 tail sweep 25% (1500 pieces, 2 threads)
  ...t=5.539e+09 tail sweep 33% (2000 pieces, 2 threads)
  ...t=5.539e+09 tail sweep 33% (2000 pieces, 2 threads)
  ...t=5.539e+09 tail sweep 41% (2500 pieces, 2 threads)
  ...t=5.539e+09 tail sweep 41% (2500 pieces, 2 threads)
  ...t=5.539e+09 tail sweep 50% (3000 pieces, 2 threads)
  ...t=5.539e+09 tail sweep 50% (3000 pieces, 2 threads)
  ...t=5.539e+09 tail sweep 58% (3500 pieces, 2 threads)
  ...t=5.539e+09 tail sweep 66% (4000 pieces, 2 threads)
  ...t=5.539e+09 tail sweep 58% (3500 pieces, 2 threads)
  ...t=5.539e+09 tail sweep 74% (4500 pieces, 2 threads)
  ...t=5.539e+09 tail sweep 66% (4000 pieces, 2 threads)
  ...t=5.539e+09 tail sweep 83% (5000 pieces, 2 threads)
  ...t=5.539e+09 tail sweep 74% (4500 pieces, 2 threads)
  ...t=5.539e+09 tail sweep 91% (5500 pieces, 2 threads)
  ...t=5.539e+09 tail sweep 83% (5000 pieces, 2 threads)
  ...t=5.539e+09 tail sweep 99% (6000 pieces, 2 threads)
  ...t=5.539e+09 tail sweep 91% (5500 pieces, 2 threads)
  pt win=6 k=+9 x=5.539e+09 t=5539373064.50704 mnew=1.0000 mcert=1.0000 bexp=6.17e-04
  ...t=5.539e+09 tail sweep 99% (6000 pieces, 2 threads)
  ...t=5.539e+09 tail sweep 8% (500 pieces, 2 threads)
  pt win=6 k=+10 x=5.539e+09 t=5539373065.00704 mnew=1.0000 mcert=1.0000 bexp=6.13e-04
  ...t=5.539e+09 tail sweep 17% (1000 pieces, 2 threads)
  ...t=5.539e+09 tail sweep 8% (500 pieces, 2 threads)
  ...t=5.539e+09 tail sweep 25% (1500 pieces, 2 threads)
  ...t=5.539e+09 tail sweep 17% (1000 pieces, 2 threads)
  ...t=5.539e+09 tail sweep 33% (2000 pieces, 2 threads)
  ...t=5.539e+09 tail sweep 25% (1500 pieces, 2 threads)
  ...t=5.539e+09 tail sweep 41% (2500 pieces, 2 threads)
  ...t=5.539e+09 tail sweep 33% (2000 pieces, 2 threads)
  ...t=5.539e+09 tail sweep 50% (3000 pieces, 2 threads)
  ...t=5.539e+09 tail sweep 41% (2500 pieces, 2 threads)
  ...t=5.539e+09 tail sweep 58% (3500 pieces, 2 threads)
  ...t=5.539e+09 tail sweep 50% (3000 pieces, 2 threads)
  ...t=5.539e+09 tail sweep 66% (4000 pieces, 2 threads)
  ...t=5.539e+09 tail sweep 58% (3500 pieces, 2 threads)
  ...t=5.539e+09 tail sweep 74% (4500 pieces, 2 threads)
  ...t=5.539e+09 tail sweep 66% (4000 pieces, 2 threads)
  ...t=5.539e+09 tail sweep 83% (5000 pieces, 2 threads)
  ...t=5.539e+09 tail sweep 74% (4500 pieces, 2 threads)
  ...t=5.539e+09 tail sweep 91% (5500 pieces, 2 threads)
  ...t=5.539e+09 tail sweep 83% (5000 pieces, 2 threads)
  ...t=5.539e+09 tail sweep 99% (6000 pieces, 2 threads)
  ...t=5.539e+09 tail sweep 91% (5500 pieces, 2 threads)
  pt win=6 k=+11 x=5.539e+09 t=5539373065.50704 mnew=1.0000 mcert=1.0000 bexp=6.42e-04
  ...t=5.539e+09 tail sweep 99% (6000 pieces, 2 threads)
  ...t=5.983e+09 tail sweep 8% (500 pieces, 2 threads)
  pt win=6 k=+12 x=5.539e+09 t=5539373066.00704 mnew=1.0000 mcert=1.0000 bexp=6.27e-04
  ...t=5.983e+09 tail sweep 17% (1000 pieces, 2 threads)
  ...t=5.983e+09 tail sweep 8% (500 pieces, 2 threads)
  ...t=5.983e+09 tail sweep 25% (1500 pieces, 2 threads)
  ...t=5.983e+09 tail sweep 17% (1000 pieces, 2 threads)
  ...t=5.983e+09 tail sweep 33% (2000 pieces, 2 threads)
  ...t=5.983e+09 tail sweep 25% (1500 pieces, 2 threads)
  ...t=5.983e+09 tail sweep 41% (2500 pieces, 2 threads)
  ...t=5.983e+09 tail sweep 33% (2000 pieces, 2 threads)
  ...t=5.983e+09 tail sweep 50% (3000 pieces, 2 threads)
  ...t=5.983e+09 tail sweep 41% (2500 pieces, 2 threads)
  ...t=5.983e+09 tail sweep 58% (3500 pieces, 2 threads)
  ...t=5.983e+09 tail sweep 50% (3000 pieces, 2 threads)
  ...t=5.983e+09 tail sweep 66% (4000 pieces, 2 threads)
  ...t=5.983e+09 tail sweep 58% (3500 pieces, 2 threads)
  ...t=5.983e+09 tail sweep 74% (4500 pieces, 2 threads)
  ...t=5.983e+09 tail sweep 66% (4000 pieces, 2 threads)
  ...t=5.983e+09 tail sweep 83% (5000 pieces, 2 threads)
  ...t=5.983e+09 tail sweep 74% (4500 pieces, 2 threads)
  ...t=5.983e+09 tail sweep 91% (5500 pieces, 2 threads)
  ...t=5.983e+09 tail sweep 83% (5000 pieces, 2 threads)
  ...t=5.983e+09 tail sweep 99% (6000 pieces, 2 threads)
  ...t=5.983e+09 tail sweep 91% (5500 pieces, 2 threads)
  pt win=7 k=-12 x=5.983e+09 t=5982522898.70566 mnew=1.0000 mcert=1.0000 bexp=7.02e-04
  ...t=5.983e+09 tail sweep 99% (6000 pieces, 2 threads)
  pt win=7 k=-11 x=5.983e+09 t=5982522899.20566 mnew=1.0000 mcert=1.0000 bexp=6.73e-04
  ...t=5.983e+09 tail sweep 8% (500 pieces, 2 threads)
  ...t=5.983e+09 tail sweep 8% (500 pieces, 2 threads)
  ...t=5.983e+09 tail sweep 17% (1000 pieces, 2 threads)
  ...t=5.983e+09 tail sweep 17% (1000 pieces, 2 threads)
  ...t=5.983e+09 tail sweep 25% (1500 pieces, 2 threads)
  ...t=5.983e+09 tail sweep 25% (1500 pieces, 2 threads)
  ...t=5.983e+09 tail sweep 33% (2000 pieces, 2 threads)
  ...t=5.983e+09 tail sweep 33% (2000 pieces, 2 threads)
  ...t=5.983e+09 tail sweep 41% (2500 pieces, 2 threads)
  ...t=5.983e+09 tail sweep 41% (2500 pieces, 2 threads)
  ...t=5.983e+09 tail sweep 50% (3000 pieces, 2 threads)
  ...t=5.983e+09 tail sweep 50% (3000 pieces, 2 threads)
  ...t=5.983e+09 tail sweep 58% (3500 pieces, 2 threads)
  ...t=5.983e+09 tail sweep 58% (3500 pieces, 2 threads)
  ...t=5.983e+09 tail sweep 66% (4000 pieces, 2 threads)
  ...t=5.983e+09 tail sweep 66% (4000 pieces, 2 threads)
  ...t=5.983e+09 tail sweep 74% (4500 pieces, 2 threads)
  ...t=5.983e+09 tail sweep 74% (4500 pieces, 2 threads)
  ...t=5.983e+09 tail sweep 83% (5000 pieces, 2 threads)
  ...t=5.983e+09 tail sweep 91% (5500 pieces, 2 threads)
  ...t=5.983e+09 tail sweep 83% (5000 pieces, 2 threads)
  ...t=5.983e+09 tail sweep 99% (6000 pieces, 2 threads)
  ...t=5.983e+09 tail sweep 91% (5500 pieces, 2 threads)
  pt win=7 k=-10 x=5.983e+09 t=5982522899.70566 mnew=1.0000 mcert=1.0000 bexp=6.63e-04
  ...t=5.983e+09 tail sweep 99% (6000 pieces, 2 threads)
  ...t=5.983e+09 tail sweep 8% (500 pieces, 2 threads)
  pt win=7 k=-9 x=5.983e+09 t=5982522900.20566 mnew=1.0000 mcert=1.0000 bexp=6.58e-04
  ...t=5.983e+09 tail sweep 17% (1000 pieces, 2 threads)
  ...t=5.983e+09 tail sweep 8% (500 pieces, 2 threads)
  ...t=5.983e+09 tail sweep 25% (1500 pieces, 2 threads)
  ...t=5.983e+09 tail sweep 17% (1000 pieces, 2 threads)
  ...t=5.983e+09 tail sweep 33% (2000 pieces, 2 threads)
  ...t=5.983e+09 tail sweep 25% (1500 pieces, 2 threads)
  ...t=5.983e+09 tail sweep 41% (2500 pieces, 2 threads)
  ...t=5.983e+09 tail sweep 33% (2000 pieces, 2 threads)
  ...t=5.983e+09 tail sweep 50% (3000 pieces, 2 threads)
  ...t=5.983e+09 tail sweep 41% (2500 pieces, 2 threads)
  ...t=5.983e+09 tail sweep 58% (3500 pieces, 2 threads)
  ...t=5.983e+09 tail sweep 50% (3000 pieces, 2 threads)
  ...t=5.983e+09 tail sweep 66% (4000 pieces, 2 threads)
  ...t=5.983e+09 tail sweep 58% (3500 pieces, 2 threads)
  ...t=5.983e+09 tail sweep 74% (4500 pieces, 2 threads)
  ...t=5.983e+09 tail sweep 66% (4000 pieces, 2 threads)
  ...t=5.983e+09 tail sweep 83% (5000 pieces, 2 threads)
  ...t=5.983e+09 tail sweep 74% (4500 pieces, 2 threads)
  ...t=5.983e+09 tail sweep 91% (5500 pieces, 2 threads)
  ...t=5.983e+09 tail sweep 83% (5000 pieces, 2 threads)
  ...t=5.983e+09 tail sweep 99% (6000 pieces, 2 threads)
  ...t=5.983e+09 tail sweep 91% (5500 pieces, 2 threads)
  pt win=7 k=-8 x=5.983e+09 t=5982522900.70566 mnew=1.0000 mcert=1.0000 bexp=6.62e-04
  ...t=5.983e+09 tail sweep 99% (6000 pieces, 2 threads)
  ...t=5.983e+09 tail sweep 8% (500 pieces, 2 threads)
  pt win=7 k=-7 x=5.983e+09 t=5982522901.20566 mnew=1.0000 mcert=1.0000 bexp=6.83e-04
  ...t=5.983e+09 tail sweep 17% (1000 pieces, 2 threads)
  ...t=5.983e+09 tail sweep 8% (500 pieces, 2 threads)
  ...t=5.983e+09 tail sweep 25% (1500 pieces, 2 threads)
  ...t=5.983e+09 tail sweep 17% (1000 pieces, 2 threads)
  ...t=5.983e+09 tail sweep 33% (2000 pieces, 2 threads)
  ...t=5.983e+09 tail sweep 25% (1500 pieces, 2 threads)
  ...t=5.983e+09 tail sweep 41% (2500 pieces, 2 threads)
  ...t=5.983e+09 tail sweep 33% (2000 pieces, 2 threads)
  ...t=5.983e+09 tail sweep 50% (3000 pieces, 2 threads)
  ...t=5.983e+09 tail sweep 41% (2500 pieces, 2 threads)
  ...t=5.983e+09 tail sweep 58% (3500 pieces, 2 threads)
  ...t=5.983e+09 tail sweep 50% (3000 pieces, 2 threads)
  ...t=5.983e+09 tail sweep 66% (4000 pieces, 2 threads)
  ...t=5.983e+09 tail sweep 58% (3500 pieces, 2 threads)
  ...t=5.983e+09 tail sweep 74% (4500 pieces, 2 threads)
  ...t=5.983e+09 tail sweep 66% (4000 pieces, 2 threads)
