H1_WINDOWS:  running  windows  14-15  (2  of  29)
resume:  window   0  (x=9493511984)  0/24  points  on disk
resume:  window   1  (x=1.025299294e+10)  0/24  points  on disk
memguard:  MemAvailable  739.8  GiB,  reserve  28  GiB,  ~2.5  GiB/thread  x  8  threads  ->  allow  <=  10  contexts  (=  80  slab  threads;  11  GPU  clients  incl.  Xorg  vs  budget  11)
day038  gpu  H1-3e10:  FULL,  48  point  jobs  remaining (2  windows,  4  contexts  x  8  threads)
pids: parent=1654 workers=4 written to ckpt_h1_3e10/run.pids
overlap: 152/12626784 zeros differ by <=1.00 ulp (last byte,  rounding-level) --  those indices certified with dg x3
stitch: B from element 12626784 (first zero 1006346000.166784); overlap cross-check 12626632/12626784 byte-equal
tail3e10: L 52290633 + A 2792198664 + B' 3053546936 + C 3142622346 + D 92577877714 = 101618536293 zeros (812.9 GB); G_LAST = 30001045999.981976
overlap: 152/12626784 zeros differ by <=1.00 ulp (last byte,  rounding-level) --  those indices certified with dg x3
stitch: B from element 12626784 (first zero 1006346000.166784); overlap cross-check 12626632/12626784 byte-equal
tail3e10: L 52290633 + A 2792198664 + B' 3053546936 + C 3142622346 + D 92577877714 = 101618536293 zeros (812.9 GB); G_LAST = 30001045999.981976
overlap: 152/12626784 zeros differ by <=1.00 ulp (last byte,  rounding-level) --  those indices certified with dg x3
stitch: B from element 12626784 (first zero 1006346000.166784); overlap cross-check 12626632/12626784 byte-equal
tail3e10: L 52290633 + A 2792198664 + B' 3053546936 + C 3142622346 + D 92577877714 = 101618536293 zeros (812.9 GB); G_LAST = 30001045999.981976
overlap: 152/12626784 zeros differ by <=1.00 ulp (last byte,  rounding-level) --  those indices certified with dg x3
stitch: B from element 12626784 (first zero 1006346000.166784); overlap cross-check 12626632/12626784 byte-equal
tail3e10: L 52290633 + A 2792198664 + B' 3053546936 + C 3142622346 + D 92577877714 = 101618536293 zeros (812.9 GB); G_LAST = 30001045999.981976
Exception in thread Thread-8 (_chunk)Exception in thread Thread-4 (_chunk):
Traceback (most recent call last):
  File "/usr/lib/python3.12/threading.py", line 1073, in _bootstrap_inner
:
    self.run()
  File "/usr/lib/python3.12/threading.py", line 1010, in run
Exception in thread     self._target(*self._args, **self._kwargs)
  File "/workspace/h1/RH/scripts/rh/day038_h1_3e10_gpu.py", line 569, in _chunk
    sr, si, br, bi, s_ar, dm = slabfn(
                               ^^^^^^^
  File "/workspace/h1/RH/scripts/rh/day038_h1_3e10_gpu.py", line 452, in slab_budget_gpu
    S2 = float(cp.maximum(cp.abs(re_t), 0.5 / A).sum())
               ^^^^^^^^^^^^^^^^^^^^^^^^^^^^^^^^^
  File "cupy/_core/_kernel.pyx", line 1374, in cupy._core._kernel.ufunc.__call__
  File "cupy/_core/_kernel.pyx", line 657, in cupy._core._kernel._get_out_args_from_optionals
  File "cupy/_core/core.pyx", line 3342, in cupy._core.core._ndarray_init
  File "cupy/_core/core.pyx", line 300, in cupy._core.core._ndarray_base._init_fast
  File "cupy/cuda/memory.pyx", line 904, in cupy.cuda.memory.alloc
  File "cupy/cuda/memory.pyx", line 1614, in cupy.cuda.memory.MemoryPool.malloc
  File "cupy/cuda/memory.pyx", line 1635, in cupy.cuda.memory.MemoryPool.malloc
  File "cupy/cuda/memory.pyx", line 1350, in cupy.cuda.memory.SingleDeviceMemoryPool.malloc
  File "cupy/cuda/memory.pyx", line 1376, in cupy.cuda.memory.SingleDeviceMemoryPool._malloc
  File "cupy/cuda/memory.pyx", line 1560, in cupy.cuda.memory.SingleDeviceMemoryPool._try_malloc
cupy.cuda.memory.OutOfMemoryError: Out of memory allocating 134,217,728 bytes (allocated so far: 8,187,308,032 bytes).
Traceback (most recent call last):
  File "/usr/lib/python3.12/threading.py", line 1073, in _bootstrap_inner
    self.run()
  File "/usr/lib/python3.12/threading.py", line 1010, in run
    self._target(*self._args, **self._kwargs)
  File "/workspace/h1/RH/scripts/rh/day038_h1_3e10_gpu.py", line 569, in _chunk
    sr, si, br, bi, s_ar, dm = slabfn(
                               ^^^^^^^
  File "/workspace/h1/RH/scripts/rh/day038_h1_3e10_gpu.py", line 452, in slab_budget_gpu
    S2 = float(cp.maximum(cp.abs(re_t), 0.5 / A).sum())
               ^^^^^^^^^^^^^^^^^^^^^^^^^^^^^^^^^
  File "cupy/_core/_kernel.pyx", line 1374, in cupy._core._kernel.ufunc.__call__
  File "cupy/_core/_kernel.pyx", line 657, in cupy._core._kernel._get_out_args_from_optionals
  File "cupy/_core/core.pyx", line 3342, in cupy._core.core._ndarray_init
  File "cupy/_core/core.pyx", line 300, in cupy._core.core._ndarray_base._init_fast
  File "cupy/cuda/memory.pyx", line 904, in cupy.cuda.memory.alloc
  File "cupy/cuda/memory.pyx", line 1614, in cupy.cuda.memory.MemoryPool.malloc
  File "cupy/cuda/memory.pyx", line 1635, in cupy.cuda.memory.MemoryPool.malloc
  File "cupy/cuda/memory.pyx", line 1350, in cupy.cuda.memory.SingleDeviceMemoryPool.malloc
  File "cupy/cuda/memory.pyx", line 1376, in cupy.cuda.memory.SingleDeviceMemoryPool._malloc
  File "cupy/cuda/memory.pyx", line 1560, in cupy.cuda.memory.SingleDeviceMemoryPool._try_malloc
cupy.cuda.memory.OutOfMemoryError: Out of memory allocating 134,217,728 bytes (allocated so far: 8,321,525,760 bytes).
Thread-7 (_chunk):
Traceback (most recent call last):
  File "/usr/lib/python3.12/threading.py", line 1073, in _bootstrap_inner
    self.run()
  File "/usr/lib/python3.12/threading.py", line 1010, in run
    self._target(*self._args, **self._kwargs)
  File "/workspace/h1/RH/scripts/rh/day038_h1_3e10_gpu.py", line 569, in _chunk
    sr, si, br, bi, s_ar, dm = slabfn(
                               ^^^^^^^
  File "/workspace/h1/RH/scripts/rh/day038_h1_3e10_gpu.py", line 447, in slab_budget_gpu
    re_t = cp.log(abs_g2t2) - cp.log(A) + 0.5 / A
           ~~~~~~~~~~~~~~~~~^~~~~~~~~~~
  File "cupy/_core/core.pyx", line 1574, in cupy._core.core._ndarray_base.__sub__
  File "cupy/_core/_kernel.pyx", line 1374, in cupy._core._kernel.ufunc.__call__
  File "cupy/_core/_kernel.pyx", line 657, in cupy._core._kernel._get_out_args_from_optionals
  File "cupy/_core/core.pyx", line 3342, in cupy._core.core._ndarray_init
  File "cupy/_core/core.pyx", line 300, in cupy._core.core._ndarray_base._init_fast
  File "cupy/cuda/memory.pyx", line 904, in cupy.cuda.memory.alloc
  File "cupy/cuda/memory.pyx", line 1614, in cupy.cuda.memory.MemoryPool.malloc
  File "cupy/cuda/memory.pyx", line 1635, in cupy.cuda.memory.MemoryPool.malloc
  File "cupy/cuda/memory.pyx", line 1350, in cupy.cuda.memory.SingleDeviceMemoryPool.malloc
  File "cupy/cuda/memory.pyx", line 1376, in cupy.cuda.memory.SingleDeviceMemoryPool._malloc
  File "cupy/cuda/memory.pyx", line 1560, in cupy.cuda.memory.SingleDeviceMemoryPool._try_malloc
cupy.cuda.memory.OutOfMemoryError: Out of memory allocating 134,217,728 bytes (allocated so far: 8,053,090,304 bytes).
Exception in thread Thread-1 (_chunk):
Traceback (most recent call last):
  File "/usr/lib/python3.12/threading.py", line 1073, in _bootstrap_inner
    self.run()
  File "/usr/lib/python3.12/threading.py", line 1010, in run
    self._target(*self._args, **self._kwargs)
  File "/workspace/h1/RH/scripts/rh/day038_h1_3e10_gpu.py", line 569, in _chunk
    sr, si, br, bi, s_ar, dm = slabfn(
                               ^^^^^^^
  File "/workspace/h1/RH/scripts/rh/day038_h1_3e10_gpu.py", line 447, in slab_budget_gpu
    re_t = cp.log(abs_g2t2) - cp.log(A) + 0.5 / A
                              ^^^^^^^^^
  File "cupy/_core/_kernel.pyx", line 1374, in cupy._core._kernel.ufunc.__call__
  File "cupy/_core/_kernel.pyx", line 657, in cupy._core._kernel._get_out_args_from_optionals
  File "cupy/_core/core.pyx", line 3342, in cupy._core.core._ndarray_init
  File "cupy/_core/core.pyx", line 300, in cupy._core.core._ndarray_base._init_fast
  File "cupy/cuda/memory.pyx", line 904, in cupy.cuda.memory.alloc
  File "cupy/cuda/memory.pyx", line 1614, in cupy.cuda.memory.MemoryPool.malloc
  File "cupy/cuda/memory.pyx", line 1635, in cupy.cuda.memory.MemoryPool.malloc
  File "cupy/cuda/memory.pyx", line 1350, in cupy.cuda.memory.SingleDeviceMemoryPool.malloc
  File "cupy/cuda/memory.pyx", line 1376, in cupy.cuda.memory.SingleDeviceMemoryPool._malloc
  File "cupy/cuda/memory.pyx", line 1560, in cupy.cuda.memory.SingleDeviceMemoryPool._try_malloc
cupy.cuda.memory.OutOfMemoryError: Out of memory allocating 134,217,728 bytes (allocated so far: 3,623,878,656 bytes).
Exception in thread Thread-2 (_chunk):
Traceback (most recent call last):
  File "/usr/lib/python3.12/threading.py", line 1073, in _bootstrap_inner
    self.run()
  File "/usr/lib/python3.12/threading.py", line 1010, in run
    self._target(*self._args, **self._kwargs)
  File "/workspace/h1/RH/scripts/rh/day038_h1_3e10_gpu.py", line 569, in _chunk
    sr, si, br, bi, s_ar, dm = slabfn(
                               ^^^^^^^
  File "/workspace/h1/RH/scripts/rh/day038_h1_3e10_gpu.py", line 446, in slab_budget_gpu
    abs_g2t2 = cp.abs(g2 - t2)
                      ~~~^~~~
  File "cupy/_core/core.pyx", line 1578, in cupy._core.core._ndarray_base.__sub__
  File "cupy/_core/core.pyx", line 2024, in cupy._core.core._ndarray_base.__array_ufunc__
  File "cupy/_core/_kernel.pyx", line 1374, in cupy._core._kernel.ufunc.__call__
  File "cupy/_core/_kernel.pyx", line 657, in cupy._core._kernel._get_out_args_from_optionals
  File "cupy/_core/core.pyx", line 3342, in cupy._core.core._ndarray_init
  File "cupy/_core/core.pyx", line 300, in cupy._core.core._ndarray_base._init_fast
  File "cupy/cuda/memory.pyx", line 904, in cupy.cuda.memory.alloc
  File "cupy/cuda/memory.pyx", line 1614, in cupy.cuda.memory.MemoryPool.malloc
  File "cupy/cuda/memory.pyx", line 1635, in cupy.cuda.memory.MemoryPool.malloc
  File "cupy/cuda/memory.pyx", line 1350, in cupy.cuda.memory.SingleDeviceMemoryPool.malloc
  File "cupy/cuda/memory.pyx", line 1376, in cupy.cuda.memory.SingleDeviceMemoryPool._malloc
  File "cupy/cuda/memory.pyx", line 1560, in cupy.cuda.memory.SingleDeviceMemoryPool._try_malloc
cupy.cuda.memory.OutOfMemoryError: Out of memory allocating 134,217,728 bytes (allocated so far: 3,623,878,656 bytes).
Exception in thread Exception in thread Thread-3 (_chunk):
Traceback (most recent call last):
  File "/usr/lib/python3.12/threading.py", line 1073, in _bootstrap_inner
    self.run()
  File "/usr/lib/python3.12/threading.py", line 1010, in run
    self._target(*self._args, **self._kwargs)
  File "/workspace/h1/RH/scripts/rh/day038_h1_3e10_gpu.py", line 569, in _chunk
    sr, si, br, bi, s_ar, dm = slabfn(
                               ^^^^^^^
  File "/workspace/h1/RH/scripts/rh/day038_h1_3e10_gpu.py", line 444, in slab_budget_gpu
    g2 = cc * cc
         ~~~^~~~
  File "cupy/_core/core.pyx", line 1582, in cupy._core.core._ndarray_base.__mul__
  File "cupy/_core/_kernel.pyx", line 1374, in cupy._core._kernel.ufunc.__call__
  File "cupy/_core/_kernel.pyx", line 657, in cupy._core._kernel._get_out_args_from_optionals
  File "cupy/_core/core.pyx", line 3342, in cupy._core.core._ndarray_init
  File "cupy/_core/core.pyx", line 300, in cupy._core.core._ndarray_base._init_fast
  File "cupy/cuda/memory.pyx", line 904, in cupy.cuda.memory.alloc
  File "cupy/cuda/memory.pyx", line 1614, in cupy.cuda.memory.MemoryPool.malloc
  File "cupy/cuda/memory.pyx", line 1635, in cupy.cuda.memory.MemoryPool.malloc
  File "cupy/cuda/memory.pyx", line 1350, in cupy.cuda.memory.SingleDeviceMemoryPool.malloc
  File "cupy/cuda/memory.pyx", line 1376, in cupy.cuda.memory.SingleDeviceMemoryPool._malloc
  File "cupy/cuda/memory.pyx", line 1560, in cupy.cuda.memory.SingleDeviceMemoryPool._try_malloc
cupy.cuda.memory.OutOfMemoryError: Out of memory allocating 134,217,728 bytes (allocated so far: 402,653,184 bytes).
Thread-5 (_chunk):
Traceback (most recent call last):
  File "/usr/lib/python3.12/threading.py", line 1073, in _bootstrap_inner
    self.run()
  File "/usr/lib/python3.12/threading.py", line 1010, in run
    self._target(*self._args, **self._kwargs)
  File "/workspace/h1/RH/scripts/rh/day038_h1_3e10_gpu.py", line 569, in _chunk
    sr, si, br, bi, s_ar, dm = slabfn(
                               ^^^^^^^
  File "/workspace/h1/RH/scripts/rh/day038_h1_3e10_gpu.py", line 443, in slab_budget_gpu
    cc = cp.asarray(c)
         ^^^^^^^^^^^^^
  File "/opt/venvs/cupy/lib/python3.12/site-packages/cupy/_creation/from_data.py", line 94, in asarray
    return _core.array(a, dtype, copy, order, blocking=blocking)
           ^^^^^^^^^^^^^^^^^^^^^^^^^^^^^^^^^^^^^^^^^^^^^^^^^^^^^
  File "cupy/_core/core.pyx", line 2821, in cupy._core.core.array
  File "cupy/_core/core.pyx", line 2841, in cupy._core.core.array
  File "cupy/_core/core.pyx", line 3067, in cupy._core.core._array_default
  File "cupy/_core/core.pyx", line 176, in cupy._core.core.ndarray.__new__
  File "cupy/_core/core.pyx", line 282, in cupy._core.core._ndarray_base._init
  File "cupy/cuda/memory.pyx", line 904, in cupy.cuda.memory.alloc
  File "cupy/cuda/memory.pyx", line 1614, in cupy.cuda.memory.MemoryPool.malloc
  File "cupy/cuda/memory.pyx", line 1635, in cupy.cuda.memory.MemoryPool.malloc
  File "cupy/cuda/memory.pyx", line 1350, in cupy.cuda.memory.SingleDeviceMemoryPool.malloc
  File "cupy/cuda/memory.pyx", line 1376, in cupy.cuda.memory.SingleDeviceMemoryPool._malloc
  File "cupy/cuda/memory.pyx", line 1560, in cupy.cuda.memory.SingleDeviceMemoryPool._try_malloc
cupy.cuda.memory.OutOfMemoryError: Out of memory allocating 134,217,728 bytes (allocated so far: 536,870,912 bytes).
Exception in thread Thread-2 (_chunk):
Traceback (most recent call last):
  File "/usr/lib/python3.12/threading.py", line 1073, in _bootstrap_inner
    self.run()
  File "/usr/lib/python3.12/threading.py", line 1010, in run
    self._target(*self._args, **self._kwargs)
  File "/workspace/h1/RH/scripts/rh/day038_h1_3e10_gpu.py", line 569, in _chunk
    sr, si, br, bi, s_ar, dm = slabfn(
                               ^^^^^^^
  File "/workspace/h1/RH/scripts/rh/day038_h1_3e10_gpu.py", line 444, in slab_budget_gpu
    g2 = cc * cc
         ~~~^~~~
  File "cupy/_core/core.pyx", line 1582, in cupy._core.core._ndarray_base.__mul__
  File "cupy/_core/_kernel.pyx", line 1374, in cupy._core._kernel.ufunc.__call__
  File "cupy/_core/_kernel.pyx", line 657, in cupy._core._kernel._get_out_args_from_optionals
  File "cupy/_core/core.pyx", line 3342, in cupy._core.core._ndarray_init
  File "cupy/_core/core.pyx", line 300, in cupy._core.core._ndarray_base._init_fast
  File "cupy/cuda/memory.pyx", line 904, in cupy.cuda.memory.alloc
  File "cupy/cuda/memory.pyx", line 1614, in cupy.cuda.memory.MemoryPool.malloc
  File "cupy/cuda/memory.pyx", line 1635, in cupy.cuda.memory.MemoryPool.malloc
  File "cupy/cuda/memory.pyx", line 1350, in cupy.cuda.memory.SingleDeviceMemoryPool.malloc
  File "cupy/cuda/memory.pyx", line 1376, in cupy.cuda.memory.SingleDeviceMemoryPool._malloc
  File "cupy/cuda/memory.pyx", line 1560, in cupy.cuda.memory.SingleDeviceMemoryPool._try_malloc
cupy.cuda.memory.OutOfMemoryError: Out of memory allocating 134,217,728 bytes (allocated so far: 536,870,912 bytes).
Exception in thread Thread-6 (_chunk):
Traceback (most recent call last):
  File "/usr/lib/python3.12/threading.py", line 1073, in _bootstrap_inner
    self.run()
  File "/usr/lib/python3.12/threading.py", line 1010, in run
    self._target(*self._args, **self._kwargs)
  File "/workspace/h1/RH/scripts/rh/day038_h1_3e10_gpu.py", line 569, in _chunk
    sr, si, br, bi, s_ar, dm = slabfn(
                               ^^^^^^^
  File "/workspace/h1/RH/scripts/rh/day038_h1_3e10_gpu.py", line 444, in slab_budget_gpu
    g2 = cc * cc
         ~~~^~~~
  File "cupy/_core/core.pyx", line 1582, in cupy._core.core._ndarray_base.__mul__
  File "cupy/_core/_kernel.pyx", line 1374, in cupy._core._kernel.ufunc.__call__
  File "cupy/_core/_kernel.pyx", line 657, in cupy._core._kernel._get_out_args_from_optionals
  File "cupy/_core/core.pyx", line 3342, in cupy._core.core._ndarray_init
  File "cupy/_core/core.pyx", line 300, in cupy._core.core._ndarray_base._init_fast
  File "cupy/cuda/memory.pyx", line 904, in cupy.cuda.memory.alloc
  File "cupy/cuda/memory.pyx", line 1614, in cupy.cuda.memory.MemoryPool.malloc
  File "cupy/cuda/memory.pyx", line 1635, in cupy.cuda.memory.MemoryPool.malloc
  File "cupy/cuda/memory.pyx", line 1350, in cupy.cuda.memory.SingleDeviceMemoryPool.malloc
  File "cupy/cuda/memory.pyx", line 1376, in cupy.cuda.memory.SingleDeviceMemoryPool._malloc
  File "cupy/cuda/memory.pyx", line 1560, in cupy.cuda.memory.SingleDeviceMemoryPool._try_malloc
cupy.cuda.memory.OutOfMemoryError: Out of memory allocating 134,217,728 bytes (allocated so far: 402,653,184 bytes).
Exception in thread Thread-1 (_chunk):
Traceback (most recent call last):
  File "/usr/lib/python3.12/threading.py", line 1073, in _bootstrap_inner
    self.run()
  File "/usr/lib/python3.12/threading.py", line 1010, in run
    self._target(*self._args, **self._kwargs)
  File "/workspace/h1/RH/scripts/rh/day038_h1_3e10_gpu.py", line 569, in _chunk
    sr, si, br, bi, s_ar, dm = slabfn(
                               ^^^^^^^
  File "/workspace/h1/RH/scripts/rh/day038_h1_3e10_gpu.py", line 444, in slab_budget_gpu
    g2 = cc * cc
         ~~~^~~~
  File "cupy/_core/core.pyx", line 1582, in cupy._core.core._ndarray_base.__mul__
  File "cupy/_core/_kernel.pyx", line 1374, in cupy._core._kernel.ufunc.__call__
  File "cupy/_core/_kernel.pyx", line 657, in cupy._core._kernel._get_out_args_from_optionals
  File "cupy/_core/core.pyx", line 3342, in cupy._core.core._ndarray_init
  File "cupy/_core/core.pyx", line 300, in cupy._core.core._ndarray_base._init_fast
  File "cupy/cuda/memory.pyx", line 904, in cupy.cuda.memory.alloc
  File "cupy/cuda/memory.pyx", line 1614, in cupy.cuda.memory.MemoryPool.malloc
  File "cupy/cuda/memory.pyx", line 1635, in cupy.cuda.memory.MemoryPool.malloc
  File "cupy/cuda/memory.pyx", line 1350, in cupy.cuda.memory.SingleDeviceMemoryPool.malloc
  File "cupy/cuda/memory.pyx", line 1376, in cupy.cuda.memory.SingleDeviceMemoryPool._malloc
  File "cupy/cuda/memory.pyx", line 1560, in cupy.cuda.memory.SingleDeviceMemoryPool._try_malloc
cupy.cuda.memory.OutOfMemoryError: Out of memory allocating 134,217,728 bytes (allocated so far: 268,435,456 bytes).
point  job  (win  0,  k  -11,  x=9493511984)  WORKER  FAILED:  TypeError('cannot unpack non-iterable NoneType object')  --  done  points  are  checkpointed;  supervisor  resumes
Exception in thread Exception in thread Thread-11 (_chunk):
Traceback (most recent call last):
  File "/usr/lib/python3.12/threading.py", line 1073, in _bootstrap_inner
    self.run()
  File "/usr/lib/python3.12/threading.py", line 1010, in run
    self._target(*self._args, **self._kwargs)
  File "/workspace/h1/RH/scripts/rh/day038_h1_3e10_gpu.py", line 569, in _chunk
    sr, si, br, bi, s_ar, dm = slabfn(
                               ^^^^^^^
  File "/workspace/h1/RH/scripts/rh/day038_h1_3e10_gpu.py", line 443, in slab_budget_gpu
    cc = cp.asarray(c)
         ^^^^^^^^^^^^^
  File "/opt/venvs/cupy/lib/python3.12/site-packages/cupy/_creation/from_data.py", line 94, in asarray
    return _core.array(a, dtype, copy, order, blocking=blocking)
           ^^^^^^Thread-9 (_chunk):
Traceback (most recent call last):
  File "/usr/lib/python3.12/threading.py", line 1073, in _bootstrap_inner
    self.run()
  File "/usr/lib/python3.12/threading.py", line 1010, in run
    self._target(*self._args, **self._kwargs)
  File "/workspace/h1/RH/scripts/rh/day038_h1_3e10_gpu.py", line 569, in _chunk
^^^^^^^^^^^^^^^^^^^^^^^^^^^^^^^^^^^^^^^^^^^^^^^
  File "cupy/_core/core.pyx", line 2821, in cupy._core.core.array
  File "cupy/_core/core.pyx", line 2841, in cupy._core.core.array
  File "cupy/_core/core.pyx", line 3067, in cupy._core.core._array_default
  File "cupy/_core/core.pyx", line 176, in cupy._core.core.ndarray.__new__
  File "cupy/_core/core.pyx", line 282, in cupy._core.core._ndarray_base._init
  File "cupy/cuda/memory.pyx", line 904, in cupy.cuda.memory.alloc
  File "cupy/cuda/memory.pyx", line 1614, in cupy.cuda.memory.MemoryPool.malloc
  File "cupy/cuda/memory.pyx", line 1635, in cupy.cuda.memory.MemoryPool.malloc
  File "cupy/cuda/memory.pyx", line 1350, in cupy.cuda.memory.SingleDeviceMemoryPool.malloc
  File "cupy/cuda/memory.pyx", line 1376, in cupy.cuda.memory.SingleDeviceMemoryPool._malloc
  File "cupy/cuda/memory.pyx", line 1560, in cupy.cuda.memory.SingleDeviceMemoryPool._try_malloc
cupy.cuda.memory.OutOfMemoryError: Out of memory allocating 134,217,728 bytes (allocated so far: 402,653,184 bytes).
    sr, si, br, bi, s_ar, dm = slabfn(
                               ^^^^^^^
  File "/workspace/h1/RH/scripts/rh/day038_h1_3e10_gpu.py", line 445, in slab_budget_gpu
    A = g2 + 0.25
        ~~~^~~~~~
  File "cupy/_core/core.pyx", line 1570, in cupy._core.core._ndarray_base.__add__
  File "cupy/_core/core.pyx", line 2024, in cupy._core.core._ndarray_base.__array_ufunc__
  File "cupy/_core/_kernel.pyx", line 1374, in cupy._core._kernel.ufunc.__call__
  File "cupy/_core/_kernel.pyx", line 657, in cupy._core._kernel._get_out_args_from_optionals
  File "cupy/_core/core.pyx", line 3342, in cupy._core.core._ndarray_init
  File "cupy/_core/core.pyx", line 300, in cupy._core.core._ndarray_base._init_fast
  File "cupy/cuda/memory.pyx", line 904, in cupy.cuda.memory.alloc
  File "cupy/cuda/memory.pyx", line 1614, in cupy.cuda.memory.MemoryPool.malloc
  File "cupy/cuda/memory.pyx", line 1635, in cupy.cuda.memory.MemoryPool.malloc
  File "cupy/cuda/memory.pyx", line 1350, in cupy.cuda.memory.SingleDeviceMemoryPool.malloc
  File "cupy/cuda/memory.pyx", line 1376, in cupy.cuda.memory.SingleDeviceMemoryPool._malloc
  File "cupy/cuda/memory.pyx", line 1560, in cupy.cuda.memory.SingleDeviceMemoryPool._try_malloc
cupy.cuda.memory.OutOfMemoryError: Out of memory allocating 134,217,728 bytes (allocated so far: 536,870,912 bytes).
Exception in thread Thread-13 (_chunk):
Traceback (most recent call last):
  File "/usr/lib/python3.12/threading.py", line 1073, in _bootstrap_inner
    self.run()
  File "/usr/lib/python3.12/threading.py", line 1010, in run
    self._target(*self._args, **self._kwargs)
  File "/workspace/h1/RH/scripts/rh/day038_h1_3e10_gpu.py", line 569, in _chunk
    sr, si, br, bi, s_ar, dm = slabfn(
                               ^^^^^^^
  File "/workspace/h1/RH/scripts/rh/day038_h1_3e10_gpu.py", line 443, in slab_budget_gpu
    cc = cp.asarray(c)
         ^^^^^^^^^^^^^
  File "/opt/venvs/cupy/lib/python3.12/site-packages/cupy/_creation/from_data.py", line 94, in asarray
    return _core.array(a, dtype, copy, order, blocking=blocking)
           ^^^^^^^^^^^^^^^^^^^^^^^^^^^^^^^^^^^^^^^^^^^^^^^^^^^^^
  File "cupy/_core/core.pyx", line 2821, in cupy._core.core.array
  File "cupy/_core/core.pyx", line 2841, in cupy._core.core.array
  File "cupy/_core/core.pyx", line 3067, in cupy._core.core._array_default
  File "cupy/_core/core.pyx", line 176, in cupy._core.core.ndarray.__new__
  File "cupy/_core/core.pyx", line 282, in cupy._core.core._ndarray_base._init
  File "cupy/cuda/memory.pyx", line 904, in cupy.cuda.memory.alloc
  File "cupy/cuda/memory.pyx", line 1614, in cupy.cuda.memory.MemoryPool.malloc
  File "cupy/cuda/memory.pyx", line 1635, in cupy.cuda.memory.MemoryPool.malloc
  File "cupy/cuda/memory.pyx", line 1350, in cupy.cuda.memory.SingleDeviceMemoryPool.malloc
  File "cupy/cuda/memory.pyx", line 1376, in cupy.cuda.memory.SingleDeviceMemoryPool._malloc
  File "cupy/cuda/memory.pyx", line 1560, in cupy.cuda.memory.SingleDeviceMemoryPool._try_malloc
cupy.cuda.memory.OutOfMemoryError: Out of memory allocating 134,217,728 bytes (allocated so far: 671,088,640 bytes).
Exception in thread Thread-16 (_chunk):
Traceback (most recent call last):
  File "/usr/lib/python3.12/threading.py", line 1073, in _bootstrap_inner
    self.run()
  File "/usr/lib/python3.12/threading.py", line 1010, in run
    self._target(*self._args, **self._kwargs)
  File "/workspace/h1/RH/scripts/rh/day038_h1_3e10_gpu.py", line 569, in _chunk
    sr, si, br, bi, s_ar, dm = slabfn(
                               ^^^^^^^
  File "/workspace/h1/RH/scripts/rh/day038_h1_3e10_gpu.py", line 443, in slab_budget_gpu
    cc = cp.asarray(c)
         ^^^^^^^^^^^^^
  File "/opt/venvs/cupy/lib/python3.12/site-packages/cupy/_creation/from_data.py", line 94, in asarray
    return _core.array(a, dtype, copy, order, blocking=blocking)
           ^^^^^^^^^^^^^^^^^^^^^^^^^^^^^^^^^^^^^^^^^^^^^^^^^^^^^
  File "cupy/_core/core.pyx", line 2821, in cupy._core.core.array
  File "cupy/_core/core.pyx", line 2841, in cupy._core.core.array
  File "cupy/_core/core.pyx", line 3067, in cupy._core.core._array_default
  File "cupy/_core/core.pyx", line 176, in cupy._core.core.ndarray.__new__
  File "cupy/_core/core.pyx", line 282, in cupy._core.core._ndarray_base._init
  File "cupy/cuda/memory.pyx", line 904, in cupy.cuda.memory.alloc
  File "cupy/cuda/memory.pyx", line 1614, in cupy.cuda.memory.MemoryPool.malloc
  File "cupy/cuda/memory.pyx", line 1635, in cupy.cuda.memory.MemoryPool.malloc
  File "cupy/cuda/memory.pyx", line 1350, in cupy.cuda.memory.SingleDeviceMemoryPool.malloc
  File "cupy/cuda/memory.pyx", line 1376, in cupy.cuda.memory.SingleDeviceMemoryPool._malloc
  File "cupy/cuda/memory.pyx", line 1560, in cupy.cuda.memory.SingleDeviceMemoryPool._try_malloc
cupy.cuda.memory.OutOfMemoryError: Out of memory allocating 134,217,728 bytes (allocated so far: 536,870,912 bytes).
Exception in thread Thread-12 (_chunk):
Traceback (most recent call last):
  File "/usr/lib/python3.12/threading.py", line 1073, in _bootstrap_inner
    self.run()
  File "/usr/lib/python3.12/threading.py", line 1010, in run
    self._target(*self._args, **self._kwargs)
  File "/workspace/h1/RH/scripts/rh/day038_h1_3e10_gpu.py", line 569, in _chunk
    sr, si, br, bi, s_ar, dm = slabfn(
                               ^^^^^^^
  File "/workspace/h1/RH/scripts/rh/day038_h1_3e10_gpu.py", line 443, in slab_budget_gpu
    cc = cp.asarray(c)
         ^^^^^^^^^^^^^
  File "/opt/venvs/cupy/lib/python3.12/site-packages/cupy/_creation/from_data.py", line 94, in asarray
    return _core.array(a, dtype, copy, order, blocking=blocking)
           ^^^^^^^^^^^^^^^^^^^^^^^^^^^^^^^^^^^^^^^^^^^^^^^^^^^^^
  File "cupy/_core/core.pyx", line 2821, in cupy._core.core.array
  File "cupy/_core/core.pyx", line 2841, in cupy._core.core.array
  File "cupy/_core/core.pyx", line 3067, in cupy._core.core._array_default
  File "cupy/_core/core.pyx", line 176, in cupy._core.core.ndarray.__new__
  File "cupy/_core/core.pyx", line 282, in cupy._core.core._ndarray_base._init
  File "cupy/cuda/memory.pyx", line 904, in cupy.cuda.memory.alloc
  File "cupy/cuda/memory.pyx", line 1614, in cupy.cuda.memory.MemoryPool.malloc
  File "cupy/cuda/memory.pyx", line 1635, in cupy.cuda.memory.MemoryPool.malloc
  File "cupy/cuda/memory.pyx", line 1350, in cupy.cuda.memory.SingleDeviceMemoryPool.malloc
  File "cupy/cuda/memory.pyx", line 1376, in cupy.cuda.memory.SingleDeviceMemoryPool._malloc
  File "cupy/cuda/memory.pyx", line 1560, in cupy.cuda.memory.SingleDeviceMemoryPool._try_malloc
cupy.cuda.memory.OutOfMemoryError: Out of memory allocating 134,217,728 bytes (allocated so far: 402,653,184 bytes).
Exception in thread Thread-15 (_chunk):
Traceback (most recent call last):
  File "/usr/lib/python3.12/threading.py", line 1073, in _bootstrap_inner
    self.run()
  File "/usr/lib/python3.12/threading.py", line 1010, in run
    self._target(*self._args, **self._kwargs)
  File "/workspace/h1/RH/scripts/rh/day038_h1_3e10_gpu.py", line 569, in _chunk
    sr, si, br, bi, s_ar, dm = slabfn(
                               ^^^^^^^
  File "/workspace/h1/RH/scripts/rh/day038_h1_3e10_gpu.py", line 443, in slab_budget_gpu
    cc = cp.asarray(c)
         ^^^^^^^^^^^^^
  File "/opt/venvs/cupy/lib/python3.12/site-packages/cupy/_creation/from_data.py", line 94, in asarray
    return _core.array(a, dtype, copy, order, blocking=blocking)
           ^^^^^^^^^^^^^^^^^^^^^^^^^^^^^^^^^^^^^^^^^^^^^^^^^^^^^
  File "cupy/_core/core.pyx", line 2821, in cupy._core.core.array
  File "cupy/_core/core.pyx", line 2841, in cupy._core.core.array
  File "cupy/_core/core.pyx", line 3067, in cupy._core.core._array_default
  File "cupy/_core/core.pyx", line 176, in cupy._core.core.ndarray.__new__
  File "cupy/_core/core.pyx", line 282, in cupy._core.core._ndarray_base._init
  File "cupy/cuda/memory.pyx", line 904, in cupy.cuda.memory.alloc
  File "cupy/cuda/memory.pyx", line 1614, in cupy.cuda.memory.MemoryPool.malloc
  File "cupy/cuda/memory.pyx", line 1635, in cupy.cuda.memory.MemoryPool.malloc
  File "cupy/cuda/memory.pyx", line 1350, in cupy.cuda.memory.SingleDeviceMemoryPool.malloc
  File "cupy/cuda/memory.pyx", line 1376, in cupy.cuda.memory.SingleDeviceMemoryPool._malloc
  File "cupy/cuda/memory.pyx", line 1560, in cupy.cuda.memory.SingleDeviceMemoryPool._try_malloc
cupy.cuda.memory.OutOfMemoryError: Out of memory allocating 134,217,728 bytes (allocated so far: 536,870,912 bytes).
Exception in thread Thread-10 (_chunk):
Traceback (most recent call last):
  File "/usr/lib/python3.12/threading.py", line 1073, in _bootstrap_inner
    self.run()
  File "/usr/lib/python3.12/threading.py", line 1010, in run
    self._target(*self._args, **self._kwargs)
  File "/workspace/h1/RH/scripts/rh/day038_h1_3e10_gpu.py", line 569, in _chunk
    sr, si, br, bi, s_ar, dm = slabfn(
                               ^^^^^^^
  File "/workspace/h1/RH/scripts/rh/day038_h1_3e10_gpu.py", line 444, in slab_budget_gpu
    g2 = cc * cc
         ~~~^~~~
  File "cupy/_core/core.pyx", line 1582, in cupy._core.core._ndarray_base.__mul__
  File "cupy/_core/_kernel.pyx", line 1374, in cupy._core._kernel.ufunc.__call__
  File "cupy/_core/_kernel.pyx", line 657, in cupy._core._kernel._get_out_args_from_optionals
  File "cupy/_core/core.pyx", line 3342, in cupy._core.core._ndarray_init
  File "cupy/_core/core.pyx", line 300, in cupy._core.core._ndarray_base._init_fast
  File "cupy/cuda/memory.pyx", line 904, in cupy.cuda.memory.alloc
  File "cupy/cuda/memory.pyx", line 1614, in cupy.cuda.memory.MemoryPool.malloc
  File "cupy/cuda/memory.pyx", line 1635, in cupy.cuda.memory.MemoryPool.malloc
  File "cupy/cuda/memory.pyx", line 1350, in cupy.cuda.memory.SingleDeviceMemoryPool.malloc
  File "cupy/cuda/memory.pyx", line 1376, in cupy.cuda.memory.SingleDeviceMemoryPool._malloc
  File "cupy/cuda/memory.pyx", line 1560, in cupy.cuda.memory.SingleDeviceMemoryPool._try_malloc
cupy.cuda.memory.OutOfMemoryError: Out of memory allocating 134,217,728 bytes (allocated so far: 402,653,184 bytes).
Exception in thread Thread-14 (_chunk):
Traceback (most recent call last):
  File "/usr/lib/python3.12/threading.py", line 1073, in _bootstrap_inner
    self.run()
  File "/usr/lib/python3.12/threading.py", line 1010, in run
    self._target(*self._args, **self._kwargs)
  File "/workspace/h1/RH/scripts/rh/day038_h1_3e10_gpu.py", line 569, in _chunk
    sr, si, br, bi, s_ar, dm = slabfn(
                               ^^^^^^^
  File "/workspace/h1/RH/scripts/rh/day038_h1_3e10_gpu.py", line 444, in slab_budget_gpu
    g2 = cc * cc
         ~~~^~~~
  File "cupy/_core/core.pyx", line 1582, in cupy._core.core._ndarray_base.__mul__
  File "cupy/_core/_kernel.pyx", line 1374, in cupy._core._kernel.ufunc.__call__
  File "cupy/_core/_kernel.pyx", line 657, in cupy._core._kernel._get_out_args_from_optionals
  File "cupy/_core/core.pyx", line 3342, in cupy._core.core._ndarray_init
  File "cupy/_core/core.pyx", line 300, in cupy._core.core._ndarray_base._init_fast
  File "cupy/cuda/memory.pyx", line 904, in cupy.cuda.memory.alloc
  File "cupy/cuda/memory.pyx", line 1614, in cupy.cuda.memory.MemoryPool.malloc
  File "cupy/cuda/memory.pyx", line 1635, in cupy.cuda.memory.MemoryPool.malloc
  File "cupy/cuda/memory.pyx", line 1350, in cupy.cuda.memory.SingleDeviceMemoryPool.malloc
  File "cupy/cuda/memory.pyx", line 1376, in cupy.cuda.memory.SingleDeviceMemoryPool._malloc
  File "cupy/cuda/memory.pyx", line 1560, in cupy.cuda.memory.SingleDeviceMemoryPool._try_malloc
cupy.cuda.memory.OutOfMemoryError: Out of memory allocating 134,217,728 bytes (allocated so far: 268,435,456 bytes).
point  job  (win  0,  k  -8,  x=9493511984)  WORKER  FAILED:  TypeError('cannot unpack non-iterable NoneType object')  --  done  points  are  checkpointed;  supervisor  resumes
Exception in thread Thread-17 (_chunk):
Traceback (most recent call last):
  File "/usr/lib/python3.12/threading.py", line 1073, in _bootstrap_inner
    self.run()
  File "/usr/lib/python3.12/threading.py", line 1010, in run
    self._target(*self._args, **self._kwargs)
  File "/workspace/h1/RH/scripts/rh/day038_h1_3e10_gpu.py", line 569, in _chunk
    sr, si, br, bi, s_ar, dm = slabfn(
                               ^^^^^^^
  File "/workspace/h1/RH/scripts/rh/day038_h1_3e10_gpu.py", line 445, in slab_budget_gpu
    A = g2 + 0.25
        ~~~^~~~~~
  File "cupy/_core/core.pyx", line 1570, in cupy._core.core._ndarray_base.__add__
  File "cupy/_core/core.pyx", line 2024, in cupy._core.core._ndarray_base.__array_ufunc__
  File "cupy/_core/_kernel.pyx", line 1374, in cupy._core._kernel.ufunc.__call__
  File "cupy/_core/_kernel.pyx", line 657, in cupy._core._kernel._get_out_args_from_optionals
  File "cupy/_core/core.pyx", line 3342, in cupy._core.core._ndarray_init
  File "cupy/_core/core.pyx", line 300, in cupy._core.core._ndarray_base._init_fast
  File "cupy/cuda/memory.pyx", line 904, in cupy.cuda.memory.alloc
  File "cupy/cuda/memory.pyx", line 1614, in cupy.cuda.memory.MemoryPool.malloc
  File "cupy/cuda/memory.pyx", line 1635, in cupy.cuda.memory.MemoryPool.malloc
  File "cupy/cuda/memory.pyx", line 1350, in cupy.cuda.memory.SingleDeviceMemoryPool.malloc
  File "cupy/cuda/memory.pyx", line 1376, in cupy.cuda.memory.SingleDeviceMemoryPool._malloc
  File "cupy/cuda/memory.pyx", line 1560, in cupy.cuda.memory.SingleDeviceMemoryPool._try_malloc
cupy.cuda.memory.OutOfMemoryError: Out of memory allocating 134,217,728 bytes (allocated so far: 268,435,456 bytes).
Exception in thread Thread-22 (_chunk):
Traceback (most recent call last):
Exception in thread Thread-19 (_chunk):
Traceback (most recent call last):
  File "/usr/lib/python3.12/threading.py", line 1073, in _bootstrap_inner
    self.run()
  File "/usr/lib/python3.12/threading.py", line 1010, in run
    self._target(*self._args, **self._kwargs)
  File "/workspace/h1/RH/scripts/rh/day038_h1_3e10_gpu.py", line 569, in _chunk
    sr, si, br, bi, s_ar, dm = slabfn(
                               ^^^^^^^
  File "/workspace/h1/RH/scripts/rh/day038_h1_3e10_gpu.py", line 443, in slab_budget_gpu
    cc = cp.asarray(c)
         ^^^^^^^^^^^^^
  File "/opt/venvs/cupy/lib/python3.12/site-packages/cupy/_creation/from_data.py", line 94, in asarray
    return _core.array(a, dtype, copy, order, blocking=blocking)
           ^^^^^^^^^^^^^^^^^^^^^^^^^^^^^^^^^^^^^^^^^^^^^^^^^^^^^
  File "cupy/_core/core.pyx", line 2821, in cupy._core.core.array
  File "cupy/_core/core.pyx", line 2841, in cupy._core.core.array
  File "cupy/_core/core.pyx", line 3067, in cupy._core.core._array_default
  File "cupy/_core/core.pyx", line 176, in cupy._core.core.ndarray.__new__
  File "cupy/_core/core.pyx", line 282, in cupy._core.core._ndarray_base._init
  File "cupy/cuda/memory.pyx", line 904, in cupy.cuda.memory.alloc
  File "cupy/cuda/memory.pyx", line 1614, in cupy.cuda.memory.MemoryPool.malloc
  File "cupy/cuda/memory.pyx", line 1635, in cupy.cuda.memory.MemoryPool.malloc
  File "cupy/cuda/memory.pyx", line 1350, in cupy.cuda.memory.SingleDeviceMemoryPool.malloc
  File "cupy/cuda/memory.pyx", line 1376, in cupy.cuda.memory.SingleDeviceMemoryPool._malloc
  File "cupy/cuda/memory.pyx", line 1560, in cupy.cuda.memory.SingleDeviceMemoryPool._try_malloc
cupy.cuda.memory.OutOfMemoryError: Out of memory allocating 134,217,728 bytes (allocated so far: 536,870,912 bytes).
Exception in thread Thread-20 (_chunk):
Traceback (most recent call last):
  File "/usr/lib/python3.12/threading.py", line 1073, in _bootstrap_inner
    self.run()
  File "/usr/lib/python3.12/threading.py", line 1010, in run
    self._target(*self._args, **self._kwargs)
  File "/workspace/h1/RH/scripts/rh/day038_h1_3e10_gpu.py", line 569, in _chunk
    sr, si, br, bi, s_ar, dm = slabfn(
                               ^^^^^^^
  File "/workspace/h1/RH/scripts/rh/day038_h1_3e10_gpu.py", line 443, in slab_budget_gpu
    cc = cp.asarray(c)
         ^^^^^^^^^^^^^
  File "/opt/venvs/cupy/lib/python3.12/site-packages/cupy/_creation/from_data.py", line 94, in asarray
    return _core.array(a, dtype, copy, order, blocking=blocking)
           ^^^^^^^^^^^^^^^^^^^^^^^^^^^^^^^^^^^^^^^^^^^^^^^^^^^^^
  File "cupy/_core/core.pyx", line 2821, in cupy._core.core.array
  File "cupy/_core/core.pyx", line 2841, in cupy._core.core.array
  File "cupy/_core/core.pyx", line 3067, in cupy._core.core._array_default
  File "cupy/_core/core.pyx", line 176, in cupy._core.core.ndarray.__new__
  File "cupy/_core/core.pyx", line 282, in cupy._core.core._ndarray_base._init
  File "cupy/cuda/memory.pyx", line 904, in cupy.cuda.memory.alloc
  File "cupy/cuda/memory.pyx", line 1614, in cupy.cuda.memory.MemoryPool.malloc
  File "cupy/cuda/memory.pyx", line 1635, in cupy.cuda.memory.MemoryPool.malloc
  File "cupy/cuda/memory.pyx", line 1350, in cupy.cuda.memory.SingleDeviceMemoryPool.malloc
  File "cupy/cuda/memory.pyx", line 1376, in cupy.cuda.memory.SingleDeviceMemoryPool._malloc
  File "cupy/cuda/memory.pyx", line 1560, in cupy.cuda.memory.SingleDeviceMemoryPool._try_malloc
cupy.cuda.memory.OutOfMemoryError: Out of memory allocating 134,217,728 bytes (allocated so far: 536,870,912 bytes).
Exception in thread Thread-18 (_chunk):
Traceback (most recent call last):
  File "/usr/lib/python3.12/threading.py", line 1073, in _bootstrap_inner
    self.run()
  File "/usr/lib/python3.12/threading.py", line 1010, in run
    self._target(*self._args, **self._kwargs)
  File "/workspace/h1/RH/scripts/rh/day038_h1_3e10_gpu.py", line 569, in _chunk
    sr, si, br, bi, s_ar, dm = slabfn(
                               ^^^^^^^
  File "/workspace/h1/RH/scripts/rh/day038_h1_3e10_gpu.py", line 444, in slab_budget_gpu
    g2 = cc * cc
         ~~~^~~~
  File "cupy/_core/core.pyx", line 1582, in cupy._core.core._ndarray_base.__mul__
  File "cupy/_core/_kernel.pyx", line 1374, in cupy._core._kernel.ufunc.__call__
  File "cupy/_core/_kernel.pyx", line 657, in cupy._core._kernel._get_out_args_from_optionals
  File "cupy/_core/core.pyx", line 3342, in cupy._core.core._ndarray_init
  File "cupy/_core/core.pyx", line 300, in cupy._core.core._ndarray_base._init_fast
  File "cupy/cuda/memory.pyx", line 904, in cupy.cuda.memory.alloc
  File "cupy/cuda/memory.pyx", line 1614, in cupy.cuda.memory.MemoryPool.malloc
  File "cupy/cuda/memory.pyx", line 1635, in cupy.cuda.memory.MemoryPool.malloc
  File "cupy/cuda/memory.pyx", line 1350, in cupy.cuda.memory.SingleDeviceMemoryPool.malloc
  File "cupy/cuda/memory.pyx", line 1376, in cupy.cuda.memory.SingleDeviceMemoryPool._malloc
  File "cupy/cuda/memory.pyx", line 1560, in cupy.cuda.memory.SingleDeviceMemoryPool._try_malloc
cupy.cuda.memory.OutOfMemoryError: Out of memory allocating 134,217,728 bytes (allocated so far: 402,653,184 bytes).
Exception in thread Thread-21 (_chunk):
Traceback (most recent call last):
  File "/usr/lib/python3.12/threading.py", line 1073, in _bootstrap_inner
    self.run()
  File "/usr/lib/python3.12/threading.py", line 1010, in run
    self._target(*self._args, **self._kwargs)
  File "/workspace/h1/RH/scripts/rh/day038_h1_3e10_gpu.py", line 569, in _chunk
    sr, si, br, bi, s_ar, dm = slabfn(
                               ^^^^^^^
  File "/workspace/h1/RH/scripts/rh/day038_h1_3e10_gpu.py", line 443, in slab_budget_gpu
    cc = cp.asarray(c)
         ^^^^^^^^^^^^^
  File "/opt/venvs/cupy/lib/python3.12/site-packages/cupy/_creation/from_data.py", line 94, in asarray
    return _core.array(a, dtype, copy, order, blocking=blocking)
           ^^^^^^^^^^^^^^^^^^^^^^^^^^^^^^^^^^^^^^^^^^^^^^^^^^^^^
  File "cupy/_core/core.pyx", line 2821, in cupy._core.core.array
  File "cupy/_core/core.pyx", line 2841, in cupy._core.core.array
  File "cupy/_core/core.pyx", line 3067, in cupy._core.core._array_default
  File "cupy/_core/core.pyx", line 176, in cupy._core.core.ndarray.__new__
  File "cupy/_core/core.pyx", line 282, in cupy._core.core._ndarray_base._init
  File "cupy/cuda/memory.pyx", line 904, in cupy.cuda.memory.alloc
  File "cupy/cuda/memory.pyx", line 1614, in cupy.cuda.memory.MemoryPool.malloc
  File "cupy/cuda/memory.pyx", line 1635, in cupy.cuda.memory.MemoryPool.malloc
  File "cupy/cuda/memory.pyx", line 1350, in cupy.cuda.memory.SingleDeviceMemoryPool.malloc
  File "cupy/cuda/memory.pyx", line 1376, in cupy.cuda.memory.SingleDeviceMemoryPool._malloc
  File "cupy/cuda/memory.pyx", line 1560, in cupy.cuda.memory.SingleDeviceMemoryPool._try_malloc
cupy.cuda.memory.OutOfMemoryError: Out of memory allocating 134,217,728 bytes (allocated so far: 268,435,456 bytes).
  File "/usr/lib/python3.12/threading.py", line 1073, in _bootstrap_inner
    self.run()
  File "/usr/lib/python3.12/threading.py", line 1010, in run
    self._target(*self._args, **self._kwargs)
  File "/workspace/h1/RH/scripts/rh/day038_h1_3e10_gpu.py", line 569, in _chunk
    sr, si, br, bi, s_ar, dm = slabfn(
                               ^^^^^^^
  File "/workspace/h1/RH/scripts/rh/day038_h1_3e10_gpu.py", line 443, in slab_budget_gpu
    cc = cp.asarray(c)
         ^^^^^^^^^^^^^
  File "/opt/venvs/cupy/lib/python3.12/site-packages/cupy/_creation/from_data.py", line 94, in asarray
    return _core.array(a, dtype, copy, order, blocking=blocking)
           ^^^^^^^^^^^^^^^^^^^^^^^^^^^^^^^^^^^^^^^^^^^^^^^^^^^^^
  File "cupy/_core/core.pyx", line 2821, in cupy._core.core.array
  File "cupy/_core/core.pyx", line 2841, in cupy._core.core.array
  File "cupy/_core/core.pyx", line 3067, in cupy._core.core._array_default
  File "cupy/_core/core.pyx", line 176, in cupy._core.core.ndarray.__new__
  File "cupy/_core/core.pyx", line 282, in cupy._core.core._ndarray_base._init
  File "cupy/cuda/memory.pyx", line 904, in cupy.cuda.memory.alloc
  File "cupy/cuda/memory.pyx", line 1614, in cupy.cuda.memory.MemoryPool.malloc
  File "cupy/cuda/memory.pyx", line 1635, in cupy.cuda.memory.MemoryPool.malloc
  File "cupy/cuda/memory.pyx", line 1350, in cupy.cuda.memory.SingleDeviceMemoryPool.malloc
  File "cupy/cuda/memory.pyx", line 1376, in cupy.cuda.memory.SingleDeviceMemoryPool._malloc
  File "cupy/cuda/memory.pyx", line 1560, in cupy.cuda.memory.SingleDeviceMemoryPool._try_malloc
cupy.cuda.memory.OutOfMemoryError: Out of memory allocating 134,217,728 bytes (allocated so far: 671,088,640 bytes).
Exception in thread Thread-23 (_chunk):
Traceback (most recent call last):
  File "/usr/lib/python3.12/threading.py", line 1073, in _bootstrap_inner
    self.run()
  File "/usr/lib/python3.12/threading.py", line 1010, in run
    self._target(*self._args, **self._kwargs)
  File "/workspace/h1/RH/scripts/rh/day038_h1_3e10_gpu.py", line 569, in _chunk
    sr, si, br, bi, s_ar, dm = slabfn(
                               ^^^^^^^
  File "/workspace/h1/RH/scripts/rh/day038_h1_3e10_gpu.py", line 445, in slab_budget_gpu
    A = g2 + 0.25
        ~~~^~~~~~
  File "cupy/_core/core.pyx", line 1570, in cupy._core.core._ndarray_base.__add__
  File "cupy/_core/core.pyx", line 2024, in cupy._core.core._ndarray_base.__array_ufunc__
  File "cupy/_core/_kernel.pyx", line 1374, in cupy._core._kernel.ufunc.__call__
  File "cupy/_core/_kernel.pyx", line 657, in cupy._core._kernel._get_out_args_from_optionals
  File "cupy/_core/core.pyx", line 3342, in cupy._core.core._ndarray_init
  File "cupy/_core/core.pyx", line 300, in cupy._core.core._ndarray_base._init_fast
  File "cupy/cuda/memory.pyx", line 904, in cupy.cuda.memory.alloc
  File "cupy/cuda/memory.pyx", line 1614, in cupy.cuda.memory.MemoryPool.malloc
  File "cupy/cuda/memory.pyx", line 1635, in cupy.cuda.memory.MemoryPool.malloc
  File "cupy/cuda/memory.pyx", line 1350, in cupy.cuda.memory.SingleDeviceMemoryPool.malloc
  File "cupy/cuda/memory.pyx", line 1376, in cupy.cuda.memory.SingleDeviceMemoryPool._malloc
  File "cupy/cuda/memory.pyx", line 1560, in cupy.cuda.memory.SingleDeviceMemoryPool._try_malloc
cupy.cuda.memory.OutOfMemoryError: Out of memory allocating 134,217,728 bytes (allocated so far: 402,653,184 bytes).
Exception in thread Thread-24 (_chunk):
Traceback (most recent call last):
  File "/usr/lib/python3.12/threading.py", line 1073, in _bootstrap_inner
    self.run()
  File "/usr/lib/python3.12/threading.py", line 1010, in run
    self._target(*self._args, **self._kwargs)
  File "/workspace/h1/RH/scripts/rh/day038_h1_3e10_gpu.py", line 569, in _chunk
    sr, si, br, bi, s_ar, dm = slabfn(
                               ^^^^^^^
  File "/workspace/h1/RH/scripts/rh/day038_h1_3e10_gpu.py", line 443, in slab_budget_gpu
    cc = cp.asarray(c)
         ^^^^^^^^^^^^^
  File "/opt/venvs/cupy/lib/python3.12/site-packages/cupy/_creation/from_data.py", line 94, in asarray
    return _core.array(a, dtype, copy, order, blocking=blocking)
           ^^^^^^^^^^^^^^^^^^^^^^^^^^^^^^^^^^^^^^^^^^^^^^^^^^^^^
  File "cupy/_core/core.pyx", line 2821, in cupy._core.core.array
  File "cupy/_core/core.pyx", line 2841, in cupy._core.core.array
  File "cupy/_core/core.pyx", line 3067, in cupy._core.core._array_default
  File "cupy/_core/core.pyx", line 176, in cupy._core.core.ndarray.__new__
  File "cupy/_core/core.pyx", line 282, in cupy._core.core._ndarray_base._init
  File "cupy/cuda/memory.pyx", line 904, in cupy.cuda.memory.alloc
  File "cupy/cuda/memory.pyx", line 1614, in cupy.cuda.memory.MemoryPool.malloc
  File "cupy/cuda/memory.pyx", line 1635, in cupy.cuda.memory.MemoryPool.malloc
  File "cupy/cuda/memory.pyx", line 1350, in cupy.cuda.memory.SingleDeviceMemoryPool.malloc
  File "cupy/cuda/memory.pyx", line 1376, in cupy.cuda.memory.SingleDeviceMemoryPool._malloc
  File "cupy/cuda/memory.pyx", line 1560, in cupy.cuda.memory.SingleDeviceMemoryPool._try_malloc
cupy.cuda.memory.OutOfMemoryError: Out of memory allocating 134,217,728 bytes (allocated so far: 268,435,456 bytes).
point  job  (win  0,  k  -7,  x=9493511984)  WORKER  FAILED:  TypeError('cannot unpack non-iterable NoneType object')  --  done  points  are  checkpointed;  supervisor  resumes
Exception in thread Thread-25 (_chunk):
Traceback (most recent call last):
  File "/usr/lib/python3.12/threading.py", line 1073, in _bootstrap_inner
    self.run()
  File "/usr/lib/python3.12/threading.py", line 1010, in run
    self._target(*self._args, **self._kwargs)
  File "/workspace/h1/RH/scripts/rh/day038_h1_3e10_gpu.py", line 569, in _chunk
    sr, si, br, bi, s_ar, dm = slabfn(
                               ^^^^^^^
  File "/workspace/h1/RH/scripts/rh/day038_h1_3e10_gpu.py", line 444, in slab_budget_gpu
    g2 = cc * cc
         ~~~^~~~
  File "cupy/_core/core.pyx", line 1582, in cupy._core.core._ndarray_base.__mul__
  File "cupy/_core/_kernel.pyx", line 1374, in cupy._core._kernel.ufunc.__call__
  File "cupy/_core/_kernel.pyx", line 657, in cupy._core._kernel._get_out_args_from_optionals
  File "cupy/_core/core.pyx", line 3342, in cupy._core.core._ndarray_init
  File "cupy/_core/core.pyx", line 300, in cupy._core.core._ndarray_base._init_fast
  File "cupy/cuda/memory.pyx", line 904, in cupy.cuda.memory.alloc
  File "cupy/cuda/memory.pyx", line 1614, in cupy.cuda.memory.MemoryPool.malloc
  File "cupy/cuda/memory.pyx", line 1635, in cupy.cuda.memory.MemoryPool.malloc
  File "cupy/cuda/memory.pyx", line 1350, in cupy.cuda.memory.SingleDeviceMemoryPool.malloc
  File "cupy/cuda/memory.pyx", line 1376, in cupy.cuda.memory.SingleDeviceMemoryPool._malloc
  File "cupy/cuda/memory.pyx", line 1560, in cupy.cuda.memory.SingleDeviceMemoryPool._try_malloc
cupy.cuda.memory.OutOfMemoryError: Out of memory allocating 134,217,728 bytes (allocated so far: 536,870,912 bytes).
Exception in thread Thread-30 (_chunk):
Traceback (most recent call last):
  File "/usr/lib/python3.12/threading.py", line 1073, in _bootstrap_inner
    self.run()
  File "/usr/lib/python3.12/threading.py", line 1010, in run
    self._target(*self._args, **self._kwargs)
  File "/workspace/h1/RH/scripts/rh/day038_h1_3e10_gpu.py", line 569, in _chunk
    sr, si, br, bi, s_ar, dm = slabfn(
                               ^^^^^^^
  File "/workspace/h1/RH/scripts/rh/day038_h1_3e10_gpu.py", line 443, in slab_budget_gpu
    cc = cp.asarray(c)
         ^^^^^^^^^^^^^
  File "/opt/venvs/cupy/lib/python3.12/site-packages/cupy/_creation/from_data.py", line 94, in asarray
    return _core.array(a, dtype, copy, order, blocking=blocking)
           ^^^^^^^^^^^^^^^^^^^^^^^^^^^^^^^^^^^^^^^^^^^^^^^^^^^^^
  File "cupy/_core/core.pyx", line 2821, in cupy._core.core.array
  File "cupy/_core/core.pyx", line 2841, in cupy._core.core.array
  File "cupy/_core/core.pyx", line 3067, in cupy._core.core._array_default
  File "cupy/_core/core.pyx", line 176, in cupy._core.core.ndarray.__new__
  File "cupy/_core/core.pyx", line 282, in cupy._core.core._ndarray_base._init
  File "cupy/cuda/memory.pyx", line 904, in cupy.cuda.memory.alloc
  File "cupy/cuda/memory.pyx", line 1614, in cupy.cuda.memory.MemoryPool.malloc
  File "cupy/cuda/memory.pyx", line 1635, in cupy.cuda.memory.MemoryPool.malloc
  File "cupy/cuda/memory.pyx", line 1350, in cupy.cuda.memory.SingleDeviceMemoryPool.malloc
  File "cupy/cuda/memory.pyx", line 1376, in cupy.cuda.memory.SingleDeviceMemoryPool._malloc
  File "cupy/cuda/memory.pyx", line 1560, in cupy.cuda.memory.SingleDeviceMemoryPool._try_malloc
cupy.cuda.memory.OutOfMemoryError: Out of memory allocating 134,217,728 bytes (allocated so far: 402,653,184 bytes).
Exception in thread Thread-32 (_chunk):
Traceback (most recent call last):
  File "/usr/lib/python3.12/threading.py", line 1073, in _bootstrap_inner
    self.run()
  File "/usr/lib/python3.12/threading.py", line 1010, in run
    self._target(*self._args, **self._kwargs)
  File "/workspace/h1/RH/scripts/rh/day038_h1_3e10_gpu.py", line 569, in _chunk
    sr, si, br, bi, s_ar, dm = slabfn(
                               ^^^^^^^
  File "/workspace/h1/RH/scripts/rh/day038_h1_3e10_gpu.py", line 444, in slab_budget_gpu
    g2 = cc * cc
         ~~~^~~~
  File "cupy/_core/core.pyx", line 1582, in cupy._core.core._ndarray_base.__mul__
  File "cupy/_core/_kernel.pyx", line 1374, in cupy._core._kernel.ufunc.__call__
  File "cupy/_core/_kernel.pyx", line 657, in cupy._core._kernel._get_out_args_from_optionals
  File "cupy/_core/core.pyx", line 3342, in cupy._core.core._ndarray_init
  File "cupy/_core/core.pyx", line 300, in cupy._core.core._ndarray_base._init_fast
  File "cupy/cuda/memory.pyx", line 904, in cupy.cuda.memory.alloc
  File "cupy/cuda/memory.pyx", line 1614, in cupy.cuda.memory.MemoryPool.malloc
  File "cupy/cuda/memory.pyx", line 1635, in cupy.cuda.memory.MemoryPool.malloc
  File "cupy/cuda/memory.pyx", line 1350, in cupy.cuda.memory.SingleDeviceMemoryPool.malloc
  File "cupy/cuda/memory.pyx", line 1376, in cupy.cuda.memory.SingleDeviceMemoryPool._malloc
  File "cupy/cuda/memory.pyx", line 1560, in cupy.cuda.memory.SingleDeviceMemoryPool._try_malloc
cupy.cuda.memory.OutOfMemoryError: Out of memory allocating 134,217,728 bytes (allocated so far: 671,088,640 bytes).
Exception in thread Thread-29 (_chunk):
Traceback (most recent call last):
  File "/usr/lib/python3.12/threading.py", line 1073, in _bootstrap_inner
    self.run()
  File "/usr/lib/python3.12/threading.py", line 1010, in run
    self._target(*self._args, **self._kwargs)
  File "/workspace/h1/RH/scripts/rh/day038_h1_3e10_gpu.py", line 569, in _chunk
    sr, si, br, bi, s_ar, dm = slabfn(
                               ^^^^^^^
  File "/workspace/h1/RH/scripts/rh/day038_h1_3e10_gpu.py", line 443, in slab_budget_gpu
    cc = cp.asarray(c)
         ^^^^^^^^^^^^^
  File "/opt/venvs/cupy/lib/python3.12/site-packages/cupy/_creation/from_data.py", line 94, in asarray
    return _core.array(a, dtype, copy, order, blocking=blocking)
           ^^^^^^^^^^^^^^^^^^^^^^^^^^^^^^^^^^^^^^^^^^^^^^^^^^^^^
  File "cupy/_core/core.pyx", line 2821, in cupy._core.core.array
  File "cupy/_core/core.pyx", line 2841, in cupy._core.core.array
  File "cupy/_core/core.pyx", line 3067, in cupy._core.core._array_default
  File "cupy/_core/core.pyx", line 176, in cupy._core.core.ndarray.__new__
  File "cupy/_core/core.pyx", line 282, in cupy._core.core._ndarray_base._init
  File "cupy/cuda/memory.pyx", line 904, in cupy.cuda.memory.alloc
  File "cupy/cuda/memory.pyx", line 1614, in cupy.cuda.memory.MemoryPool.malloc
  File "cupy/cuda/memory.pyx", line 1635, in cupy.cuda.memory.MemoryPool.malloc
  File "cupy/cuda/memory.pyx", line 1350, in cupy.cuda.memory.SingleDeviceMemoryPool.malloc
  File "cupy/cuda/memory.pyx", line 1376, in cupy.cuda.memory.SingleDeviceMemoryPool._malloc
  File "cupy/cuda/memory.pyx", line 1560, in cupy.cuda.memory.SingleDeviceMemoryPool._try_malloc
cupy.cuda.memory.OutOfMemoryError: Out of memory allocating 134,217,728 bytes (allocated so far: 671,088,640 bytes).
Exception in thread Thread-27 (_chunk):
Traceback (most recent call last):
  File "/usr/lib/python3.12/threading.py", line 1073, in _bootstrap_inner
    self.run()
  File "/usr/lib/python3.12/threading.py", line 1010, in run
    self._target(*self._args, **self._kwargs)
  File "/workspace/h1/RH/scripts/rh/day038_h1_3e10_gpu.py", line 569, in _chunk
    sr, si, br, bi, s_ar, dm = slabfn(
                               ^^^^^^^
  File "/workspace/h1/RH/scripts/rh/day038_h1_3e10_gpu.py", line 443, in slab_budget_gpu
    cc = cp.asarray(c)
         ^^^^^^^^^^^^^
  File "/opt/venvs/cupy/lib/python3.12/site-packages/cupy/_creation/from_data.py", line 94, in asarray
    return _core.array(a, dtype, copy, order, blocking=blocking)
           ^^^^^^^^^^^^^^^^^^^^^^^^^^^^^^^^^^^^^^^^^^^^^^^^^^^^^
  File "cupy/_core/core.pyx", line 2821, in cupy._core.core.array
  File "cupy/_core/core.pyx", line 2841, in cupy._core.core.array
  File "cupy/_core/core.pyx", line 3067, in cupy._core.core._array_default
  File "cupy/_core/core.pyx", line 176, in cupy._core.core.ndarray.__new__
  File "cupy/_core/core.pyx", line 282, in cupy._core.core._ndarray_base._init
  File "cupy/cuda/memory.pyx", line 904, in cupy.cuda.memory.alloc
  File "cupy/cuda/memory.pyx", line 1614, in cupy.cuda.memory.MemoryPool.malloc
  File "cupy/cuda/memory.pyx", line 1635, in cupy.cuda.memory.MemoryPool.malloc
  File "cupy/cuda/memory.pyx", line 1350, in cupy.cuda.memory.SingleDeviceMemoryPool.malloc
  File "cupy/cuda/memory.pyx", line 1376, in cupy.cuda.memory.SingleDeviceMemoryPool._malloc
  File "cupy/cuda/memory.pyx", line 1560, in cupy.cuda.memory.SingleDeviceMemoryPool._try_malloc
cupy.cuda.memory.OutOfMemoryError: Out of memory allocating 134,217,728 bytes (allocated so far: 536,870,912 bytes).
Exception in thread Thread-31 (_chunk):
Traceback (most recent call last):
  File "/usr/lib/python3.12/threading.py", line 1073, in _bootstrap_inner
    self.run()
  File "/usr/lib/python3.12/threading.py", line 1010, in run
    self._target(*self._args, **self._kwargs)
  File "/workspace/h1/RH/scripts/rh/day038_h1_3e10_gpu.py", line 569, in _chunk
    sr, si, br, bi, s_ar, dm = slabfn(
                               ^^^^^^^
  File "/workspace/h1/RH/scripts/rh/day038_h1_3e10_gpu.py", line 443, in slab_budget_gpu
    cc = cp.asarray(c)
         ^^^^^^^^^^^^^
  File "/opt/venvs/cupy/lib/python3.12/site-packages/cupy/_creation/from_data.py", line 94, in asarray
    return _core.array(a, dtype, copy, order, blocking=blocking)
           ^^^^^^^^^^^^^^^^^^^^^^^^^^^^^^^^^^^^^^^^^^^^^^^^^^^^^
  File "cupy/_core/core.pyx", line 2821, in cupy._core.core.array
  File "cupy/_core/core.pyx", line 2841, in cupy._core.core.array
  File "cupy/_core/core.pyx", line 3067, in cupy._core.core._array_default
  File "cupy/_core/core.pyx", line 176, in cupy._core.core.ndarray.__new__
  File "cupy/_core/core.pyx", line 282, in cupy._core.core._ndarray_base._init
  File "cupy/cuda/memory.pyx", line 904, in cupy.cuda.memory.alloc
  File "cupy/cuda/memory.pyx", line 1614, in cupy.cuda.memory.MemoryPool.malloc
  File "cupy/cuda/memory.pyx", line 1635, in cupy.cuda.memory.MemoryPool.malloc
  File "cupy/cuda/memory.pyx", line 1350, in cupy.cuda.memory.SingleDeviceMemoryPool.malloc
  File "cupy/cuda/memory.pyx", line 1376, in cupy.cuda.memory.SingleDeviceMemoryPool._malloc
  File "cupy/cuda/memory.pyx", line 1560, in cupy.cuda.memory.SingleDeviceMemoryPool._try_malloc
cupy.cuda.memory.OutOfMemoryError: Out of memory allocating 134,217,728 bytes (allocated so far: 402,653,184 bytes).
Exception in thread Thread-26 (_chunk):
Traceback (most recent call last):
  File "/usr/lib/python3.12/threading.py", line 1073, in _bootstrap_inner
    self.run()
  File "/usr/lib/python3.12/threading.py", line 1010, in run
    self._target(*self._args, **self._kwargs)
  File "/workspace/h1/RH/scripts/rh/day038_h1_3e10_gpu.py", line 569, in _chunk
    sr, si, br, bi, s_ar, dm = slabfn(
                               ^^^^^^^
  File "/workspace/h1/RH/scripts/rh/day038_h1_3e10_gpu.py", line 444, in slab_budget_gpu
    g2 = cc * cc
         ~~~^~~~
  File "cupy/_core/core.pyx", line 1582, in cupy._core.core._ndarray_base.__mul__
  File "cupy/_core/_kernel.pyx", line 1374, in cupy._core._kernel.ufunc.__call__
  File "cupy/_core/_kernel.pyx", line 657, in cupy._core._kernel._get_out_args_from_optionals
  File "cupy/_core/core.pyx", line 3342, in cupy._core.core._ndarray_init
  File "cupy/_core/core.pyx", line 300, in cupy._core.core._ndarray_base._init_fast
  File "cupy/cuda/memory.pyx", line 904, in cupy.cuda.memory.alloc
  File "cupy/cuda/memory.pyx", line 1614, in cupy.cuda.memory.MemoryPool.malloc
  File "cupy/cuda/memory.pyx", line 1635, in cupy.cuda.memory.MemoryPool.malloc
  File "cupy/cuda/memory.pyx", line 1350, in cupy.cuda.memory.SingleDeviceMemoryPool.malloc
  File "cupy/cuda/memory.pyx", line 1376, in cupy.cuda.memory.SingleDeviceMemoryPool._malloc
  File "cupy/cuda/memory.pyx", line 1560, in cupy.cuda.memory.SingleDeviceMemoryPool._try_malloc
cupy.cuda.memory.OutOfMemoryError: Out of memory allocating 134,217,728 bytes (allocated so far: 402,653,184 bytes).
Exception in thread Thread-28 (_chunk):
Traceback (most recent call last):
  File "/usr/lib/python3.12/threading.py", line 1073, in _bootstrap_inner
    self.run()
  File "/usr/lib/python3.12/threading.py", line 1010, in run
    self._target(*self._args, **self._kwargs)
  File "/workspace/h1/RH/scripts/rh/day038_h1_3e10_gpu.py", line 569, in _chunk
    sr, si, br, bi, s_ar, dm = slabfn(
                               ^^^^^^^
  File "/workspace/h1/RH/scripts/rh/day038_h1_3e10_gpu.py", line 444, in slab_budget_gpu
    g2 = cc * cc
         ~~~^~~~
  File "cupy/_core/core.pyx", line 1582, in cupy._core.core._ndarray_base.__mul__
  File "cupy/_core/_kernel.pyx", line 1374, in cupy._core._kernel.ufunc.__call__
  File "cupy/_core/_kernel.pyx", line 657, in cupy._core._kernel._get_out_args_from_optionals
  File "cupy/_core/core.pyx", line 3342, in cupy._core.core._ndarray_init
  File "cupy/_core/core.pyx", line 300, in cupy._core.core._ndarray_base._init_fast
  File "cupy/cuda/memory.pyx", line 904, in cupy.cuda.memory.alloc
  File "cupy/cuda/memory.pyx", line 1614, in cupy.cuda.memory.MemoryPool.malloc
  File "cupy/cuda/memory.pyx", line 1635, in cupy.cuda.memory.MemoryPool.malloc
  File "cupy/cuda/memory.pyx", line 1350, in cupy.cuda.memory.SingleDeviceMemoryPool.malloc
  File "cupy/cuda/memory.pyx", line 1376, in cupy.cuda.memory.SingleDeviceMemoryPool._malloc
  File "cupy/cuda/memory.pyx", line 1560, in cupy.cuda.memory.SingleDeviceMemoryPool._try_malloc
cupy.cuda.memory.OutOfMemoryError: Out of memory allocating 134,217,728 bytes (allocated so far: 268,435,456 bytes).
point  job  (win  0,  k  -6,  x=9493511984)  WORKER  FAILED:  TypeError('cannot unpack non-iterable NoneType object')  --  done  points  are  checkpointed;  supervisor  resumes
Exception in thread Thread-33 (_chunk):
Traceback (most recent call last):
  File "/usr/lib/python3.12/threading.py", line 1073, in _bootstrap_inner
Exception in thread Thread-38 (_chunk)    self.run()
  File "/usr/lib/python3.12/threading.py", line 1010, in run
    self._target(*self._args, **self._kwargs)
  File "/workspace/h1/RH/scripts/rh/day038_h1_3e10_gpu.py", line 569, in _chunk
    sr, si, br, bi, s_ar, dm = slabfn(
                               ^^^^^^^
  File "/workspace/h1/RH/scripts/rh/day038_h1_3e10_gpu.py", line 445, in slab_budget_gpu
    A = g2 + 0.25
        ~~~^~~~~~
  File "cupy/_core/core.pyx", line 1570, in cupy._core.core._ndarray_base.__add__
  File "cupy/_core/core.pyx", line 2024, in cupy._core.core._ndarray_base.__array_ufunc__
  File "cupy/_core/_kernel.pyx", line 1374, in cupy._core._kernel.ufunc.__call__
  File "cupy/_core/_kernel.pyx", line 657, in cupy._core._kernel._get_out_args_from_optionals
  File "cupy/_core/core.pyx", line 3342, in cupy._core.core._ndarray_init
  File "cupy/_core/core.pyx", line 300, in cupy._core.core._ndarray_base._init_fast
  File "cupy/cuda/memory.pyx", line 904, in cupy.cuda.memory.alloc
  File "cupy/cuda/memory.pyx", line 1614, in cupy.cuda.memory.MemoryPool.malloc
  File "cupy/cuda/memory.pyx", line 1635, in cupy.cuda.memory.MemoryPool.malloc
  File "cupy/cuda/memory.pyx", line 1350, in cupy.cuda.memory.SingleDeviceMemoryPool.malloc
  File "cupy/cuda/memory.pyx", line 1376, in cupy.cuda.memory.SingleDeviceMemoryPool._malloc
  File "cupy/cuda/memory.pyx", line 1560, in cupy.cuda.memory.SingleDeviceMemoryPool._try_malloc
cupy.cuda.memory.OutOfMemoryError: Out of memory allocating 134,217,728 bytes (allocated so far: 536,870,912 bytes).
:
Traceback (most recent call last):
  File "/usr/lib/python3.12/threading.py", line 1073, in _bootstrap_inner
    self.run()
  File "/usr/lib/python3.12/threading.py", line 1010, in run
    self._target(*self._args, **self._kwargs)
  File "/workspace/h1/RH/scripts/rh/day038_h1_3e10_gpu.py", line 569, in _chunk
    sr, si, br, bi, s_ar, dm = slabfn(
                               ^^^^^^^
  File "/workspace/h1/RH/scripts/rh/day038_h1_3e10_gpu.py", line 443, in slab_budget_gpu
    cc = cp.asarray(c)
         ^^^^^^^^^^^^^
  File "/opt/venvs/cupy/lib/python3.12/site-packages/cupy/_creation/from_data.py", line 94, in asarray
    return _core.array(a, dtype, copy, order, blocking=blocking)
           ^^^^^^^^^^^^^^^^^^^^^^^^^^^^^^^^^^^^^^^^^^^^^^^^^^^^^
  File "cupy/_core/core.pyx", line 2821, in cupy._core.core.array
  File "cupy/_core/core.pyx", line 2841, in cupy._core.core.array
  File "cupy/_core/core.pyx", line 3067, in cupy._core.core._array_default
  File "cupy/_core/core.pyx", line 176, in cupy._core.core.ndarray.__new__
  File "cupy/_core/core.pyx", line 282, in cupy._core.core._ndarray_base._init
  File "cupy/cuda/memory.pyx", line 904, in cupy.cuda.memory.alloc
  File "cupy/cuda/memory.pyx", line 1614, in cupy.cuda.memory.MemoryPool.malloc
  File "cupy/cuda/memory.pyx", line 1635, in cupy.cuda.memory.MemoryPool.malloc
  File "cupy/cuda/memory.pyx", line 1350, in cupy.cuda.memory.SingleDeviceMemoryPool.malloc
  File "cupy/cuda/memory.pyx", line 1376, in cupy.cuda.memory.SingleDeviceMemoryPool._malloc
  File "cupy/cuda/memory.pyx", line 1560, in cupy.cuda.memory.SingleDeviceMemoryPool._try_malloc
cupy.cuda.memory.OutOfMemoryError: Out of memory allocating 134,217,728 bytes (allocated so far: 402,653,184 bytes).
Exception in thread Thread-39 (_chunk):
Traceback (most recent call last):
  File "/usr/lib/python3.12/threading.py", line 1073, in _bootstrap_inner
    self.run()
  File "/usr/lib/python3.12/threading.py", line 1010, in run
    self._target(*self._args, **self._kwargs)
  File "/workspace/h1/RH/scripts/rh/day038_h1_3e10_gpu.py", line 569, in _chunk
    sr, si, br, bi, s_ar, dm = slabfn(
                               ^^^^^^^
  File "/workspace/h1/RH/scripts/rh/day038_h1_3e10_gpu.py", line 443, in slab_budget_gpu
    cc = cp.asarray(c)
         ^^^^^^^^^^^^^
  File "/opt/venvs/cupy/lib/python3.12/site-packages/cupy/_creation/from_data.py", line 94, in asarray
    return _core.array(a, dtype, copy, order, blocking=blocking)
           ^^^^^^^^^^^^^^^^^^^^^^^^^^^^^^^^^^^^^^^^^^^^^^^^^^^^^
  File "cupy/_core/core.pyx", line 2821, in cupy._core.core.array
  File "cupy/_core/core.pyx", line 2841, in cupy._core.core.array
  File "cupy/_core/core.pyx", line 3067, in cupy._core.core._array_default
  File "cupy/_core/core.pyx", line 176, in cupy._core.core.ndarray.__new__
  File "cupy/_core/core.pyx", line 282, in cupy._core.core._ndarray_base._init
  File "cupy/cuda/memory.pyx", line 904, in cupy.cuda.memory.alloc
  File "cupy/cuda/memory.pyx", line 1614, in cupy.cuda.memory.MemoryPool.malloc
  File "cupy/cuda/memory.pyx", line 1635, in cupy.cuda.memory.MemoryPool.malloc
  File "cupy/cuda/memory.pyx", line 1350, in cupy.cuda.memory.SingleDeviceMemoryPool.malloc
  File "cupy/cuda/memory.pyx", line 1376, in cupy.cuda.memory.SingleDeviceMemoryPool._malloc
  File "cupy/cuda/memory.pyx", line 1560, in cupy.cuda.memory.SingleDeviceMemoryPool._try_malloc
cupy.cuda.memory.OutOfMemoryError: Out of memory allocating 134,217,728 bytes (allocated so far: 536,870,912 bytes).
Exception in thread Thread-35 (_chunk):
Traceback (most recent call last):
  File "/usr/lib/python3.12/threading.py", line 1073, in _bootstrap_inner
    self.run()
  File "/usr/lib/python3.12/threading.py", line 1010, in run
    self._target(*self._args, **self._kwargs)
  File "/workspace/h1/RH/scripts/rh/day038_h1_3e10_gpu.py", line 569, in _chunk
    sr, si, br, bi, s_ar, dm = slabfn(
                               ^^^^^^^
  File "/workspace/h1/RH/scripts/rh/day038_h1_3e10_gpu.py", line 443, in slab_budget_gpu
    cc = cp.asarray(c)
         ^^^^^^^^^^^^^
  File "/opt/venvs/cupy/lib/python3.12/site-packages/cupy/_creation/from_data.py", line 94, in asarray
    return _core.array(a, dtype, copy, order, blocking=blocking)
           ^^^^^^^^^^^^^^^^^^^^^^^^^^^^^^^^^^^^^^^^^^^^^^^^^^^^^
  File "cupy/_core/core.pyx", line 2821, in cupy._core.core.array
  File "cupy/_core/core.pyx", line 2841, in cupy._core.core.array
  File "cupy/_core/core.pyx", line 3067, in cupy._core.core._array_default
  File "cupy/_core/core.pyx", line 176, in cupy._core.core.ndarray.__new__
  File "cupy/_core/core.pyx", line 282, in cupy._core.core._ndarray_base._init
  File "cupy/cuda/memory.pyx", line 904, in cupy.cuda.memory.alloc
  File "cupy/cuda/memory.pyx", line 1614, in cupy.cuda.memory.MemoryPool.malloc
  File "cupy/cuda/memory.pyx", line 1635, in cupy.cuda.memory.MemoryPool.malloc
  File "cupy/cuda/memory.pyx", line 1350, in cupy.cuda.memory.SingleDeviceMemoryPool.malloc
  File "cupy/cuda/memory.pyx", line 1376, in cupy.cuda.memory.SingleDeviceMemoryPool._malloc
  File "cupy/cuda/memory.pyx", line 1560, in cupy.cuda.memory.SingleDeviceMemoryPool._try_malloc
cupy.cuda.memory.OutOfMemoryError: Out of memory allocating 134,217,728 bytes (allocated so far: 402,653,184 bytes).
Exception in thread Thread-36 (_chunk):
Traceback (most recent call last):
  File "/usr/lib/python3.12/threading.py", line 1073, in _bootstrap_inner
Exception in thread Thread-34 (_chunk):
Traceback (most recent call last):
  File "/usr/lib/python3.12/threading.py", line 1073, in _bootstrap_inner
Exception in thread Thread-37 (_chunk):
Traceback (most recent call last):
  File "/usr/lib/python3.12/threading.py", line 1073, in _bootstrap_inner
    self.run()
  File "/usr/lib/python3.12/threading.py", line 1010, in run
    self._target(*self._args, **self._kwargs)
  File "/workspace/h1/RH/scripts/rh/day038_h1_3e10_gpu.py", line 569, in _chunk
    sr, si, br, bi, s_ar, dm = slabfn(
                               ^^^^^^^
  File "/workspace/h1/RH/scripts/rh/day038_h1_3e10_gpu.py", line 443, in slab_budget_gpu
    cc = cp.asarray(c)
         ^^^^^^^^^^^^^
  File "/opt/venvs/cupy/lib/python3.12/site-packages/cupy/_creation/from_data.py", line 94, in asarray
    return _core.array(a, dtype, copy, order, blocking=blocking)
           ^^^^^^^^^^^^^^^^^^^^^^^^^^^^^^^^^^^^^^^^^^^^^^^^^^^^^
  File "cupy/_core/core.pyx", line 2821, in cupy._core.core.array
  File "cupy/_core/core.pyx", line 2841, in cupy._core.core.array
  File "cupy/_core/core.pyx", line 3067, in cupy._core.core._array_default
  File "cupy/_core/core.pyx", line 176, in cupy._core.core.ndarray.__new__
  File "cupy/_core/core.pyx", line 282, in cupy._core.core._ndarray_base._init
  File "cupy/cuda/memory.pyx", line 904, in cupy.cuda.memory.alloc
  File "cupy/cuda/memory.pyx", line 1614, in cupy.cuda.memory.MemoryPool.malloc
  File "cupy/cuda/memory.pyx", line 1635, in cupy.cuda.memory.MemoryPool.malloc
  File "cupy/cuda/memory.pyx", line 1350, in cupy.cuda.memory.SingleDeviceMemoryPool.malloc
  File "cupy/cuda/memory.pyx", line 1376, in cupy.cuda.memory.SingleDeviceMemoryPool._malloc
  File "cupy/cuda/memory.pyx", line 1560, in cupy.cuda.memory.SingleDeviceMemoryPool._try_malloc
cupy.cuda.memory.OutOfMemoryError: Out of memory allocating 134,217,728 bytes (allocated so far: 402,653,184 bytes).
    self.run()
  File "/usr/lib/python3.12/threading.py", line 1010, in run
    self._target(*self._args, **self._kwargs)
  File "/workspace/h1/RH/scripts/rh/day038_h1_3e10_gpu.py", line 569, in _chunk
    sr, si, br, bi, s_ar, dm = slabfn(
                               ^^^^^^^
  File "/workspace/h1/RH/scripts/rh/day038_h1_3e10_gpu.py", line 443, in slab_budget_gpu
    cc = cp.asarray(c)
         ^^^^^^^^^^^^^
  File "/opt/venvs/cupy/lib/python3.12/site-packages/cupy/_creation/from_data.py", line 94, in asarray
    return _core.array(a, dtype, copy, order, blocking=blocking)
           ^^^^^^^^^^^^^^^^^^^^^^^^^^^^^^^^^^^^^^^^^^^^^^^^^^^^^
  File "cupy/_core/core.pyx", line 2821, in cupy._core.core.array
  File "cupy/_core/core.pyx", line 2841, in cupy._core.core.array
  File "cupy/_core/core.pyx", line 3067, in cupy._core.core._array_default
  File "cupy/_core/core.pyx", line 176, in cupy._core.core.ndarray.__new__
  File "cupy/_core/core.pyx", line 282, in cupy._core.core._ndarray_base._init
  File "cupy/cuda/memory.pyx", line 904, in cupy.cuda.memory.alloc
  File "cupy/cuda/memory.pyx", line 1614, in cupy.cuda.memory.MemoryPool.malloc
  File "cupy/cuda/memory.pyx", line 1635, in cupy.cuda.memory.MemoryPool.malloc
  File "cupy/cuda/memory.pyx", line 1350, in cupy.cuda.memory.SingleDeviceMemoryPool.malloc
  File "cupy/cuda/memory.pyx", line 1376, in cupy.cuda.memory.SingleDeviceMemoryPool._malloc
  File "cupy/cuda/memory.pyx", line 1560, in cupy.cuda.memory.SingleDeviceMemoryPool._try_malloc
cupy.cuda.memory.OutOfMemoryError: Out of memory allocating 134,217,728 bytes (allocated so far: 536,870,912 bytes).
Exception in thread Thread-40 (_chunk):
Traceback (most recent call last):
  File "/usr/lib/python3.12/threading.py", line 1073, in _bootstrap_inner
    self.run()
  File "/usr/lib/python3.12/threading.py", line 1010, in run
    self._target(*self._args, **self._kwargs)
  File "/workspace/h1/RH/scripts/rh/day038_h1_3e10_gpu.py", line 569, in _chunk
    sr, si, br, bi, s_ar, dm = slabfn(
                               ^^^^^^^
  File "/workspace/h1/RH/scripts/rh/day038_h1_3e10_gpu.py", line 444, in slab_budget_gpu
    g2 = cc * cc
         ~~~^~~~
  File "cupy/_core/core.pyx", line 1582, in cupy._core.core._ndarray_base.__mul__
  File "cupy/_core/_kernel.pyx", line 1374, in cupy._core._kernel.ufunc.__call__
  File "cupy/_core/_kernel.pyx", line 657, in cupy._core._kernel._get_out_args_from_optionals
  File "cupy/_core/core.pyx", line 3342, in cupy._core.core._ndarray_init
  File "cupy/_core/core.pyx", line 300, in cupy._core.core._ndarray_base._init_fast
  File "cupy/cuda/memory.pyx", line 904, in cupy.cuda.memory.alloc
  File "cupy/cuda/memory.pyx", line 1614, in cupy.cuda.memory.MemoryPool.malloc
  File "cupy/cuda/memory.pyx", line 1635, in cupy.cuda.memory.MemoryPool.malloc
  File "cupy/cuda/memory.pyx", line 1350, in cupy.cuda.memory.SingleDeviceMemoryPool.malloc
  File "cupy/cuda/memory.pyx", line 1376, in cupy.cuda.memory.SingleDeviceMemoryPool._malloc
  File "cupy/cuda/memory.pyx", line 1560, in cupy.cuda.memory.SingleDeviceMemoryPool._try_malloc
cupy.cuda.memory.OutOfMemoryError: Out of memory allocating 134,217,728 bytes (allocated so far: 268,435,456 bytes).
    self.run()
  File "/usr/lib/python3.12/threading.py", line 1010, in run
    self._target(*self._args, **self._kwargs)
  File "/workspace/h1/RH/scripts/rh/day038_h1_3e10_gpu.py", line 569, in _chunk
    sr, si, br, bi, s_ar, dm = slabfn(
                               ^^^^^^^
  File "/workspace/h1/RH/scripts/rh/day038_h1_3e10_gpu.py", line 444, in slab_budget_gpu
    g2 = cc * cc
         ~~~^~~~
  File "cupy/_core/core.pyx", line 1582, in cupy._core.core._ndarray_base.__mul__
  File "cupy/_core/_kernel.pyx", line 1374, in cupy._core._kernel.ufunc.__call__
  File "cupy/_core/_kernel.pyx", line 657, in cupy._core._kernel._get_out_args_from_optionals
  File "cupy/_core/core.pyx", line 3342, in cupy._core.core._ndarray_init
  File "cupy/_core/core.pyx", line 300, in cupy._core.core._ndarray_base._init_fast
  File "cupy/cuda/memory.pyx", line 904, in cupy.cuda.memory.alloc
  File "cupy/cuda/memory.pyx", line 1614, in cupy.cuda.memory.MemoryPool.malloc
  File "cupy/cuda/memory.pyx", line 1635, in cupy.cuda.memory.MemoryPool.malloc
  File "cupy/cuda/memory.pyx", line 1350, in cupy.cuda.memory.SingleDeviceMemoryPool.malloc
  File "cupy/cuda/memory.pyx", line 1376, in cupy.cuda.memory.SingleDeviceMemoryPool._malloc
  File "cupy/cuda/memory.pyx", line 1560, in cupy.cuda.memory.SingleDeviceMemoryPool._try_malloc
cupy.cuda.memory.OutOfMemoryError: Out of memory allocating 134,217,728 bytes (allocated so far: 402,653,184 bytes).
point  job  (win  0,  k  -5,  x=9493511984)  WORKER  FAILED:  TypeError('cannot unpack non-iterable NoneType object')  --  done  points  are  checkpointed;  supervisor  resumes
Exception in thread Thread-45 (_chunk):
Exception in thread Thread-43 (_chunk):
Traceback (most recent call last):
Traceback (most recent call last):
  File "/usr/lib/python3.12/threading.py", line 1073, in _bootstrap_inner
Exception in thread Thread-48 (_chunk):
Traceback (most recent call last):
Exception in thread Thread-41 (_chunk):
Traceback (most recent call last):
  File "/usr/lib/python3.12/threading.py", line 1073, in _bootstrap_inner
    self.run()
  File "/usr/lib/python3.12/threading.py", line 1010, in run
    self._target(*self._args, **self._kwargs)
  File "/workspace/h1/RH/scripts/rh/day038_h1_3e10_gpu.py", line 569, in _chunk
    sr, si, br, bi, s_ar, dm = slabfn(
                               ^^^^^^^
  File "/workspace/h1/RH/scripts/rh/day038_h1_3e10_gpu.py", line 443, in slab_budget_gpu
    cc = cp.asarray(c)
         ^^^^^^^^^^^^^
  File "/opt/venvs/cupy/lib/python3.12/site-packages/cupy/_creation/from_data.py", line 94, in asarray
    return _core.array(a, dtype, copy, order, blocking=blocking)
           ^^^^^^^^^^^^^^^^^^^^^^^^^^^^^^^^^^^^^^^^^^^^^^^^^^^^^
  File "cupy/_core/core.pyx", line 2821, in cupy._core.core.array
  File "cupy/_core/core.pyx", line 2841, in cupy._core.core.array
  File "cupy/_core/core.pyx", line 3067, in cupy._core.core._array_default
  File "cupy/_core/core.pyx", line 176, in cupy._core.core.ndarray.__new__
  File "cupy/_core/core.pyx", line 282, in cupy._core.core._ndarray_base._init
  File "cupy/cuda/memory.pyx", line 904, in cupy.cuda.memory.alloc
  File "cupy/cuda/memory.pyx", line 1614, in cupy.cuda.memory.MemoryPool.malloc
  File "cupy/cuda/memory.pyx", line 1635, in cupy.cuda.memory.MemoryPool.malloc
  File "cupy/cuda/memory.pyx", line 1350, in cupy.cuda.memory.SingleDeviceMemoryPool.malloc
  File "cupy/cuda/memory.pyx", line 1376, in cupy.cuda.memory.SingleDeviceMemoryPool._malloc
  File "cupy/cuda/memory.pyx", line 1560, in cupy.cuda.memory.SingleDeviceMemoryPool._try_malloc
cupy.cuda.memory.OutOfMemoryError: Out of memory allocating 134,217,728 bytes (allocated so far: 671,088,640 bytes).
  File "/usr/lib/python3.12/threading.py", line 1073, in _bootstrap_inner
Exception in thread Thread-42 (_chunk):
  File "/usr/lib/python3.12/threading.py", line 1073, in _bootstrap_inner
Exception in thread Thread-47 (_chunk):
Traceback (most recent call last):
  File "/usr/lib/python3.12/threading.py", line 1073, in _bootstrap_inner
    self.run()
  File "/usr/lib/python3.12/threading.py", line 1010, in run
    self._target(*self._args, **self._kwargs)
  File "/workspace/h1/RH/scripts/rh/day038_h1_3e10_gpu.py", line 569, in _chunk
    sr, si, br, bi, s_ar, dm = slabfn(
                               ^^^^^^^
  File "/workspace/h1/RH/scripts/rh/day038_h1_3e10_gpu.py", line 443, in slab_budget_gpu
    cc = cp.asarray(c)
         ^^^^^^^^^^^^^
  File "/opt/venvs/cupy/lib/python3.12/site-packages/cupy/_creation/from_data.py", line 94, in asarray
    return _core.array(a, dtype, copy, order, blocking=blocking)
           ^^^^^^^^^^^^^^^^^^^^^^^^^^^^^^^^^^^^^^^^^^^^^^^^^^^^^
  File "cupy/_core/core.pyx", line 2821, in cupy._core.core.array
  File "cupy/_core/core.pyx", line 2841, in cupy._core.core.array
  File "cupy/_core/core.pyx", line 3067, in cupy._core.core._array_default
  File "cupy/_core/core.pyx", line 176, in cupy._core.core.ndarray.__new__
  File "cupy/_core/core.pyx", line 282, in cupy._core.core._ndarray_base._init
  File "cupy/cuda/memory.pyx", line 904, in cupy.cuda.memory.alloc
  File "cupy/cuda/memory.pyx", line 1614, in cupy.cuda.memory.MemoryPool.malloc
  File "cupy/cuda/memory.pyx", line 1635, in cupy.cuda.memory.MemoryPool.malloc
  File "cupy/cuda/memory.pyx", line 1350, in cupy.cuda.memory.SingleDeviceMemoryPool.malloc
  File "cupy/cuda/memory.pyx", line 1376, in cupy.cuda.memory.SingleDeviceMemoryPool._malloc
  File "cupy/cuda/memory.pyx", line 1560, in cupy.cuda.memory.SingleDeviceMemoryPool._try_malloc
cupy.cuda.memory.OutOfMemoryError: Out of memory allocating 134,217,728 bytes (allocated so far: 402,653,184 bytes).
Traceback (most recent call last):
Exception in thread       File "/usr/lib/python3.12/threading.py", line 1073, in _bootstrap_inner
self.run()    Thread-44 (_chunk)self.run()
  File "/usr/lib/python3.12/threading.py", line 1010, in run
    self.run():

  File "/usr/lib/python3.12/threading.py", line 1010, in run
Traceback (most recent call last):
  File "/usr/lib/python3.12/threading.py", line 1073, in _bootstrap_inner

  File "/usr/lib/python3.12/threading.py", line 1010, in run
    self._target(*self._args, **self._kwargs)
  File "/workspace/h1/RH/scripts/rh/day038_h1_3e10_gpu.py", line 569, in _chunk
    sr, si, br, bi, s_ar, dm = slabfn(
                              Exception in thread          self.run()
  File "/usr/lib/python3.12/threading.py", line 1010, in run
Thread-46 (_chunk)self.run()    self._target(*self._args, **self._kwargs) 
   File "/usr/lib/python3.12/threading.py", line 1010, in run

self._target(*self._args, **self._kwargs)  
^  File "/workspace/h1/RH/scripts/rh/day038_h1_3e10_gpu.py", line 569, in _chunk
  File "/workspace/h1/RH/scripts/rh/day038_h1_3e10_gpu.py", line 569, in _chunk
^^^^^^
  File "/workspace/h1/RH/scripts/rh/day038_h1_3e10_gpu.py", line 443, in slab_budget_gpu
:
Traceback (most recent call last):
  File "/usr/lib/python3.12/threading.py", line 1073, in _bootstrap_inner
    cc = cp.asarray(c)
         ^^^^^^^^^^^^^
  File "/opt/venvs/cupy/lib/python3.12/site-packages/cupy/_creation/from_data.py", line 94, in asarray
    return _core.array(a, dtype, copy, order, blocking=blocking)
           ^^^^^^^^^^^^^^^^^^^^^^^^^^^^^^^^^^^^^^^^^^^^^^^^^^^^^
  File "cupy/_core/core.pyx", line 2821, in cupy._core.core.array
  File "cupy/_core/core.pyx", line 2841, in cupy._core.core.array
  File "cupy/_core/core.pyx", line 3067, in cupy._core.core._array_default
  File "cupy/_core/core.pyx", line 176, in cupy._core.core.ndarray.__new__
  File "cupy/_core/core.pyx", line 282, in cupy._core.core._ndarray_base._init
  File "cupy/cuda/memory.pyx", line 904, in cupy.cuda.memory.alloc
  File "cupy/cuda/memory.pyx", line 1614, in cupy.cuda.memory.MemoryPool.malloc
  File "cupy/cuda/memory.pyx", line 1635, in cupy.cuda.memory.MemoryPool.malloc
  File "cupy/cuda/memory.pyx", line 1350, in cupy.cuda.memory.SingleDeviceMemoryPool.malloc
  File "cupy/cuda/memory.pyx", line 1376, in cupy.cuda.memory.SingleDeviceMemoryPool._malloc
  File "cupy/cuda/memory.pyx", line 1560, in cupy.cuda.memory.SingleDeviceMemoryPool._try_malloc
cupy.cuda.memory.OutOfMemoryError: Out of memory allocating 134,217,728 bytes (allocated so far: 536,870,912 bytes).
    self._target(*self._args, **self._kwargs)
  File "/workspace/h1/RH/scripts/rh/day038_h1_3e10_gpu.py", line 569, in _chunk
    sr, si, br, bi, s_ar, dm = slabfn(
                               ^^^^^^^
  File "/workspace/h1/RH/scripts/rh/day038_h1_3e10_gpu.py", line 443, in slab_budget_gpu
    cc = cp.asarray(c)
         ^^^^^^^^^^^^^
  File "/opt/venvs/cupy/lib/python3.12/site-packages/cupy/_creation/from_data.py", line 94, in asarray
    return _core.array(a, dtype, copy, order, blocking=blocking)
           ^^^^^^^^^^^^^^^^^^^^^^^^^^^^^^^^^^^^^^^^^^^^^^^^^^^^^
  File "cupy/_core/core.pyx", line 2821, in cupy._core.core.array
  File "cupy/_core/core.pyx", line 2841, in cupy._core.core.array
  File "cupy/_core/core.pyx", line 3067, in cupy._core.core._array_default
  File "cupy/_core/core.pyx", line 176, in cupy._core.core.ndarray.__new__
  File "cupy/_core/core.pyx", line 282, in cupy._core.core._ndarray_base._init
  File "cupy/cuda/memory.pyx", line 904, in cupy.cuda.memory.alloc
  File "cupy/cuda/memory.pyx", line 1614, in cupy.cuda.memory.MemoryPool.malloc
  File "cupy/cuda/memory.pyx", line 1635, in cupy.cuda.memory.MemoryPool.malloc
  File "cupy/cuda/memory.pyx", line 1350, in cupy.cuda.memory.SingleDeviceMemoryPool.malloc
  File "cupy/cuda/memory.pyx", line 1376, in cupy.cuda.memory.SingleDeviceMemoryPool._malloc
  File "cupy/cuda/memory.pyx", line 1560, in cupy.cuda.memory.SingleDeviceMemoryPool._try_malloc
cupy.cuda.memory.OutOfMemoryError: Out of memory allocating 134,217,728 bytes (allocated so far: 671,088,640 bytes).
    sr, si, br, bi, s_ar, dm = slabfn(
                               ^^^^^^^
  File "/workspace/h1/RH/scripts/rh/day038_h1_3e10_gpu.py", line 443, in slab_budget_gpu
    cc = cp.asarray(c)
         ^^^^^^^^^^^^^
  File "/opt/venvs/cupy/lib/python3.12/site-packages/cupy/_creation/from_data.py", line 94, in asarray
    return _core.array(a, dtype, copy, order, blocking=blocking)
           ^^^^^^^^^^^^^^^^^^^^^^^^^^^^^^^^^^^^^^^^^^^^^^^^^^^^^
  File "cupy/_core/core.pyx", line 2821, in cupy._core.core.array
  File "cupy/_core/core.pyx", line 2841, in cupy._core.core.array
  File "cupy/_core/core.pyx", line 3067, in cupy._core.core._array_default
  File "cupy/_core/core.pyx", line 176, in cupy._core.core.ndarray.__new__
  File "cupy/_core/core.pyx", line 282, in cupy._core.core._ndarray_base._init
  File "cupy/cuda/memory.pyx", line 904, in cupy.cuda.memory.alloc
  File "cupy/cuda/memory.pyx", line 1614, in cupy.cuda.memory.MemoryPool.malloc
  File "cupy/cuda/memory.pyx", line 1635, in cupy.cuda.memory.MemoryPool.malloc
  File "cupy/cuda/memory.pyx", line 1350, in cupy.cuda.memory.SingleDeviceMemoryPool.malloc
  File "cupy/cuda/memory.pyx", line 1376, in cupy.cuda.memory.SingleDeviceMemoryPool._malloc
  File "cupy/cuda/memory.pyx", line 1560, in cupy.cuda.memory.SingleDeviceMemoryPool._try_malloc
cupy.cuda.memory.OutOfMemoryError: Out of memory allocating 134,217,728 bytes (allocated so far: 671,088,640 bytes).
    self._target(*self._args, **self._kwargs)
  File "/workspace/h1/RH/scripts/rh/day038_h1_3e10_gpu.py", line 569, in _chunk
    sr, si, br, bi, s_ar, dm = slabfn(
                               ^^^^^^^
  File "/workspace/h1/RH/scripts/rh/day038_h1_3e10_gpu.py", line 443, in slab_budget_gpu
    cc = cp.asarray(c)
         ^^^^^^^^^^^^^
  File "/opt/venvs/cupy/lib/python3.12/site-packages/cupy/_creation/from_data.py", line 94, in asarray
    return _core.array(a, dtype, copy, order, blocking=blocking)
           ^^^^^^^^^^^^^^^^^^^^^^^^^^^^^^^^^^^^^^^^^^^^^^^^^^^^^
  File "cupy/_core/core.pyx", line 2821, in cupy._core.core.array
  File "cupy/_core/core.pyx", line 2841, in cupy._core.core.array
  File "cupy/_core/core.pyx", line 3067, in cupy._core.core._array_default
  File "cupy/_core/core.pyx", line 176, in cupy._core.core.ndarray.__new__
  File "cupy/_core/core.pyx", line 282, in cupy._core.core._ndarray_base._init
  File "cupy/cuda/memory.pyx", line 904, in cupy.cuda.memory.alloc
  File "cupy/cuda/memory.pyx", line 1614, in cupy.cuda.memory.MemoryPool.malloc
  File "cupy/cuda/memory.pyx", line 1635, in cupy.cuda.memory.MemoryPool.malloc
  File "cupy/cuda/memory.pyx", line 1350, in cupy.cuda.memory.SingleDeviceMemoryPool.malloc
  File "cupy/cuda/memory.pyx", line 1376, in cupy.cuda.memory.SingleDeviceMemoryPool._malloc
  File "cupy/cuda/memory.pyx", line 1560, in cupy.cuda.memory.SingleDeviceMemoryPool._try_malloc
cupy.cuda.memory.OutOfMemoryError: Out of memory allocating 134,217,728 bytes (allocated so far: 536,870,912 bytes).
    sr, si, br, bi, s_ar, dm = slabfn(
                               ^^^^^^^
  File "/workspace/h1/RH/scripts/rh/day038_h1_3e10_gpu.py", line 445, in slab_budget_gpu
    A = g2 + 0.25
        ~~~^~~~~~
  File "cupy/_core/core.pyx", line 1570, in cupy._core.core._ndarray_base.__add__
  File "cupy/_core/core.pyx", line 2024, in cupy._core.core._ndarray_base.__array_ufunc__
  File "cupy/_core/_kernel.pyx", line 1374, in cupy._core._kernel.ufunc.__call__
  File "cupy/_core/_kernel.pyx", line 657, in cupy._core._kernel._get_out_args_from_optionals
  File "cupy/_core/core.pyx", line 3342, in cupy._core.core._ndarray_init
  File "cupy/_core/core.pyx", line 300, in cupy._core.core._ndarray_base._init_fast
  File "cupy/cuda/memory.pyx", line 904, in cupy.cuda.memory.alloc
  File "cupy/cuda/memory.pyx", line 1614, in cupy.cuda.memory.MemoryPool.malloc
  File "cupy/cuda/memory.pyx", line 1635, in cupy.cuda.memory.MemoryPool.malloc
  File "cupy/cuda/memory.pyx", line 1350, in cupy.cuda.memory.SingleDeviceMemoryPool.malloc
  File "cupy/cuda/memory.pyx", line 1376, in cupy.cuda.memory.SingleDeviceMemoryPool._malloc
  File "cupy/cuda/memory.pyx", line 1560, in cupy.cuda.memory.SingleDeviceMemoryPool._try_malloc
cupy.cuda.memory.OutOfMemoryError: Out of memory allocating 134,217,728 bytes (allocated so far: 536,870,912 bytes).
    self.run()
  File "/usr/lib/python3.12/threading.py", line 1010, in run
    self._target(*self._args, **self._kwargs)
  File "/workspace/h1/RH/scripts/rh/day038_h1_3e10_gpu.py", line 569, in _chunk
    sr, si, br, bi, s_ar, dm = slabfn(
                               ^^^^^^^
  File "/workspace/h1/RH/scripts/rh/day038_h1_3e10_gpu.py", line 443, in slab_budget_gpu
    cc = cp.asarray(c)
         ^^^^^^^^^^^^^
  File "/opt/venvs/cupy/lib/python3.12/site-packages/cupy/_creation/from_data.py", line 94, in asarray
    return _core.array(a, dtype, copy, order, blocking=blocking)
           ^^^^^^^^^^^^^^^^^^^^^^^^^^^^^^^^^^^^^^^^^^^^^^^^^^^^^
  File "cupy/_core/core.pyx", line 2821, in cupy._core.core.array
  File "cupy/_core/core.pyx", line 2841, in cupy._core.core.array
  File "cupy/_core/core.pyx", line 3067, in cupy._core.core._array_default
  File "cupy/_core/core.pyx", line 176, in cupy._core.core.ndarray.__new__
  File "cupy/_core/core.pyx", line 282, in cupy._core.core._ndarray_base._init
  File "cupy/cuda/memory.pyx", line 904, in cupy.cuda.memory.alloc
  File "cupy/cuda/memory.pyx", line 1614, in cupy.cuda.memory.MemoryPool.malloc
  File "cupy/cuda/memory.pyx", line 1635, in cupy.cuda.memory.MemoryPool.malloc
  File "cupy/cuda/memory.pyx", line 1350, in cupy.cuda.memory.SingleDeviceMemoryPool.malloc
  File "cupy/cuda/memory.pyx", line 1376, in cupy.cuda.memory.SingleDeviceMemoryPool._malloc
  File "cupy/cuda/memory.pyx", line 1560, in cupy.cuda.memory.SingleDeviceMemoryPool._try_malloc
cupy.cuda.memory.OutOfMemoryError: Out of memory allocating 134,217,728 bytes (allocated so far: 268,435,456 bytes).
point  job  (win  0,  k  -4,  x=9493511984)  WORKER  FAILED:  TypeError('cannot unpack non-iterable NoneType object')  --  done  points  are  checkpointed;  supervisor  resumes
Exception in thread Thread-49 (_chunk):
Traceback (most recent call last):
  File "/usr/lib/python3.12/threading.py", line 1073, in _bootstrap_inner
    self.run()
  File "/usr/lib/python3.12/threading.py", line 1010, in run
    self._target(*self._args, **self._kwargs)
  File "/workspace/h1/RH/scripts/rh/day038_h1_3e10_gpu.py", line 569, in _chunk
    sr, si, br, bi, s_ar, dm = slabfn(
                               ^^^^^^^
  File "/workspace/h1/RH/scripts/rh/day038_h1_3e10_gpu.py", line 445, in slab_budget_gpu
    A = g2 + 0.25
        ~~~^~~~~~
  File "cupy/_core/core.pyx", line 1570, in cupy._core.core._ndarray_base.__add__
  File "cupy/_core/core.pyx", line 2024, in cupy._core.core._ndarray_base.__array_ufunc__
  File "cupy/_core/_kernel.pyx", line 1374, in cupy._core._kernel.ufunc.__call__
  File "cupy/_core/_kernel.pyx", line 657, in cupy._core._kernel._get_out_args_from_optionals
  File "cupy/_core/core.pyx", line 3342, in cupy._core.core._ndarray_init
  File "cupy/_core/core.pyx", line 300, in cupy._core.core._ndarray_base._init_fast
  File "cupy/cuda/memory.pyx", line 904, in cupy.cuda.memory.alloc
  File "cupy/cuda/memory.pyx", line 1614, in cupy.cuda.memory.MemoryPool.malloc
  File "cupy/cuda/memory.pyx", line 1635, in cupy.cuda.memory.MemoryPool.malloc
  File "cupy/cuda/memory.pyx", line 1350, in cupy.cuda.memory.SingleDeviceMemoryPool.malloc
  File "cupy/cuda/memory.pyx", line 1376, in cupy.cuda.memory.SingleDeviceMemoryPool._malloc
  File "cupy/cuda/memory.pyx", line 1560, in cupy.cuda.memory.SingleDeviceMemoryPool._try_malloc
cupy.cuda.memory.OutOfMemoryError: Out of memory allocating 134,217,728 bytes (allocated so far: 268,435,456 bytes).
Exception in thread Thread-51 (_chunk):
Traceback (most recent call last):
  File "/usr/lib/python3.12/threading.py", line 1073, in _bootstrap_inner
Exception in thread     self.run()
  File "/usr/lib/python3.12/threading.py", line 1010, in run
    self._target(*self._args, **self._kwargs)
  File "/workspace/h1/RH/scripts/rh/day038_h1_3e10_gpu.py", line 569, in _chunk
    sr, si, br, bi, s_ar, dm = slabfn(
                               ^^^^^^^
  File "/workspace/h1/RH/scripts/rh/day038_h1_3e10_gpu.py", line 444, in slab_budget_gpu
    g2 = cc * cc
         ~~~^~~~
  File "cupy/_core/core.pyx", line 1582, in cupy._core.core._ndarray_base.__mul__
  File "cupy/_core/_kernel.pyx", line 1374, in cupy._core._kernel.ufunc.__call__
  File "cupy/_core/_kernel.pyx", line 657, in cupy._core._kernel._get_out_args_from_optionals
  File "cupy/_core/core.pyx", line 3342, in cupy._core.core._ndarray_init
  File "cupy/_core/core.pyx", line 300, in cupy._core.core._ndarray_base._init_fast
  File "cupy/cuda/memory.pyx", line 904, in cupy.cuda.memory.alloc
  File "cupy/cuda/memory.pyx", line 1614, in cupy.cuda.memory.MemoryPool.malloc
  File "cupy/cuda/memory.pyx", line 1635, in cupy.cuda.memory.MemoryPool.malloc
  File "cupy/cuda/memory.pyx", line 1350, in cupy.cuda.memory.SingleDeviceMemoryPool.malloc
  File "cupy/cuda/memory.pyx", line 1376, in cupy.cuda.memory.SingleDeviceMemoryPool._malloc
  File "cupy/cuda/memory.pyx", line 1560, in cupy.cuda.memory.SingleDeviceMemoryPool._try_malloc
cupy.cuda.memory.OutOfMemoryError: Out of memory allocating 134,217,728 bytes (allocated so far: 402,653,184 bytes).
Thread-56 (_chunk):
Traceback (most recent call last):
  File "/usr/lib/python3.12/threading.py", line 1073, in _bootstrap_inner
    self.run()
  File "/usr/lib/python3.12/threading.py", line 1010, in run
    self._target(*self._args, **self._kwargs)
  File "/workspace/h1/RH/scripts/rh/day038_h1_3e10_gpu.py", line 569, in _chunk
    sr, si, br, bi, s_ar, dm = slabfn(
                               ^^^^^^^
  File "/workspace/h1/RH/scripts/rh/day038_h1_3e10_gpu.py", line 443, in slab_budget_gpu
    cc = cp.asarray(c)
         ^^^^^^^^^^^^^
  File "/opt/venvs/cupy/lib/python3.12/site-packages/cupy/_creation/from_data.py", line 94, in asarray
    return _core.array(a, dtype, copy, order, blocking=blocking)
           ^^^^^^^^^^^^^^^^^^^^^^^^^^^^^^^^^^^^^^^^^^^^^^^^^^^^^
  File "cupy/_core/core.pyx", line 2821, in cupy._core.core.array
  File "cupy/_core/core.pyx", line 2841, in cupy._core.core.array
  File "cupy/_core/core.pyx", line 3067, in cupy._core.core._array_default
  File "cupy/_core/core.pyx", line 176, in cupy._core.core.ndarray.__new__
  File "cupy/_core/core.pyx", line 282, in cupy._core.core._ndarray_base._init
  File "cupy/cuda/memory.pyx", line 904, in cupy.cuda.memory.alloc
  File "cupy/cuda/memory.pyx", line 1614, in cupy.cuda.memory.MemoryPool.malloc
  File "cupy/cuda/memory.pyx", line 1635, in cupy.cuda.memory.MemoryPool.malloc
  File "cupy/cuda/memory.pyx", line 1350, in cupy.cuda.memory.SingleDeviceMemoryPool.malloc
  File "cupy/cuda/memory.pyx", line 1376, in cupy.cuda.memory.SingleDeviceMemoryPool._malloc
  File "cupy/cuda/memory.pyx", line 1560, in cupy.cuda.memory.SingleDeviceMemoryPool._try_malloc
cupy.cuda.memory.OutOfMemoryError: Out of memory allocating 134,217,728 bytes (allocated so far: 805,306,368 bytes).
Exception in thread Thread-53 (_chunk):
Traceback (most recent call last):
  File "/usr/lib/python3.12/threading.py", line 1073, in _bootstrap_inner
    self.run()
  File "/usr/lib/python3.12/threading.py", line 1010, in run
    self._target(*self._args, **self._kwargs)
  File "/workspace/h1/RH/scripts/rh/day038_h1_3e10_gpu.py", line 569, in _chunk
    sr, si, br, bi, s_ar, dm = slabfn(
                               ^^^^^^^
  File "/workspace/h1/RH/scripts/rh/day038_h1_3e10_gpu.py", line 443, in slab_budget_gpu
    cc = cp.asarray(c)
         ^^^^^^^^^^^^^
  File "/opt/venvs/cupy/lib/python3.12/site-packages/cupy/_creation/from_data.py", line 94, in asarray
    return _core.array(a, dtype, copy, order, blocking=blocking)
           ^^^^^^^^^^^^^^^^^^^^^^^^^^^^^^^^^^^^^^^^^^^^^^^^^^^^^
  File "cupy/_core/core.pyx", line 2821, in cupy._core.core.array
  File "cupy/_core/core.pyx", line 2841, in cupy._core.core.array
  File "cupy/_core/core.pyx", line 3067, in cupy._core.core._array_default
  File "cupy/_core/core.pyx", line 176, in cupy._core.core.ndarray.__new__
  File "cupy/_core/core.pyx", line 282, in cupy._core.core._ndarray_base._init
  File "cupy/cuda/memory.pyx", line 904, in cupy.cuda.memory.alloc
  File "cupy/cuda/memory.pyx", line 1614, in cupy.cuda.memory.MemoryPool.malloc
  File "cupy/cuda/memory.pyx", line 1635, in cupy.cuda.memory.MemoryPool.malloc
  File "cupy/cuda/memory.pyx", line 1350, in cupy.cuda.memory.SingleDeviceMemoryPool.malloc
  File "cupy/cuda/memory.pyx", line 1376, in cupy.cuda.memory.SingleDeviceMemoryPool._malloc
  File "cupy/cuda/memory.pyx", line 1560, in cupy.cuda.memory.SingleDeviceMemoryPool._try_malloc
cupy.cuda.memory.OutOfMemoryError: Out of memory allocating 134,217,728 bytes (allocated so far: 671,088,640 bytes).
Exception in thread Thread-55 (_chunk):
Traceback (most recent call last):
  File "/usr/lib/python3.12/threading.py", line 1073, in _bootstrap_inner
Exception in thread     self.run()
  File "/usr/lib/python3.12/threading.py", line 1010, in run
    self._target(*self._args, **self._kwargs)
  File "/workspace/h1/RH/scripts/rh/day038_h1_3e10_gpu.py", line 569, in _chunk
    sr, si, br, bi, s_ar, dm = slabfn(
                               ^^^^^^^
  File "/workspace/h1/RH/scripts/rh/day038_h1_3e10_gpu.py", line 443, in slab_budget_gpu
    cc = cp.asarray(c)
         ^^^^^^^^^^^^^
  File "/opt/venvs/cupy/lib/python3.12/site-packages/cupy/_creation/from_data.py", line 94, in asarray
    return _core.array(a, dtype, copy, order, blocking=blocking)
           ^^^^^^^^^^^^^^^^^^^^^^^^^^^^^^^^^^^^^^^^^^^^^^^^^^^^^
  File "cupy/_core/core.pyx", line 2821, in cupy._core.core.array
  File "cupy/_core/core.pyx", line 2841, in cupy._core.core.array
  File "cupy/_core/core.pyx", line 3067, in cupy._core.core._array_default
  File "cupy/_core/core.pyx", line 176, in cupy._core.core.ndarray.__new__
  File "cupy/_core/core.pyx", line 282, in cupy._core.core._ndarray_base._init
  File "cupy/cuda/memory.pyx", line 904, in cupy.cuda.memory.alloc
  File "cupy/cuda/memory.pyx", line 1614, in cupy.cuda.memory.MemoryPool.malloc
  File "cupy/cuda/memory.pyx", line 1635, in cupy.cuda.memory.MemoryPool.malloc
  File "cupy/cuda/memory.pyx", line 1350, in cupy.cuda.memory.SingleDeviceMemoryPool.malloc
  File "cupy/cuda/memory.pyx", line 1376, in cupy.cuda.memory.SingleDeviceMemoryPool._malloc
  File "cupy/cuda/memory.pyx", line 1560, in cupy.cuda.memory.SingleDeviceMemoryPool._try_malloc
cupy.cuda.memory.OutOfMemoryError: Out of memory allocating 134,217,728 bytes (allocated so far: 671,088,640 bytes).
Thread-54 (_chunk):
Traceback (most recent call last):
  File "/usr/lib/python3.12/threading.py", line 1073, in _bootstrap_inner
    self.run()
  File "/usr/lib/python3.12/threading.py", line 1010, in run
    self._target(*self._args, **self._kwargs)
  File "/workspace/h1/RH/scripts/rh/day038_h1_3e10_gpu.py", line 569, in _chunk
    sr, si, br, bi, s_ar, dm = slabfn(
                               ^^^^^^^
  File "/workspace/h1/RH/scripts/rh/day038_h1_3e10_gpu.py", line 443, in slab_budget_gpu
    cc = cp.asarray(c)
         ^^^^^^^^^^^^^
  File "/opt/venvs/cupy/lib/python3.12/site-packages/cupy/_creation/from_data.py", line 94, in asarray
    return _core.array(a, dtype, copy, order, blocking=blocking)
           ^^^^^^^^^^^^^^^^^^^^^^^^^^^^^^^^^^^^^^^^^^^^^^^^^^^^^
  File "cupy/_core/core.pyx", line 2821, in cupy._core.core.array
  File "cupy/_core/core.pyx", line 2841, in cupy._core.core.array
  File "cupy/_core/core.pyx", line 3067, in cupy._core.core._array_default
  File "cupy/_core/core.pyx", line 176, in cupy._core.core.ndarray.__new__
  File "cupy/_core/core.pyx", line 282, in cupy._core.core._ndarray_base._init
  File "cupy/cuda/memory.pyx", line 904, in cupy.cuda.memory.alloc
  File "cupy/cuda/memory.pyx", line 1614, in cupy.cuda.memory.MemoryPool.malloc
  File "cupy/cuda/memory.pyx", line 1635, in cupy.cuda.memory.MemoryPool.malloc
  File "cupy/cuda/memory.pyx", line 1350, in cupy.cuda.memory.SingleDeviceMemoryPool.malloc
  File "cupy/cuda/memory.pyx", line 1376, in cupy.cuda.memory.SingleDeviceMemoryPool._malloc
  File "cupy/cuda/memory.pyx", line 1560, in cupy.cuda.memory.SingleDeviceMemoryPool._try_malloc
cupy.cuda.memory.OutOfMemoryError: Out of memory allocating 134,217,728 bytes (allocated so far: 536,870,912 bytes).
Exception in thread Thread-50 (_chunk):
Traceback (most recent call last):
  File "/usr/lib/python3.12/threading.py", line 1073, in _bootstrap_inner
    self.run()
  File "/usr/lib/python3.12/threading.py", line 1010, in run
    self._target(*self._args, **self._kwargs)
  File "/workspace/h1/RH/scripts/rh/day038_h1_3e10_gpu.py", line 569, in _chunk
    sr, si, br, bi, s_ar, dm = slabfn(
                               ^^^^^^^
  File "/workspace/h1/RH/scripts/rh/day038_h1_3e10_gpu.py", line 445, in slab_budget_gpu
    A = g2 + 0.25
        ~~~^~~~~~
  File "cupy/_core/core.pyx", line 1570, in cupy._core.core._ndarray_base.__add__
  File "cupy/_core/core.pyx", line 2024, in cupy._core.core._ndarray_base.__array_ufunc__
  File "cupy/_core/_kernel.pyx", line 1374, in cupy._core._kernel.ufunc.__call__
  File "cupy/_core/_kernel.pyx", line 657, in cupy._core._kernel._get_out_args_from_optionals
  File "cupy/_core/core.pyx", line 3342, in cupy._core.core._ndarray_init
  File "cupy/_core/core.pyx", line 300, in cupy._core.core._ndarray_base._init_fast
  File "cupy/cuda/memory.pyx", line 904, in cupy.cuda.memory.alloc
  File "cupy/cuda/memory.pyx", line 1614, in cupy.cuda.memory.MemoryPool.malloc
  File "cupy/cuda/memory.pyx", line 1635, in cupy.cuda.memory.MemoryPool.malloc
  File "cupy/cuda/memory.pyx", line 1350, in cupy.cuda.memory.SingleDeviceMemoryPool.malloc
  File "cupy/cuda/memory.pyx", line 1376, in cupy.cuda.memory.SingleDeviceMemoryPool._malloc
  File "cupy/cuda/memory.pyx", line 1560, in cupy.cuda.memory.SingleDeviceMemoryPool._try_malloc
cupy.cuda.memory.OutOfMemoryError: Out of memory allocating 134,217,728 bytes (allocated so far: 402,653,184 bytes).
Exception in thread Thread-52 (_chunk):
Traceback (most recent call last):
  File "/usr/lib/python3.12/threading.py", line 1073, in _bootstrap_inner
    self.run()
  File "/usr/lib/python3.12/threading.py", line 1010, in run
    self._target(*self._args, **self._kwargs)
  File "/workspace/h1/RH/scripts/rh/day038_h1_3e10_gpu.py", line 569, in _chunk
    sr, si, br, bi, s_ar, dm = slabfn(
                               ^^^^^^^
  File "/workspace/h1/RH/scripts/rh/day038_h1_3e10_gpu.py", line 443, in slab_budget_gpu
    cc = cp.asarray(c)
         ^^^^^^^^^^^^^
  File "/opt/venvs/cupy/lib/python3.12/site-packages/cupy/_creation/from_data.py", line 94, in asarray
    return _core.array(a, dtype, copy, order, blocking=blocking)
           ^^^^^^^^^^^^^^^^^^^^^^^^^^^^^^^^^^^^^^^^^^^^^^^^^^^^^
  File "cupy/_core/core.pyx", line 2821, in cupy._core.core.array
  File "cupy/_core/core.pyx", line 2841, in cupy._core.core.array
  File "cupy/_core/core.pyx", line 3067, in cupy._core.core._array_default
  File "cupy/_core/core.pyx", line 176, in cupy._core.core.ndarray.__new__
  File "cupy/_core/core.pyx", line 282, in cupy._core.core._ndarray_base._init
  File "cupy/cuda/memory.pyx", line 904, in cupy.cuda.memory.alloc
  File "cupy/cuda/memory.pyx", line 1614, in cupy.cuda.memory.MemoryPool.malloc
  File "cupy/cuda/memory.pyx", line 1635, in cupy.cuda.memory.MemoryPool.malloc
  File "cupy/cuda/memory.pyx", line 1350, in cupy.cuda.memory.SingleDeviceMemoryPool.malloc
  File "cupy/cuda/memory.pyx", line 1376, in cupy.cuda.memory.SingleDeviceMemoryPool._malloc
  File "cupy/cuda/memory.pyx", line 1560, in cupy.cuda.memory.SingleDeviceMemoryPool._try_malloc
cupy.cuda.memory.OutOfMemoryError: Out of memory allocating 134,217,728 bytes (allocated so far: 268,435,456 bytes).
point  job  (win  0,  k  -3,  x=9493511984)  WORKER  FAILED:  TypeError('cannot unpack non-iterable NoneType object')  --  done  points  are  checkpointed;  supervisor  resumes
Exception in thread Thread-57 (_chunk):
Traceback (most recent call last):
  File "/usr/lib/python3.12/threading.py", line 1073, in _bootstrap_inner
    self.run()
  File "/usr/lib/python3.12/threading.py", line 1010, in run
    self._target(*self._args, **self._kwargs)
  File "/workspace/h1/RH/scripts/rh/day038_h1_3e10_gpu.py", line 569, in _chunk
    sr, si, br, bi, s_ar, dm = slabfn(
                               ^^^^^^^
  File "/workspace/h1/RH/scripts/rh/day038_h1_3e10_gpu.py", line 445, in slab_budget_gpu
    A = g2 + 0.25
        ~~~^~~~~~
  File "cupy/_core/core.pyx", line 1570, in cupy._core.core._ndarray_base.__add__
  File "cupy/_core/core.pyx", line 2024, in cupy._core.core._ndarray_base.__array_ufunc__
  File "cupy/_core/_kernel.pyx", line 1374, in cupy._core._kernel.ufunc.__call__
  File "cupy/_core/_kernel.pyx", line 657, in cupy._core._kernel._get_out_args_from_optionals
  File "cupy/_core/core.pyx", line 3342, in cupy._core.core._ndarray_init
  File "cupy/_core/core.pyx", line 300, in cupy._core.core._ndarray_base._init_fast
  File "cupy/cuda/memory.pyx", line 904, in cupy.cuda.memory.alloc
  File "cupy/cuda/memory.pyx", line 1614, in cupy.cuda.memory.MemoryPool.malloc
  File "cupy/cuda/memory.pyx", line 1635, in cupy.cuda.memory.MemoryPool.malloc
  File "cupy/cuda/memory.pyx", line 1350, in cupy.cuda.memory.SingleDeviceMemoryPool.malloc
  File "cupy/cuda/memory.pyx", line 1376, in cupy.cuda.memory.SingleDeviceMemoryPool._malloc
  File "cupy/cuda/memory.pyx", line 1560, in cupy.cuda.memory.SingleDeviceMemoryPool._try_malloc
cupy.cuda.memory.OutOfMemoryError: Out of memory allocating 134,217,728 bytes (allocated so far: 268,435,456 bytes).
Exception in thread Thread-60 (_chunk):
Traceback (most recent call last):
Exception in thread   File "/usr/lib/python3.12/threading.py", line 1073, in _bootstrap_inner
Thread-61 (_chunk):
Traceback (most recent call last):
Exception in thread   File "/usr/lib/python3.12/threading.py", line 1073, in _bootstrap_inner
    self.run()
  File "/usr/lib/python3.12/threading.py", line 1010, in run
    self._target(*self._args, **self._kwargs)
  File "/workspace/h1/RH/scripts/rh/day038_h1_3e10_gpu.py", line 569, in _chunk
    sr, si, br, bi, s_ar, dm = slabfn(
                               ^^^^^^^
  File "/workspace/h1/RH/scripts/rh/day038_h1_3e10_gpu.py", line 444, in slab_budget_gpu
    g2 = cc * cc
         ~~~^~~~
  File "cupy/_core/core.pyx", line 1582, in cupy._core.core._ndarray_base.__mul__
  File "cupy/_core/_kernel.pyx", line 1374, in cupy._core._kernel.ufunc.__call__
  File "cupy/_core/_kernel.pyx", line 657, in cupy._core._kernel._get_out_args_from_optionals
  File "cupy/_core/core.pyx", line 3342, in cupy._core.core._ndarray_init
  File "cupy/_core/core.pyx", line 300, in cupy._core.core._ndarray_base._init_fast
  File "cupy/cuda/memory.pyx", line 904, in cupy.cuda.memory.alloc
  File "cupy/cuda/memory.pyx", line 1614, in cupy.cuda.memory.MemoryPool.malloc
  File "cupy/cuda/memory.pyx", line 1635, in cupy.cuda.memory.MemoryPool.malloc
  File "cupy/cuda/memory.pyx", line 1350, in cupy.cuda.memory.SingleDeviceMemoryPool.malloc
  File "cupy/cuda/memory.pyx", line 1376, in cupy.cuda.memory.SingleDeviceMemoryPool._malloc
  File "cupy/cuda/memory.pyx", line 1560, in cupy.cuda.memory.SingleDeviceMemoryPool._try_malloc
cupy.cuda.memory.OutOfMemoryError: Out of memory allocating 134,217,728 bytes (allocated so far: 536,870,912 bytes).
    self.run()
  File "/usr/lib/python3.12/threading.py", line 1010, in run
    self._target(*self._args, **self._kwargs)
  File "/workspace/h1/RH/scripts/rh/day038_h1_3e10_gpu.py", line 569, in _chunk
    sr, si, br, bi, s_ar, dm = slabfn(
                               ^^^^^^^
  File "/workspace/h1/RH/scripts/rh/day038_h1_3e10_gpu.py", line 443, in slab_budget_gpu
    cc = cp.asarray(c)
         ^^^^^^^^^^^^^
  File "/opt/venvs/cupy/lib/python3.12/site-packages/cupy/_creation/from_data.py", line 94, in asarray
    return _core.array(a, dtype, copy, order, blocking=blocking)
           ^^^^^^^^^^^^^^^^^^^^^^^^^^^^^^^^^^^^^^^^^^^^^^^^^^^^^
  File "cupy/_core/core.pyx", line 2821, in cupy._core.core.array
  File "cupy/_core/core.pyx", line 2841, in cupy._core.core.array
  File "cupy/_core/core.pyx", line 3067, in cupy._core.core._array_default
  File "cupy/_core/core.pyx", line 176, in cupy._core.core.ndarray.__new__
  File "cupy/_core/core.pyx", line 282, in cupy._core.core._ndarray_base._init
  File "cupy/cuda/memory.pyx", line 904, in cupy.cuda.memory.alloc
  File "cupy/cuda/memory.pyx", line 1614, in cupy.cuda.memory.MemoryPool.malloc
  File "cupy/cuda/memory.pyx", line 1635, in cupy.cuda.memory.MemoryPool.malloc
  File "cupy/cuda/memory.pyx", line 1350, in cupy.cuda.memory.SingleDeviceMemoryPool.malloc
  File "cupy/cuda/memory.pyx", line 1376, in cupy.cuda.memory.SingleDeviceMemoryPool._malloc
  File "cupy/cuda/memory.pyx", line 1560, in cupy.cuda.memory.SingleDeviceMemoryPool._try_malloc
cupy.cuda.memory.OutOfMemoryError: Out of memory allocating 134,217,728 bytes (allocated so far: 805,306,368 bytes).
Thread-62 (_chunk):
Traceback (most recent call last):
  File "/usr/lib/python3.12/threading.py", line 1073, in _bootstrap_inner
    self.run()
  File "/usr/lib/python3.12/threading.py", line 1010, in run
    self._target(*self._args, **self._kwargs)
  File "/workspace/h1/RH/scripts/rh/day038_h1_3e10_gpu.py", line 569, in _chunk
    sr, si, br, bi, s_ar, dm = slabfn(
                               ^^^^^^^
  File "/workspace/h1/RH/scripts/rh/day038_h1_3e10_gpu.py", line 443, in slab_budget_gpu
    cc = cp.asarray(c)
         ^^^^^^^^^^^^^
  File "/opt/venvs/cupy/lib/python3.12/site-packages/cupy/_creation/from_data.py", line 94, in asarray
    return _core.array(a, dtype, copy, order, blocking=blocking)
           ^^^^^^^^^^^^^^^^^^^^^^^^^^^^^^^^^^^^^^^^^^^^^^^^^^^^^
  File "cupy/_core/core.pyx", line 2821, in cupy._core.core.array
  File "cupy/_core/core.pyx", line 2841, in cupy._core.core.array
  File "cupy/_core/core.pyx", line 3067, in cupy._core.core._array_default
  File "cupy/_core/core.pyx", line 176, in cupy._core.core.ndarray.__new__
  File "cupy/_core/core.pyx", line 282, in cupy._core.core._ndarray_base._init
  File "cupy/cuda/memory.pyx", line 904, in cupy.cuda.memory.alloc
  File "cupy/cuda/memory.pyx", line 1614, in cupy.cuda.memory.MemoryPool.malloc
  File "cupy/cuda/memory.pyx", line 1635, in cupy.cuda.memory.MemoryPool.malloc
  File "cupy/cuda/memory.pyx", line 1350, in cupy.cuda.memory.SingleDeviceMemoryPool.malloc
  File "cupy/cuda/memory.pyx", line 1376, in cupy.cuda.memory.SingleDeviceMemoryPool._malloc
  File "cupy/cuda/memory.pyx", line 1560, in cupy.cuda.memory.SingleDeviceMemoryPool._try_malloc
cupy.cuda.memory.OutOfMemoryError: Out of memory allocating 134,217,728 bytes (allocated so far: 671,088,640 bytes).
Exception in thread Thread-64 (_chunk):
Traceback (most recent call last):
  File "/usr/lib/python3.12/threading.py", line 1073, in _bootstrap_inner
    self.run()
  File "/usr/lib/python3.12/threading.py", line 1010, in run
    self._target(*self._args, **self._kwargs)
  File "/workspace/h1/RH/scripts/rh/day038_h1_3e10_gpu.py", line 569, in _chunk
    sr, si, br, bi, s_ar, dm = slabfn(
                               ^^^^^^^
  File "/workspace/h1/RH/scripts/rh/day038_h1_3e10_gpu.py", line 444, in slab_budget_gpu
    g2 = cc * cc
         ~~~^~~~
  File "cupy/_core/core.pyx", line 1582, in cupy._core.core._ndarray_base.__mul__
  File "cupy/_core/_kernel.pyx", line 1374, in cupy._core._kernel.ufunc.__call__
  File "cupy/_core/_kernel.pyx", line 657, in cupy._core._kernel._get_out_args_from_optionals
  File "cupy/_core/core.pyx", line 3342, in cupy._core.core._ndarray_init
  File "cupy/_core/core.pyx", line 300, in cupy._core.core._ndarray_base._init_fast
  File "cupy/cuda/memory.pyx", line 904, in cupy.cuda.memory.alloc
  File "cupy/cuda/memory.pyx", line 1614, in cupy.cuda.memory.MemoryPool.malloc
  File "cupy/cuda/memory.pyx", line 1635, in cupy.cuda.memory.MemoryPool.malloc
  File "cupy/cuda/memory.pyx", line 1350, in cupy.cuda.memory.SingleDeviceMemoryPool.malloc
  File "cupy/cuda/memory.pyx", line 1376, in cupy.cuda.memory.SingleDeviceMemoryPool._malloc
  File "cupy/cuda/memory.pyx", line 1560, in cupy.cuda.memory.SingleDeviceMemoryPool._try_malloc
cupy.cuda.memory.OutOfMemoryError: Out of memory allocating 134,217,728 bytes (allocated so far: 536,870,912 bytes).
Exception in thread Thread-63 (_chunk):
Traceback (most recent call last):
  File "/usr/lib/python3.12/threading.py", line 1073, in _bootstrap_inner
    self.run()
  File "/usr/lib/python3.12/threading.py", line 1010, in run
    self._target(*self._args, **self._kwargs)
  File "/workspace/h1/RH/scripts/rh/day038_h1_3e10_gpu.py", line 569, in _chunk
    sr, si, br, bi, s_ar, dm = slabfn(
                               ^^^^^^^
  File "/workspace/h1/RH/scripts/rh/day038_h1_3e10_gpu.py", line 443, in slab_budget_gpu
    cc = cp.asarray(c)
         ^^^^^^^^^^^^^
  File "/opt/venvs/cupy/lib/python3.12/site-packages/cupy/_creation/from_data.py", line 94, in asarray
    return _core.array(a, dtype, copy, order, blocking=blocking)
           ^^^^^^^^^^^^^^^^^^^^^^^^^^^^^^^^^^^^^^^^^^^^^^^^^^^^^
  File "cupy/_core/core.pyx", line 2821, in cupy._core.core.array
  File "cupy/_core/core.pyx", line 2841, in cupy._core.core.array
  File "cupy/_core/core.pyx", line 3067, in cupy._core.core._array_default
  File "cupy/_core/core.pyx", line 176, in cupy._core.core.ndarray.__new__
  File "cupy/_core/core.pyx", line 282, in cupy._core.core._ndarray_base._init
  File "cupy/cuda/memory.pyx", line 904, in cupy.cuda.memory.alloc
  File "cupy/cuda/memory.pyx", line 1614, in cupy.cuda.memory.MemoryPool.malloc
  File "cupy/cuda/memory.pyx", line 1635, in cupy.cuda.memory.MemoryPool.malloc
  File "cupy/cuda/memory.pyx", line 1350, in cupy.cuda.memory.SingleDeviceMemoryPool.malloc
  File "cupy/cuda/memory.pyx", line 1376, in cupy.cuda.memory.SingleDeviceMemoryPool._malloc
  File "cupy/cuda/memory.pyx", line 1560, in cupy.cuda.memory.SingleDeviceMemoryPool._try_malloc
cupy.cuda.memory.OutOfMemoryError: Out of memory allocating 134,217,728 bytes (allocated so far: 268,435,456 bytes).
Exception in thread Thread-58 (_chunk):
Traceback (most recent call last):
  File "/usr/lib/python3.12/threading.py", line 1073, in _bootstrap_inner
    self.run()
  File "/usr/lib/python3.12/threading.py", line 1010, in run
    self._target(*self._args, **self._kwargs)
  File "/workspace/h1/RH/scripts/rh/day038_h1_3e10_gpu.py", line 569, in _chunk
    sr, si, br, bi, s_ar, dm = slabfn(
                               ^^^^^^^
  File "/workspace/h1/RH/scripts/rh/day038_h1_3e10_gpu.py", line 444, in slab_budget_gpu
    g2 = cc * cc
         ~~~^~~~
  File "cupy/_core/core.pyx", line 1582, in cupy._core.core._ndarray_base.__mul__
  File "cupy/_core/_kernel.pyx", line 1374, in cupy._core._kernel.ufunc.__call__
  File "cupy/_core/_kernel.pyx", line 657, in cupy._core._kernel._get_out_args_from_optionals
  File "cupy/_core/core.pyx", line 3342, in cupy._core.core._ndarray_init
  File "cupy/_core/core.pyx", line 300, in cupy._core.core._ndarray_base._init_fast
  File "cupy/cuda/memory.pyx", line 904, in cupy.cuda.memory.alloc
  File "cupy/cuda/memory.pyx", line 1614, in cupy.cuda.memory.MemoryPool.malloc
  File "cupy/cuda/memory.pyx", line 1635, in cupy.cuda.memory.MemoryPool.malloc
  File "cupy/cuda/memory.pyx", line 1350, in cupy.cuda.memory.SingleDeviceMemoryPool.malloc
  File "cupy/cuda/memory.pyx", line 1376, in cupy.cuda.memory.SingleDeviceMemoryPool._malloc
  File "cupy/cuda/memory.pyx", line 1560, in cupy.cuda.memory.SingleDeviceMemoryPool._try_malloc
cupy.cuda.memory.OutOfMemoryError: Out of memory allocating 134,217,728 bytes (allocated so far: 402,653,184 bytes).
Exception in thread Thread-59 (_chunk):
Traceback (most recent call last):
  File "/usr/lib/python3.12/threading.py", line 1073, in _bootstrap_inner
    self.run()
  File "/usr/lib/python3.12/threading.py", line 1010, in run
    self._target(*self._args, **self._kwargs)
  File "/workspace/h1/RH/scripts/rh/day038_h1_3e10_gpu.py", line 569, in _chunk
    sr, si, br, bi, s_ar, dm = slabfn(
                               ^^^^^^^
  File "/workspace/h1/RH/scripts/rh/day038_h1_3e10_gpu.py", line 444, in slab_budget_gpu
    g2 = cc * cc
         ~~~^~~~
  File "cupy/_core/core.pyx", line 1582, in cupy._core.core._ndarray_base.__mul__
  File "cupy/_core/_kernel.pyx", line 1374, in cupy._core._kernel.ufunc.__call__
  File "cupy/_core/_kernel.pyx", line 657, in cupy._core._kernel._get_out_args_from_optionals
  File "cupy/_core/core.pyx", line 3342, in cupy._core.core._ndarray_init
  File "cupy/_core/core.pyx", line 300, in cupy._core.core._ndarray_base._init_fast
  File "cupy/cuda/memory.pyx", line 904, in cupy.cuda.memory.alloc
  File "cupy/cuda/memory.pyx", line 1614, in cupy.cuda.memory.MemoryPool.malloc
  File "cupy/cuda/memory.pyx", line 1635, in cupy.cuda.memory.MemoryPool.malloc
  File "cupy/cuda/memory.pyx", line 1350, in cupy.cuda.memory.SingleDeviceMemoryPool.malloc
  File "cupy/cuda/memory.pyx", line 1376, in cupy.cuda.memory.SingleDeviceMemoryPool._malloc
  File "cupy/cuda/memory.pyx", line 1560, in cupy.cuda.memory.SingleDeviceMemoryPool._try_malloc
cupy.cuda.memory.OutOfMemoryError: Out of memory allocating 134,217,728 bytes (allocated so far: 268,435,456 bytes).
point  job  (win  0,  k  -2,  x=9493511984)  WORKER  FAILED:  TypeError('cannot unpack non-iterable NoneType object')  --  done  points  are  checkpointed;  supervisor  resumes
Exception in thread Thread-65 (_chunk):
Traceback (most recent call last):
  File "/usr/lib/python3.12/threading.py", line 1073, in _bootstrap_inner
    self.run()
  File "/usr/lib/python3.12/threading.py", line 1010, in run
    self._target(*self._args, **self._kwargs)
  File "/workspace/h1/RH/scripts/rh/day038_h1_3e10_gpu.py", line 569, in _chunk
    sr, si, br, bi, s_ar, dm = slabfn(
                               ^^^^^^^
  File "/workspace/h1/RH/scripts/rh/day038_h1_3e10_gpu.py", line 445, in slab_budget_gpu
    A = g2 + 0.25
        ~~~^~~~~~
  File "cupy/_core/core.pyx", line 1570, in cupy._core.core._ndarray_base.__add__
  File "cupy/_core/core.pyx", line 2024, in cupy._core.core._ndarray_base.__array_ufunc__
  File "cupy/_core/_kernel.pyx", line 1374, in cupy._core._kernel.ufunc.__call__
  File "cupy/_core/_kernel.pyx", line 657, in cupy._core._kernel._get_out_args_from_optionals
  File "cupy/_core/core.pyx", line 3342, in cupy._core.core._ndarray_init
  File "cupy/_core/core.pyx", line 300, in cupy._core.core._ndarray_base._init_fast
  File "cupy/cuda/memory.pyx", line 904, in cupy.cuda.memory.alloc
  File "cupy/cuda/memory.pyx", line 1614, in cupy.cuda.memory.MemoryPool.malloc
  File "cupy/cuda/memory.pyx", line 1635, in cupy.cuda.memory.MemoryPool.malloc
  File "cupy/cuda/memory.pyx", line 1350, in cupy.cuda.memory.SingleDeviceMemoryPool.malloc
  File "cupy/cuda/memory.pyx", line 1376, in cupy.cuda.memory.SingleDeviceMemoryPool._malloc
  File "cupy/cuda/memory.pyx", line 1560, in cupy.cuda.memory.SingleDeviceMemoryPool._try_malloc
cupy.cuda.memory.OutOfMemoryError: Out of memory allocating 134,217,728 bytes (allocated so far: 268,435,456 bytes).
Exception in thread Thread-70 (_chunk):
Traceback (most recent call last):
  File "/usr/lib/python3.12/threading.py", line 1073, in _bootstrap_inner
Exception in thread Thread-69 (_chunk):
Exception in thread Traceback (most recent call last):
  File "/usr/lib/python3.12/threading.py", line 1073, in _bootstrap_inner
Thread-72 (_chunk):
Traceback (most recent call last):
  File "/usr/lib/python3.12/threading.py", line 1073, in _bootstrap_inner
Exception in thread Thread-67 (_chunk):
Traceback (most recent call last):
  File "/usr/lib/python3.12/threading.py", line 1073, in _bootstrap_inner
    self.run()
  File "/usr/lib/python3.12/threading.py", line 1010, in run
    self._target(*self._args, **self._kwargs)
  File "/workspace/h1/RH/scripts/rh/day038_h1_3e10_gpu.py", line 569, in _chunk
    sr, si, br, bi, s_ar, dm = slabfn(
                             Exception in thread Exception in thread             self.run()
Thread-68 (_chunk)  ^self.run()
  File "/usr/lib/python3.12/threading.py", line 1010, in run
  File "/usr/lib/python3.12/threading.py", line 1010, in run
:
Thread-71 (_chunk)Traceback (most recent call last):
self.run()^^:
Traceback (most recent call last):
  File "/usr/lib/python3.12/threading.py", line 1073, in _bootstrap_inner

  File "/usr/lib/python3.12/threading.py", line 1010, in run
^  File "/usr/lib/python3.12/threading.py", line 1073, in _bootstrap_inner
^        self._target(*self._args, **self._kwargs)
  File "/workspace/h1/RH/scripts/rh/day038_h1_3e10_gpu.py", line 569, in _chunk
    sr, si, br, bi, s_ar, dm = slabfn(
                               ^^^^^^^
  File "/workspace/h1/RH/scripts/rh/day038_h1_3e10_gpu.py", line 443, in slab_budget_gpu
    cc = cp.asarray(c)
         ^^^^^^^^^^^^^
  File "/opt/venvs/cupy/lib/python3.12/site-packages/cupy/_creation/from_data.py", line 94, in asarray
    return _core.array(a, dtype, copy, order, blocking=blocking)
           ^^^^^^^^^^^^^^^^^^^^^^^^^^^^^^^^^^^^^^^^^^^^^^^^^^^^^
  File "cupy/_core/core.pyx", line 2821, in cupy._core.core.array
  File "cupy/_core/core.pyx", line 2841, in cupy._core.core.array
  File "cupy/_core/core.pyx", line 3067, in cupy._core.core._array_default
  File "cupy/_core/core.pyx", line 176, in cupy._core.core.ndarray.__new__
  File "cupy/_core/core.pyx", line 282, in cupy._core.core._ndarray_base._init
  File "cupy/cuda/memory.pyx", line 904, in cupy.cuda.memory.alloc
  File "cupy/cuda/memory.pyx", line 1614, in cupy.cuda.memory.MemoryPool.malloc
  File "cupy/cuda/memory.pyx", line 1635, in cupy.cuda.memory.MemoryPool.malloc
  File "cupy/cuda/memory.pyx", line 1350, in cupy.cuda.memory.SingleDeviceMemoryPool.malloc
  File "cupy/cuda/memory.pyx", line 1376, in cupy.cuda.memory.SingleDeviceMemoryPool._malloc
  File "cupy/cuda/memory.pyx", line 1560, in cupy.cuda.memory.SingleDeviceMemoryPool._try_malloc
cupy.cuda.memory.OutOfMemoryError: Out of memory allocating 134,217,728 bytes (allocated so far: 805,306,368 bytes).
self._target(*self._args, **self._kwargs)
  File "/workspace/h1/RH/scripts/rh/day038_h1_3e10_gpu.py", line 569, in _chunk
    sr, si, br, bi, s_ar, dm = slabfn(
                               ^^^^^^^
  File "/workspace/h1/RH/scripts/rh/day038_h1_3e10_gpu.py", line 443, in slab_budget_gpu
    cc = cp.asarray(c)
         ^^^^^^^^^^^^^
  File "/opt/venvs/cupy/lib/python3.12/site-packages/cupy/_creation/from_data.py", line 94, in asarray
    return _core.array(a, dtype, copy, order, blocking=blocking)
           ^^^^^^^^^^^^^^^^^^^^^^^^^^^^^^^^^^^^^^^^^^^^^^^^^^^^^
  File "cupy/_core/core.pyx", line 2821, in cupy._core.core.array
  File "cupy/_core/core.pyx", line 2841, in cupy._core.core.array
  File "cupy/_core/core.pyx", line 3067, in cupy._core.core._array_default
  File "cupy/_core/core.pyx", line 176, in cupy._core.core.ndarray.__new__
  File "cupy/_core/core.pyx", line 282, in cupy._core.core._ndarray_base._init
  File "cupy/cuda/memory.pyx", line 904, in cupy.cuda.memory.alloc
  File "cupy/cuda/memory.pyx", line 1614, in cupy.cuda.memory.MemoryPool.malloc
  File "cupy/cuda/memory.pyx", line 1635, in cupy.cuda.memory.MemoryPool.malloc
  File "cupy/cuda/memory.pyx", line 1350, in cupy.cuda.memory.SingleDeviceMemoryPool.malloc
  File "cupy/cuda/memory.pyx", line 1376, in cupy.cuda.memory.SingleDeviceMemoryPool._malloc
  File "cupy/cuda/memory.pyx", line 1560, in cupy.cuda.memory.SingleDeviceMemoryPool._try_malloc
cupy.cuda.memory.OutOfMemoryError: Out of memory allocating 134,217,728 bytes (allocated so far: 939,524,096 bytes).
^    self._target(*self._args, **self._kwargs)
  File "/workspace/h1/RH/scripts/rh/day038_h1_3e10_gpu.py", line 569, in _chunk
    sr, si, br, bi, s_ar, dm = slabfn(
                               ^^^^^^^
  File "/workspace/h1/RH/scripts/rh/day038_h1_3e10_gpu.py", line 443, in slab_budget_gpu
    cc = cp.asarray(c)
         ^^^^^^^^^^^^^
  File "/opt/venvs/cupy/lib/python3.12/site-packages/cupy/_creation/from_data.py", line 94, in asarray
    return _core.array(a, dtype, copy, order, blocking=blocking)
           ^^^^^^^^^^^^^^^^^^^^^^^^^^^^^^^^^^^^^^^^^^^^^^^^^^^^^
  File "cupy/_core/core.pyx", line 2821, in cupy._core.core.array
  File "cupy/_core/core.pyx", line 2841, in cupy._core.core.array
  File "cupy/_core/core.pyx", line 3067, in cupy._core.core._array_default
  File "cupy/_core/core.pyx", line 176, in cupy._core.core.ndarray.__new__
  File "cupy/_core/core.pyx", line 282, in cupy._core.core._ndarray_base._init
  File "cupy/cuda/memory.pyx", line 904, in cupy.cuda.memory.alloc
  File "cupy/cuda/memory.pyx", line 1614, in cupy.cuda.memory.MemoryPool.malloc
  File "cupy/cuda/memory.pyx", line 1635, in cupy.cuda.memory.MemoryPool.malloc
  File "cupy/cuda/memory.pyx", line 1350, in cupy.cuda.memory.SingleDeviceMemoryPool.malloc
  File "cupy/cuda/memory.pyx", line 1376, in cupy.cuda.memory.SingleDeviceMemoryPool._malloc
  File "cupy/cuda/memory.pyx", line 1560, in cupy.cuda.memory.SingleDeviceMemoryPool._try_malloc
cupy.cuda.memory.OutOfMemoryError: Out of memory allocating 134,217,728 bytes (allocated so far: 671,088,640 bytes).
    self.run()
  File "/usr/lib/python3.12/threading.py", line 1010, in run
    self._target(*self._args, **self._kwargs)
  File "/workspace/h1/RH/scripts/rh/day038_h1_3e10_gpu.py", line 569, in _chunk
    sr, si, br, bi, s_ar, dm = slabfn(
                               ^^^^^^^
  File "/workspace/h1/RH/scripts/rh/day038_h1_3e10_gpu.py", line 443, in slab_budget_gpu
    cc = cp.asarray(c)
         ^^^^^^^^^^^^^
  File "/opt/venvs/cupy/lib/python3.12/site-packages/cupy/_creation/from_data.py", line 94, in asarray
    return _core.array(a, dtype, copy, order, blocking=blocking)
           ^^^^^^^^^^^^^^^^^^^^^^^^^^^^^^^^^^^^^^^^^^^^^^^^^^^^^
  File "cupy/_core/core.pyx", line 2821, in cupy._core.core.array
  File "cupy/_core/core.pyx", line 2841, in cupy._core.core.array
  File "cupy/_core/core.pyx", line 3067, in cupy._core.core._array_default
  File "cupy/_core/core.pyx", line 176, in cupy._core.core.ndarray.__new__
  File "cupy/_core/core.pyx", line 282, in cupy._core.core._ndarray_base._init
  File "cupy/cuda/memory.pyx", line 904, in cupy.cuda.memory.alloc
  File "cupy/cuda/memory.pyx", line 1614, in cupy.cuda.memory.MemoryPool.malloc
  File "cupy/cuda/memory.pyx", line 1635, in cupy.cuda.memory.MemoryPool.malloc
  File "cupy/cuda/memory.pyx", line 1350, in cupy.cuda.memory.SingleDeviceMemoryPool.malloc
  File "cupy/cuda/memory.pyx", line 1376, in cupy.cuda.memory.SingleDeviceMemoryPool._malloc
  File "cupy/cuda/memory.pyx", line 1560, in cupy.cuda.memory.SingleDeviceMemoryPool._try_malloc
cupy.cuda.memory.OutOfMemoryError: Out of memory allocating 134,217,728 bytes (allocated so far: 402,653,184 bytes).
^
  File "/workspace/h1/RH/scripts/rh/day038_h1_3e10_gpu.py", line 443, in slab_budget_gpu
    cc = cp.asarray(c)
         ^^^^^^^^^^^^^
  File "/opt/venvs/cupy/lib/python3.12/site-packages/cupy/_creation/from_data.py", line 94, in asarray
    return _core.array(a, dtype, copy, order, blocking=blocking)
           ^^^^^^^^^^^^^^^^^^^^^^^^^^^^^^^^^^^^^^^^^^^^^^^^^^^^^
  File "cupy/_core/core.pyx", line 2821, in cupy._core.core.array
  File "cupy/_core/core.pyx", line 2841, in cupy._core.core.array
  File "cupy/_core/core.pyx", line 3067, in cupy._core.core._array_default
  File "cupy/_core/core.pyx", line 176, in cupy._core.core.ndarray.__new__
Exception in thread Thread-66 (_chunk):
Traceback (most recent call last):
    self.run()
  File "/usr/lib/python3.12/threading.py", line 1010, in run
    self._target(*self._args, **self._kwargs)
  File "/workspace/h1/RH/scripts/rh/day038_h1_3e10_gpu.py", line 569, in _chunk
    sr, si, br, bi, s_ar, dm = slabfn(
                               ^^^^^^^
  File "/workspace/h1/RH/scripts/rh/day038_h1_3e10_gpu.py", line 444, in slab_budget_gpu
  File "/usr/lib/python3.12/threading.py", line 1073, in _bootstrap_inner
    g2 = cc * cc
   File "cupy/_core/core.pyx", line 282, in cupy._core.core._ndarray_base._init
        ~~  File "cupy/cuda/memory.pyx", line 904, in cupy.cuda.memory.alloc
~^~~~
  File "cupy/_core/core.pyx", line 1582, in cupy._core.core._ndarray_base.__mul__
  File "cupy/_core/_kernel.pyx", line 1374, in cupy._core._kernel.ufunc.__call__
  File "cupy/_core/_kernel.pyx", line 657, in cupy._core._kernel._get_out_args_from_optionals
  File "cupy/_core/core.pyx", line 3342, in cupy._core.core._ndarray_init
  File "cupy/_core/core.pyx", line 300, in cupy._core.core._ndarray_base._init_fast
  File "cupy/cuda/memory.pyx", line 904, in cupy.cuda.memory.alloc
  File "cupy/cuda/memory.pyx", line 1614, in cupy.cuda.memory.MemoryPool.malloc
  File "cupy/cuda/memory.pyx", line 1635, in cupy.cuda.memory.MemoryPool.malloc
  File "cupy/cuda/memory.pyx", line 1350, in cupy.cuda.memory.SingleDeviceMemoryPool.malloc
  File "cupy/cuda/memory.pyx", line 1376, in cupy.cuda.memory.SingleDeviceMemoryPool._malloc
  File "cupy/cuda/memory.pyx", line 1560, in cupy.cuda.memory.SingleDeviceMemoryPool._try_malloc
cupy.cuda.memory.OutOfMemoryError: Out of memory allocating 134,217,728 bytes (allocated so far: 268,435,456 bytes).
  File "cupy/cuda/memory.pyx", line 1614, in cupy.cuda.memory.MemoryPool.malloc
  File "cupy/cuda/memory.pyx", line 1635, in cupy.cuda.memory.MemoryPool.malloc
  File "cupy/cuda/memory.pyx", line 1350, in cupy.cuda.memory.SingleDeviceMemoryPool.malloc
  File "cupy/cuda/memory.pyx", line 1376, in cupy.cuda.memory.SingleDeviceMemoryPool._malloc
  File "cupy/cuda/memory.pyx", line 1560, in cupy.cuda.memory.SingleDeviceMemoryPool._try_malloc
cupy.cuda.memory.OutOfMemoryError: Out of memory allocating 134,217,728 bytes (allocated so far: 536,870,912 bytes).
    self.run()
  File "/usr/lib/python3.12/threading.py", line 1010, in run
    self._target(*self._args, **self._kwargs)
  File "/workspace/h1/RH/scripts/rh/day038_h1_3e10_gpu.py", line 569, in _chunk
    sr, si, br, bi, s_ar, dm = slabfn(
                               ^^^^^^^
  File "/workspace/h1/RH/scripts/rh/day038_h1_3e10_gpu.py", line 444, in slab_budget_gpu
    g2 = cc * cc
         ~~~^~~~
  File "cupy/_core/core.pyx", line 1582, in cupy._core.core._ndarray_base.__mul__
  File "cupy/_core/_kernel.pyx", line 1374, in cupy._core._kernel.ufunc.__call__
  File "cupy/_core/_kernel.pyx", line 657, in cupy._core._kernel._get_out_args_from_optionals
  File "cupy/_core/core.pyx", line 3342, in cupy._core.core._ndarray_init
  File "cupy/_core/core.pyx", line 300, in cupy._core.core._ndarray_base._init_fast
  File "cupy/cuda/memory.pyx", line 904, in cupy.cuda.memory.alloc
  File "cupy/cuda/memory.pyx", line 1614, in cupy.cuda.memory.MemoryPool.malloc
  File "cupy/cuda/memory.pyx", line 1635, in cupy.cuda.memory.MemoryPool.malloc
  File "cupy/cuda/memory.pyx", line 1350, in cupy.cuda.memory.SingleDeviceMemoryPool.malloc
  File "cupy/cuda/memory.pyx", line 1376, in cupy.cuda.memory.SingleDeviceMemoryPool._malloc
  File "cupy/cuda/memory.pyx", line 1560, in cupy.cuda.memory.SingleDeviceMemoryPool._try_malloc
cupy.cuda.memory.OutOfMemoryError: Out of memory allocating 134,217,728 bytes (allocated so far: 268,435,456 bytes).
point  job  (win  0,  k  -1,  x=9493511984)  WORKER  FAILED:  TypeError('cannot unpack non-iterable NoneType object')  --  done  points  are  checkpointed;  supervisor  resumes
Exception in thread Thread-73 (_chunk):
Traceback (most recent call last):
  File "/usr/lib/python3.12/threading.py", line 1073, in _bootstrap_inner
    self.run()
  File "/usr/lib/python3.12/threading.py", line 1010, in run
    self._target(*self._args, **self._kwargs)
  File "/workspace/h1/RH/scripts/rh/day038_h1_3e10_gpu.py", line 569, in _chunk
    sr, si, br, bi, s_ar, dm = slabfn(
                               ^^^^^^^
  File "/workspace/h1/RH/scripts/rh/day038_h1_3e10_gpu.py", line 445, in slab_budget_gpu
    A = g2 + 0.25
        ~~~^~~~~~
  File "cupy/_core/core.pyx", line 1570, in cupy._core.core._ndarray_base.__add__
  File "cupy/_core/core.pyx", line 2024, in cupy._core.core._ndarray_base.__array_ufunc__
  File "cupy/_core/_kernel.pyx", line 1374, in cupy._core._kernel.ufunc.__call__
  File "cupy/_core/_kernel.pyx", line 657, in cupy._core._kernel._get_out_args_from_optionals
  File "cupy/_core/core.pyx", line 3342, in cupy._core.core._ndarray_init
  File "cupy/_core/core.pyx", line 300, in cupy._core.core._ndarray_base._init_fast
  File "cupy/cuda/memory.pyx", line 904, in cupy.cuda.memory.alloc
  File "cupy/cuda/memory.pyx", line 1614, in cupy.cuda.memory.MemoryPool.malloc
  File "cupy/cuda/memory.pyx", line 1635, in cupy.cuda.memory.MemoryPool.malloc
  File "cupy/cuda/memory.pyx", line 1350, in cupy.cuda.memory.SingleDeviceMemoryPool.malloc
  File "cupy/cuda/memory.pyx", line 1376, in cupy.cuda.memory.SingleDeviceMemoryPool._malloc
  File "cupy/cuda/memory.pyx", line 1560, in cupy.cuda.memory.SingleDeviceMemoryPool._try_malloc
cupy.cuda.memory.OutOfMemoryError: Out of memory allocating 134,217,728 bytes (allocated so far: 536,870,912 bytes).
Exception in thread Thread-78 (_chunk):
Traceback (most recent call last):
  File "/usr/lib/python3.12/threading.py", line 1073, in _bootstrap_inner
    self.run()
  File "/usr/lib/python3.12/threading.py", line 1010, in run
    self._target(*self._args, **self._kwargs)
  File "/workspace/h1/RH/scripts/rh/day038_h1_3e10_gpu.py", line 569, in _chunk
    sr, si, br, bi, s_ar, dm = slabfn(
                               ^^^^^^^
  File "/workspace/h1/RH/scripts/rh/day038_h1_3e10_gpu.py", line 443, in slab_budget_gpu
    cc = cp.asarray(c)
         ^^^^^^^^^^^^^
  File "/opt/venvs/cupy/lib/python3.12/site-packages/cupy/_creation/from_data.py", line 94, in asarray
    return _core.array(a, dtype, copy, order, blocking=blocking)
           ^^^^^^^^^^^^^^^^^^^^^^^^^^^^^^^^^^^^^^^^^^^^^^^^^^^^^
  File "cupy/_core/core.pyx", line 2821, in cupy._core.core.array
  File "cupy/_core/core.pyx", line 2841, in cupy._core.core.array
  File "cupy/_core/core.pyx", line 3067, in cupy._core.core._array_default
  File "cupy/_core/core.pyx", line 176, in cupy._core.core.ndarray.__new__
  File "cupy/_core/core.pyx", line 282, in cupy._core.core._ndarray_base._init
  File "cupy/cuda/memory.pyx", line 904, in cupy.cuda.memory.alloc
  File "cupy/cuda/memory.pyx", line 1614, in cupy.cuda.memory.MemoryPool.malloc
  File "cupy/cuda/memory.pyx", line 1635, in cupy.cuda.memory.MemoryPool.malloc
  File "cupy/cuda/memory.pyx", line 1350, in cupy.cuda.memory.SingleDeviceMemoryPool.malloc
  File "cupy/cuda/memory.pyx", line 1376, in cupy.cuda.memory.SingleDeviceMemoryPool._malloc
  File "cupy/cuda/memory.pyx", line 1560, in cupy.cuda.memory.SingleDeviceMemoryPool._try_malloc
cupy.cuda.memory.OutOfMemoryError: Out of memory allocating 134,217,728 bytes (allocated so far: 805,306,368 bytes).
Exception in thread Thread-77 (_chunk):
Traceback (most recent call last):
  File "/usr/lib/python3.12/threading.py", line 1073, in _bootstrap_inner
Exception in thread Thread-74 (_chunk):
Traceback (most recent call last):
  File "/usr/lib/python3.12/threading.py", line 1073, in _bootstrap_inner
    self.run()
  File "/usr/lib/python3.12/threading.py", line 1010, in run
    self._target(*self._args, **self._kwargs)
  File "/workspace/h1/RH/scripts/rh/day038_h1_3e10_gpu.py", line 569, in _chunk
    sr, si, br, bi, s_ar, dm = slabfn(
                               ^^^^^^^
  File "/workspace/h1/RH/scripts/rh/day038_h1_3e10_gpu.py", line 443, in slab_budget_gpu
    cc = cp.asarray(c)
         ^^^^^^^^^^^^^
  File "/opt/venvs/cupy/lib/python3.12/site-packages/cupy/_creation/from_data.py", line 94, in asarray
    return _core.array(a, dtype, copy, order, blocking=blocking)
           ^^^^^^^^^^^^^^^^^^^^^^^^^^^^^^^^^^^^^^^^^^^^^^^^^^^^^
  File "cupy/_core/core.pyx", line 2821, in cupy._core.core.array
  File "cupy/_core/core.pyx", line 2841, in cupy._core.core.array
  File "cupy/_core/core.pyx", line 3067, in cupy._core.core._array_default
  File "cupy/_core/core.pyx", line 176, in cupy._core.core.ndarray.__new__
  File "cupy/_core/core.pyx", line 282, in cupy._core.core._ndarray_base._init
  File "cupy/cuda/memory.pyx", line 904, in cupy.cuda.memory.alloc
  File "cupy/cuda/memory.pyx", line 1614, in cupy.cuda.memory.MemoryPool.malloc
  File "cupy/cuda/memory.pyx", line 1635, in cupy.cuda.memory.MemoryPool.malloc
  File "cupy/cuda/memory.pyx", line 1350, in cupy.cuda.memory.SingleDeviceMemoryPool.malloc
  File "cupy/cuda/memory.pyx", line 1376, in cupy.cuda.memory.SingleDeviceMemoryPool._malloc
  File "cupy/cuda/memory.pyx", line 1560, in cupy.cuda.memory.SingleDeviceMemoryPool._try_malloc
cupy.cuda.memory.OutOfMemoryError: Out of memory allocating 134,217,728 bytes (allocated so far: 671,088,640 bytes).
Exception in thread Thread-75 (_chunk):
Traceback (most recent call last):
  File "/usr/lib/python3.12/threading.py", line 1073, in _bootstrap_inner
    self.run()
  File "/usr/lib/python3.12/threading.py", line 1010, in run
    self._target(*self._args, **self._kwargs)
  File "/workspace/h1/RH/scripts/rh/day038_h1_3e10_gpu.py", line 569, in _chunk
    sr, si, br, bi, s_ar, dm = slabfn(
                               ^^^^^^^
  File "/workspace/h1/RH/scripts/rh/day038_h1_3e10_gpu.py", line 444, in slab_budget_gpu
    g2 = cc * cc
         ~~~^~~~
  File "cupy/_core/core.pyx", line 1582, in cupy._core.core._ndarray_base.__mul__
  File "cupy/_core/_kernel.pyx", line 1374, in cupy._core._kernel.ufunc.__call__
  File "cupy/_core/_kernel.pyx", line 657, in cupy._core._kernel._get_out_args_from_optionals
  File "cupy/_core/core.pyx", line 3342, in cupy._core.core._ndarray_init
  File "cupy/_core/core.pyx", line 300, in cupy._core.core._ndarray_base._init_fast
  File "cupy/cuda/memory.pyx", line 904, in cupy.cuda.memory.alloc
  File "cupy/cuda/memory.pyx", line 1614, in cupy.cuda.memory.MemoryPool.malloc
  File "cupy/cuda/memory.pyx", line 1635, in cupy.cuda.memory.MemoryPool.malloc
  File "cupy/cuda/memory.pyx", line 1350, in cupy.cuda.memory.SingleDeviceMemoryPool.malloc
  File "cupy/cuda/memory.pyx", line 1376, in cupy.cuda.memory.SingleDeviceMemoryPool._malloc
  File "cupy/cuda/memory.pyx", line 1560, in cupy.cuda.memory.SingleDeviceMemoryPool._try_malloc
cupy.cuda.memory.OutOfMemoryError: Out of memory allocating 134,217,728 bytes (allocated so far: 671,088,640 bytes).
    self.run()
  File "/usr/lib/python3.12/threading.py", line 1010, in run
    self._target(*self._args, **self._kwargs)
  File "/workspace/h1/RH/scripts/rh/day038_h1_3e10_gpu.py", line 569, in _chunk
    sr, si, br, bi, s_ar, dm = slabfn(
                               ^^^^^^^
  File "/workspace/h1/RH/scripts/rh/day038_h1_3e10_gpu.py", line 443, in slab_budget_gpu
    cc = cp.asarray(c)
         ^^^^^^^^^^^^^
  File "/opt/venvs/cupy/lib/python3.12/site-packages/cupy/_creation/from_data.py", line 94, in asarray
    return _core.array(a, dtype, copy, order, blocking=blocking)
           ^^^^^^^^^^^^^^^^^^^^^^^^^^^^^^^^^^^^^^^^^^^^^^^^^^^^^
  File "cupy/_core/core.pyx", line 2821, in cupy._core.core.array
  File "cupy/_core/core.pyx", line 2841, in cupy._core.core.array
  File "cupy/_core/core.pyx", line 3067, in cupy._core.core._array_default
  File "cupy/_core/core.pyx", line 176, in cupy._core.core.ndarray.__new__
  File "cupy/_core/core.pyx", line 282, in cupy._core.core._ndarray_base._init
  File "cupy/cuda/memory.pyx", line 904, in cupy.cuda.memory.alloc
  File "cupy/cuda/memory.pyx", line 1614, in cupy.cuda.memory.MemoryPool.malloc
  File "cupy/cuda/memory.pyx", line 1635, in cupy.cuda.memory.MemoryPool.malloc
  File "cupy/cuda/memory.pyx", line 1350, in cupy.cuda.memory.SingleDeviceMemoryPool.malloc
  File "cupy/cuda/memory.pyx", line 1376, in cupy.cuda.memory.SingleDeviceMemoryPool._malloc
  File "cupy/cuda/memory.pyx", line 1560, in cupy.cuda.memory.SingleDeviceMemoryPool._try_malloc
cupy.cuda.memory.OutOfMemoryError: Out of memory allocating 134,217,728 bytes (allocated so far: 671,088,640 bytes).
Exception in thread Thread-80 (_chunk):
Traceback (most recent call last):
  File "/usr/lib/python3.12/threading.py", line 1073, in _bootstrap_inner
    self.run()
  File "/usr/lib/python3.12/threading.py", line 1010, in run
    self._target(*self._args, **self._kwargs)
  File "/workspace/h1/RH/scripts/rh/day038_h1_3e10_gpu.py", line 569, in _chunk
    sr, si, br, bi, s_ar, dm = slabfn(
                               ^^^^^^^
  File "/workspace/h1/RH/scripts/rh/day038_h1_3e10_gpu.py", line 443, in slab_budget_gpu
    cc = cp.asarray(c)
         ^^^^^^^^^^^^^
  File "/opt/venvs/cupy/lib/python3.12/site-packages/cupy/_creation/from_data.py", line 94, in asarray
    return _core.array(a, dtype, copy, order, blocking=blocking)
           ^^^^^^^^^^^^^^^^^^^^^^^^^^^^^^^^^^^^^^^^^^^^^^^^^^^^^
  File "cupy/_core/core.pyx", line 2821, in cupy._core.core.array
  File "cupy/_core/core.pyx", line 2841, in cupy._core.core.array
  File "cupy/_core/core.pyx", line 3067, in cupy._core.core._array_default
  File "cupy/_core/core.pyx", line 176, in cupy._core.core.ndarray.__new__
  File "cupy/_core/core.pyx", line 282, in cupy._core.core._ndarray_base._init
  File "cupy/cuda/memory.pyx", line 904, in cupy.cuda.memory.alloc
  File "cupy/cuda/memory.pyx", line 1614, in cupy.cuda.memory.MemoryPool.malloc
  File "cupy/cuda/memory.pyx", line 1635, in cupy.cuda.memory.MemoryPool.malloc
  File "cupy/cuda/memory.pyx", line 1350, in cupy.cuda.memory.SingleDeviceMemoryPool.malloc
  File "cupy/cuda/memory.pyx", line 1376, in cupy.cuda.memory.SingleDeviceMemoryPool._malloc
  File "cupy/cuda/memory.pyx", line 1560, in cupy.cuda.memory.SingleDeviceMemoryPool._try_malloc
cupy.cuda.memory.OutOfMemoryError: Out of memory allocating 134,217,728 bytes (allocated so far: 536,870,912 bytes).
Exception in thread Thread-76 (_chunk):
Traceback (most recent call last):
  File "/usr/lib/python3.12/threading.py", line 1073, in _bootstrap_inner
    self.run()
  File "/usr/lib/python3.12/threading.py", line 1010, in run
    self._target(*self._args, **self._kwargs)
  File "/workspace/h1/RH/scripts/rh/day038_h1_3e10_gpu.py", line 569, in _chunk
    sr, si, br, bi, s_ar, dm = slabfn(
                               ^^^^^^^
  File "/workspace/h1/RH/scripts/rh/day038_h1_3e10_gpu.py", line 443, in slab_budget_gpu
    cc = cp.asarray(c)
         ^^^^^^^^^^^^^
  File "/opt/venvs/cupy/lib/python3.12/site-packages/cupy/_creation/from_data.py", line 94, in asarray
    return _core.array(a, dtype, copy, order, blocking=blocking)
           ^^^^^^^^^^^^^^^^^^^^^^^^^^^^^^^^^^^^^^^^^^^^^^^^^^^^^
  File "cupy/_core/core.pyx", line 2821, in cupy._core.core.array
  File "cupy/_core/core.pyx", line 2841, in cupy._core.core.array
  File "cupy/_core/core.pyx", line 3067, in cupy._core.core._array_default
  File "cupy/_core/core.pyx", line 176, in cupy._core.core.ndarray.__new__
  File "cupy/_core/core.pyx", line 282, in cupy._core.core._ndarray_base._init
  File "cupy/cuda/memory.pyx", line 904, in cupy.cuda.memory.alloc
  File "cupy/cuda/memory.pyx", line 1614, in cupy.cuda.memory.MemoryPool.malloc
  File "cupy/cuda/memory.pyx", line 1635, in cupy.cuda.memory.MemoryPool.malloc
  File "cupy/cuda/memory.pyx", line 1350, in cupy.cuda.memory.SingleDeviceMemoryPool.malloc
  File "cupy/cuda/memory.pyx", line 1376, in cupy.cuda.memory.SingleDeviceMemoryPool._malloc
  File "cupy/cuda/memory.pyx", line 1560, in cupy.cuda.memory.SingleDeviceMemoryPool._try_malloc
cupy.cuda.memory.OutOfMemoryError: Out of memory allocating 134,217,728 bytes (allocated so far: 402,653,184 bytes).
Exception in thread Thread-79 (_chunk):
Traceback (most recent call last):
  File "/usr/lib/python3.12/threading.py", line 1073, in _bootstrap_inner
    self.run()
  File "/usr/lib/python3.12/threading.py", line 1010, in run
    self._target(*self._args, **self._kwargs)
  File "/workspace/h1/RH/scripts/rh/day038_h1_3e10_gpu.py", line 569, in _chunk
    sr, si, br, bi, s_ar, dm = slabfn(
                               ^^^^^^^
  File "/workspace/h1/RH/scripts/rh/day038_h1_3e10_gpu.py", line 444, in slab_budget_gpu
    g2 = cc * cc
         ~~~^~~~
  File "cupy/_core/core.pyx", line 1582, in cupy._core.core._ndarray_base.__mul__
  File "cupy/_core/_kernel.pyx", line 1374, in cupy._core._kernel.ufunc.__call__
  File "cupy/_core/_kernel.pyx", line 657, in cupy._core._kernel._get_out_args_from_optionals
  File "cupy/_core/core.pyx", line 3342, in cupy._core.core._ndarray_init
  File "cupy/_core/core.pyx", line 300, in cupy._core.core._ndarray_base._init_fast
  File "cupy/cuda/memory.pyx", line 904, in cupy.cuda.memory.alloc
  File "cupy/cuda/memory.pyx", line 1614, in cupy.cuda.memory.MemoryPool.malloc
  File "cupy/cuda/memory.pyx", line 1635, in cupy.cuda.memory.MemoryPool.malloc
  File "cupy/cuda/memory.pyx", line 1350, in cupy.cuda.memory.SingleDeviceMemoryPool.malloc
  File "cupy/cuda/memory.pyx", line 1376, in cupy.cuda.memory.SingleDeviceMemoryPool._malloc
  File "cupy/cuda/memory.pyx", line 1560, in cupy.cuda.memory.SingleDeviceMemoryPool._try_malloc
cupy.cuda.memory.OutOfMemoryError: Out of memory allocating 134,217,728 bytes (allocated so far: 268,435,456 bytes).
point  job  (win  0,  k  +1,  x=9493511984)  WORKER  FAILED:  TypeError('cannot unpack non-iterable NoneType object')  --  done  points  are  checkpointed;  supervisor  resumes
Exception in thread Thread-81 (_chunk):
Traceback (most recent call last):
  File "/usr/lib/python3.12/threading.py", line 1073, in _bootstrap_inner
    self.run()
  File "/usr/lib/python3.12/threading.py", line 1010, in run
    self._target(*self._args, **self._kwargs)
  File "/workspace/h1/RH/scripts/rh/day038_h1_3e10_gpu.py", line 569, in _chunk
    sr, si, br, bi, s_ar, dm = slabfn(
                               ^^^^^^^
  File "/workspace/h1/RH/scripts/rh/day038_h1_3e10_gpu.py", line 444, in slab_budget_gpu
    g2 = cc * cc
         ~~~^~~~
  File "cupy/_core/core.pyx", line 1582, in cupy._core.core._ndarray_base.__mul__
  File "cupy/_core/_kernel.pyx", line 1374, in cupy._core._kernel.ufunc.__call__
  File "cupy/_core/_kernel.pyx", line 657, in cupy._core._kernel._get_out_args_from_optionals
  File "cupy/_core/core.pyx", line 3342, in cupy._core.core._ndarray_init
  File "cupy/_core/core.pyx", line 300, in cupy._core.core._ndarray_base._init_fast
  File "cupy/cuda/memory.pyx", line 904, in cupy.cuda.memory.alloc
  File "cupy/cuda/memory.pyx", line 1614, in cupy.cuda.memory.MemoryPool.malloc
  File "cupy/cuda/memory.pyx", line 1635, in cupy.cuda.memory.MemoryPool.malloc
  File "cupy/cuda/memory.pyx", line 1350, in cupy.cuda.memory.SingleDeviceMemoryPool.malloc
  File "cupy/cuda/memory.pyx", line 1376, in cupy.cuda.memory.SingleDeviceMemoryPool._malloc
  File "cupy/cuda/memory.pyx", line 1560, in cupy.cuda.memory.SingleDeviceMemoryPool._try_malloc
cupy.cuda.memory.OutOfMemoryError: Out of memory allocating 134,217,728 bytes (allocated so far: 268,435,456 bytes).
Exception in thread Thread-86 (_chunk):
Traceback (most recent call last):
  File "/usr/lib/python3.12/threading.py", line 1073, in _bootstrap_inner
Exception in thread Exception in thread Thread-82 (_chunk):
Traceback (most recent call last):
  File "/usr/lib/python3.12/threading.py", line 1073, in _bootstrap_inner
Thread-85 (_chunk):
Traceback (most recent call last):
  File "/usr/lib/python3.12/threading.py", line 1073, in _bootstrap_inner
    self.run()
  File "/usr/lib/python3.12/threading.py", line 1010, in run
    self._target(*self._args, **self._kwargs)
  File "/workspace/h1/RH/scripts/rh/day038_h1_3e10_gpu.py", line 569, in _chunk
    sr, si, br, bi, s_ar, dm = slabfn(
                               ^^^^^^^
  File "/workspace/h1/RH/scripts/rh/day038_h1_3e10_gpu.py", line 443, in slab_budget_gpu
    cc = cp.asarray(c)
         ^^^^^^^^^^^^^
  File "/opt/venvs/cupy/lib/python3.12/site-packages/cupy/_creation/from_data.py", line 94, in asarray
    return _core.array(a, dtype, copy, order, blocking=blocking)
           ^^^^^^^^^^^^^^^^^^^^^^^^^^^^^^^^^^^^^^^^^^^^^^^^^^^^^
  File "cupy/_core/core.pyx", line 2821, in cupy._core.core.array
  File "cupy/_core/core.pyx", line 2841, in cupy._core.core.array
  File "cupy/_core/core.pyx", line 3067, in cupy._core.core._array_default
  File "cupy/_core/core.pyx", line 176, in cupy._core.core.ndarray.__new__
  File "cupy/_core/core.pyx", line 282, in cupy._core.core._ndarray_base._init
  File "cupy/cuda/memory.pyx", line 904, in cupy.cuda.memory.alloc
  File "cupy/cuda/memory.pyx", line 1614, in cupy.cuda.memory.MemoryPool.malloc
  File "cupy/cuda/memory.pyx", line 1635, in cupy.cuda.memory.MemoryPool.malloc
  File "cupy/cuda/memory.pyx", line 1350, in cupy.cuda.memory.SingleDeviceMemoryPool.malloc
  File "cupy/cuda/memory.pyx", line 1376, in cupy.cuda.memory.SingleDeviceMemoryPool._malloc
  File "cupy/cuda/memory.pyx", line 1560, in cupy.cuda.memory.SingleDeviceMemoryPool._try_malloc
cupy.cuda.memory.OutOfMemoryError: Out of memory allocating 134,217,728 bytes (allocated so far: 536,870,912 bytes).
    self.run()
  File "/usr/lib/python3.12/threading.py", line 1010, in run
    self._target(*self._args, **self._kwargs)
  File "/workspace/h1/RH/scripts/rh/day038_h1_3e10_gpu.py", line 569, in _chunk
    sr, si, br, bi, s_ar, dm = slabfn(
                               ^^^^^^^
  File "/workspace/h1/RH/scripts/rh/day038_h1_3e10_gpu.py", line 445, in slab_budget_gpu
    A = g2 + 0.25
            ~~~^~~~~~
  File "cupy/_core/core.pyx", line 1570, in cupy._core.core._ndarray_base.__add__
  File "cupy/_core/core.pyx", line 2024, in cupy._core.core._ndarray_base.__array_ufunc__
  File "cupy/_core/_kernel.pyx", line 1374, in cupy._core._kernel.ufunc.__call__
  File "cupy/_core/_kernel.pyx", line 657, in cupy._core._kernel._get_out_args_from_optionals
  File "cupy/_core/core.pyx", line 3342, in cupy._core.core._ndarray_init
  File "cupy/_core/core.pyx", line 300, in cupy._core.core._ndarray_base._init_fast
  File "cupy/cuda/memory.pyx", line 904, in cupy.cuda.memory.alloc
  File "cupy/cuda/memory.pyx", line 1614, in cupy.cuda.memory.MemoryPool.malloc
  File "cupy/cuda/memory.pyx", line 1635, in cupy.cuda.memory.MemoryPool.malloc
  File "cupy/cuda/memory.pyx", line 1350, in cupy.cuda.memory.SingleDeviceMemoryPool.malloc
  File "cupy/cuda/memory.pyx", line 1376, in cupy.cuda.memory.SingleDeviceMemoryPool._malloc
  File "cupy/cuda/memory.pyx", line 1560, in cupy.cuda.memory.SingleDeviceMemoryPool._try_malloc
Exception in thread Thread-83 (_chunk):
self.run()
  File "/usr/lib/python3.12/threading.py", line 1010, in run
Traceback (most recent call last):
  File "/usr/lib/python3.12/threading.py", line 1073, in _bootstrap_inner
    self.run()
  File "/usr/lib/python3.12/threading.py", line 1010, in run
    self._target(*self._args, **self._kwargs)
  File "/workspace/h1/RH/scripts/rh/day038_h1_3e10_gpu.py", line 569, in _chunk
    sr, si, br, bi, s_ar, dm = slabfn(
                               ^^^^^^^
  File "/workspace/h1/RH/scripts/rh/day038_h1_3e10_gpu.py", line 443, in slab_budget_gpu
    cc = cp.asarray(c)
         ^^^^^^^^^^^^^
  File "/opt/venvs/cupy/lib/python3.12/site-packages/cupy/_creation/from_data.py", line 94, in asarray
    return _core.array(a, dtype, copy, order, blocking=blocking)
           ^^^^^^^^^^^^^^^^^^^^^^^^^^^^^^^^^^^^^^^^^^^^^^^^^^^^^
  File "cupy/_core/core.pyx", line 2821, in cupy._core.core.array
  File "cupy/_core/core.pyx", line 2841, in cupy._core.core.array
  File "cupy/_core/core.pyx", line 3067, in cupy._core.core._array_default
  File "cupy/_core/core.pyx", line 176, in cupy._core.core.ndarray.__new__
  File "cupy/_core/core.pyx", line 282, in cupy._core.core._ndarray_base._init
  File "cupy/cuda/memory.pyx", line 904, in cupy.cuda.memory.alloc
  File "cupy/cuda/memory.pyx", line 1614, in cupy.cuda.memory.MemoryPool.malloc
  File "cupy/cuda/memory.pyx", line 1635, in cupy.cuda.memory.MemoryPool.malloc
  File "cupy/cuda/memory.pyx", line 1350, in cupy.cuda.memory.SingleDeviceMemoryPool.malloc
  File "cupy/cuda/memory.pyx", line 1376, in cupy.cuda.memory.SingleDeviceMemoryPool._malloc
  File "cupy/cuda/memory.pyx", line 1560, in cupy.cuda.memory.SingleDeviceMemoryPool._try_malloc
cupy.cuda.memory.OutOfMemoryError: Out of memory allocating 134,217,728 bytes (allocated so far: 536,870,912 bytes).
    self._target(*self._args, **self._kwargs)
  File "/workspace/h1/RH/scripts/rh/day038_h1_3e10_gpu.py", line 569, in _chunk
    sr, si, br, bi, s_ar, dm = slabfn(
                               ^^^^^^^
  File "/workspace/h1/RH/scripts/rh/day038_h1_3e10_gpu.py", line 443, in slab_budget_gpu
    cc = cp.asarray(c)
         ^^^^^^^^^^^^^
  File "/opt/venvs/cupy/lib/python3.12/site-packages/cupy/_creation/from_data.py", line 94, in asarray
    return _core.array(a, dtype, copy, order, blocking=blocking)
           ^^^^^^^^^^^^^^^^^^^^^^^^^^^^^^^^^^^^^^^^^^^^^^^^^^^^^
  File "cupy/_core/core.pyx", line 2821, in cupy._core.core.array
  File "cupy/_core/core.pyx", line 2841, in cupy._core.core.array
cupy.cuda.memory.OutOfMemoryError: Out of memory allocating 134,217,728 bytes (allocated so far: 536,870,912 bytes).  File "cupy/_core/core.pyx", line 3067, in cupy._core.core._array_default

  File "cupy/_core/core.pyx", line 176, in cupy._core.core.ndarray.__new__
  File "cupy/_core/core.pyx", line 282, in cupy._core.core._ndarray_base._init
  File "cupy/cuda/memory.pyx", line 904, in cupy.cuda.memory.alloc
  File "cupy/cuda/memory.pyx", line 1614, in cupy.cuda.memory.MemoryPool.malloc
  File "cupy/cuda/memory.pyx", line 1635, in cupy.cuda.memory.MemoryPool.malloc
  File "cupy/cuda/memory.pyx", line 1350, in cupy.cuda.memory.SingleDeviceMemoryPool.malloc
  File "cupy/cuda/memory.pyx", line 1376, in cupy.cuda.memory.SingleDeviceMemoryPool._malloc
  File "cupy/cuda/memory.pyx", line 1560, in cupy.cuda.memory.SingleDeviceMemoryPool._try_malloc
cupy.cuda.memory.OutOfMemoryError: Out of memory allocating 134,217,728 bytes (allocated so far: 402,653,184 bytes).
Exception in thread Thread-88 (_chunk):
Traceback (most recent call last):
  File "/usr/lib/python3.12/threading.py", line 1073, in _bootstrap_inner
    self.run()
  File "/usr/lib/python3.12/threading.py", line 1010, in run
    self._target(*self._args, **self._kwargs)
  File "/workspace/h1/RH/scripts/rh/day038_h1_3e10_gpu.py", line 569, in _chunk
    sr, si, br, bi, s_ar, dm = slabfn(
                               ^^^^^^^
  File "/workspace/h1/RH/scripts/rh/day038_h1_3e10_gpu.py", line 443, in slab_budget_gpu
    cc = cp.asarray(c)
         ^^^^^^^^^^^^^
  File "/opt/venvs/cupy/lib/python3.12/site-packages/cupy/_creation/from_data.py", line 94, in asarray
    return _core.array(a, dtype, copy, order, blocking=blocking)
           ^^^^^^^^^^^^^^^^^^^^^^^^^^^^^^^^^^^^^^^^^^^^^^^^^^^^^
  File "cupy/_core/core.pyx", line 2821, in cupy._core.core.array
  File "cupy/_core/core.pyx", line 2841, in cupy._core.core.array
  File "cupy/_core/core.pyx", line 3067, in cupy._core.core._array_default
  File "cupy/_core/core.pyx", line 176, in cupy._core.core.ndarray.__new__
  File "cupy/_core/core.pyx", line 282, in cupy._core.core._ndarray_base._init
  File "cupy/cuda/memory.pyx", line 904, in cupy.cuda.memory.alloc
  File "cupy/cuda/memory.pyx", line 1614, in cupy.cuda.memory.MemoryPool.malloc
  File "cupy/cuda/memory.pyx", line 1635, in cupy.cuda.memory.MemoryPool.malloc
  File "cupy/cuda/memory.pyx", line 1350, in cupy.cuda.memory.SingleDeviceMemoryPool.malloc
  File "cupy/cuda/memory.pyx", line 1376, in cupy.cuda.memory.SingleDeviceMemoryPool._malloc
  File "cupy/cuda/memory.pyx", line 1560, in cupy.cuda.memory.SingleDeviceMemoryPool._try_malloc
cupy.cuda.memory.OutOfMemoryError: Out of memory allocating 134,217,728 bytes (allocated so far: 402,653,184 bytes).
Exception in thread Thread-84 (_chunk):
Traceback (most recent call last):
  File "/usr/lib/python3.12/threading.py", line 1073, in _bootstrap_inner
    self.run()
  File "/usr/lib/python3.12/threading.py", line 1010, in run
    self._target(*self._args, **self._kwargs)
  File "/workspace/h1/RH/scripts/rh/day038_h1_3e10_gpu.py", line 569, in _chunk
    sr, si, br, bi, s_ar, dm = slabfn(
                               ^^^^^^^
  File "/workspace/h1/RH/scripts/rh/day038_h1_3e10_gpu.py", line 443, in slab_budget_gpu
    cc = cp.asarray(c)
         ^^^^^^^^^^^^^
  File "/opt/venvs/cupy/lib/python3.12/site-packages/cupy/_creation/from_data.py", line 94, in asarray
    return _core.array(a, dtype, copy, order, blocking=blocking)
           ^^^^^^^^^^^^^^^^^^^^^^^^^^^^^^^^^^^^^^^^^^^^^^^^^^^^^
  File "cupy/_core/core.pyx", line 2821, in cupy._core.core.array
  File "cupy/_core/core.pyx", line 2841, in cupy._core.core.array
  File "cupy/_core/core.pyx", line 3067, in cupy._core.core._array_default
  File "cupy/_core/core.pyx", line 176, in cupy._core.core.ndarray.__new__
  File "cupy/_core/core.pyx", line 282, in cupy._core.core._ndarray_base._init
  File "cupy/cuda/memory.pyx", line 904, in cupy.cuda.memory.alloc
  File "cupy/cuda/memory.pyx", line 1614, in cupy.cuda.memory.MemoryPool.malloc
  File "cupy/cuda/memory.pyx", line 1635, in cupy.cuda.memory.MemoryPool.malloc
  File "cupy/cuda/memory.pyx", line 1350, in cupy.cuda.memory.SingleDeviceMemoryPool.malloc
  File "cupy/cuda/memory.pyx", line 1376, in cupy.cuda.memory.SingleDeviceMemoryPool._malloc
  File "cupy/cuda/memory.pyx", line 1560, in cupy.cuda.memory.SingleDeviceMemoryPool._try_malloc
cupy.cuda.memory.OutOfMemoryError: Out of memory allocating 134,217,728 bytes (allocated so far: 268,435,456 bytes).
Exception in thread Thread-87 (_chunk):
Traceback (most recent call last):
  File "/usr/lib/python3.12/threading.py", line 1073, in _bootstrap_inner
    self.run()
  File "/usr/lib/python3.12/threading.py", line 1010, in run
    self._target(*self._args, **self._kwargs)
  File "/workspace/h1/RH/scripts/rh/day038_h1_3e10_gpu.py", line 569, in _chunk
    sr, si, br, bi, s_ar, dm = slabfn(
                               ^^^^^^^
  File "/workspace/h1/RH/scripts/rh/day038_h1_3e10_gpu.py", line 445, in slab_budget_gpu
    A = g2 + 0.25
        ~~~^~~~~~
  File "cupy/_core/core.pyx", line 1570, in cupy._core.core._ndarray_base.__add__
  File "cupy/_core/core.pyx", line 2024, in cupy._core.core._ndarray_base.__array_ufunc__
  File "cupy/_core/_kernel.pyx", line 1374, in cupy._core._kernel.ufunc.__call__
  File "cupy/_core/_kernel.pyx", line 657, in cupy._core._kernel._get_out_args_from_optionals
  File "cupy/_core/core.pyx", line 3342, in cupy._core.core._ndarray_init
  File "cupy/_core/core.pyx", line 300, in cupy._core.core._ndarray_base._init_fast
  File "cupy/cuda/memory.pyx", line 904, in cupy.cuda.memory.alloc
  File "cupy/cuda/memory.pyx", line 1614, in cupy.cuda.memory.MemoryPool.malloc
  File "cupy/cuda/memory.pyx", line 1635, in cupy.cuda.memory.MemoryPool.malloc
  File "cupy/cuda/memory.pyx", line 1350, in cupy.cuda.memory.SingleDeviceMemoryPool.malloc
  File "cupy/cuda/memory.pyx", line 1376, in cupy.cuda.memory.SingleDeviceMemoryPool._malloc
  File "cupy/cuda/memory.pyx", line 1560, in cupy.cuda.memory.SingleDeviceMemoryPool._try_malloc
cupy.cuda.memory.OutOfMemoryError: Out of memory allocating 134,217,728 bytes (allocated so far: 268,435,456 bytes).
point  job  (win  0,  k  +2,  x=9493511984)  WORKER  FAILED:  TypeError('cannot unpack non-iterable NoneType object')  --  done  points  are  checkpointed;  supervisor  resumes
Exception in thread Thread-89 (_chunk):
Traceback (most recent call last):
  File "/usr/lib/python3.12/threading.py", line 1073, in _bootstrap_inner
    self.run()
  File "/usr/lib/python3.12/threading.py", line 1010, in run
    self._target(*self._args, **self._kwargs)
  File "/workspace/h1/RH/scripts/rh/day038_h1_3e10_gpu.py", line 569, in _chunk
    sr, si, br, bi, s_ar, dm = slabfn(
                               ^^^^^^^
  File "/workspace/h1/RH/scripts/rh/day038_h1_3e10_gpu.py", line 445, in slab_budget_gpu
    A = g2 + 0.25
        ~~~^~~~~~
  File "cupy/_core/core.pyx", line 1570, in cupy._core.core._ndarray_base.__add__
  File "cupy/_core/core.pyx", line 2024, in cupy._core.core._ndarray_base.__array_ufunc__
  File "cupy/_core/_kernel.pyx", line 1374, in cupy._core._kernel.ufunc.__call__
  File "cupy/_core/_kernel.pyx", line 657, in cupy._core._kernel._get_out_args_from_optionals
  File "cupy/_core/core.pyx", line 3342, in cupy._core.core._ndarray_init
  File "cupy/_core/core.pyx", line 300, in cupy._core.core._ndarray_base._init_fast
  File "cupy/cuda/memory.pyx", line 904, in cupy.cuda.memory.alloc
  File "cupy/cuda/memory.pyx", line 1614, in cupy.cuda.memory.MemoryPool.malloc
  File "cupy/cuda/memory.pyx", line 1635, in cupy.cuda.memory.MemoryPool.malloc
  File "cupy/cuda/memory.pyx", line 1350, in cupy.cuda.memory.SingleDeviceMemoryPool.malloc
  File "cupy/cuda/memory.pyx", line 1376, in cupy.cuda.memory.SingleDeviceMemoryPool._malloc
  File "cupy/cuda/memory.pyx", line 1560, in cupy.cuda.memory.SingleDeviceMemoryPool._try_malloc
cupy.cuda.memory.OutOfMemoryError: Out of memory allocating 134,217,728 bytes (allocated so far: 402,653,184 bytes).
Exception in thread Thread-92 (_chunk):
Traceback (most recent call last):
Exception in thread Thread-94 (_chunk):
Traceback (most recent call last):
  File "/usr/lib/python3.12/threading.py", line 1073, in _bootstrap_inner
Exception in thread Thread-90 (_chunk):
Traceback (most recent call last):
  File "/usr/lib/python3.12/threading.py", line 1073, in _bootstrap_inner
Exception in thread   File "/usr/lib/python3.12/threading.py", line 1073, in _bootstrap_inner
Exception in thread Thread-91 (_chunk)Thread-96 (_chunk):
Traceback (most recent call last):
  File "/usr/lib/python3.12/threading.py", line 1073, in _bootstrap_inner
Exception in thread Thread-95 (_chunk):
Traceback (most recent call last):
  File "/usr/lib/python3.12/threading.py", line 1073, in _bootstrap_inner
:
    self.run()
  File "/usr/lib/python3.12/threading.py", line 1010, in run
    self._target(*self._args, **self._kwargs)
  File "/workspace/h1/RH/scripts/rh/day038_h1_3e10_gpu.py", line 569, in _chunk
    sr, si, br, bi, s_ar, dm = slabfn(
                               ^^^^^^^
  File "/workspace/h1/RH/scripts/rh/day038_h1_3e10_gpu.py", line 444, in slab_budget_gpu
    g2 = cc * cc
         ~~~^~~~
  File "cupy/_core/core.pyx", line 1582, in cupy._core.core._ndarray_base.__mul__
  File "cupy/_core/_kernel.pyx", line 1374, in cupy._core._kernel.ufunc.__call__
  File "cupy/_core/_kernel.pyx", line 657, in cupy._core._kernel._get_out_args_from_optionals
  File "cupy/_core/core.pyx", line 3342, in cupy._core.core._ndarray_init
  File "cupy/_core/core.pyx", line 300, in cupy._core.core._ndarray_base._init_fast
  File "cupy/cuda/memory.pyx", line 904, in cupy.cuda.memory.alloc
  File "cupy/cuda/memory.pyx", line 1614, in cupy.cuda.memory.MemoryPool.malloc
  File "cupy/cuda/memory.pyx", line 1635, in cupy.cuda.memory.MemoryPool.malloc
  File "cupy/cuda/memory.pyx", line 1350, in cupy.cuda.memory.SingleDeviceMemoryPool.malloc
  File "cupy/cuda/memory.pyx", line 1376, in cupy.cuda.memory.SingleDeviceMemoryPool._malloc
  File "cupy/cuda/memory.pyx", line 1560, in cupy.cuda.memory.SingleDeviceMemoryPool._try_malloc
cupy.cuda.memory.OutOfMemoryError: Out of memory allocating 134,217,728 bytes (allocated so far: 671,088,640 bytes).
    self.run()
  File "/usr/lib/python3.12/threading.py", line 1010, in run
    self._target(*self._args, **self._kwargs)
  File "/workspace/h1/RH/scripts/rh/day038_h1_3e10_gpu.py", line 569, in _chunk
    sr, si, br, bi, s_ar, dm = slabfn(
                               ^^^^^^^
  File "/workspace/h1/RH/scripts/rh/day038_h1_3e10_gpu.py", line 443, in slab_budget_gpu
    cc = cp.asarray(c)
         ^^^^^^^^^^^^^
  File "/opt/venvs/cupy/lib/python3.12/site-packages/cupy/_creation/from_data.py", line 94, in asarray
    return _core.array(a, dtype, copy, order, blocking=blocking)
           ^^^^^^^^^^^^^^^^^^^^^^^^^^^^^^^^^^^^^^^^^^^^^^^^^^^^^
  File "cupy/_core/core.pyx", line 2821, in cupy._core.core.array
  File "cupy/_core/core.pyx", line 2841, in cupy._core.core.array
  File "cupy/_core/core.pyx", line 3067, in cupy._core.core._array_default
  File "cupy/_core/core.pyx", line 176, in cupy._core.core.ndarray.__new__
  File "cupy/_core/core.pyx", line 282, in cupy._core.core._ndarray_base._init
  File "cupy/cuda/memory.pyx", line 904, in cupy.cuda.memory.alloc
  File "cupy/cuda/memory.pyx", line 1614, in cupy.cuda.memory.MemoryPool.malloc
  File "cupy/cuda/memory.pyx", line 1635, in cupy.cuda.memory.MemoryPool.malloc
  File "cupy/cuda/memory.pyx", line 1350, in cupy.cuda.memory.SingleDeviceMemoryPool.malloc
  File "cupy/cuda/memory.pyx", line 1376, in cupy.cuda.memory.SingleDeviceMemoryPool._malloc
  File "cupy/cuda/memory.pyx", line 1560, in cupy.cuda.memory.SingleDeviceMemoryPool._try_malloc
cupy.cuda.memory.OutOfMemoryError: Out of memory allocating 134,217,728 bytes (allocated so far: 402,653,184 bytes).
Traceback (most recent call last):
    self.run()
  File "/usr/lib/python3.12/threading.py", line 1010, in run
    self._target(*self._args, **self._kwargs)
  File "/workspace/h1/RH/scripts/rh/day038_h1_3e10_gpu.py", line 569, in _chunk
    sr, si, br, bi, s_ar, dm = slabfn(
                               ^^^^^^^
  File "/workspace/h1/RH/scripts/rh/day038_h1_3e10_gpu.py", line 444, in slab_budget_gpu
    g2 = cc * cc
         ~~~^~~~
  File "cupy/_core/core.pyx", line 1582, in cupy._core.core._ndarray_base.__mul__
  File "cupy/_core/_kernel.pyx", line 1374, in cupy._core._kernel.ufunc.__call__
  File "cupy/_core/_kernel.pyx", line 657, in cupy._core._kernel._get_out_args_from_optionals
  File "cupy/_core/core.pyx", line 3342, in cupy._core.core._ndarray_init
  File "cupy/_core/core.pyx", line 300, in cupy._core.core._ndarray_base._init_fast
  File "cupy/cuda/memory.pyx", line 904, in cupy.cuda.memory.alloc
  File "cupy/cuda/memory.pyx", line 1614, in cupy.cuda.memory.MemoryPool.malloc
  File "cupy/cuda/memory.pyx", line 1635, in cupy.cuda.memory.MemoryPool.malloc
  File "cupy/cuda/memory.pyx", line 1350, in cupy.cuda.memory.SingleDeviceMemoryPool.malloc
  File "cupy/cuda/memory.pyx", line 1376, in cupy.cuda.memory.SingleDeviceMemoryPool._malloc
  File "cupy/cuda/memory.pyx", line 1560, in cupy.cuda.memory.SingleDeviceMemoryPool._try_malloc
cupy.cuda.memory.OutOfMemoryError: Out of memory allocating 134,217,728 bytes (allocated so far: 536,870,912 bytes).
  File "/usr/lib/python3.12/threading.py", line 1073, in _bootstrap_inner
    self.run()
  File "/usr/lib/python3.12/threading.py", line 1010, in run
    self._target(*self._args, **self._kwargs)
  File "/workspace/h1/RH/scripts/rh/day038_h1_3e10_gpu.py", line 569, in _chunk
    sr, si, br, bi, s_ar, dm = slabfn(
                               ^^^^^^^
  File "/workspace/h1/RH/scripts/rh/day038_h1_3e10_gpu.py", line 443, in slab_budget_gpu
    cc = cp.asarray(c)
         ^^^^^^^^^^^^^
  File "/opt/venvs/cupy/lib/python3.12/site-packages/cupy/_creation/from_data.py", line 94, in asarray
    return _core.array(a, dtype, copy, order, blocking=blocking)
           ^^^^^^^^^^^^^^^^^^^^^^^^^^^^^^^^^^^^^^^^^^^^^^^^^^^^^
  File "cupy/_core/core.pyx", line 2821, in cupy._core.core.array
  File "cupy/_core/core.pyx", line 2841, in cupy._core.core.array
  File "cupy/_core/core.pyx", line 3067, in cupy._core.core._array_default
  File "cupy/_core/core.pyx", line 176, in cupy._core.core.ndarray.__new__
  File "cupy/_core/core.pyx", line 282, in cupy._core.core._ndarray_base._init
  File "cupy/cuda/memory.pyx", line 904, in cupy.cuda.memory.alloc
  File "cupy/cuda/memory.pyx", line 1614, in cupy.cuda.memory.MemoryPool.malloc
  File "cupy/cuda/memory.pyx", line 1635, in cupy.cuda.memory.MemoryPool.malloc
  File "cupy/cuda/memory.pyx", line 1350, in cupy.cuda.memory.SingleDeviceMemoryPool.malloc
  File "cupy/cuda/memory.pyx", line 1376, in cupy.cuda.memory.SingleDeviceMemoryPool._malloc
  File "cupy/cuda/memory.pyx", line 1560, in cupy.cuda.memory.SingleDeviceMemoryPool._try_malloc
cupy.cuda.memory.OutOfMemoryError: Out of memory allocating 134,217,728 bytes (allocated so far: 536,870,912 bytes).
Exception in thread Thread-93 (_chunk)    :
self.run()
  File "/usr/lib/python3.12/threading.py", line 1010, in run
Traceback (most recent call last):
  File "/usr/lib/python3.12/threading.py", line 1073, in _bootstrap_inner
        self.run()
  File "/usr/lib/python3.12/threading.py", line 1010, in run
    self._target(*self._args, **self._kwargs)
  File "/workspace/h1/RH/scripts/rh/day038_h1_3e10_gpu.py", line 569, in _chunk
    sr, si, br, bi, s_ar, dm = slabfn(
                               ^^^^^^^
  File "/workspace/h1/RH/scripts/rh/day038_h1_3e10_gpu.py", line 443, in slab_budget_gpu
    cc = cp.asarray(c)
         ^^^^^^^^^^^^^
  File "/opt/venvs/cupy/lib/python3.12/site-packages/cupy/_creation/from_data.py", line 94, in asarray
    return _core.array(a, dtype, copy, order, blocking=blocking)
           ^^^^^^^^^^^^^^^^^^^^^^^^^^^^^^^^^^^^^^^^^^^^^^^^^^^^^
  File "cupy/_core/core.pyx", line 2821, in cupy._core.core.array
  File "cupy/_core/core.pyx", line 2841, in cupy._core.core.array
  File "cupy/_core/core.pyx", line 3067, in cupy._core.core._array_default
  File "cupy/_core/core.pyx", line 176, in cupy._core.core.ndarray.__new__
  File "cupy/_core/core.pyx", line 282, in cupy._core.core._ndarray_base._init
  File "cupy/cuda/memory.pyx", line 904, in cupy.cuda.memory.alloc
  File "cupy/cuda/memory.pyx", line 1614, in cupy.cuda.memory.MemoryPool.malloc
  File "cupy/cuda/memory.pyx", line 1635, in cupy.cuda.memory.MemoryPool.malloc
  File "cupy/cuda/memory.pyx", line 1350, in cupy.cuda.memory.SingleDeviceMemoryPool.malloc
  File "cupy/cuda/memory.pyx", line 1376, in cupy.cuda.memory.SingleDeviceMemoryPool._malloc
  File "cupy/cuda/memory.pyx", line 1560, in cupy.cuda.memory.SingleDeviceMemoryPool._try_malloc
cupy.cuda.memory.OutOfMemoryError: Out of memory allocating 134,217,728 bytes (allocated so far: 671,088,640 bytes).
    self.run()
  File "/usr/lib/python3.12/threading.py", line 1010, in run
    self._target(*self._args, **self._kwargs)
  File "/workspace/h1/RH/scripts/rh/day038_h1_3e10_gpu.py", line 569, in _chunk
    sr, si, br, bi, s_ar, dm = slabfn(
                               ^^^^^^^
  File "/workspace/h1/RH/scripts/rh/day038_h1_3e10_gpu.py", line 443, in slab_budget_gpu
    cc = cp.asarray(c)
         ^^^^^^^^^^^^^
  File "/opt/venvs/cupy/lib/python3.12/site-packages/cupy/_creation/from_data.py", line 94, in asarray
    return _core.array(a, dtype, copy, order, blocking=blocking)
           ^^^^^^^^^^^^^^^^^^^^^^^^^^^^^^^^^^^^^^^^^^^^^^^^^^^^^
  File "cupy/_core/core.pyx", line 2821, in cupy._core.core.array
  File "cupy/_core/core.pyx", line 2841, in cupy._core.core.array
  File "cupy/_core/core.pyx", line 3067, in cupy._core.core._array_default
  File "cupy/_core/core.pyx", line 176, in cupy._core.core.ndarray.__new__
  File "cupy/_core/core.pyx", line 282, in cupy._core.core._ndarray_base._init
  File "cupy/cuda/memory.pyx", line 904, in cupy.cuda.memory.alloc
  File "cupy/cuda/memory.pyx", line 1614, in cupy.cuda.memory.MemoryPool.malloc
  File "cupy/cuda/memory.pyx", line 1635, in cupy.cuda.memory.MemoryPool.malloc
  File "cupy/cuda/memory.pyx", line 1350, in cupy.cuda.memory.SingleDeviceMemoryPool.malloc
  File "cupy/cuda/memory.pyx", line 1376, in cupy.cuda.memory.SingleDeviceMemoryPool._malloc
  File "cupy/cuda/memory.pyx", line 1560, in cupy.cuda.memory.SingleDeviceMemoryPool._try_malloc
cupy.cuda.memory.OutOfMemoryError: Out of memory allocating 134,217,728 bytes (allocated so far: 268,435,456 bytes).
self._target(*self._args, **self._kwargs)
  File "/workspace/h1/RH/scripts/rh/day038_h1_3e10_gpu.py", line 569, in _chunk
    sr, si, br, bi, s_ar, dm = slabfn(
                               ^^^^^^^
  File "/workspace/h1/RH/scripts/rh/day038_h1_3e10_gpu.py", line 443, in slab_budget_gpu
    cc = cp.asarray(c)
         ^^^^^^^^^^^^^
  File "/opt/venvs/cupy/lib/python3.12/site-packages/cupy/_creation/from_data.py", line 94, in asarray
    return _core.array(a, dtype, copy, order, blocking=blocking)
           ^^^^^^^^^^^^^^^^^^^^^^^^^^^^^^^^^^^^^^^^^^^^^^^^^^^^^
  File "cupy/_core/core.pyx", line 2821, in cupy._core.core.array
  File "cupy/_core/core.pyx", line 2841, in cupy._core.core.array
  File "cupy/_core/core.pyx", line 3067, in cupy._core.core._array_default
  File "cupy/_core/core.pyx", line 176, in cupy._core.core.ndarray.__new__
  File "cupy/_core/core.pyx", line 282, in cupy._core.core._ndarray_base._init
  File "cupy/cuda/memory.pyx", line 904, in cupy.cuda.memory.alloc
  File "cupy/cuda/memory.pyx", line 1614, in cupy.cuda.memory.MemoryPool.malloc
  File "cupy/cuda/memory.pyx", line 1635, in cupy.cuda.memory.MemoryPool.malloc
  File "cupy/cuda/memory.pyx", line 1350, in cupy.cuda.memory.SingleDeviceMemoryPool.malloc
  File "cupy/cuda/memory.pyx", line 1376, in cupy.cuda.memory.SingleDeviceMemoryPool._malloc
  File "cupy/cuda/memory.pyx", line 1560, in cupy.cuda.memory.SingleDeviceMemoryPool._try_malloc
cupy.cuda.memory.OutOfMemoryError: Out of memory allocating 134,217,728 bytes (allocated so far: 671,088,640 bytes).
point  job  (win  0,  k  +3,  x=9493511984)  WORKER  FAILED:  TypeError('cannot unpack non-iterable NoneType object')  --  done  points  are  checkpointed;  supervisor  resumes
Exception in thread Thread-97 (_chunk):
Traceback (most recent call last):
  File "/usr/lib/python3.12/threading.py", line 1073, in _bootstrap_inner
    self.run()
  File "/usr/lib/python3.12/threading.py", line 1010, in run
    self._target(*self._args, **self._kwargs)
  File "/workspace/h1/RH/scripts/rh/day038_h1_3e10_gpu.py", line 569, in _chunk
    sr, si, br, bi, s_ar, dm = slabfn(
                               ^^^^^^^
  File "/workspace/h1/RH/scripts/rh/day038_h1_3e10_gpu.py", line 445, in slab_budget_gpu
    A = g2 + 0.25
        ~~~^~~~~~
  File "cupy/_core/core.pyx", line 1570, in cupy._core.core._ndarray_base.__add__
  File "cupy/_core/core.pyx", line 2024, in cupy._core.core._ndarray_base.__array_ufunc__
  File "cupy/_core/_kernel.pyx", line 1374, in cupy._core._kernel.ufunc.__call__
  File "cupy/_core/_kernel.pyx", line 657, in cupy._core._kernel._get_out_args_from_optionals
  File "cupy/_core/core.pyx", line 3342, in cupy._core.core._ndarray_init
  File "cupy/_core/core.pyx", line 300, in cupy._core.core._ndarray_base._init_fast
  File "cupy/cuda/memory.pyx", line 904, in cupy.cuda.memory.alloc
  File "cupy/cuda/memory.pyx", line 1614, in cupy.cuda.memory.MemoryPool.malloc
  File "cupy/cuda/memory.pyx", line 1635, in cupy.cuda.memory.MemoryPool.malloc
  File "cupy/cuda/memory.pyx", line 1350, in cupy.cuda.memory.SingleDeviceMemoryPool.malloc
  File "cupy/cuda/memory.pyx", line 1376, in cupy.cuda.memory.SingleDeviceMemoryPool._malloc
  File "cupy/cuda/memory.pyx", line 1560, in cupy.cuda.memory.SingleDeviceMemoryPool._try_malloc
cupy.cuda.memory.OutOfMemoryError: Out of memory allocating 134,217,728 bytes (allocated so far: 402,653,184 bytes).
Exception in thread Thread-98 (_chunk):
Traceback (most recent call last):
  File "/usr/lib/python3.12/threading.py", line 1073, in _bootstrap_inner
    self.run()
  File "/usr/lib/python3.12/threading.py", line 1010, in run
    self._target(*self._args, **self._kwargs)
  File "/workspace/h1/RH/scripts/rh/day038_h1_3e10_gpu.py", line 569, in _chunk
    sr, si, br, bi, s_ar, dm = slabfn(
                               ^^^^^^^
  File "/workspace/h1/RH/scripts/rh/day038_h1_3e10_gpu.py", line 443, in slab_budget_gpu
    cc = cp.asarray(c)
         ^^^^^^^^^^^^^
  File "/opt/venvs/cupy/lib/python3.12/site-packages/cupy/_creation/from_data.py", line 94, in asarray
    return _core.array(a, dtype, copy, order, blocking=blocking)
           ^^^^^^^^^^^^^^^^^^^^^^^^^^^^^^^^^^^^^^^^^^^^^^^^^^^^^
  File "cupy/_core/core.pyx", line 2821, in cupy._core.core.array
  File "cupy/_core/core.pyx", line 2841, in cupy._core.core.array
  File "cupy/_core/core.pyx", line 3067, in cupy._core.core._array_default
  File "cupy/_core/core.pyx", line 176, in cupy._core.core.ndarray.__new__
  File "cupy/_core/core.pyx", line 282, in cupy._core.core._ndarray_base._init
  File "cupy/cuda/memory.pyx", line 904, in cupy.cuda.memory.alloc
  File "cupy/cuda/memory.pyx", line 1614, in cupy.cuda.memory.MemoryPool.malloc
  File "cupy/cuda/memory.pyx", line 1635, in cupy.cuda.memory.MemoryPool.malloc
  File "cupy/cuda/memory.pyx", line 1350, in cupy.cuda.memory.SingleDeviceMemoryPool.malloc
  File "cupy/cuda/memory.pyx", line 1376, in cupy.cuda.memory.SingleDeviceMemoryPool._malloc
  File "cupy/cuda/memory.pyx", line 1560, in cupy.cuda.memory.SingleDeviceMemoryPool._try_malloc
cupy.cuda.memory.OutOfMemoryError: Out of memory allocating 134,217,728 bytes (allocated so far: 402,653,184 bytes).
Exception in thread Thread-102 (_chunk):
Exception in thread Thread-104 (_chunk):
Traceback (most recent call last):
  File "/usr/lib/python3.12/threading.py", line 1073, in _bootstrap_inner
    self.run()
  File "/usr/lib/python3.12/threading.py", line 1010, in run
    self._target(*self._args, **self._kwargs)
  File "/workspace/h1/RH/scripts/rh/day038_h1_3e10_gpu.py", line 569, in _chunk
    sr, si, br, bi, s_ar, dm = slabfn(
                               ^^^^^^^
  File "/workspace/h1/RH/scripts/rh/day038_h1_3e10_gpu.py", line 443, in slab_budget_gpu
    cc = cp.asarray(c)
         ^^^^^^^^^^^^^
  File "/opt/venvs/cupy/lib/python3.12/site-packages/cupy/_creation/from_data.py", line 94, in asarray
    return _core.array(a, dtype, copy, order, blocking=blocking)
           ^^^^^^^^^^^^^^^^^^^^^^^^^^^^^^^^^^^^^^^^^^^^^^^^^^^^^
  File "cupy/_core/core.pyx", line 2821, in cupy._core.core.array
  File "cupy/_core/core.pyx", line 2841, in cupy._core.core.array
  File "cupy/_core/core.pyx", line 3067, in cupy._core.core._array_default
  File "cupy/_core/core.pyx", line 176, in cupy._core.core.ndarray.__new__
  File "cupy/_core/core.pyx", line 282, in cupy._core.core._ndarray_base._init
  File "cupy/cuda/memory.pyx", line 904, in cupy.cuda.memory.alloc
  File "cupy/cuda/memory.pyx", line 1614, in cupy.cuda.memory.MemoryPool.malloc
  File "cupy/cuda/memory.pyx", line 1635, in cupy.cuda.memory.MemoryPool.malloc
  File "cupy/cuda/memory.pyx", line 1350, in cupy.cuda.memory.SingleDeviceMemoryPool.malloc
  File "cupy/cuda/memory.pyx", line 1376, in cupy.cuda.memory.SingleDeviceMemoryPool._malloc
  File "cupy/cuda/memory.pyx", line 1560, in cupy.cuda.memory.SingleDeviceMemoryPool._try_malloc
cupy.cuda.memory.OutOfMemoryError: Out of memory allocating 134,217,728 bytes (allocated so far: 805,306,368 bytes).
Traceback (most recent call last):
  File "/usr/lib/python3.12/threading.py", line 1073, in _bootstrap_inner
    self.run()
  File "/usr/lib/python3.12/threading.py", line 1010, in run
    self._target(*self._args, **self._kwargs)
  File "/workspace/h1/RH/scripts/rh/day038_h1_3e10_gpu.py", line 569, in _chunk
    sr, si, br, bi, s_ar, dm = slabfn(
                               ^^^^^^^
  File "/workspace/h1/RH/scripts/rh/day038_h1_3e10_gpu.py", line 444, in slab_budget_gpu
    g2 = cc * cc
         ~~~^~~~
  File "cupy/_core/core.pyx", line 1582, in cupy._core.core._ndarray_base.__mul__
  File "cupy/_core/_kernel.pyx", line 1374, in cupy._core._kernel.ufunc.__call__
  File "cupy/_core/_kernel.pyx", line 657, in cupy._core._kernel._get_out_args_from_optionals
  File "cupy/_core/core.pyx", line 3342, in cupy._core.core._ndarray_init
  File "cupy/_core/core.pyx", line 300, in cupy._core.core._ndarray_base._init_fast
  File "cupy/cuda/memory.pyx", line 904, in cupy.cuda.memory.alloc
  File "cupy/cuda/memory.pyx", line 1614, in cupy.cuda.memory.MemoryPool.malloc
  File "cupy/cuda/memory.pyx", line 1635, in cupy.cuda.memory.MemoryPool.malloc
  File "cupy/cuda/memory.pyx", line 1350, in cupy.cuda.memory.SingleDeviceMemoryPool.malloc
  File "cupy/cuda/memory.pyx", line 1376, in cupy.cuda.memory.SingleDeviceMemoryPool._malloc
  File "cupy/cuda/memory.pyx", line 1560, in cupy.cuda.memory.SingleDeviceMemoryPool._try_malloc
cupy.cuda.memory.OutOfMemoryError: Out of memory allocating 134,217,728 bytes (allocated so far: 805,306,368 bytes).
Exception in thread Exception in thread Thread-99 (_chunk):
Traceback (most recent call last):
  File "/usr/lib/python3.12/threading.py", line 1073, in _bootstrap_inner
Exception in thread Thread-101 (_chunk):
Traceback (most recent call last):
  File "/usr/lib/python3.12/threading.py", line 1073, in _bootstrap_inner
Thread-100 (_chunk):
Traceback (most recent call last):
  File "/usr/lib/python3.12/threading.py", line 1073, in _bootstrap_inner
    self.run()
      File "/usr/lib/python3.12/threading.py", line 1010, in run
self.run()
  File "/usr/lib/python3.12/threading.py", line 1010, in run
    self.run()
    self._target(*self._args, **self._kwargs)
  File "/workspace/h1/RH/scripts/rh/day038_h1_3e10_gpu.py", line 569, in _chunk
  File "/usr/lib/python3.12/threading.py", line 1010, in run
        sr, si, br, bi, s_ar, dm = slabfn(self._target(*self._args, **self._kwargs)
  File "/workspace/h1/RH/scripts/rh/day038_h1_3e10_gpu.py", line 569, in _chunk

        self._target(*self._args, **self._kwargs) 
         File "/workspace/h1/RH/scripts/rh/day038_h1_3e10_gpu.py", line 569, in _chunk
  sr, si, br, bi, s_ar, dm = slabfn(
                                sr, si, br, bi, s_ar, dm = slabfn(
                ^^ ^  ^^ ^^
  File "/workspace/h1/RH/scripts/rh/day038_h1_3e10_gpu.py", line 444, in slab_budget_gpu
                    g2 = cc * cc  ^
  ^  ^ ^  ^  ^    ^  ~~
  File "/workspace/h1/RH/scripts/rh/day038_h1_3e10_gpu.py", line 443, in slab_budget_gpu
 ~^~  ~~   
       File "cupy/_core/core.pyx", line 1582, in cupy._core.core._ndarray_base.__mul__
^^^    ^^^^
cc = cp.asarray(c)
   File "/workspace/h1/RH/scripts/rh/day038_h1_3e10_gpu.py", line 443, in slab_budget_gpu
          File "cupy/_core/_kernel.pyx", line 1374, in cupy._core._kernel.ufunc.__call__
    ^cc = cp.asarray(c)^^^^
^ ^^^ ^^^^
  File "/opt/venvs/cupy/lib/python3.12/site-packages/cupy/_creation/from_data.py", line 94, in asarray
    File "cupy/_core/_kernel.pyx", line 657, in cupy._core._kernel._get_out_args_from_optionals
     File "cupy/_core/core.pyx", line 3342, in cupy._core.core._ndarray_init
  ^^^    ^return _core.array(a, dtype, copy, order, blocking=blocking)^^^^^
 ^^  File "cupy/_core/core.pyx", line 300, in cupy._core.core._ndarray_base._init_fast
^^
  File "/opt/venvs/cupy/lib/python3.12/site-packages/cupy/_creation/from_data.py", line 94, in asarray
      File "cupy/cuda/memory.pyx", line 904, in cupy.cuda.memory.alloc
          return _core.array(a, dtype, copy, order, blocking=blocking)
   File "cupy/cuda/memory.pyx", line 1614, in cupy.cuda.memory.MemoryPool.malloc
^   ^  ^^^   File "cupy/cuda/memory.pyx", line 1635, in cupy.cuda.memory.MemoryPool.malloc
^  ^^^^^  ^^^^^^^^^^^^^^  File "cupy/cuda/memory.pyx", line 1350, in cupy.cuda.memory.SingleDeviceMemoryPool.malloc
^^^^^^^^^^^^^^^^^^^^^^^^^^  File "cupy/cuda/memory.pyx", line 1376, in cupy.cuda.memory.SingleDeviceMemoryPool._malloc
^^^^^^^^^^^^^^^^^^^^^^^^  File "cupy/cuda/memory.pyx", line 1560, in cupy.cuda.memory.SingleDeviceMemoryPool._try_malloc
^^^^^^
  File "cupy/_core/core.pyx", line 2821, in cupy._core.core.array
^^^^^^^^^cupy.cuda.memory^^^^^  File "cupy/_core/core.pyx", line 2841, in cupy._core.core.array
.OutOfMemoryError: Out of memory allocating 134,217,728 bytes (allocated so far: 536,870,912 bytes).
^^^^^^^^^  File "cupy/_core/core.pyx", line 3067, in cupy._core.core._array_default
^^
  File "cupy/_core/core.pyx", line 2821, in cupy._core.core.array
  File "cupy/_core/core.pyx", line 2841, in cupy._core.core.array
  File "cupy/_core/core.pyx", line 3067, in cupy._core.core._array_default
  File "cupy/_core/core.pyx", line 176, in cupy._core.core.ndarray.__new__
  File "cupy/_core/core.pyx", line 282, in cupy._core.core._ndarray_base._init
  File "cupy/_core/core.pyx", line 176, in cupy._core.core.ndarray.__new__
  File "cupy/cuda/memory.pyx", line 904, in cupy.cuda.memory.alloc
  File "cupy/_core/core.pyx", line 282, in cupy._core.core._ndarray_base._init
  File "cupy/cuda/memory.pyx", line 904, in cupy.cuda.memory.alloc
  File "cupy/cuda/memory.pyx", line 1614, in cupy.cuda.memory.MemoryPool.malloc
  File "cupy/cuda/memory.pyx", line 1614, in cupy.cuda.memory.MemoryPool.malloc
  File "cupy/cuda/memory.pyx", line 1635, in cupy.cuda.memory.MemoryPool.malloc
  File "cupy/cuda/memory.pyx", line 1635, in cupy.cuda.memory.MemoryPool.malloc
  File "cupy/cuda/memory.pyx", line 1350, in cupy.cuda.memory.SingleDeviceMemoryPool.malloc
  File "cupy/cuda/memory.pyx", line 1350, in cupy.cuda.memory.SingleDeviceMemoryPool.malloc
  File "cupy/cuda/memory.pyx", line 1376, in cupy.cuda.memory.SingleDeviceMemoryPool._malloc
  File "cupy/cuda/memory.pyx", line 1376, in cupy.cuda.memory.SingleDeviceMemoryPool._malloc
  File "cupy/cuda/memory.pyx", line 1560, in cupy.cuda.memory.SingleDeviceMemoryPool._try_malloc
  File "cupy/cuda/memory.pyx", line 1560, in cupy.cuda.memory.SingleDeviceMemoryPool._try_malloc
cupy.cuda.memory.OutOfMemoryError: Out of memory allocating 134,217,728 bytes (allocated so far: 402,653,184 bytes).
cupy.cuda.memory.OutOfMemoryError: Out of memory allocating 134,217,728 bytes (allocated so far: 671,088,640 bytes).
Exception in thread Thread-103 (_chunk):
Traceback (most recent call last):
  File "/usr/lib/python3.12/threading.py", line 1073, in _bootstrap_inner
    self.run()
  File "/usr/lib/python3.12/threading.py", line 1010, in run
    self._target(*self._args, **self._kwargs)
  File "/workspace/h1/RH/scripts/rh/day038_h1_3e10_gpu.py", line 569, in _chunk
    sr, si, br, bi, s_ar, dm = slabfn(
                               ^^^^^^^
  File "/workspace/h1/RH/scripts/rh/day038_h1_3e10_gpu.py", line 445, in slab_budget_gpu
    A = g2 + 0.25
        ~~~^~~~~~
  File "cupy/_core/core.pyx", line 1570, in cupy._core.core._ndarray_base.__add__
  File "cupy/_core/core.pyx", line 2024, in cupy._core.core._ndarray_base.__array_ufunc__
  File "cupy/_core/_kernel.pyx", line 1374, in cupy._core._kernel.ufunc.__call__
  File "cupy/_core/_kernel.pyx", line 657, in cupy._core._kernel._get_out_args_from_optionals
  File "cupy/_core/core.pyx", line 3342, in cupy._core.core._ndarray_init
  File "cupy/_core/core.pyx", line 300, in cupy._core.core._ndarray_base._init_fast
  File "cupy/cuda/memory.pyx", line 904, in cupy.cuda.memory.alloc
  File "cupy/cuda/memory.pyx", line 1614, in cupy.cuda.memory.MemoryPool.malloc
  File "cupy/cuda/memory.pyx", line 1635, in cupy.cuda.memory.MemoryPool.malloc
  File "cupy/cuda/memory.pyx", line 1350, in cupy.cuda.memory.SingleDeviceMemoryPool.malloc
  File "cupy/cuda/memory.pyx", line 1376, in cupy.cuda.memory.SingleDeviceMemoryPool._malloc
  File "cupy/cuda/memory.pyx", line 1560, in cupy.cuda.memory.SingleDeviceMemoryPool._try_malloc
cupy.cuda.memory.OutOfMemoryError: Out of memory allocating 134,217,728 bytes (allocated so far: 268,435,456 bytes).
point  job  (win  0,  k  +4,  x=9493511984)  WORKER  FAILED:  TypeError('cannot unpack non-iterable NoneType object')  --  done  points  are  checkpointed;  supervisor  resumes
Exception in thread Thread-105 (_chunk):
Traceback (most recent call last):
  File "/usr/lib/python3.12/threading.py", line 1073, in _bootstrap_inner
    self.run()
  File "/usr/lib/python3.12/threading.py", line 1010, in run
    self._target(*self._args, **self._kwargs)
  File "/workspace/h1/RH/scripts/rh/day038_h1_3e10_gpu.py", line 569, in _chunk
    sr, si, br, bi, s_ar, dm = slabfn(
                               ^^^^^^^
  File "/workspace/h1/RH/scripts/rh/day038_h1_3e10_gpu.py", line 445, in slab_budget_gpu
    A = g2 + 0.25
        ~~~^~~~~~
  File "cupy/_core/core.pyx", line 1570, in cupy._core.core._ndarray_base.__add__
  File "cupy/_core/core.pyx", line 2024, in cupy._core.core._ndarray_base.__array_ufunc__
  File "cupy/_core/_kernel.pyx", line 1374, in cupy._core._kernel.ufunc.__call__
  File "cupy/_core/_kernel.pyx", line 657, in cupy._core._kernel._get_out_args_from_optionals
  File "cupy/_core/core.pyx", line 3342, in cupy._core.core._ndarray_init
  File "cupy/_core/core.pyx", line 300, in cupy._core.core._ndarray_base._init_fast
  File "cupy/cuda/memory.pyx", line 904, in cupy.cuda.memory.alloc
  File "cupy/cuda/memory.pyx", line 1614, in cupy.cuda.memory.MemoryPool.malloc
  File "cupy/cuda/memory.pyx", line 1635, in cupy.cuda.memory.MemoryPool.malloc
  File "cupy/cuda/memory.pyx", line 1350, in cupy.cuda.memory.SingleDeviceMemoryPool.malloc
  File "cupy/cuda/memory.pyx", line 1376, in cupy.cuda.memory.SingleDeviceMemoryPool._malloc
  File "cupy/cuda/memory.pyx", line 1560, in cupy.cuda.memory.SingleDeviceMemoryPool._try_malloc
cupy.cuda.memory.OutOfMemoryError: Out of memory allocating 134,217,728 bytes (allocated so far: 402,653,184 bytes).
Exception in thread Thread-106 (_chunk):
Traceback (most recent call last):
  File "/usr/lib/python3.12/threading.py", line 1073, in _bootstrap_inner
    self.run()
  File "/usr/lib/python3.12/threading.py", line 1010, in run
    self._target(*self._args, **self._kwargs)
  File "/workspace/h1/RH/scripts/rh/day038_h1_3e10_gpu.py", line 569, in _chunk
    sr, si, br, bi, s_ar, dm = slabfn(
                               ^^^^^^^
  File "/workspace/h1/RH/scripts/rh/day038_h1_3e10_gpu.py", line 445, in slab_budget_gpu
    A = g2 + 0.25
        ~~~^~~~~~
  File "cupy/_core/core.pyx", line 1570, in cupy._core.core._ndarray_base.__add__
  File "cupy/_core/core.pyx", line 2024, in cupy._core.core._ndarray_base.__array_ufunc__
  File "cupy/_core/_kernel.pyx", line 1374, in cupy._core._kernel.ufunc.__call__
  File "cupy/_core/_kernel.pyx", line 657, in cupy._core._kernel._get_out_args_from_optionals
  File "cupy/_core/core.pyx", line 3342, in cupy._core.core._ndarray_init
  File "cupy/_core/core.pyx", line 300, in cupy._core.core._ndarray_base._init_fast
  File "cupy/cuda/memory.pyx", line 904, in cupy.cuda.memory.alloc
  File "cupy/cuda/memory.pyx", line 1614, in cupy.cuda.memory.MemoryPool.malloc
  File "cupy/cuda/memory.pyx", line 1635, in cupy.cuda.memory.MemoryPool.malloc
  File "cupy/cuda/memory.pyx", line 1350, in cupy.cuda.memory.SingleDeviceMemoryPool.malloc
  File "cupy/cuda/memory.pyx", line 1376, in cupy.cuda.memory.SingleDeviceMemoryPool._malloc
  File "cupy/cuda/memory.pyx", line 1560, in cupy.cuda.memory.SingleDeviceMemoryPool._try_malloc
cupy.cuda.memory.OutOfMemoryError: Out of memory allocating 134,217,728 bytes (allocated so far: 402,653,184 bytes).
Exception in thread Thread-109 (_chunk):
Traceback (most recent call last):
  File "/usr/lib/python3.12/threading.py", line 1073, in _bootstrap_inner
    self.run()
  File "/usr/lib/python3.12/threading.py", line 1010, in run
    self._target(*self._args, **self._kwargs)
  File "/workspace/h1/RH/scripts/rh/day038_h1_3e10_gpu.py", line 569, in _chunk
    sr, si, br, bi, s_ar, dm = slabfn(
                               ^^^^^^^
  File "/workspace/h1/RH/scripts/rh/day038_h1_3e10_gpu.py", line 443, in slab_budget_gpu
    cc = cp.asarray(c)
         ^^^^^^^^^^^^^
  File "/opt/venvs/cupy/lib/python3.12/site-packages/cupy/_creation/from_data.py", line 94, in asarray
    return _core.array(a, dtype, copy, order, blocking=blocking)
           ^^^^^^^^^^^^^^^^^^^^^^^^^^^^^^^^^^^^^^^^^^^^^^^^^^^^^
  File "cupy/_core/core.pyx", line 2821, in cupy._core.core.array
  File "cupy/_core/core.pyx", line 2841, in cupy._core.core.array
  File "cupy/_core/core.pyx", line 3067, in cupy._core.core._array_default
  File "cupy/_core/core.pyx", line 176, in cupy._core.core.ndarray.__new__
  File "cupy/_core/core.pyx", line 282, in cupy._core.core._ndarray_base._init
  File "cupy/cuda/memory.pyx", line 904, in cupy.cuda.memory.alloc
  File "cupy/cuda/memory.pyx", line 1614, in cupy.cuda.memory.MemoryPool.malloc
  File "cupy/cuda/memory.pyx", line 1635, in cupy.cuda.memory.MemoryPool.malloc
  File "cupy/cuda/memory.pyx", line 1350, in cupy.cuda.memory.SingleDeviceMemoryPool.malloc
  File "cupy/cuda/memory.pyx", line 1376, in cupy.cuda.memory.SingleDeviceMemoryPool._malloc
  File "cupy/cuda/memory.pyx", line 1560, in cupy.cuda.memory.SingleDeviceMemoryPool._try_malloc
cupy.cuda.memory.OutOfMemoryError: Out of memory allocating 134,217,728 bytes (allocated so far: 402,653,184 bytes).
Exception in thread Thread-108 (_chunk):
Traceback (most recent call last):
  File "/usr/lib/python3.12/threading.py", line 1073, in _bootstrap_inner
    self.run()
  File "/usr/lib/python3.12/threading.py", line 1010, in run
    self._target(*self._args, **self._kwargs)
  File "/workspace/h1/RH/scripts/rh/day038_h1_3e10_gpu.py", line 569, in _chunk
    sr, si, br, bi, s_ar, dm = slabfn(
                               ^^^^^^^
  File "/workspace/h1/RH/scripts/rh/day038_h1_3e10_gpu.py", line 443, in slab_budget_gpu
    cc = cp.asarray(c)
         ^^^^^^^^^^^^^
  File "/opt/venvs/cupy/lib/python3.12/site-packages/cupy/_creation/from_data.py", line 94, in asarray
    return _core.array(a, dtype, copy, order, blocking=blocking)
           ^^^^^^^^^^^^^^^^^^^^^^^^^^^^^^^^^^^^^^^^^^^^^^^^^^^^^
  File "cupy/_core/core.pyx", line 2821, in cupy._core.core.array
  File "cupy/_core/core.pyx", line 2841, in cupy._core.core.array
  File "cupy/_core/core.pyx", line 3067, in cupy._core.core._array_default
  File "cupy/_core/core.pyx", line 176, in cupy._core.core.ndarray.__new__
  File "cupy/_core/core.pyx", line 282, in cupy._core.core._ndarray_base._init
  File "cupy/cuda/memory.pyx", line 904, in cupy.cuda.memory.alloc
  File "cupy/cuda/memory.pyx", line 1614, in cupy.cuda.memory.MemoryPool.malloc
  File "cupy/cuda/memory.pyx", line 1635, in cupy.cuda.memory.MemoryPool.malloc
  File "cupy/cuda/memory.pyx", line 1350, in cupy.cuda.memory.SingleDeviceMemoryPool.malloc
  File "cupy/cuda/memory.pyx", line 1376, in cupy.cuda.memory.SingleDeviceMemoryPool._malloc
  File "cupy/cuda/memory.pyx", line 1560, in cupy.cuda.memory.SingleDeviceMemoryPool._try_malloc
cupy.cuda.memory.OutOfMemoryError: Out of memory allocating 134,217,728 bytes (allocated so far: 536,870,912 bytes).
Exception in thread Thread-112 (_chunk):
Traceback (most recent call last):
  File "/usr/lib/python3.12/threading.py", line 1073, in _bootstrap_inner
Exception in thread     self.run()
  File "/usr/lib/python3.12/threading.py", line 1010, in run
    self._target(*self._args, **self._kwargs)
  File "/workspace/h1/RH/scripts/rh/day038_h1_3e10_gpu.py", line 569, in _chunk
    sr, si, br, bi, s_ar, dm = slabfn(
                               ^^^^^^^
  File "/workspace/h1/RH/scripts/rh/day038_h1_3e10_gpu.py", line 443, in slab_budget_gpu
    cc = cp.asarray(c)
         ^^^^^^^^^^^^^
  File "/opt/venvs/cupy/lib/python3.12/site-packages/cupy/_creation/from_data.py", line 94, in asarray
    return _core.array(a, dtype, copy, order, blocking=blocking)
           ^^^^^^^^^^^^^^^^^^^^^^^^^^^^^^^^^^^^^^^^^^^^^^^^^^^^^
  File "cupy/_core/core.pyx", line 2821, in cupy._core.core.array
  File "cupy/_core/core.pyx", line 2841, in cupy._core.core.array
  File "cupy/_core/core.pyx", line 3067, in cupy._core.core._array_default
  File "cupy/_core/core.pyx", line 176, in cupy._core.core.ndarray.__new__
  File "cupy/_core/core.pyx", line 282, in cupy._core.core._ndarray_base._init
  File "cupy/cuda/memory.pyx", line 904, in cupy.cuda.memory.alloc
  File "cupy/cuda/memory.pyx", line 1614, in cupy.cuda.memory.MemoryPool.malloc
  File "cupy/cuda/memory.pyx", line 1635, in cupy.cuda.memory.MemoryPool.malloc
  File "cupy/cuda/memory.pyx", line 1350, in cupy.cuda.memory.SingleDeviceMemoryPool.malloc
  File "cupy/cuda/memory.pyx", line 1376, in cupy.cuda.memory.SingleDeviceMemoryPool._malloc
  File "cupy/cuda/memory.pyx", line 1560, in cupy.cuda.memory.SingleDeviceMemoryPool._try_malloc
cupy.cuda.memory.OutOfMemoryError: Out of memory allocating 134,217,728 bytes (allocated so far: 536,870,912 bytes).
Exception in thread Thread-107 (_chunk):
Traceback (most recent call last):
  File "/usr/lib/python3.12/threading.py", line 1073, in _bootstrap_inner
    self.run()
  File "/usr/lib/python3.12/threading.py", line 1010, in run
    self._target(*self._args, **self._kwargs)
  File "/workspace/h1/RH/scripts/rh/day038_h1_3e10_gpu.py", line 569, in _chunk
    sr, si, br, bi, s_ar, dm = slabfn(
                               ^^^^^^^
  File "/workspace/h1/RH/scripts/rh/day038_h1_3e10_gpu.py", line 444, in slab_budget_gpu
    g2 = cc * cc
         ~~~^~~~
  File "cupy/_core/core.pyx", line 1582, in cupy._core.core._ndarray_base.__mul__
  File "cupy/_core/_kernel.pyx", line 1374, in cupy._core._kernel.ufunc.__call__
  File "cupy/_core/_kernel.pyx", line 657, in cupy._core._kernel._get_out_args_from_optionals
  File "cupy/_core/core.pyx", line 3342, in cupy._core.core._ndarray_init
  File "cupy/_core/core.pyx", line 300, in cupy._core.core._ndarray_base._init_fast
  File "cupy/cuda/memory.pyx", line 904, in cupy.cuda.memory.alloc
  File "cupy/cuda/memory.pyx", line 1614, in cupy.cuda.memory.MemoryPool.malloc
  File "cupy/cuda/memory.pyx", line 1635, in cupy.cuda.memory.MemoryPool.malloc
  File "cupy/cuda/memory.pyx", line 1350, in cupy.cuda.memory.SingleDeviceMemoryPool.malloc
  File "cupy/cuda/memory.pyx", line 1376, in cupy.cuda.memory.SingleDeviceMemoryPool._malloc
  File "cupy/cuda/memory.pyx", line 1560, in cupy.cuda.memory.SingleDeviceMemoryPool._try_malloc
cupy.cuda.memory.OutOfMemoryError: Out of memory allocating 134,217,728 bytes (allocated so far: 402,653,184 bytes).
Thread-111 (_chunk):
Traceback (most recent call last):
  File "/usr/lib/python3.12/threading.py", line 1073, in _bootstrap_inner
    self.run()
  File "/usr/lib/python3.12/threading.py", line 1010, in run
    self._target(*self._args, **self._kwargs)
  File "/workspace/h1/RH/scripts/rh/day038_h1_3e10_gpu.py", line 569, in _chunk
    sr, si, br, bi, s_ar, dm = slabfn(
                               ^^^^^^^
  File "/workspace/h1/RH/scripts/rh/day038_h1_3e10_gpu.py", line 443, in slab_budget_gpu
    cc = cp.asarray(c)
         ^^^^^^^^^^^^^
  File "/opt/venvs/cupy/lib/python3.12/site-packages/cupy/_creation/from_data.py", line 94, in asarray
    return _core.array(a, dtype, copy, order, blocking=blocking)
           ^^^^^^^^^^^^^^^^^^^^^^^^^^^^^^^^^^^^^^^^^^^^^^^^^^^^^
  File "cupy/_core/core.pyx", line 2821, in cupy._core.core.array
  File "cupy/_core/core.pyx", line 2841, in cupy._core.core.array
  File "cupy/_core/core.pyx", line 3067, in cupy._core.core._array_default
  File "cupy/_core/core.pyx", line 176, in cupy._core.core.ndarray.__new__
  File "cupy/_core/core.pyx", line 282, in cupy._core.core._ndarray_base._init
  File "cupy/cuda/memory.pyx", line 904, in cupy.cuda.memory.alloc
  File "cupy/cuda/memory.pyx", line 1614, in cupy.cuda.memory.MemoryPool.malloc
  File "cupy/cuda/memory.pyx", line 1635, in cupy.cuda.memory.MemoryPool.malloc
  File "cupy/cuda/memory.pyx", line 1350, in cupy.cuda.memory.SingleDeviceMemoryPool.malloc
  File "cupy/cuda/memory.pyx", line 1376, in cupy.cuda.memory.SingleDeviceMemoryPool._malloc
  File "cupy/cuda/memory.pyx", line 1560, in cupy.cuda.memory.SingleDeviceMemoryPool._try_malloc
cupy.cuda.memory.OutOfMemoryError: Out of memory allocating 134,217,728 bytes (allocated so far: 402,653,184 bytes).
Exception in thread Thread-110 (_chunk):
Traceback (most recent call last):
  File "/usr/lib/python3.12/threading.py", line 1073, in _bootstrap_inner
    self.run()
  File "/usr/lib/python3.12/threading.py", line 1010, in run
    self._target(*self._args, **self._kwargs)
  File "/workspace/h1/RH/scripts/rh/day038_h1_3e10_gpu.py", line 569, in _chunk
    sr, si, br, bi, s_ar, dm = slabfn(
                               ^^^^^^^
  File "/workspace/h1/RH/scripts/rh/day038_h1_3e10_gpu.py", line 444, in slab_budget_gpu
    g2 = cc * cc
         ~~~^~~~
  File "cupy/_core/core.pyx", line 1582, in cupy._core.core._ndarray_base.__mul__
  File "cupy/_core/_kernel.pyx", line 1374, in cupy._core._kernel.ufunc.__call__
  File "cupy/_core/_kernel.pyx", line 657, in cupy._core._kernel._get_out_args_from_optionals
  File "cupy/_core/core.pyx", line 3342, in cupy._core.core._ndarray_init
  File "cupy/_core/core.pyx", line 300, in cupy._core.core._ndarray_base._init_fast
  File "cupy/cuda/memory.pyx", line 904, in cupy.cuda.memory.alloc
  File "cupy/cuda/memory.pyx", line 1614, in cupy.cuda.memory.MemoryPool.malloc
  File "cupy/cuda/memory.pyx", line 1635, in cupy.cuda.memory.MemoryPool.malloc
  File "cupy/cuda/memory.pyx", line 1350, in cupy.cuda.memory.SingleDeviceMemoryPool.malloc
  File "cupy/cuda/memory.pyx", line 1376, in cupy.cuda.memory.SingleDeviceMemoryPool._malloc
  File "cupy/cuda/memory.pyx", line 1560, in cupy.cuda.memory.SingleDeviceMemoryPool._try_malloc
cupy.cuda.memory.OutOfMemoryError: Out of memory allocating 134,217,728 bytes (allocated so far: 268,435,456 bytes).
point  job  (win  0,  k  +5,  x=9493511984)  WORKER  FAILED:  TypeError('cannot unpack non-iterable NoneType object')  --  done  points  are  checkpointed;  supervisor  resumes
Exception in thread Thread-113 (_chunk):
Traceback (most recent call last):
  File "/usr/lib/python3.12/threading.py", line 1073, in _bootstrap_inner
    self.run()
  File "/usr/lib/python3.12/threading.py", line 1010, in run
    self._target(*self._args, **self._kwargs)
  File "/workspace/h1/RH/scripts/rh/day038_h1_3e10_gpu.py", line 569, in _chunk
    sr, si, br, bi, s_ar, dm = slabfn(
                               ^^^^^^^
  File "/workspace/h1/RH/scripts/rh/day038_h1_3e10_gpu.py", line 445, in slab_budget_gpu
    A = g2 + 0.25
        ~~~^~~~~~
  File "cupy/_core/core.pyx", line 1570, in cupy._core.core._ndarray_base.__add__
  File "cupy/_core/core.pyx", line 2024, in cupy._core.core._ndarray_base.__array_ufunc__
  File "cupy/_core/_kernel.pyx", line 1374, in cupy._core._kernel.ufunc.__call__
  File "cupy/_core/_kernel.pyx", line 657, in cupy._core._kernel._get_out_args_from_optionals
  File "cupy/_core/core.pyx", line 3342, in cupy._core.core._ndarray_init
  File "cupy/_core/core.pyx", line 300, in cupy._core.core._ndarray_base._init_fast
  File "cupy/cuda/memory.pyx", line 904, in cupy.cuda.memory.alloc
  File "cupy/cuda/memory.pyx", line 1614, in cupy.cuda.memory.MemoryPool.malloc
  File "cupy/cuda/memory.pyx", line 1635, in cupy.cuda.memory.MemoryPool.malloc
  File "cupy/cuda/memory.pyx", line 1350, in cupy.cuda.memory.SingleDeviceMemoryPool.malloc
  File "cupy/cuda/memory.pyx", line 1376, in cupy.cuda.memory.SingleDeviceMemoryPool._malloc
  File "cupy/cuda/memory.pyx", line 1560, in cupy.cuda.memory.SingleDeviceMemoryPool._try_malloc
cupy.cuda.memory.OutOfMemoryError: Out of memory allocating 134,217,728 bytes (allocated so far: 268,435,456 bytes).
Exception in thread Thread-116 (_chunk):
Traceback (most recent call last):
  File "/usr/lib/python3.12/threading.py", line 1073, in _bootstrap_inner
    self.run()
  File "/usr/lib/python3.12/threading.py", line 1010, in run
Exception in thread Thread-115 (_chunk):
    Exception in thread Thread-118 (_chunk):
Traceback (most recent call last):
  File "/usr/lib/python3.12/threading.py", line 1073, in _bootstrap_inner
Exception in thread Traceback (most recent call last):
self._target(*self._args, **self._kwargs)
  File "/workspace/h1/RH/scripts/rh/day038_h1_3e10_gpu.py", line 569, in _chunk
    sr, si, br, bi, s_ar, dm = slabfn(
                               ^^^^^^^
  File "/workspace/h1/RH/scripts/rh/day038_h1_3e10_gpu.py", line 443, in slab_budget_gpu
    cc = cp.asarray(c)
         ^^^^^^^^^^^^^
  File "/opt/venvs/cupy/lib/python3.12/site-packages/cupy/_creation/from_data.py", line 94, in asarray
    return _core.array(a, dtype, copy, order, blocking=blocking)
           ^^^^^^^^^^^^^^^^^^^^^^^^^^^^^^^^^^^^^^^^^^^^^^^^^^^^^
  File "cupy/_core/core.pyx", line 2821, in cupy._core.core.array
  File "cupy/_core/core.pyx", line 2841, in cupy._core.core.array
  File "cupy/_core/core.pyx", line 3067, in cupy._core.core._array_default
  File "cupy/_core/core.pyx", line 176, in cupy._core.core.ndarray.__new__
  File "cupy/_core/core.pyx", line 282, in cupy._core.core._ndarray_base._init
  File "cupy/cuda/memory.pyx", line 904, in cupy.cuda.memory.alloc
  File "cupy/cuda/memory.pyx", line 1614, in cupy.cuda.memory.MemoryPool.malloc
  File "cupy/cuda/memory.pyx", line 1635, in cupy.cuda.memory.MemoryPool.malloc
  File "cupy/cuda/memory.pyx", line 1350, in cupy.cuda.memory.SingleDeviceMemoryPool.malloc
  File "cupy/cuda/memory.pyx", line 1376, in cupy.cuda.memory.SingleDeviceMemoryPool._malloc
  File "cupy/cuda/memory.pyx", line 1560, in cupy.cuda.memory.SingleDeviceMemoryPool._try_malloc
cupy.cuda.memory.OutOfMemoryError: Out of memory allocating 134,217,728 bytes (allocated so far: 805,306,368 bytes).
  File "/usr/lib/python3.12/threading.py", line 1073, in _bootstrap_inner
    self.run()
  File "/usr/lib/python3.12/threading.py", line 1010, in run
    self._target(*self._args, **self._kwargs)
  File "/workspace/h1/RH/scripts/rh/day038_h1_3e10_gpu.py", line 569, in _chunk
    sr, si, br, bi, s_ar, dm = slabfn(
                               ^^^^^^^
  File "/workspace/h1/RH/scripts/rh/day038_h1_3e10_gpu.py", line 444, in slab_budget_gpu
    g2 = cc * cc
         ~~~^~~~
  File "cupy/_core/core.pyx", line 1582, in cupy._core.core._ndarray_base.__mul__
  File "cupy/_core/_kernel.pyx", line 1374, in cupy._core._kernel.ufunc.__call__
  File "cupy/_core/_kernel.pyx", line 657, in cupy._core._kernel._get_out_args_from_optionals
  File "cupy/_core/core.pyx", line 3342, in cupy._core.core._ndarray_init
  File "cupy/_core/core.pyx", line 300, in cupy._core.core._ndarray_base._init_fast
  File "cupy/cuda/memory.pyx", line 904, in cupy.cuda.memory.alloc
  File "cupy/cuda/memory.pyx", line 1614, in cupy.cuda.memory.MemoryPool.malloc
  File "cupy/cuda/memory.pyx", line 1635, in cupy.cuda.memory.MemoryPool.malloc
  File "cupy/cuda/memory.pyx", line 1350, in cupy.cuda.memory.SingleDeviceMemoryPool.malloc
  File "cupy/cuda/memory.pyx", line 1376, in cupy.cuda.memory.SingleDeviceMemoryPool._malloc
  File "cupy/cuda/memory.pyx", line 1560, in cupy.cuda.memory.SingleDeviceMemoryPool._try_malloc
cupy.cuda.memory.OutOfMemoryError: Out of memory allocating 134,217,728 bytes (allocated so far: 671,088,640 bytes).
Thread-114 (_chunk):
Traceback (most recent call last):
  File "/usr/lib/python3.12/threading.py", line 1073, in _bootstrap_inner
    self.run()
  File "/usr/lib/python3.12/threading.py", line 1010, in run
    self._target(*self._args, **self._kwargs)
  File "/workspace/h1/RH/scripts/rh/day038_h1_3e10_gpu.py", line 569, in _chunk
    sr, si, br, bi, s_ar, dm = slabfn(
                               ^^^^^^^
  File "/workspace/h1/RH/scripts/rh/day038_h1_3e10_gpu.py", line 443, in slab_budget_gpu
    cc = cp.asarray(c)
         ^^^^^^^^^^^^^
  File "/opt/venvs/cupy/lib/python3.12/site-packages/cupy/_creation/from_data.py", line 94, in asarray
    return _core.array(a, dtype, copy, order, blocking=blocking)
           ^^^^^^^^^^^^^^^^^^^^^^^^^^^^^^^^^^^^^^^^^^^^^^^^^^^^^
  File "cupy/_core/core.pyx", line 2821, in cupy._core.core.array
  File "cupy/_core/core.pyx", line 2841, in cupy._core.core.array
  File "cupy/_core/core.pyx", line 3067, in cupy._core.core._array_default
  File "cupy/_core/core.pyx", line 176, in cupy._core.core.ndarray.__new__
  File "cupy/_core/core.pyx", line 282, in cupy._core.core._ndarray_base._init
  File "cupy/cuda/memory.pyx", line 904, in cupy.cuda.memory.alloc
  File "cupy/cuda/memory.pyx", line 1614, in cupy.cuda.memory.MemoryPool.malloc
  File "cupy/cuda/memory.pyx", line 1635, in cupy.cuda.memory.MemoryPool.malloc
  File "cupy/cuda/memory.pyx", line 1350, in cupy.cuda.memory.SingleDeviceMemoryPool.malloc
  File "cupy/cuda/memory.pyx", line 1376, in cupy.cuda.memory.SingleDeviceMemoryPool._malloc
  File "cupy/cuda/memory.pyx", line 1560, in cupy.cuda.memory.SingleDeviceMemoryPool._try_malloc
cupy.cuda.memory.OutOfMemoryError: Out of memory allocating 134,217,728 bytes (allocated so far: 536,870,912 bytes).
    self.run()
  File "/usr/lib/python3.12/threading.py", line 1010, in run
    self._target(*self._args, **self._kwargs)
  File "/workspace/h1/RH/scripts/rh/day038_h1_3e10_gpu.py", line 569, in _chunk
    sr, si, br, bi, s_ar, dm = slabfn(
                               ^^^^^^^
  File "/workspace/h1/RH/scripts/rh/day038_h1_3e10_gpu.py", line 443, in slab_budget_gpu
    cc = cp.asarray(c)
         ^^^^^^^^^^^^^
  File "/opt/venvs/cupy/lib/python3.12/site-packages/cupy/_creation/from_data.py", line 94, in asarray
    return _core.array(a, dtype, copy, order, blocking=blocking)
           ^^^^^^^^^^^^^^^^^^^^^^^^^^^^^^^^^^^^^^^^^^^^^^^^^^^^^
  File "cupy/_core/core.pyx", line 2821, in cupy._core.core.array
  File "cupy/_core/core.pyx", line 2841, in cupy._core.core.array
  File "cupy/_core/core.pyx", line 3067, in cupy._core.core._array_default
  File "cupy/_core/core.pyx", line 176, in cupy._core.core.ndarray.__new__
  File "cupy/_core/core.pyx", line 282, in cupy._core.core._ndarray_base._init
  File "cupy/cuda/memory.pyx", line 904, in cupy.cuda.memory.alloc
  File "cupy/cuda/memory.pyx", line 1614, in cupy.cuda.memory.MemoryPool.malloc
  File "cupy/cuda/memory.pyx", line 1635, in cupy.cuda.memory.MemoryPool.malloc
  File "cupy/cuda/memory.pyx", line 1350, in cupy.cuda.memory.SingleDeviceMemoryPool.malloc
  File "cupy/cuda/memory.pyx", line 1376, in cupy.cuda.memory.SingleDeviceMemoryPool._malloc
  File "cupy/cuda/memory.pyx", line 1560, in cupy.cuda.memory.SingleDeviceMemoryPool._try_malloc
cupy.cuda.memory.OutOfMemoryError: Out of memory allocating 134,217,728 bytes (allocated so far: 671,088,640 bytes).
Exception in thread Thread-120 (_chunk):
Traceback (most recent call last):
  File "/usr/lib/python3.12/threading.py", line 1073, in _bootstrap_inner
    self.run()
  File "/usr/lib/python3.12/threading.py", line 1010, in run
    self._target(*self._args, **self._kwargs)
  File "/workspace/h1/RH/scripts/rh/day038_h1_3e10_gpu.py", line 569, in _chunk
    sr, si, br, bi, s_ar, dm = slabfn(
                               ^^^^^^^
  File "/workspace/h1/RH/scripts/rh/day038_h1_3e10_gpu.py", line 444, in slab_budget_gpu
    g2 = cc * cc
         ~~~^~~~
  File "cupy/_core/core.pyx", line 1582, in cupy._core.core._ndarray_base.__mul__
  File "cupy/_core/_kernel.pyx", line 1374, in cupy._core._kernel.ufunc.__call__
  File "cupy/_core/_kernel.pyx", line 657, in cupy._core._kernel._get_out_args_from_optionals
  File "cupy/_core/core.pyx", line 3342, in cupy._core.core._ndarray_init
  File "cupy/_core/core.pyx", line 300, in cupy._core.core._ndarray_base._init_fast
  File "cupy/cuda/memory.pyx", line 904, in cupy.cuda.memory.alloc
  File "cupy/cuda/memory.pyx", line 1614, in cupy.cuda.memory.MemoryPool.malloc
  File "cupy/cuda/memory.pyx", line 1635, in cupy.cuda.memory.MemoryPool.malloc
  File "cupy/cuda/memory.pyx", line 1350, in cupy.cuda.memory.SingleDeviceMemoryPool.malloc
  File "cupy/cuda/memory.pyx", line 1376, in cupy.cuda.memory.SingleDeviceMemoryPool._malloc
  File "cupy/cuda/memory.pyx", line 1560, in cupy.cuda.memory.SingleDeviceMemoryPool._try_malloc
cupy.cuda.memory.OutOfMemoryError: Out of memory allocating 134,217,728 bytes (allocated so far: 536,870,912 bytes).
Exception in thread Thread-117 (_chunk):
Traceback (most recent call last):
  File "/usr/lib/python3.12/threading.py", line 1073, in _bootstrap_inner
    self.run()
  File "/usr/lib/python3.12/threading.py", line 1010, in run
    self._target(*self._args, **self._kwargs)
  File "/workspace/h1/RH/scripts/rh/day038_h1_3e10_gpu.py", line 569, in _chunk
    sr, si, br, bi, s_ar, dm = slabfn(
                               ^^^^^^^
  File "/workspace/h1/RH/scripts/rh/day038_h1_3e10_gpu.py", line 444, in slab_budget_gpu
    g2 = cc * cc
         ~~~^~~~
  File "cupy/_core/core.pyx", line 1582, in cupy._core.core._ndarray_base.__mul__
  File "cupy/_core/_kernel.pyx", line 1374, in cupy._core._kernel.ufunc.__call__
  File "cupy/_core/_kernel.pyx", line 657, in cupy._core._kernel._get_out_args_from_optionals
  File "cupy/_core/core.pyx", line 3342, in cupy._core.core._ndarray_init
  File "cupy/_core/core.pyx", line 300, in cupy._core.core._ndarray_base._init_fast
  File "cupy/cuda/memory.pyx", line 904, in cupy.cuda.memory.alloc
  File "cupy/cuda/memory.pyx", line 1614, in cupy.cuda.memory.MemoryPool.malloc
  File "cupy/cuda/memory.pyx", line 1635, in cupy.cuda.memory.MemoryPool.malloc
  File "cupy/cuda/memory.pyx", line 1350, in cupy.cuda.memory.SingleDeviceMemoryPool.malloc
  File "cupy/cuda/memory.pyx", line 1376, in cupy.cuda.memory.SingleDeviceMemoryPool._malloc
  File "cupy/cuda/memory.pyx", line 1560, in cupy.cuda.memory.SingleDeviceMemoryPool._try_malloc
cupy.cuda.memory.OutOfMemoryError: Out of memory allocating 134,217,728 bytes (allocated so far: 402,653,184 bytes).
Exception in thread Thread-119 (_chunk):
Traceback (most recent call last):
  File "/usr/lib/python3.12/threading.py", line 1073, in _bootstrap_inner
    self.run()
  File "/usr/lib/python3.12/threading.py", line 1010, in run
    self._target(*self._args, **self._kwargs)
  File "/workspace/h1/RH/scripts/rh/day038_h1_3e10_gpu.py", line 569, in _chunk
    sr, si, br, bi, s_ar, dm = slabfn(
                               ^^^^^^^
  File "/workspace/h1/RH/scripts/rh/day038_h1_3e10_gpu.py", line 444, in slab_budget_gpu
    g2 = cc * cc
         ~~~^~~~
  File "cupy/_core/core.pyx", line 1582, in cupy._core.core._ndarray_base.__mul__
  File "cupy/_core/_kernel.pyx", line 1374, in cupy._core._kernel.ufunc.__call__
  File "cupy/_core/_kernel.pyx", line 657, in cupy._core._kernel._get_out_args_from_optionals
  File "cupy/_core/core.pyx", line 3342, in cupy._core.core._ndarray_init
  File "cupy/_core/core.pyx", line 300, in cupy._core.core._ndarray_base._init_fast
  File "cupy/cuda/memory.pyx", line 904, in cupy.cuda.memory.alloc
  File "cupy/cuda/memory.pyx", line 1614, in cupy.cuda.memory.MemoryPool.malloc
  File "cupy/cuda/memory.pyx", line 1635, in cupy.cuda.memory.MemoryPool.malloc
  File "cupy/cuda/memory.pyx", line 1350, in cupy.cuda.memory.SingleDeviceMemoryPool.malloc
  File "cupy/cuda/memory.pyx", line 1376, in cupy.cuda.memory.SingleDeviceMemoryPool._malloc
  File "cupy/cuda/memory.pyx", line 1560, in cupy.cuda.memory.SingleDeviceMemoryPool._try_malloc
cupy.cuda.memory.OutOfMemoryError: Out of memory allocating 134,217,728 bytes (allocated so far: 268,435,456 bytes).
point  job  (win  0,  k  +6,  x=9493511984)  WORKER  FAILED:  TypeError('cannot unpack non-iterable NoneType object')  --  done  points  are  checkpointed;  supervisor  resumes
Exception in thread Thread-121 (_chunk):
Traceback (most recent call last):
  File "/usr/lib/python3.12/threading.py", line 1073, in _bootstrap_inner
Exception in thread Thread-124 (_chunk):
Traceback (most recent call last):
  File "/usr/lib/python3.12/threading.py", line 1073, in _bootstrap_inner
Exception in thread Thread-122 (_chunk):
Traceback (most recent call last):
Exception in thread Thread-126 (_chunk):
Traceback (most recent call last):
  File "/usr/lib/python3.12/threading.py", line 1073, in _bootstrap_inner
  File "/usr/lib/python3.12/threading.py", line 1073, in _bootstrap_inner
    self.run()
  File "/usr/lib/python3.12/threading.py", line 1010, in run
    self._target(*self._args, **self._kwargs)
  File "/workspace/h1/RH/scripts/rh/day038_h1_3e10_gpu.py", line 569, in _chunk
    sr, si, br, bi, s_ar, dm = slabfn(
                               ^^^^^^^
  File "/workspace/h1/RH/scripts/rh/day038_h1_3e10_gpu.py", line 443, in slab_budget_gpu
    cc = cp.asarray(c)
         ^^^^^^^^^^^^^
  File "/opt/venvs/cupy/lib/python3.12/site-packages/cupy/_creation/from_data.py", line 94, in asarray
    return _core.array(a, dtype, copy, order, blocking=blocking)
           ^^^^^^^^^^^^^^^^^^^^^^^^^^^^^^^^^^^^^^^^^^^^^^^^^^^^^
  File "cupy/_core/core.pyx", line 2821, in cupy._core.core.array
  File "cupy/_core/core.pyx", line 2841, in cupy._core.core.array
  File "cupy/_core/core.pyx", line 3067, in cupy._core.core._array_default
  File "cupy/_core/core.pyx", line 176, in cupy._core.core.ndarray.__new__
  File "cupy/_core/core.pyx", line 282, in cupy._core.core._ndarray_base._init
  File "cupy/cuda/memory.pyx", line 904, in cupy.cuda.memory.alloc
  File "cupy/cuda/memory.pyx", line 1614, in cupy.cuda.memory.MemoryPool.malloc
  File "cupy/cuda/memory.pyx", line 1635, in cupy.cuda.memory.MemoryPool.malloc
  File "cupy/cuda/memory.pyx", line 1350, in cupy.cuda.memory.SingleDeviceMemoryPool.malloc
  File "cupy/cuda/memory.pyx", line 1376, in cupy.cuda.memory.SingleDeviceMemoryPool._malloc
  File "cupy/cuda/memory.pyx", line 1560, in cupy.cuda.memory.SingleDeviceMemoryPool._try_malloc
cupy.cuda.memory.OutOfMemoryError: Out of memory allocating 134,217,728 bytes (allocated so far: 402,653,184 bytes).
        self.run()
  File "/usr/lib/python3.12/threading.py", line 1010, in run
    self.run()
  File "/usr/lib/python3.12/threading.py", line 1010, in run
self.run()
  File "/usr/lib/python3.12/threading.py", line 1010, in run
Exception in thread Thread-125 (_chunk):
Traceback (most recent call last):
    self._target(*self._args, **self._kwargs)
  File "/workspace/h1/RH/scripts/rh/day038_h1_3e10_gpu.py", line 569, in _chunk
    self._target(*self._args, **self._kwargs)
  File "/workspace/h1/RH/scripts/rh/day038_h1_3e10_gpu.py", line 569, in _chunk
    sr, si, br, bi, s_ar, dm = slabfn(
                               ^^^^^^^
  File "/workspace/h1/RH/scripts/rh/day038_h1_3e10_gpu.py", line 443, in slab_budget_gpu
    cc = cp.asarray(c)
         ^^^^^^^^^^^^^
  File "/opt/venvs/cupy/lib/python3.12/site-packages/cupy/_creation/from_data.py", line 94, in asarray
    return _core.array(a, dtype, copy, order, blocking=blocking)
       File "/usr/lib/python3.12/threading.py", line 1073, in _bootstrap_inner
    self._target(*self._args, **self._kwargs)
          ^^^^^^^^^^^^^^^^^^^^^^^^^^^^^^^^^^^^^^^^^^^^^^^^^^^^^
  File "cupy/_core/core.pyx", line 2821, in cupy._core.core.array
  File "cupy/_core/core.pyx", line 2841, in cupy._core.core.array
  File "cupy/_core/core.pyx", line 3067, in cupy._core.core._array_default
  File "cupy/_core/core.pyx", line 176, in cupy._core.core.ndarray.__new__
Exception in thread Thread-127 (_chunk):
Traceback (most recent call last):
  File "/usr/lib/python3.12/threading.py", line 1073, in _bootstrap_inner
    self.run()
  File "/usr/lib/python3.12/threading.py", line 1010, in run
    self._target(*self._args, **self._kwargs)
  File "/workspace/h1/RH/scripts/rh/day038_h1_3e10_gpu.py", line 569, in _chunk
    sr, si, br, bi, s_ar, dm = slabfn(
                               ^^^^^^^
  File "/workspace/h1/RH/scripts/rh/day038_h1_3e10_gpu.py", line 443, in slab_budget_gpu
    cc = cp.asarray(c)
         ^^^^^^^^^^^^^
  File "/opt/venvs/cupy/lib/python3.12/site-packages/cupy/_creation/from_data.py", line 94, in asarray
    return _core.array(a, dtype, copy, order, blocking=blocking)
           ^^^^^^^^^^^^^^^^^^^^^^^^^^^^^^^^^^^^^^^^^^^^^^^^^^^^^
  File "cupy/_core/core.pyx", line 2821, in cupy._core.core.array
  File "cupy/_core/core.pyx", line 2841, in cupy._core.core.array
  File "cupy/_core/core.pyx", line 3067, in cupy._core.core._array_default
  File "cupy/_core/core.pyx", line 176, in cupy._core.core.ndarray.__new__
  File "cupy/_core/core.pyx", line 282, in cupy._core.core._ndarray_base._init
  File "cupy/cuda/memory.pyx", line 904, in cupy.cuda.memory.alloc
  File "cupy/cuda/memory.pyx", line 1614, in cupy.cuda.memory.MemoryPool.malloc
  File "cupy/cuda/memory.pyx", line 1635, in cupy.cuda.memory.MemoryPool.malloc
  File "cupy/cuda/memory.pyx", line 1350, in cupy.cuda.memory.SingleDeviceMemoryPool.malloc
  File "cupy/cuda/memory.pyx", line 1376, in cupy.cuda.memory.SingleDeviceMemoryPool._malloc
  File "cupy/cuda/memory.pyx", line 1560, in cupy.cuda.memory.SingleDeviceMemoryPool._try_malloc
cupy.cuda.memory.OutOfMemoryError: Out of memory allocating 134,217,728 bytes (allocated so far: 536,870,912 bytes).
  File "/workspace/h1/RH/scripts/rh/day038_h1_3e10_gpu.py", line 569, in _chunk
    sr, si, br, bi, s_ar, dm = slabfn(
                               ^^^^^^^
  File "/workspace/h1/RH/scripts/rh/day038_h1_3e10_gpu.py", line 445, in slab_budget_gpu
    A = g2 + 0.25
        ~~~^~~~~~
  File "cupy/_core/core.pyx", line 1570, in cupy._core.core._ndarray_base.__add__
  File "cupy/_core/core.pyx", line 2024, in cupy._core.core._ndarray_base.__array_ufunc__
  File "cupy/_core/_kernel.pyx", line 1374, in cupy._core._kernel.ufunc.__call__
  File "cupy/_core/_kernel.pyx", line 657, in cupy._core._kernel._get_out_args_from_optionals
  File "cupy/_core/core.pyx", line 3342, in cupy._core.core._ndarray_init
  File "cupy/_core/core.pyx", line 300, in cupy._core.core._ndarray_base._init_fast
  File "cupy/cuda/memory.pyx", line 904, in cupy.cuda.memory.alloc
  File "cupy/cuda/memory.pyx", line 1614, in cupy.cuda.memory.MemoryPool.malloc
  File "cupy/cuda/memory.pyx", line 1635, in cupy.cuda.memory.MemoryPool.malloc
  File "cupy/cuda/memory.pyx", line 1350, in cupy.cuda.memory.SingleDeviceMemoryPool.malloc
  File "cupy/cuda/memory.pyx", line 1376, in cupy.cuda.memory.SingleDeviceMemoryPool._malloc
  File "cupy/cuda/memory.pyx", line 1560, in cupy.cuda.memory.SingleDeviceMemoryPool._try_malloc
cupy.cuda.memory.OutOfMemoryError: Out of memory allocating 134,217,728 bytes (allocated so far: 268,435,456 bytes).
Exception in thread Thread-123 (_chunk):
Traceback (most recent call last):
  File "/usr/lib/python3.12/threading.py", line 1073, in _bootstrap_inner
    self.run()
  File "/usr/lib/python3.12/threading.py", line 1010, in run
    self._target(*self._args, **self._kwargs)
  File "/workspace/h1/RH/scripts/rh/day038_h1_3e10_gpu.py", line 569, in _chunk
self.run()    sr, si, br, bi, s_ar, dm = slabfn(
                               ^^^^^^^
  File "/workspace/h1/RH/scripts/rh/day038_h1_3e10_gpu.py", line 443, in slab_budget_gpu
    cc = cp.asarray(c)
         ^^^^^Exception in thread Thread-128 (_chunk):
Traceback (most recent call last):
^
^^^^^^^
      File "/usr/lib/python3.12/threading.py", line 1010, in run
sr, si, br, bi, s_ar, dm = slabfn(  File "cupy/_core/core.pyx", line 282, in cupy._core.core._ndarray_base._init
  File "/opt/venvs/cupy/lib/python3.12/site-packages/cupy/_creation/from_data.py", line 94, in asarray

  File "cupy/cuda/memory.pyx", line 904, in cupy.cuda.memory.alloc
   File "/usr/lib/python3.12/threading.py", line 1073, in _bootstrap_inner
                 return _core.array(a, dtype, copy, order, blocking=blocking)
   File "cupy/cuda/memory.pyx", line 1614, in cupy.cuda.memory.MemoryPool.malloc
             ^^^         self._target(*self._args, **self._kwargs)
self.run()
  File "/usr/lib/python3.12/threading.py", line 1010, in run
^  File "/workspace/h1/RH/scripts/rh/day038_h1_3e10_gpu.py", line 569, in _chunk
      ^ ^    File "cupy/cuda/memory.pyx", line 1635, in cupy.cuda.memory.MemoryPool.malloc
    ^^^^^^^
  File "/workspace/h1/RH/scripts/rh/day038_h1_3e10_gpu.py", line 443, in slab_budget_gpu
^^^^^^^^^    ^^^^^^^^^sr, si, br, bi, s_ar, dm = slabfn(    ^
  File "cupy/cuda/memory.pyx", line 1350, in cupy.cuda.memory.SingleDeviceMemoryPool.malloc
cc = cp.asarray(c)
             File "cupy/cuda/memory.pyx", line 1376, in cupy.cuda.memory.SingleDeviceMemoryPool._malloc
^^^^      ^^^^^self._target(*self._args, **self._kwargs)^^^ 
       File "/workspace/h1/RH/scripts/rh/day038_h1_3e10_gpu.py", line 569, in _chunk
^   File "cupy/cuda/memory.pyx", line 1560, in cupy.cuda.memory.SingleDeviceMemoryPool._try_malloc
     ^^ ^^^^^    
  File "/opt/venvs/cupy/lib/python3.12/site-packages/cupy/_creation/from_data.py", line 94, in asarray
sr, si, br, bi, s_ar, dm = slabfn( 
     ^ ^^^^ ^ cupy.cuda.memory.OutOfMemoryError: Out of memory allocating 134,217,728 bytes (allocated so far: 402,653,184 bytes).              ^^^^^ 
^^^^^ return _core.array(a, dtype, copy, order, blocking=blocking) 
   ^^^^^^^
  File "/workspace/h1/RH/scripts/rh/day038_h1_3e10_gpu.py", line 443, in slab_budget_gpu
    cc = cp.asarray(c)
         ^^^^^^^^^^^^^
  File "/opt/venvs/cupy/lib/python3.12/site-packages/cupy/_creation/from_data.py", line 94, in asarray
    return _core.array(a, dtype, copy, order, blocking=blocking)
           ^^^^^^^^^^^^^^^^^^^^^^^^^^^^^^^^^^^^^^^^^^^^^^^^^^^^^
  File "cupy/_core/core.pyx", line 2821, in cupy._core.core.array
  File "cupy/_core/core.pyx", line 2841, in cupy._core.core.array
  File "cupy/_core/core.pyx", line 3067, in cupy._core.core._array_default
  File "cupy/_core/core.pyx", line 176, in cupy._core.core.ndarray.__new__
  File "cupy/_core/core.pyx", line 282, in cupy._core.core._ndarray_base._init
  File "cupy/cuda/memory.pyx", line 904, in cupy.cuda.memory.alloc
  File "cupy/cuda/memory.pyx", line 1614, in cupy.cuda.memory.MemoryPool.malloc
  File "cupy/cuda/memory.pyx", line 1635, in cupy.cuda.memory.MemoryPool.malloc
  File "cupy/cuda/memory.pyx", line 1350, in cupy.cuda.memory.SingleDeviceMemoryPool.malloc
  File "cupy/cuda/memory.pyx", line 1376, in cupy.cuda.memory.SingleDeviceMemoryPool._malloc
  File "cupy/cuda/memory.pyx", line 1560, in cupy.cuda.memory.SingleDeviceMemoryPool._try_malloc
cupy.cuda.memory.OutOfMemoryError: Out of memory allocating 134,217,728 bytes (allocated so far: 671,088,640 bytes).
          ^^^^^^^^^^^^^^^^^^^^^^^^^^^^^^^^^^^^^^^^^^^^^^^^^^^^^
  File "cupy/_core/core.pyx", line 2821, in cupy._core.core.array
  File "cupy/_core/core.pyx", line 2841, in cupy._core.core.array
  File "cupy/_core/core.pyx", line 3067, in cupy._core.core._array_default
  File "cupy/_core/core.pyx", line 176, in cupy._core.core.ndarray.__new__
  File "cupy/_core/core.pyx", line 282, in cupy._core.core._ndarray_base._init
  File "cupy/cuda/memory.pyx", line 904, in cupy.cuda.memory.alloc
  File "cupy/cuda/memory.pyx", line 1614, in cupy.cuda.memory.MemoryPool.malloc
  File "cupy/cuda/memory.pyx", line 1635, in cupy.cuda.memory.MemoryPool.malloc
  File "cupy/cuda/memory.pyx", line 1350, in cupy.cuda.memory.SingleDeviceMemoryPool.malloc
  File "cupy/cuda/memory.pyx", line 1376, in cupy.cuda.memory.SingleDeviceMemoryPool._malloc
  File "cupy/cuda/memory.pyx", line 1560, in cupy.cuda.memory.SingleDeviceMemoryPool._try_malloc
cupy.cuda.memory.OutOfMemoryError: Out of memory allocating 134,217,728 bytes (allocated so far: 402,653,184 bytes).
^^^^^
  File "cupy/_core/core.pyx", line 2821, in cupy._core.core.array
  File "cupy/_core/core.pyx", line 2841, in cupy._core.core.array
  File "cupy/_core/core.pyx", line 3067, in cupy._core.core._array_default
  File "cupy/_core/core.pyx", line 176, in cupy._core.core.ndarray.__new__
  File "cupy/_core/core.pyx", line 282, in cupy._core.core._ndarray_base._init
  File "cupy/cuda/memory.pyx", line 904, in cupy.cuda.memory.alloc
  File "cupy/cuda/memory.pyx", line 1614, in cupy.cuda.memory.MemoryPool.malloc
  File "cupy/cuda/memory.pyx", line 1635, in cupy.cuda.memory.MemoryPool.malloc
  File "cupy/cuda/memory.pyx", line 1350, in cupy.cuda.memory.SingleDeviceMemoryPool.malloc
  File "cupy/cuda/memory.pyx", line 1376, in cupy.cuda.memory.SingleDeviceMemoryPool._malloc
  File "cupy/cuda/memory.pyx", line 1560, in cupy.cuda.memory.SingleDeviceMemoryPool._try_malloc
cupy.cuda.memory.OutOfMemoryError: Out of memory allocating 134,217,728 bytes (allocated so far: 536,870,912 bytes).
                     ^^^^^^^
  File "/workspace/h1/RH/scripts/rh/day038_h1_3e10_gpu.py", line 443, in slab_budget_gpu
    cc = cp.asarray(c)
         ^^^^^^^^^^^^^
  File "/opt/venvs/cupy/lib/python3.12/site-packages/cupy/_creation/from_data.py", line 94, in asarray
    return _core.array(a, dtype, copy, order, blocking=blocking)
           ^^^^^^^^^^^^^^^^^^^^^^^^^^^^^^^^^^^^^^^^^^^^^^^^^^^^^
  File "cupy/_core/core.pyx", line 2821, in cupy._core.core.array
  File "cupy/_core/core.pyx", line 2841, in cupy._core.core.array
  File "cupy/_core/core.pyx", line 3067, in cupy._core.core._array_default
  File "cupy/_core/core.pyx", line 176, in cupy._core.core.ndarray.__new__
  File "cupy/_core/core.pyx", line 282, in cupy._core.core._ndarray_base._init
  File "cupy/cuda/memory.pyx", line 904, in cupy.cuda.memory.alloc
  File "cupy/cuda/memory.pyx", line 1614, in cupy.cuda.memory.MemoryPool.malloc
  File "cupy/cuda/memory.pyx", line 1635, in cupy.cuda.memory.MemoryPool.malloc
  File "cupy/cuda/memory.pyx", line 1350, in cupy.cuda.memory.SingleDeviceMemoryPool.malloc
  File "cupy/cuda/memory.pyx", line 1376, in cupy.cuda.memory.SingleDeviceMemoryPool._malloc
  File "cupy/cuda/memory.pyx", line 1560, in cupy.cuda.memory.SingleDeviceMemoryPool._try_malloc
cupy.cuda.memory.OutOfMemoryError: Out of memory allocating 134,217,728 bytes (allocated so far: 268,435,456 bytes).
point  job  (win  0,  k  +7,  x=9493511984)  WORKER  FAILED:  TypeError('cannot unpack non-iterable NoneType object')  --  done  points  are  checkpointed;  supervisor  resumes
Exception in thread Exception in thread Thread-131 (_chunk):
Traceback (most recent call last):
Exception in thread Thread-136 (_chunk):
Traceback (most recent call last):
  File "/usr/lib/python3.12/threading.py", line 1073, in _bootstrap_inner
    self.run()
  File "/usr/lib/python3.12/threading.py", line 1010, in run
    self._target(*self._args, **self._kwargs)
  File "/workspace/h1/RH/scripts/rh/day038_h1_3e10_gpu.py", line 569, in _chunk
    sr, si, br, bi, s_ar, dm = slabfn(
                               ^^^^^^^
  File "/workspace/h1/RH/scripts/rh/day038_h1_3e10_gpu.py", line 443, in slab_budget_gpu
    cc = cp.asarray(c)
         ^^^^^^^^^^^^^
  File "/opt/venvs/cupy/lib/python3.12/site-packages/cupy/_creation/from_data.py", line 94, in asarray
    return _core.array(a, dtype, copy, order, blocking=blocking)
           ^^^^^^^^^^^^^^^^^^^^^^^^^^^^^^^^^^^^^^^^^^^^^^^^^^^^^
  File "cupy/_core/core.pyx", line 2821, in cupy._core.core.array
  File "cupy/_core/core.pyx", line 2841, in cupy._core.core.array
  File "cupy/_core/core.pyx", line 3067, in cupy._core.core._array_default
  File "cupy/_core/core.pyx", line 176, in cupy._core.core.ndarray.__new__
  File "cupy/_core/core.pyx", line 282, in cupy._core.core._ndarray_base._init
  File "cupy/cuda/memory.pyx", line 904, in cupy.cuda.memory.alloc
  File "cupy/cuda/memory.pyx", line 1614, in cupy.cuda.memory.MemoryPool.malloc
  File "cupy/cuda/memory.pyx", line 1635, in cupy.cuda.memory.MemoryPool.malloc
  File "cupy/cuda/memory.pyx", line 1350, in cupy.cuda.memory.SingleDeviceMemoryPool.malloc
  File "cupy/cuda/memory.pyx", line 1376, in cupy.cuda.memory.SingleDeviceMemoryPool._malloc
  File "cupy/cuda/memory.pyx", line 1560, in cupy.cuda.memory.SingleDeviceMemoryPool._try_malloc
cupy.cuda.memory.OutOfMemoryError: Out of memory allocating 134,217,728 bytes (allocated so far: 939,524,096 bytes).
Exception in thread Exception in thread Thread-135 (_chunk):
Traceback (most recent call last):
  File "/usr/lib/python3.12/threading.py", line 1073, in _bootstrap_inner
Thread-130 (_chunk):
Traceback (most recent call last):
  File "/usr/lib/python3.12/threading.py", line 1073, in _bootstrap_inner
Exception in thread Thread-133 (_chunk):
Traceback (most recent call last):
  File "/usr/lib/python3.12/threading.py", line 1073, in _bootstrap_inner
    self.run()
  File "/usr/lib/python3.12/threading.py", line 1010, in run
    self._target(*self._args, **self._kwargs)
  File "/workspace/h1/RH/scripts/rh/day038_h1_3e10_gpu.py", line 569, in _chunk
    sr, si, br, bi, s_ar, dm = slabfn(
                               ^^^^^^^
  File "/workspace/h1/RH/scripts/rh/day038_h1_3e10_gpu.py", line 443, in slab_budget_gpu
    cc = cp.asarray(c)
         ^^^^^^^^^^^^^
  File "/opt/venvs/cupy/lib/python3.12/site-packages/cupy/_creation/from_data.py", line 94, in asarray
    return _core.array(a, dtype, copy, order, blocking=blocking)
           ^^^^^^^^^^^^^^^^^^^^^^^^^^^^^^^^^^^^^^^^^^^^^^^^^^^^^
  File "cupy/_core/core.pyx", line 2821, in cupy._core.core.array
  File "cupy/_core/core.pyx", line 2841, in cupy._core.core.array
  File "cupy/_core/core.pyx", line 3067, in cupy._core.core._array_default
  File "cupy/_core/core.pyx", line 176, in cupy._core.core.ndarray.__new__
  File "cupy/_core/core.pyx", line 282, in cupy._core.core._ndarray_base._init
  File "cupy/cuda/memory.pyx", line 904, in cupy.cuda.memory.alloc
  File "cupy/cuda/memory.pyx", line 1614, in cupy.cuda.memory.MemoryPool.malloc
  File "cupy/cuda/memory.pyx", line 1635, in cupy.cuda.memory.MemoryPool.malloc
  File "cupy/cuda/memory.pyx", line 1350, in cupy.cuda.memory.SingleDeviceMemoryPool.malloc
  File "cupy/cuda/memory.pyx", line 1376, in cupy.cuda.memory.SingleDeviceMemoryPool._malloc
  File "cupy/cuda/memory.pyx", line 1560, in cupy.cuda.memory.SingleDeviceMemoryPool._try_malloc
cupy.cuda.memory.OutOfMemoryError: Out of memory allocating 134,217,728 bytes (allocated so far: 536,870,912 bytes).
Exception in thread Thread-132 (_chunk):
Traceback (most recent call last):
  File "/usr/lib/python3.12/threading.py", line 1073, in _bootstrap_inner
    self.run()
  File "/usr/lib/python3.12/threading.py", line 1010, in run
    self._target(*self._args, **self._kwargs)
  File "/workspace/h1/RH/scripts/rh/day038_h1_3e10_gpu.py", line 569, in _chunk
    sr, si, br, bi, s_ar, dm = slabfn(
                               ^^^^^^^
  File "/workspace/h1/RH/scripts/rh/day038_h1_3e10_gpu.py", line 443, in slab_budget_gpu
    cc = cp.asarray(c)
         ^^^^^^^^^^^^^
  File "/opt/venvs/cupy/lib/python3.12/site-packages/cupy/_creation/from_data.py", line 94, in asarray
    return _core.array(a, dtype, copy, order, blocking=blocking)
           ^^^^^^^^^^^^^^^^^^^^^^^^^^^^^^^^^^^^^^^^^^^^^^^^^^^^^
  File "cupy/_core/core.pyx", line 2821, in cupy._core.core.array
  File "cupy/_core/core.pyx", line 2841, in cupy._core.core.array
  File "cupy/_core/core.pyx", line 3067, in cupy._core.core._array_default
  File "cupy/_core/core.pyx", line 176, in cupy._core.core.ndarray.__new__
  File "cupy/_core/core.pyx", line 282, in cupy._core.core._ndarray_base._init
  File "cupy/cuda/memory.pyx", line 904, in cupy.cuda.memory.alloc
  File "cupy/cuda/memory.pyx", line 1614, in cupy.cuda.memory.MemoryPool.malloc
  File "cupy/cuda/memory.pyx", line 1635, in cupy.cuda.memory.MemoryPool.malloc
  File "cupy/cuda/memory.pyx", line 1350, in cupy.cuda.memory.SingleDeviceMemoryPool.malloc
  File "cupy/cuda/memory.pyx", line 1376, in cupy.cuda.memory.SingleDeviceMemoryPool._malloc
  File "cupy/cuda/memory.pyx", line 1560, in cupy.cuda.memory.SingleDeviceMemoryPool._try_malloc
cupy.cuda.memory.OutOfMemoryError: Out of memory allocating 134,217,728 bytes (allocated so far: 402,653,184 bytes).
  File "/usr/lib/python3.12/threading.py", line 1073, in _bootstrap_inner
    self.run()
  File "/usr/lib/python3.12/threading.py", line 1010, in run
    self._target(*self._args, **self._kwargs)
  File "/workspace/h1/RH/scripts/rh/day038_h1_3e10_gpu.py", line 569, in _chunk
    sr, si, br, bi, s_ar, dm = slabfn(
                               ^^^^^^^
  File "/workspace/h1/RH/scripts/rh/day038_h1_3e10_gpu.py", line 443, in slab_budget_gpu
    cc = cp.asarray(c)
         ^^^^^^^^^^^^^
  File "/opt/venvs/cupy/lib/python3.12/site-packages/cupy/_creation/from_data.py", line 94, in asarray
    return _core.array(a, dtype, copy, order, blocking=blocking)
           ^^^^^^^^^^^^^^^^^^^^^^^^^^^^^^^^^^^^^^^^^^^^^^^^^^^^^
  File "cupy/_core/core.pyx", line 2821, in cupy._core.core.array
  File "cupy/_core/core.pyx", line 2841, in cupy._core.core.array
  File "cupy/_core/core.pyx", line 3067, in cupy._core.core._array_default
  File "cupy/_core/core.pyx", line 176, in cupy._core.core.ndarray.__new__
  File "cupy/_core/core.pyx", line 282, in cupy._core.core._ndarray_base._init
  File "cupy/cuda/memory.pyx", line 904, in cupy.cuda.memory.alloc
  File "cupy/cuda/memory.pyx", line 1614, in cupy.cuda.memory.MemoryPool.malloc
  File "cupy/cuda/memory.pyx", line 1635, in cupy.cuda.memory.MemoryPool.malloc
  File "cupy/cuda/memory.pyx", line 1350, in cupy.cuda.memory.SingleDeviceMemoryPool.malloc
  File "cupy/cuda/memory.pyx", line 1376, in cupy.cuda.memory.SingleDeviceMemoryPool._malloc
  File "cupy/cuda/memory.pyx", line 1560, in cupy.cuda.memory.SingleDeviceMemoryPool._try_malloc
cupy.cuda.memory.OutOfMemoryError: Out of memory allocating 134,217,728 bytes (allocated so far: 1,073,741,824 bytes).
Thread-129 (_chunk):
Traceback (most recent call last):
  File "/usr/lib/python3.12/threading.py", line 1073, in _bootstrap_inner
    self.run()
  File "/usr/lib/python3.12/threading.py", line 1010, in run
    self._target(*self._args, **self._kwargs)
  File "/workspace/h1/RH/scripts/rh/day038_h1_3e10_gpu.py", line 569, in _chunk
    sr, si, br, bi, s_ar, dm = slabfn(
                               ^^^^^^^
  File "/workspace/h1/RH/scripts/rh/day038_h1_3e10_gpu.py", line 445, in slab_budget_gpu
    A = g2 + 0.25
        ~~~^~~~~~
  File "cupy/_core/core.pyx", line 1570, in cupy._core.core._ndarray_base.__add__
  File "cupy/_core/core.pyx", line 2024, in cupy._core.core._ndarray_base.__array_ufunc__
  File "cupy/_core/_kernel.pyx", line 1374, in cupy._core._kernel.ufunc.__call__
  File "cupy/_core/_kernel.pyx", line 657, in cupy._core._kernel._get_out_args_from_optionals
  File "cupy/_core/core.pyx", line 3342, in cupy._core.core._ndarray_init
  File "cupy/_core/core.pyx", line 300, in cupy._core.core._ndarray_base._init_fast
  File "cupy/cuda/memory.pyx", line 904, in cupy.cuda.memory.alloc
  File "cupy/cuda/memory.pyx", line 1614, in cupy.cuda.memory.MemoryPool.malloc
  File "cupy/cuda/memory.pyx", line 1635, in cupy.cuda.memory.MemoryPool.malloc
  File "cupy/cuda/memory.pyx", line 1350, in cupy.cuda.memory.SingleDeviceMemoryPool.malloc
  File "cupy/cuda/memory.pyx", line 1376, in cupy.cuda.memory.SingleDeviceMemoryPool._malloc
  File "cupy/cuda/memory.pyx", line 1560, in cupy.cuda.memory.SingleDeviceMemoryPool._try_malloc
cupy.cuda.memory.OutOfMemoryError: Out of memory allocating 134,217,728 bytes (allocated so far: 268,435,456 bytes).
    self.run()
  File "/usr/lib/python3.12/threading.py", line 1010, in run
    self._target(*self._args, **self._kwargs)
  File "/workspace/h1/RH/scripts/rh/day038_h1_3e10_gpu.py", line 569, in _chunk
    sr, si, br, bi, s_ar, dm = slabfn(
                               ^^^^^^^
  File "/workspace/h1/RH/scripts/rh/day038_h1_3e10_gpu.py", line 443, in slab_budget_gpu
    cc = cp.asarray(c)
         ^^^^^^^^^^^^^
  File "/opt/venvs/cupy/lib/python3.12/site-packages/cupy/_creation/from_data.py", line 94, in asarray
    return _core.array(a, dtype, copy, order, blocking=blocking)
           ^^^^^^^^^^^^^^^^^^^^^^^^^^^^^^^^^^^^^^^^^^^^^^^^^^^^^
  File "cupy/_core/core.pyx", line 2821, in cupy._core.core.array
  File "cupy/_core/core.pyx", line 2841, in cupy._core.core.array
  File "cupy/_core/core.pyx", line 3067, in cupy._core.core._array_default
  File "cupy/_core/core.pyx", line 176, in cupy._core.core.ndarray.__new__
  File "cupy/_core/core.pyx", line 282, in cupy._core.core._ndarray_base._init
  File "cupy/cuda/memory.pyx", line 904, in cupy.cuda.memory.alloc
  File "cupy/cuda/memory.pyx", line 1614, in cupy.cuda.memory.MemoryPool.malloc
  File "cupy/cuda/memory.pyx", line 1635, in cupy.cuda.memory.MemoryPool.malloc
  File "cupy/cuda/memory.pyx", line 1350, in cupy.cuda.memory.SingleDeviceMemoryPool.malloc
  File "cupy/cuda/memory.pyx", line 1376, in cupy.cuda.memory.SingleDeviceMemoryPool._malloc
  File "cupy/cuda/memory.pyx", line 1560, in cupy.cuda.memory.SingleDeviceMemoryPool._try_malloc
cupy.cuda.memory.OutOfMemoryError: Out of memory allocating 134,217,728 bytes (allocated so far: 671,088,640 bytes).
    self.run()
  File "/usr/lib/python3.12/threading.py", line 1010, in run
    self._target(*self._args, **self._kwargs)
  File "/workspace/h1/RH/scripts/rh/day038_h1_3e10_gpu.py", line 569, in _chunk
    sr, si, br, bi, s_ar, dm = slabfn(
                               ^^^^^^^
  File "/workspace/h1/RH/scripts/rh/day038_h1_3e10_gpu.py", line 443, in slab_budget_gpu
    cc = cp.asarray(c)
         ^^^^^^^^^^^^^
  File "/opt/venvs/cupy/lib/python3.12/site-packages/cupy/_creation/from_data.py", line 94, in asarray
    return _core.array(a, dtype, copy, order, blocking=blocking)
           ^^^^^^^^^^^^^^^^^^^^^^^^^^^^^^^^^^^^^^^^^^^^^^^^^^^^^
  File "cupy/_core/core.pyx", line 2821, in cupy._core.core.array
  File "cupy/_core/core.pyx", line 2841, in cupy._core.core.array
  File "cupy/_core/core.pyx", line 3067, in cupy._core.core._array_default
  File "cupy/_core/core.pyx", line 176, in cupy._core.core.ndarray.__new__
  File "cupy/_core/core.pyx", line 282, in cupy._core.core._ndarray_base._init
  File "cupy/cuda/memory.pyx", line 904, in cupy.cuda.memory.alloc
  File "cupy/cuda/memory.pyx", line 1614, in cupy.cuda.memory.MemoryPool.malloc
  File "cupy/cuda/memory.pyx", line 1635, in cupy.cuda.memory.MemoryPool.malloc
  File "cupy/cuda/memory.pyx", line 1350, in cupy.cuda.memory.SingleDeviceMemoryPool.malloc
  File "cupy/cuda/memory.pyx", line 1376, in cupy.cuda.memory.SingleDeviceMemoryPool._malloc
  File "cupy/cuda/memory.pyx", line 1560, in cupy.cuda.memory.SingleDeviceMemoryPool._try_malloc
cupy.cuda.memory.OutOfMemoryError: Out of memory allocating 134,217,728 bytes (allocated so far: 805,306,368 bytes).
Exception in thread Thread-134 (_chunk):
Traceback (most recent call last):
  File "/usr/lib/python3.12/threading.py", line 1073, in _bootstrap_inner
    self.run()
  File "/usr/lib/python3.12/threading.py", line 1010, in run
    self._target(*self._args, **self._kwargs)
  File "/workspace/h1/RH/scripts/rh/day038_h1_3e10_gpu.py", line 569, in _chunk
    sr, si, br, bi, s_ar, dm = slabfn(
                               ^^^^^^^
  File "/workspace/h1/RH/scripts/rh/day038_h1_3e10_gpu.py", line 443, in slab_budget_gpu
    cc = cp.asarray(c)
         ^^^^^^^^^^^^^
  File "/opt/venvs/cupy/lib/python3.12/site-packages/cupy/_creation/from_data.py", line 94, in asarray
    return _core.array(a, dtype, copy, order, blocking=blocking)
           ^^^^^^^^^^^^^^^^^^^^^^^^^^^^^^^^^^^^^^^^^^^^^^^^^^^^^
  File "cupy/_core/core.pyx", line 2821, in cupy._core.core.array
  File "cupy/_core/core.pyx", line 2841, in cupy._core.core.array
  File "cupy/_core/core.pyx", line 3067, in cupy._core.core._array_default
  File "cupy/_core/core.pyx", line 176, in cupy._core.core.ndarray.__new__
  File "cupy/_core/core.pyx", line 282, in cupy._core.core._ndarray_base._init
  File "cupy/cuda/memory.pyx", line 904, in cupy.cuda.memory.alloc
  File "cupy/cuda/memory.pyx", line 1614, in cupy.cuda.memory.MemoryPool.malloc
  File "cupy/cuda/memory.pyx", line 1635, in cupy.cuda.memory.MemoryPool.malloc
  File "cupy/cuda/memory.pyx", line 1350, in cupy.cuda.memory.SingleDeviceMemoryPool.malloc
  File "cupy/cuda/memory.pyx", line 1376, in cupy.cuda.memory.SingleDeviceMemoryPool._malloc
  File "cupy/cuda/memory.pyx", line 1560, in cupy.cuda.memory.SingleDeviceMemoryPool._try_malloc
cupy.cuda.memory.OutOfMemoryError: Out of memory allocating 134,217,728 bytes (allocated so far: 268,435,456 bytes).
point  job  (win  0,  k  +8,  x=9493511984)  WORKER  FAILED:  TypeError('cannot unpack non-iterable NoneType object')  --  done  points  are  checkpointed;  supervisor  resumes
Exception in thread Thread-137 (_chunk):
Traceback (most recent call last):
  File "/usr/lib/python3.12/threading.py", line 1073, in _bootstrap_inner
    self.run()
  File "/usr/lib/python3.12/threading.py", line 1010, in run
    self._target(*self._args, **self._kwargs)
  File "/workspace/h1/RH/scripts/rh/day038_h1_3e10_gpu.py", line 569, in _chunk
    sr, si, br, bi, s_ar, dm = slabfn(
                               ^^^^^^^
  File "/workspace/h1/RH/scripts/rh/day038_h1_3e10_gpu.py", line 445, in slab_budget_gpu
    A = g2 + 0.25
        ~~~^~~~~~
  File "cupy/_core/core.pyx", line 1570, in cupy._core.core._ndarray_base.__add__
  File "cupy/_core/core.pyx", line 2024, in cupy._core.core._ndarray_base.__array_ufunc__
  File "cupy/_core/_kernel.pyx", line 1374, in cupy._core._kernel.ufunc.__call__
  File "cupy/_core/_kernel.pyx", line 657, in cupy._core._kernel._get_out_args_from_optionals
  File "cupy/_core/core.pyx", line 3342, in cupy._core.core._ndarray_init
  File "cupy/_core/core.pyx", line 300, in cupy._core.core._ndarray_base._init_fast
  File "cupy/cuda/memory.pyx", line 904, in cupy.cuda.memory.alloc
  File "cupy/cuda/memory.pyx", line 1614, in cupy.cuda.memory.MemoryPool.malloc
  File "cupy/cuda/memory.pyx", line 1635, in cupy.cuda.memory.MemoryPool.malloc
  File "cupy/cuda/memory.pyx", line 1350, in cupy.cuda.memory.SingleDeviceMemoryPool.malloc
  File "cupy/cuda/memory.pyx", line 1376, in cupy.cuda.memory.SingleDeviceMemoryPool._malloc
  File "cupy/cuda/memory.pyx", line 1560, in cupy.cuda.memory.SingleDeviceMemoryPool._try_malloc
cupy.cuda.memory.OutOfMemoryError: Out of memory allocating 134,217,728 bytes (allocated so far: 268,435,456 bytes).
Exception in thread Thread-138 (_chunk)Exception in thread :
Traceback (most recent call last):
  File "/usr/lib/python3.12/threading.py", line 1073, in _bootstrap_inner
Thread-144 (_chunk):
Traceback (most recent call last):
  File "/usr/lib/python3.12/threading.py", line 1073, in _bootstrap_inner
Exception in thread Thread-141 (_chunk):
Exception in thread Thread-143 (_chunk):
Traceback (most recent call last):
  File "/usr/lib/python3.12/threading.py", line 1073, in _bootstrap_inner
Traceback (most recent call last):
  File "/usr/lib/python3.12/threading.py", line 1073, in _bootstrap_inner
    self.run()
  File "/usr/lib/python3.12/threading.py", line 1010, in run
    self._target(*self._args, **self._kwargs)
  File "/workspace/h1/RH/scripts/rh/day038_h1_3e10_gpu.py", line 569, in _chunk
    sr, si, br, bi, s_ar, dm = slabfn(
                               ^^^^^^^
  File "/workspace/h1/RH/scripts/rh/day038_h1_3e10_gpu.py", line 444, in slab_budget_gpu
    g2 = cc * cc
         ~~~^~~~
  File "cupy/_core/core.pyx", line 1582, in cupy._core.core._ndarray_base.__mul__
  File "cupy/_core/_kernel.pyx", line 1374, in cupy._core._kernel.ufunc.__call__
  File "cupy/_core/_kernel.pyx", line 657, in cupy._core._kernel._get_out_args_from_optionals
  File "cupy/_core/core.pyx", line 3342, in cupy._core.core._ndarray_init
  File "cupy/_core/core.pyx", line 300, in cupy._core.core._ndarray_base._init_fast
  File "cupy/cuda/memory.pyx", line 904, in cupy.cuda.memory.alloc
  File "cupy/cuda/memory.pyx", line 1614, in cupy.cuda.memory.MemoryPool.malloc
  File "cupy/cuda/memory.pyx", line 1635, in cupy.cuda.memory.MemoryPool.malloc
  File "cupy/cuda/memory.pyx", line 1350, in cupy.cuda.memory.SingleDeviceMemoryPool.malloc
  File "cupy/cuda/memory.pyx", line 1376, in cupy.cuda.memory.SingleDeviceMemoryPool._malloc
  File "cupy/cuda/memory.pyx", line 1560, in cupy.cuda.memory.SingleDeviceMemoryPool._try_malloc
cupy.cuda.memory.OutOfMemoryError: Out of memory allocating 134,217,728 bytes (allocated so far: 402,653,184 bytes).
    self.run()
  File "/usr/lib/python3.12/threading.py", line 1010, in run
    self._target(*self._args, **self._kwargs)
  File "/workspace/h1/RH/scripts/rh/day038_h1_3e10_gpu.py", line 569, in _chunk
    sr, si, br, bi, s_ar, dm = slabfn(
                               ^^^^^^^
  File "/workspace/h1/RH/scripts/rh/day038_h1_3e10_gpu.py", line 443, in slab_budget_gpu
    cc = cp.asarray(c)
         ^^^^^^^^^^^^^
  File "/opt/venvs/cupy/lib/python3.12/site-packages/cupy/_creation/from_data.py", line 94, in asarray
    return _core.array(a, dtype, copy, order, blocking=blocking)
           ^^^^^^^^^^^^^^^^^^^^^^^^^^^^^^^^^^^^^^^^^^^^^^^^^^^^^
  File "cupy/_core/core.pyx", line 2821, in cupy._core.core.array
  File "cupy/_core/core.pyx", line 2841, in cupy._core.core.array
  File "cupy/_core/core.pyx", line 3067, in cupy._core.core._array_default
  File "cupy/_core/core.pyx", line 176, in cupy._core.core.ndarray.__new__
  File "cupy/_core/core.pyx", line 282, in cupy._core.core._ndarray_base._init
  File "cupy/cuda/memory.pyx", line 904, in cupy.cuda.memory.alloc
  File "cupy/cuda/memory.pyx", line 1614, in cupy.cuda.memory.MemoryPool.malloc
  File "cupy/cuda/memory.pyx", line 1635, in cupy.cuda.memory.MemoryPool.malloc
  File "cupy/cuda/memory.pyx", line 1350, in cupy.cuda.memory.SingleDeviceMemoryPool.malloc
  File "cupy/cuda/memory.pyx", line 1376, in cupy.cuda.memory.SingleDeviceMemoryPool._malloc
  File "cupy/cuda/memory.pyx", line 1560, in cupy.cuda.memory.SingleDeviceMemoryPool._try_malloc
cupy.cuda.memory.OutOfMemoryError: Out of memory allocating 134,217,728 bytes (allocated so far: 671,088,640 bytes).
    self.run()
  File "/usr/lib/python3.12/threading.py", line 1010, in run
    self._target(*self._args, **self._kwargs)
  File "/workspace/h1/RH/scripts/rh/day038_h1_3e10_gpu.py", line 569, in _chunk
    sr, si, br, bi, s_ar, dm = slabfn(
                               ^^^^^^^
  File "/workspace/h1/RH/scripts/rh/day038_h1_3e10_gpu.py", line 443, in slab_budget_gpu
    cc = cp.asarray(c)
         ^^^^^^^^^^^^^
  File "/opt/venvs/cupy/lib/python3.12/site-packages/cupy/_creation/from_data.py", line 94, in asarray
    return _core.array(a, dtype, copy, order, blocking=blocking)
           ^^^^^^^^^^^^^^^^^^^^^^^^^^^^^^^^^^^^^^^^^^^^^^^^^^^^^
  File "cupy/_core/core.pyx", line 2821, in cupy._core.core.array
  File "cupy/_core/core.pyx", line 2841, in cupy._core.core.array
  File "cupy/_core/core.pyx", line 3067, in cupy._core.core._array_default
  File "cupy/_core/core.pyx", line 176, in cupy._core.core.ndarray.__new__
  File "cupy/_core/core.pyx", line 282, in cupy._core.core._ndarray_base._init
  File "cupy/cuda/memory.pyx", line 904, in cupy.cuda.memory.alloc
  File "cupy/cuda/memory.pyx", line 1614, in cupy.cuda.memory.MemoryPool.malloc
  File "cupy/cuda/memory.pyx", line 1635, in cupy.cuda.memory.MemoryPool.malloc
  File "cupy/cuda/memory.pyx", line 1350, in cupy.cuda.memory.SingleDeviceMemoryPool.malloc
  File "cupy/cuda/memory.pyx", line 1376, in cupy.cuda.memory.SingleDeviceMemoryPool._malloc
  File "cupy/cuda/memory.pyx", line 1560, in cupy.cuda.memory.SingleDeviceMemoryPool._try_malloc
cupy.cuda.memory.OutOfMemoryError: Out of memory allocating 134,217,728 bytes (allocated so far: 536,870,912 bytes).
Exception in thread Thread-140 (_chunk):
Traceback (most recent call last):
  File "/usr/lib/python3.12/threading.py", line 1073, in _bootstrap_inner
    self.run()
  File "/usr/lib/python3.12/threading.py", line 1010, in run
    self._target(*self._args, **self._kwargs)
  File "/workspace/h1/RH/scripts/rh/day038_h1_3e10_gpu.py", line 569, in _chunk
    sr, si, br, bi, s_ar, dm = slabfn(
                               ^^^^^^^
  File "/workspace/h1/RH/scripts/rh/day038_h1_3e10_gpu.py", line 443, in slab_budget_gpu
    cc = cp.asarray(c)
         ^^^^^^^^^^^^^
  File "/opt/venvs/cupy/lib/python3.12/site-packages/cupy/_creation/from_data.py", line 94, in asarray
    return _core.array(a, dtype, copy, order, blocking=blocking)
           ^^^^^^^^^^^^^^^^^^^^^^^^^^^^^^^^^^^^^^^^^^^^^^^^^^^^^
  File "cupy/_core/core.pyx", line 2821, in cupy._core.core.array
  File "cupy/_core/core.pyx", line 2841, in cupy._core.core.array
  File "cupy/_core/core.pyx", line 3067, in cupy._core.core._array_default
  File "cupy/_core/core.pyx", line 176, in cupy._core.core.ndarray.__new__
  File "cupy/_core/core.pyx", line 282, in cupy._core.core._ndarray_base._init
  File "cupy/cuda/memory.pyx", line 904, in cupy.cuda.memory.alloc
  File "cupy/cuda/memory.pyx", line 1614, in cupy.cuda.memory.MemoryPool.malloc
  File "cupy/cuda/memory.pyx", line 1635, in cupy.cuda.memory.MemoryPool.malloc
  File "cupy/cuda/memory.pyx", line 1350, in cupy.cuda.memory.SingleDeviceMemoryPool.malloc
  File "cupy/cuda/memory.pyx", line 1376, in cupy.cuda.memory.SingleDeviceMemoryPool._malloc
  File "cupy/cuda/memory.pyx", line 1560, in cupy.cuda.memory.SingleDeviceMemoryPool._try_malloc
cupy.cuda.memory.OutOfMemoryError: Out of memory allocating 134,217,728 bytes (allocated so far: 402,653,184 bytes).
    self.run()
  File "/usr/lib/python3.12/threading.py", line 1010, in run
    self._target(*self._args, **self._kwargs)
  File "/workspace/h1/RH/scripts/rh/day038_h1_3e10_gpu.py", line 569, in _chunk
    sr, si, br, bi, s_ar, dm = slabfn(
                               ^^^^^^^
  File "/workspace/h1/RH/scripts/rh/day038_h1_3e10_gpu.py", line 443, in slab_budget_gpu
    cc = cp.asarray(c)
         ^^^^^^^^^^^^^
  File "/opt/venvs/cupy/lib/python3.12/site-packages/cupy/_creation/from_data.py", line 94, in asarray
    return _core.array(a, dtype, copy, order, blocking=blocking)
           ^^^^^^^^^^^^^^^^^^^^^^^^^^^^^^^^^^^^^^^^^^^^^^^^^^^^^
  File "cupy/_core/core.pyx", line 2821, in cupy._core.core.array
  File "cupy/_core/core.pyx", line 2841, in cupy._core.core.array
  File "cupy/_core/core.pyx", line 3067, in cupy._core.core._array_default
  File "cupy/_core/core.pyx", line 176, in cupy._core.core.ndarray.__new__
  File "cupy/_core/core.pyx", line 282, in cupy._core.core._ndarray_base._init
  File "cupy/cuda/memory.pyx", line 904, in cupy.cuda.memory.alloc
  File "cupy/cuda/memory.pyx", line 1614, in cupy.cuda.memory.MemoryPool.malloc
  File "cupy/cuda/memory.pyx", line 1635, in cupy.cuda.memory.MemoryPool.malloc
  File "cupy/cuda/memory.pyx", line 1350, in cupy.cuda.memory.SingleDeviceMemoryPool.malloc
  File "cupy/cuda/memory.pyx", line 1376, in cupy.cuda.memory.SingleDeviceMemoryPool._malloc
  File "cupy/cuda/memory.pyx", line 1560, in cupy.cuda.memory.SingleDeviceMemoryPool._try_malloc
cupy.cuda.memory.OutOfMemoryError: Out of memory allocating 134,217,728 bytes (allocated so far: 536,870,912 bytes).
Exception in thread Thread-142 (_chunk):
Traceback (most recent call last):
  File "/usr/lib/python3.12/threading.py", line 1073, in _bootstrap_inner
    self.run()
  File "/usr/lib/python3.12/threading.py", line 1010, in run
    self._target(*self._args, **self._kwargs)
  File "/workspace/h1/RH/scripts/rh/day038_h1_3e10_gpu.py", line 569, in _chunk
    sr, si, br, bi, s_ar, dm = slabfn(
                               ^^^^^^^
  File "/workspace/h1/RH/scripts/rh/day038_h1_3e10_gpu.py", line 443, in slab_budget_gpu
    cc = cp.asarray(c)
         ^^^^^^^^^^^^^
  File "/opt/venvs/cupy/lib/python3.12/site-packages/cupy/_creation/from_data.py", line 94, in asarray
    return _core.array(a, dtype, copy, order, blocking=blocking)
           ^^^^^^^^^^^^^^^^^^^^^^^^^^^^^^^^^^^^^^^^^^^^^^^^^^^^^
  File "cupy/_core/core.pyx", line 2821, in cupy._core.core.array
  File "cupy/_core/core.pyx", line 2841, in cupy._core.core.array
  File "cupy/_core/core.pyx", line 3067, in cupy._core.core._array_default
  File "cupy/_core/core.pyx", line 176, in cupy._core.core.ndarray.__new__
  File "cupy/_core/core.pyx", line 282, in cupy._core.core._ndarray_base._init
  File "cupy/cuda/memory.pyx", line 904, in cupy.cuda.memory.alloc
  File "cupy/cuda/memory.pyx", line 1614, in cupy.cuda.memory.MemoryPool.malloc
  File "cupy/cuda/memory.pyx", line 1635, in cupy.cuda.memory.MemoryPool.malloc
  File "cupy/cuda/memory.pyx", line 1350, in cupy.cuda.memory.SingleDeviceMemoryPool.malloc
  File "cupy/cuda/memory.pyx", line 1376, in cupy.cuda.memory.SingleDeviceMemoryPool._malloc
  File "cupy/cuda/memory.pyx", line 1560, in cupy.cuda.memory.SingleDeviceMemoryPool._try_malloc
cupy.cuda.memory.OutOfMemoryError: Out of memory allocating 134,217,728 bytes (allocated so far: 268,435,456 bytes).
Exception in thread Thread-139 (_chunk):
Traceback (most recent call last):
  File "/usr/lib/python3.12/threading.py", line 1073, in _bootstrap_inner
    self.run()
  File "/usr/lib/python3.12/threading.py", line 1010, in run
    self._target(*self._args, **self._kwargs)
  File "/workspace/h1/RH/scripts/rh/day038_h1_3e10_gpu.py", line 569, in _chunk
    sr, si, br, bi, s_ar, dm = slabfn(
                               ^^^^^^^
  File "/workspace/h1/RH/scripts/rh/day038_h1_3e10_gpu.py", line 445, in slab_budget_gpu
    A = g2 + 0.25
        ~~~^~~~~~
  File "cupy/_core/core.pyx", line 1570, in cupy._core.core._ndarray_base.__add__
  File "cupy/_core/core.pyx", line 2024, in cupy._core.core._ndarray_base.__array_ufunc__
  File "cupy/_core/_kernel.pyx", line 1374, in cupy._core._kernel.ufunc.__call__
  File "cupy/_core/_kernel.pyx", line 657, in cupy._core._kernel._get_out_args_from_optionals
  File "cupy/_core/core.pyx", line 3342, in cupy._core.core._ndarray_init
  File "cupy/_core/core.pyx", line 300, in cupy._core.core._ndarray_base._init_fast
  File "cupy/cuda/memory.pyx", line 904, in cupy.cuda.memory.alloc
  File "cupy/cuda/memory.pyx", line 1614, in cupy.cuda.memory.MemoryPool.malloc
  File "cupy/cuda/memory.pyx", line 1635, in cupy.cuda.memory.MemoryPool.malloc
  File "cupy/cuda/memory.pyx", line 1350, in cupy.cuda.memory.SingleDeviceMemoryPool.malloc
  File "cupy/cuda/memory.pyx", line 1376, in cupy.cuda.memory.SingleDeviceMemoryPool._malloc
  File "cupy/cuda/memory.pyx", line 1560, in cupy.cuda.memory.SingleDeviceMemoryPool._try_malloc
cupy.cuda.memory.OutOfMemoryError: Out of memory allocating 134,217,728 bytes (allocated so far: 268,435,456 bytes).
point  job  (win  0,  k  +9,  x=9493511984)  WORKER  FAILED:  TypeError('cannot unpack non-iterable NoneType object')  --  done  points  are  checkpointed;  supervisor  resumes
Exception in thread Thread-145 (_chunk):
Traceback (most recent call last):
  File "/usr/lib/python3.12/threading.py", line 1073, in _bootstrap_inner
    self.run()
  File "/usr/lib/python3.12/threading.py", line 1010, in run
    self._target(*self._args, **self._kwargs)
  File "/workspace/h1/RH/scripts/rh/day038_h1_3e10_gpu.py", line 569, in _chunk
    sr, si, br, bi, s_ar, dm = slabfn(
                               ^^^^^^^
  File "/workspace/h1/RH/scripts/rh/day038_h1_3e10_gpu.py", line 445, in slab_budget_gpu
    A = g2 + 0.25
        ~~~^~~~~~
  File "cupy/_core/core.pyx", line 1570, in cupy._core.core._ndarray_base.__add__
  File "cupy/_core/core.pyx", line 2024, in cupy._core.core._ndarray_base.__array_ufunc__
  File "cupy/_core/_kernel.pyx", line 1374, in cupy._core._kernel.ufunc.__call__
  File "cupy/_core/_kernel.pyx", line 657, in cupy._core._kernel._get_out_args_from_optionals
  File "cupy/_core/core.pyx", line 3342, in cupy._core.core._ndarray_init
  File "cupy/_core/core.pyx", line 300, in cupy._core.core._ndarray_base._init_fast
  File "cupy/cuda/memory.pyx", line 904, in cupy.cuda.memory.alloc
  File "cupy/cuda/memory.pyx", line 1614, in cupy.cuda.memory.MemoryPool.malloc
  File "cupy/cuda/memory.pyx", line 1635, in cupy.cuda.memory.MemoryPool.malloc
  File "cupy/cuda/memory.pyx", line 1350, in cupy.cuda.memory.SingleDeviceMemoryPool.malloc
  File "cupy/cuda/memory.pyx", line 1376, in cupy.cuda.memory.SingleDeviceMemoryPool._malloc
  File "cupy/cuda/memory.pyx", line 1560, in cupy.cuda.memory.SingleDeviceMemoryPool._try_malloc
cupy.cuda.memory.OutOfMemoryError: Out of memory allocating 134,217,728 bytes (allocated so far: 268,435,456 bytes).
Exception in thread Thread-147 (_chunk):
Traceback (most recent call last):
  File "/usr/lib/python3.12/threading.py", line 1073, in _bootstrap_inner
Exception in thread Thread-146 (_chunk):
Traceback (most recent call last):
  File "/usr/lib/python3.12/threading.py", line 1073, in _bootstrap_inner
Exception in thread Thread-148 (_chunk):
Traceback (most recent call last):
  File "/usr/lib/python3.12/threading.py", line 1073, in _bootstrap_inner
    self.run()
  File "/usr/lib/python3.12/threading.py", line 1010, in run
    self._target(*self._args, **self._kwargs)
  File "/workspace/h1/RH/scripts/rh/day038_h1_3e10_gpu.py", line 569, in _chunk
    sr, si, br, bi, s_ar, dm = slabfn(
                               ^^^^^^^
  File "/workspace/h1/RH/scripts/rh/day038_h1_3e10_gpu.py", line 443, in slab_budget_gpu
    cc = cp.asarray(c)
         ^^^^^^^^^^^^^
  File "/opt/venvs/cupy/lib/python3.12/site-packages/cupy/_creation/from_data.py", line 94, in asarray
    return _core.array(a, dtype, copy, order, blocking=blocking)
           ^^^^^^^^^^^^^^^^^^^^^^^^^^^^^^^^^^^^^^^^^^^^^^^^^^^^^
  File "cupy/_core/core.pyx", line 2821, in cupy._core.core.array
  File "cupy/_core/core.pyx", line 2841, in cupy._core.core.array
  File "cupy/_core/core.pyx", line 3067, in cupy._core.core._array_default
  File "cupy/_core/core.pyx", line 176, in cupy._core.core.ndarray.__new__
  File "cupy/_core/core.pyx", line 282, in cupy._core.core._ndarray_base._init
  File "cupy/cuda/memory.pyx", line 904, in cupy.cuda.memory.alloc
  File "cupy/cuda/memory.pyx", line 1614, in cupy.cuda.memory.MemoryPool.malloc
  File "cupy/cuda/memory.pyx", line 1635, in cupy.cuda.memory.MemoryPool.malloc
  File "cupy/cuda/memory.pyx", line 1350, in cupy.cuda.memory.SingleDeviceMemoryPool.malloc
  File "cupy/cuda/memory.pyx", line 1376, in cupy.cuda.memory.SingleDeviceMemoryPool._malloc
  File "cupy/cuda/memory.pyx", line 1560, in cupy.cuda.memory.SingleDeviceMemoryPool._try_malloc
cupy.cuda.memory.OutOfMemoryError: Out of memory allocating 134,217,728 bytes (allocated so far: 805,306,368 bytes).
    self.run()
  File "/usr/lib/python3.12/threading.py", line 1010, in run
    self._target(*self._args, **self._kwargs)
  File "/workspace/h1/RH/scripts/rh/day038_h1_3e10_gpu.py", line 569, in _chunk
    sr, si, br, bi, s_ar, dm = slabfn(
                               ^^^^^^^
  File "/workspace/h1/RH/scripts/rh/day038_h1_3e10_gpu.py", line 445, in slab_budget_gpu
    A = g2 + 0.25
        ~~~^~~~~~
  File "cupy/_core/core.pyx", line 1570, in cupy._core.core._ndarray_base.__add__
  File "cupy/_core/core.pyx", line 2024, in cupy._core.core._ndarray_base.__array_ufunc__
  File "cupy/_core/_kernel.pyx", line 1374, in cupy._core._kernel.ufunc.__call__
  File "cupy/_core/_kernel.pyx", line 657, in cupy._core._kernel._get_out_args_from_optionals
  File "cupy/_core/core.pyx", line 3342, in cupy._core.core._ndarray_init
  File "cupy/_core/core.pyx", line 300, in cupy._core.core._ndarray_base._init_fast
  File "cupy/cuda/memory.pyx", line 904, in cupy.cuda.memory.alloc
  File "cupy/cuda/memory.pyx", line 1614, in cupy.cuda.memory.MemoryPool.malloc
  File "cupy/cuda/memory.pyx", line 1635, in cupy.cuda.memory.MemoryPool.malloc
  File "cupy/cuda/memory.pyx", line 1350, in cupy.cuda.memory.SingleDeviceMemoryPool.malloc
  File "cupy/cuda/memory.pyx", line 1376, in cupy.cuda.memory.SingleDeviceMemoryPool._malloc
  File "cupy/cuda/memory.pyx", line 1560, in cupy.cuda.memory.SingleDeviceMemoryPool._try_malloc
cupy.cuda.memory.OutOfMemoryError: Out of memory allocating 134,217,728 bytes (allocated so far: 805,306,368 bytes).
Exception in thread Thread-151 (_chunk):
Traceback (most recent call last):
  File "/usr/lib/python3.12/threading.py", line 1073, in _bootstrap_inner
    self.run()
  File "/usr/lib/python3.12/threading.py", line 1010, in run
    self._target(*self._args, **self._kwargs)
  File "/workspace/h1/RH/scripts/rh/day038_h1_3e10_gpu.py", line 569, in _chunk
    sr, si, br, bi, s_ar, dm = slabfn(
                               ^^^^^^^
  File "/workspace/h1/RH/scripts/rh/day038_h1_3e10_gpu.py", line 443, in slab_budget_gpu
    cc = cp.asarray(c)
         ^^^^^^^^^^^^^
  File "/opt/venvs/cupy/lib/python3.12/site-packages/cupy/_creation/from_data.py", line 94, in asarray
    return _core.array(a, dtype, copy, order, blocking=blocking)
           ^^^^^^^^^^^^^^^^^^^^^^^^^^^^^^^^^^^^^^^^^^^^^^^^^^^^^
  File "cupy/_core/core.pyx", line 2821, in cupy._core.core.array
  File "cupy/_core/core.pyx", line 2841, in cupy._core.core.array
  File "cupy/_core/core.pyx", line 3067, in cupy._core.core._array_default
  File "cupy/_core/core.pyx", line 176, in cupy._core.core.ndarray.__new__
  File "cupy/_core/core.pyx", line 282, in cupy._core.core._ndarray_base._init
  File "cupy/cuda/memory.pyx", line 904, in cupy.cuda.memory.alloc
  File "cupy/cuda/memory.pyx", line 1614, in cupy.cuda.memory.MemoryPool.malloc
  File "cupy/cuda/memory.pyx", line 1635, in cupy.cuda.memory.MemoryPool.malloc
  File "cupy/cuda/memory.pyx", line 1350, in cupy.cuda.memory.SingleDeviceMemoryPool.malloc
  File "cupy/cuda/memory.pyx", line 1376, in cupy.cuda.memory.SingleDeviceMemoryPool._malloc
  File "cupy/cuda/memory.pyx", line 1560, in cupy.cuda.memory.SingleDeviceMemoryPool._try_malloc
cupy.cuda.memory.OutOfMemoryError: Out of memory allocating 134,217,728 bytes (allocated so far: 671,088,640 bytes).
Exception in thread Thread-149 (_chunk):
Traceback (most recent call last):
  File "/usr/lib/python3.12/threading.py", line 1073, in _bootstrap_inner
    self.run()
  File "/usr/lib/python3.12/threading.py", line 1010, in run
    self._target(*self._args, **self._kwargs)
  File "/workspace/h1/RH/scripts/rh/day038_h1_3e10_gpu.py", line 569, in _chunk
    sr, si, br, bi, s_ar, dm = slabfn(
                               ^^^^^^^
  File "/workspace/h1/RH/scripts/rh/day038_h1_3e10_gpu.py", line 443, in slab_budget_gpu
    cc = cp.asarray(c)
         ^^^^^^^^^^^^^
  File "/opt/venvs/cupy/lib/python3.12/site-packages/cupy/_creation/from_data.py", line 94, in asarray
    return _core.array(a, dtype, copy, order, blocking=blocking)
           ^^^^^^^^^^^^^^^^^^^^^^^^^^^^^^^^^^^^^^^^^^^^^^^^^^^^^
  File "cupy/_core/core.pyx", line 2821, in cupy._core.core.array
  File "cupy/_core/core.pyx", line 2841, in cupy._core.core.array
  File "cupy/_core/core.pyx", line 3067, in cupy._core.core._array_default
  File "cupy/_core/core.pyx", line 176, in cupy._core.core.ndarray.__new__
  File "cupy/_core/core.pyx", line 282, in cupy._core.core._ndarray_base._init
  File "cupy/cuda/memory.pyx", line 904, in cupy.cuda.memory.alloc
  File "cupy/cuda/memory.pyx", line 1614, in cupy.cuda.memory.MemoryPool.malloc
  File "cupy/cuda/memory.pyx", line 1635, in cupy.cuda.memory.MemoryPool.malloc
  File "cupy/cuda/memory.pyx", line 1350, in cupy.cuda.memory.SingleDeviceMemoryPool.malloc
  File "cupy/cuda/memory.pyx", line 1376, in cupy.cuda.memory.SingleDeviceMemoryPool._malloc
  File "cupy/cuda/memory.pyx", line 1560, in cupy.cuda.memory.SingleDeviceMemoryPool._try_malloc
cupy.cuda.memory.OutOfMemoryError: Out of memory allocating 134,217,728 bytes (allocated so far: 536,870,912 bytes).
Exception in thread Thread-150 (_chunk):
Traceback (most recent call last):
  File "/usr/lib/python3.12/threading.py", line 1073, in _bootstrap_inner
    self.run()
  File "/usr/lib/python3.12/threading.py", line 1010, in run
    self._target(*self._args, **self._kwargs)
  File "/workspace/h1/RH/scripts/rh/day038_h1_3e10_gpu.py", line 569, in _chunk
    sr, si, br, bi, s_ar, dm = slabfn(
                               ^^^^^^^
  File "/workspace/h1/RH/scripts/rh/day038_h1_3e10_gpu.py", line 443, in slab_budget_gpu
    cc = cp.asarray(c)
         ^^^^^^^^^^^^^
  File "/opt/venvs/cupy/lib/python3.12/site-packages/cupy/_creation/from_data.py", line 94, in asarray
    return _core.array(a, dtype, copy, order, blocking=blocking)
           ^^^^^^^^^^^^^^^^^^^^^^^^^^^^^^^^^^^^^^^^^^^^^^^^^^^^^
  File "cupy/_core/core.pyx", line 2821, in cupy._core.core.array
  File "cupy/_core/core.pyx", line 2841, in cupy._core.core.array
  File "cupy/_core/core.pyx", line 3067, in cupy._core.core._array_default
  File "cupy/_core/core.pyx", line 176, in cupy._core.core.ndarray.__new__
  File "cupy/_core/core.pyx", line 282, in cupy._core.core._ndarray_base._init
  File "cupy/cuda/memory.pyx", line 904, in cupy.cuda.memory.alloc
  File "cupy/cuda/memory.pyx", line 1614, in cupy.cuda.memory.MemoryPool.malloc
  File "cupy/cuda/memory.pyx", line 1635, in cupy.cuda.memory.MemoryPool.malloc
  File "cupy/cuda/memory.pyx", line 1350, in cupy.cuda.memory.SingleDeviceMemoryPool.malloc
  File "cupy/cuda/memory.pyx", line 1376, in cupy.cuda.memory.SingleDeviceMemoryPool._malloc
  File "cupy/cuda/memory.pyx", line 1560, in cupy.cuda.memory.SingleDeviceMemoryPool._try_malloc
cupy.cuda.memory.OutOfMemoryError: Out of memory allocating 134,217,728 bytes (allocated so far: 402,653,184 bytes).
    self.run()
  File "/usr/lib/python3.12/threading.py", line 1010, in run
    self._target(*self._args, **self._kwargs)
  File "/workspace/h1/RH/scripts/rh/day038_h1_3e10_gpu.py", line 569, in _chunk
    sr, si, br, bi, s_ar, dm = slabfn(
                               ^^^^^^^
  File "/workspace/h1/RH/scripts/rh/day038_h1_3e10_gpu.py", line 443, in slab_budget_gpu
    cc = cp.asarray(c)
         ^^^^^^^^^^^^^
  File "/opt/venvs/cupy/lib/python3.12/site-packages/cupy/_creation/from_data.py", line 94, in asarray
    return _core.array(a, dtype, copy, order, blocking=blocking)
           ^^^^^^^^^^^^^^^^^^^^^^^^^^^^^^^^^^^^^^^^^^^^^^^^^^^^^
  File "cupy/_core/core.pyx", line 2821, in cupy._core.core.array
  File "cupy/_core/core.pyx", line 2841, in cupy._core.core.array
  File "cupy/_core/core.pyx", line 3067, in cupy._core.core._array_default
  File "cupy/_core/core.pyx", line 176, in cupy._core.core.ndarray.__new__
  File "cupy/_core/core.pyx", line 282, in cupy._core.core._ndarray_base._init
  File "cupy/cuda/memory.pyx", line 904, in cupy.cuda.memory.alloc
  File "cupy/cuda/memory.pyx", line 1614, in cupy.cuda.memory.MemoryPool.malloc
  File "cupy/cuda/memory.pyx", line 1635, in cupy.cuda.memory.MemoryPool.malloc
  File "cupy/cuda/memory.pyx", line 1350, in cupy.cuda.memory.SingleDeviceMemoryPool.malloc
  File "cupy/cuda/memory.pyx", line 1376, in cupy.cuda.memory.SingleDeviceMemoryPool._malloc
  File "cupy/cuda/memory.pyx", line 1560, in cupy.cuda.memory.SingleDeviceMemoryPool._try_malloc
cupy.cuda.memory.OutOfMemoryError: Out of memory allocating 134,217,728 bytes (allocated so far: 805,306,368 bytes).
Exception in thread Thread-152 (_chunk):
Traceback (most recent call last):
  File "/usr/lib/python3.12/threading.py", line 1073, in _bootstrap_inner
    self.run()
  File "/usr/lib/python3.12/threading.py", line 1010, in run
    self._target(*self._args, **self._kwargs)
  File "/workspace/h1/RH/scripts/rh/day038_h1_3e10_gpu.py", line 569, in _chunk
    sr, si, br, bi, s_ar, dm = slabfn(
                               ^^^^^^^
  File "/workspace/h1/RH/scripts/rh/day038_h1_3e10_gpu.py", line 443, in slab_budget_gpu
    cc = cp.asarray(c)
         ^^^^^^^^^^^^^
  File "/opt/venvs/cupy/lib/python3.12/site-packages/cupy/_creation/from_data.py", line 94, in asarray
    return _core.array(a, dtype, copy, order, blocking=blocking)
           ^^^^^^^^^^^^^^^^^^^^^^^^^^^^^^^^^^^^^^^^^^^^^^^^^^^^^
  File "cupy/_core/core.pyx", line 2821, in cupy._core.core.array
  File "cupy/_core/core.pyx", line 2841, in cupy._core.core.array
  File "cupy/_core/core.pyx", line 3067, in cupy._core.core._array_default
  File "cupy/_core/core.pyx", line 176, in cupy._core.core.ndarray.__new__
  File "cupy/_core/core.pyx", line 282, in cupy._core.core._ndarray_base._init
  File "cupy/cuda/memory.pyx", line 904, in cupy.cuda.memory.alloc
  File "cupy/cuda/memory.pyx", line 1614, in cupy.cuda.memory.MemoryPool.malloc
  File "cupy/cuda/memory.pyx", line 1635, in cupy.cuda.memory.MemoryPool.malloc
  File "cupy/cuda/memory.pyx", line 1350, in cupy.cuda.memory.SingleDeviceMemoryPool.malloc
  File "cupy/cuda/memory.pyx", line 1376, in cupy.cuda.memory.SingleDeviceMemoryPool._malloc
  File "cupy/cuda/memory.pyx", line 1560, in cupy.cuda.memory.SingleDeviceMemoryPool._try_malloc
cupy.cuda.memory.OutOfMemoryError: Out of memory allocating 134,217,728 bytes (allocated so far: 268,435,456 bytes).
point  job  (win  0,  k  +10,  x=9493511984)  WORKER  FAILED:  TypeError('cannot unpack non-iterable NoneType object')  --  done  points  are  checkpointed;  supervisor  resumes
Exception in thread Thread-153 (_chunk):
Traceback (most recent call last):
  File "/usr/lib/python3.12/threading.py", line 1073, in _bootstrap_inner
    self.run()
  File "/usr/lib/python3.12/threading.py", line 1010, in run
    self._target(*self._args, **self._kwargs)
  File "/workspace/h1/RH/scripts/rh/day038_h1_3e10_gpu.py", line 569, in _chunk
    sr, si, br, bi, s_ar, dm = slabfn(
                               ^^^^^^^
  File "/workspace/h1/RH/scripts/rh/day038_h1_3e10_gpu.py", line 445, in slab_budget_gpu
    A = g2 + 0.25
        ~~~^~~~~~
  File "cupy/_core/core.pyx", line 1570, in cupy._core.core._ndarray_base.__add__
  File "cupy/_core/core.pyx", line 2024, in cupy._core.core._ndarray_base.__array_ufunc__
  File "cupy/_core/_kernel.pyx", line 1374, in cupy._core._kernel.ufunc.__call__
  File "cupy/_core/_kernel.pyx", line 657, in cupy._core._kernel._get_out_args_from_optionals
  File "cupy/_core/core.pyx", line 3342, in cupy._core.core._ndarray_init
  File "cupy/_core/core.pyx", line 300, in cupy._core.core._ndarray_base._init_fast
  File "cupy/cuda/memory.pyx", line 904, in cupy.cuda.memory.alloc
  File "cupy/cuda/memory.pyx", line 1614, in cupy.cuda.memory.MemoryPool.malloc
  File "cupy/cuda/memory.pyx", line 1635, in cupy.cuda.memory.MemoryPool.malloc
  File "cupy/cuda/memory.pyx", line 1350, in cupy.cuda.memory.SingleDeviceMemoryPool.malloc
  File "cupy/cuda/memory.pyx", line 1376, in cupy.cuda.memory.SingleDeviceMemoryPool._malloc
  File "cupy/cuda/memory.pyx", line 1560, in cupy.cuda.memory.SingleDeviceMemoryPool._try_malloc
cupy.cuda.memory.OutOfMemoryError: Out of memory allocating 134,217,728 bytes (allocated so far: 268,435,456 bytes).
Exception in thread Thread-155 (_chunk):
Traceback (most recent call last):
  File "/usr/lib/python3.12/threading.py", line 1073, in _bootstrap_inner
    self.run()
  File "/usr/lib/python3.12/threading.py", line 1010, in run
    self._target(*self._args, **self._kwargs)
  File "/workspace/h1/RH/scripts/rh/day038_h1_3e10_gpu.py", line 569, in _chunk
    sr, si, br, bi, s_ar, dm = slabfn(
                               ^^^^^^^
  File "/workspace/h1/RH/scripts/rh/day038_h1_3e10_gpu.py", line 444, in slab_budget_gpu
    g2 = cc * cc
         ~~~^~~~
  File "cupy/_core/core.pyx", line 1582, in cupy._core.core._ndarray_base.__mul__
  File "cupy/_core/_kernel.pyx", line 1374, in cupy._core._kernel.ufunc.__call__
  File "cupy/_core/_kernel.pyx", line 657, in cupy._core._kernel._get_out_args_from_optionals
  File "cupy/_core/core.pyx", line 3342, in cupy._core.core._ndarray_init
  File "cupy/_core/core.pyx", line 300, in cupy._core.core._ndarray_base._init_fast
  File "cupy/cuda/memory.pyx", line 904, in cupy.cuda.memory.alloc
  File "cupy/cuda/memory.pyx", line 1614, in cupy.cuda.memory.MemoryPool.malloc
  File "cupy/cuda/memory.pyx", line 1635, in cupy.cuda.memory.MemoryPool.malloc
  File "cupy/cuda/memory.pyx", line 1350, in cupy.cuda.memory.SingleDeviceMemoryPool.malloc
  File "cupy/cuda/memory.pyx", line 1376, in cupy.cuda.memory.SingleDeviceMemoryPool._malloc
  File "cupy/cuda/memory.pyx", line 1560, in cupy.cuda.memory.SingleDeviceMemoryPool._try_malloc
cupy.cuda.memory.OutOfMemoryError: Out of memory allocating 134,217,728 bytes (allocated so far: 536,870,912 bytes).
Exception in thread Thread-160 (_chunk):
Exception in thread Exception in thread Thread-159 (_chunk):
Traceback (most recent call last):
  File "/usr/lib/python3.12/threading.py", line 1073, in _bootstrap_inner
Thread-158 (_chunk):
Traceback (most recent call last):
  File "/usr/lib/python3.12/threading.py", line 1073, in _bootstrap_inner
    self.run()
  File "/usr/lib/python3.12/threading.py", line 1010, in run
    self._target(*self._args, **self._kwargs)
  File "/workspace/h1/RH/scripts/rh/day038_h1_3e10_gpu.py", line 569, in _chunk
    sr, si, br, bi, s_ar, dm = slabfn(
                               ^^^^^^^
  File "/workspace/h1/RH/scripts/rh/day038_h1_3e10_gpu.py", line 443, in slab_budget_gpu
    cc = cp.asarray(c)
         ^^^^^^^^^^^^^
  File "/opt/venvs/cupy/lib/python3.12/site-packages/cupy/_creation/from_data.py", line 94, in asarray
    return _core.array(a, dtype, copy, order, blocking=blocking)
           ^^^^^^^^^^^^^^^^^^^^^^^^^^^^^^^^^^^^^^^^^^^^^^^^^^^^^
  File "cupy/_core/core.pyx", line 2821, in cupy._core.core.array
  File "cupy/_core/core.pyx", line 2841, in cupy._core.core.array
  File "cupy/_core/core.pyx", line 3067, in cupy._core.core._array_default
  File "cupy/_core/core.pyx", line 176, in cupy._core.core.ndarray.__new__
  File "cupy/_core/core.pyx", line 282, in cupy._core.core._ndarray_base._init
  File "cupy/cuda/memory.pyx", line 904, in cupy.cuda.memory.alloc
  File "cupy/cuda/memory.pyx", line 1614, in cupy.cuda.memory.MemoryPool.malloc
  File "cupy/cuda/memory.pyx", line 1635, in cupy.cuda.memory.MemoryPool.malloc
  File "cupy/cuda/memory.pyx", line 1350, in cupy.cuda.memory.SingleDeviceMemoryPool.malloc
  File "cupy/cuda/memory.pyx", line 1376, in cupy.cuda.memory.SingleDeviceMemoryPool._malloc
  File "cupy/cuda/memory.pyx", line 1560, in cupy.cuda.memory.SingleDeviceMemoryPool._try_malloc
cupy.cuda.memory.OutOfMemoryError: Out of memory allocating 134,217,728 bytes (allocated so far: 805,306,368 bytes).
Traceback (most recent call last):
  File "/usr/lib/python3.12/threading.py", line 1073, in _bootstrap_inner
Exception in thread Thread-156 (_chunk):
Traceback (most recent call last):
  File "/usr/lib/python3.12/threading.py", line 1073, in _bootstrap_inner
    self.run()
  File "/usr/lib/python3.12/threading.py", line 1010, in run
    self._target(*self._args, **self._kwargs)
  File "/workspace/h1/RH/scripts/rh/day038_h1_3e10_gpu.py", line 569, in _chunk
    sr, si, br, bi, s_ar, dm = slabfn(
                               ^^^^^^^
  File "/workspace/h1/RH/scripts/rh/day038_h1_3e10_gpu.py", line 443, in slab_budget_gpu
    cc = cp.asarray(c)
         ^^^^^^^^^^^^^
  File "/opt/venvs/cupy/lib/python3.12/site-packages/cupy/_creation/from_data.py", line 94, in asarray
    return _core.array(a, dtype, copy, order, blocking=blocking)
           ^^^^^^^^^^^^^^^^^^^^^^^^^^^^^^^^^^^^^^^^^^^^^^^^^^^^^
  File "cupy/_core/core.pyx", line 2821, in cupy._core.core.array
  File "cupy/_core/core.pyx", line 2841, in cupy._core.core.array
  File "cupy/_core/core.pyx", line 3067, in cupy._core.core._array_default
  File "cupy/_core/core.pyx", line 176, in cupy._core.core.ndarray.__new__
  File "cupy/_core/core.pyx", line 282, in cupy._core.core._ndarray_base._init
  File "cupy/cuda/memory.pyx", line 904, in cupy.cuda.memory.alloc
  File "cupy/cuda/memory.pyx", line 1614, in cupy.cuda.memory.MemoryPool.malloc
  File "cupy/cuda/memory.pyx", line 1635, in cupy.cuda.memory.MemoryPool.malloc
  File "cupy/cuda/memory.pyx", line 1350, in cupy.cuda.memory.SingleDeviceMemoryPool.malloc
  File "cupy/cuda/memory.pyx", line 1376, in cupy.cuda.memory.SingleDeviceMemoryPool._malloc
  File "cupy/cuda/memory.pyx", line 1560, in cupy.cuda.memory.SingleDeviceMemoryPool._try_malloc
cupy.cuda.memory.OutOfMemoryError: Out of memory allocating 134,217,728 bytes (allocated so far: 536,870,912 bytes).
    self.run()
  File "/usr/lib/python3.12/threading.py", line 1010, in run
    self._target(*self._args, **self._kwargs)
  File "/workspace/h1/RH/scripts/rh/day038_h1_3e10_gpu.py", line 569, in _chunk
    sr, si, br, bi, s_ar, dm = slabfn(
                               ^^^^^^^
  File "/workspace/h1/RH/scripts/rh/day038_h1_3e10_gpu.py", line 443, in slab_budget_gpu
    cc = cp.asarray(c)
         ^^^^^^^^^^^^^
  File "/opt/venvs/cupy/lib/python3.12/site-packages/cupy/_creation/from_data.py", line 94, in asarray
    return _core.array(a, dtype, copy, order, blocking=blocking)
           ^^^^^^^^^^^^^^^^^^^^^^^^^^^^^^^^^^^^^^^^^^^^^^^^^^^^^
  File "cupy/_core/core.pyx", line 2821, in cupy._core.core.array
  File "cupy/_core/core.pyx", line 2841, in cupy._core.core.array
  File "cupy/_core/core.pyx", line 3067, in cupy._core.core._array_default
  File "cupy/_core/core.pyx", line 176, in cupy._core.core.ndarray.__new__
  File "cupy/_core/core.pyx", line 282, in cupy._core.core._ndarray_base._init
  File "cupy/cuda/memory.pyx", line 904, in cupy.cuda.memory.alloc
  File "cupy/cuda/memory.pyx", line 1614, in cupy.cuda.memory.MemoryPool.malloc
  File "cupy/cuda/memory.pyx", line 1635, in cupy.cuda.memory.MemoryPool.malloc
  File "cupy/cuda/memory.pyx", line 1350, in cupy.cuda.memory.SingleDeviceMemoryPool.malloc
  File "cupy/cuda/memory.pyx", line 1376, in cupy.cuda.memory.SingleDeviceMemoryPool._malloc
  File "cupy/cuda/memory.pyx", line 1560, in cupy.cuda.memory.SingleDeviceMemoryPool._try_malloc
cupy.cuda.memory.OutOfMemoryError: Out of memory allocating 134,217,728 bytes (allocated so far: 671,088,640 bytes).
Exception in thread Thread-154 (_chunk):
Traceback (most recent call last):
  File "/usr/lib/python3.12/threading.py", line 1073, in _bootstrap_inner
    self.run()
  File "/usr/lib/python3.12/threading.py", line 1010, in run
    self._target(*self._args, **self._kwargs)
  File "/workspace/h1/RH/scripts/rh/day038_h1_3e10_gpu.py", line 569, in _chunk
    sr, si, br, bi, s_ar, dm = slabfn(
                               ^^^^^^^
  File "/workspace/h1/RH/scripts/rh/day038_h1_3e10_gpu.py", line 443, in slab_budget_gpu
    cc = cp.asarray(c)
         ^^^^^^^^^^^^^
  File "/opt/venvs/cupy/lib/python3.12/site-packages/cupy/_creation/from_data.py", line 94, in asarray
    return _core.array(a, dtype, copy, order, blocking=blocking)
           ^^^^^^^^^^^^^^^^^^^^^^^^^^^^^^^^^^^^^^^^^^^^^^^^^^^^^
  File "cupy/_core/core.pyx", line 2821, in cupy._core.core.array
  File "cupy/_core/core.pyx", line 2841, in cupy._core.core.array
  File "cupy/_core/core.pyx", line 3067, in cupy._core.core._array_default
  File "cupy/_core/core.pyx", line 176, in cupy._core.core.ndarray.__new__
  File "cupy/_core/core.pyx", line 282, in cupy._core.core._ndarray_base._init
  File "cupy/cuda/memory.pyx", line 904, in cupy.cuda.memory.alloc
  File "cupy/cuda/memory.pyx", line 1614, in cupy.cuda.memory.MemoryPool.malloc
  File "cupy/cuda/memory.pyx", line 1635, in cupy.cuda.memory.MemoryPool.malloc
  File "cupy/cuda/memory.pyx", line 1350, in cupy.cuda.memory.SingleDeviceMemoryPool.malloc
  File "cupy/cuda/memory.pyx", line 1376, in cupy.cuda.memory.SingleDeviceMemoryPool._malloc
  File "cupy/cuda/memory.pyx", line 1560, in cupy.cuda.memory.SingleDeviceMemoryPool._try_malloc
cupy.cuda.memory.OutOfMemoryError: Out of memory allocating 134,217,728 bytes (allocated so far: 402,653,184 bytes).
    self.run()
  File "/usr/lib/python3.12/threading.py", line 1010, in run
    self._target(*self._args, **self._kwargs)
  File "/workspace/h1/RH/scripts/rh/day038_h1_3e10_gpu.py", line 569, in _chunk
    sr, si, br, bi, s_ar, dm = slabfn(
                               ^^^^^^^
  File "/workspace/h1/RH/scripts/rh/day038_h1_3e10_gpu.py", line 445, in slab_budget_gpu
    A = g2 + 0.25
        ~~~^~~~~~
  File "cupy/_core/core.pyx", line 1570, in cupy._core.core._ndarray_base.__add__
  File "cupy/_core/core.pyx", line 2024, in cupy._core.core._ndarray_base.__array_ufunc__
  File "cupy/_core/_kernel.pyx", line 1374, in cupy._core._kernel.ufunc.__call__
  File "cupy/_core/_kernel.pyx", line 657, in cupy._core._kernel._get_out_args_from_optionals
  File "cupy/_core/core.pyx", line 3342, in cupy._core.core._ndarray_init
  File "cupy/_core/core.pyx", line 300, in cupy._core.core._ndarray_base._init_fast
  File "cupy/cuda/memory.pyx", line 904, in cupy.cuda.memory.alloc
  File "cupy/cuda/memory.pyx", line 1614, in cupy.cuda.memory.MemoryPool.malloc
  File "cupy/cuda/memory.pyx", line 1635, in cupy.cuda.memory.MemoryPool.malloc
  File "cupy/cuda/memory.pyx", line 1350, in cupy.cuda.memory.SingleDeviceMemoryPool.malloc
  File "cupy/cuda/memory.pyx", line 1376, in cupy.cuda.memory.SingleDeviceMemoryPool._malloc
  File "cupy/cuda/memory.pyx", line 1560, in cupy.cuda.memory.SingleDeviceMemoryPool._try_malloc
cupy.cuda.memory.OutOfMemoryError: Out of memory allocating 134,217,728 bytes (allocated so far: 805,306,368 bytes).
Exception in thread Thread-157 (_chunk):
Traceback (most recent call last):
  File "/usr/lib/python3.12/threading.py", line 1073, in _bootstrap_inner
    self.run()
  File "/usr/lib/python3.12/threading.py", line 1010, in run
    self._target(*self._args, **self._kwargs)
  File "/workspace/h1/RH/scripts/rh/day038_h1_3e10_gpu.py", line 569, in _chunk
    sr, si, br, bi, s_ar, dm = slabfn(
                               ^^^^^^^
  File "/workspace/h1/RH/scripts/rh/day038_h1_3e10_gpu.py", line 443, in slab_budget_gpu
    cc = cp.asarray(c)
         ^^^^^^^^^^^^^
  File "/opt/venvs/cupy/lib/python3.12/site-packages/cupy/_creation/from_data.py", line 94, in asarray
    return _core.array(a, dtype, copy, order, blocking=blocking)
           ^^^^^^^^^^^^^^^^^^^^^^^^^^^^^^^^^^^^^^^^^^^^^^^^^^^^^
  File "cupy/_core/core.pyx", line 2821, in cupy._core.core.array
  File "cupy/_core/core.pyx", line 2841, in cupy._core.core.array
  File "cupy/_core/core.pyx", line 3067, in cupy._core.core._array_default
  File "cupy/_core/core.pyx", line 176, in cupy._core.core.ndarray.__new__
  File "cupy/_core/core.pyx", line 282, in cupy._core.core._ndarray_base._init
  File "cupy/cuda/memory.pyx", line 904, in cupy.cuda.memory.alloc
  File "cupy/cuda/memory.pyx", line 1614, in cupy.cuda.memory.MemoryPool.malloc
  File "cupy/cuda/memory.pyx", line 1635, in cupy.cuda.memory.MemoryPool.malloc
  File "cupy/cuda/memory.pyx", line 1350, in cupy.cuda.memory.SingleDeviceMemoryPool.malloc
  File "cupy/cuda/memory.pyx", line 1376, in cupy.cuda.memory.SingleDeviceMemoryPool._malloc
  File "cupy/cuda/memory.pyx", line 1560, in cupy.cuda.memory.SingleDeviceMemoryPool._try_malloc
cupy.cuda.memory.OutOfMemoryError: Out of memory allocating 134,217,728 bytes (allocated so far: 268,435,456 bytes).
point  job  (win  0,  k  +11,  x=9493511984)  WORKER  FAILED:  TypeError('cannot unpack non-iterable NoneType object')  --  done  points  are  checkpointed;  supervisor  resumes
Exception in thread Thread-161 (_chunk):
Traceback (most recent call last):
  File "/usr/lib/python3.12/threading.py", line 1073, in _bootstrap_inner
    self.run()
  File "/usr/lib/python3.12/threading.py", line 1010, in run
    self._target(*self._args, **self._kwargs)
  File "/workspace/h1/RH/scripts/rh/day038_h1_3e10_gpu.py", line 569, in _chunk
    sr, si, br, bi, s_ar, dm = slabfn(
                               ^^^^^^^
  File "/workspace/h1/RH/scripts/rh/day038_h1_3e10_gpu.py", line 445, in slab_budget_gpu
    A = g2 + 0.25
        ~~~^~~~~~
  File "cupy/_core/core.pyx", line 1570, in cupy._core.core._ndarray_base.__add__
  File "cupy/_core/core.pyx", line 2024, in cupy._core.core._ndarray_base.__array_ufunc__
  File "cupy/_core/_kernel.pyx", line 1374, in cupy._core._kernel.ufunc.__call__
  File "cupy/_core/_kernel.pyx", line 657, in cupy._core._kernel._get_out_args_from_optionals
  File "cupy/_core/core.pyx", line 3342, in cupy._core.core._ndarray_init
  File "cupy/_core/core.pyx", line 300, in cupy._core.core._ndarray_base._init_fast
  File "cupy/cuda/memory.pyx", line 904, in cupy.cuda.memory.alloc
  File "cupy/cuda/memory.pyx", line 1614, in cupy.cuda.memory.MemoryPool.malloc
  File "cupy/cuda/memory.pyx", line 1635, in cupy.cuda.memory.MemoryPool.malloc
  File "cupy/cuda/memory.pyx", line 1350, in cupy.cuda.memory.SingleDeviceMemoryPool.malloc
  File "cupy/cuda/memory.pyx", line 1376, in cupy.cuda.memory.SingleDeviceMemoryPool._malloc
  File "cupy/cuda/memory.pyx", line 1560, in cupy.cuda.memory.SingleDeviceMemoryPool._try_malloc
cupy.cuda.memory.OutOfMemoryError: Out of memory allocating 134,217,728 bytes (allocated so far: 402,653,184 bytes).
Exception in thread Thread-163 (_chunk):
Traceback (most recent call last):
  File "/usr/lib/python3.12/threading.py", line 1073, in _bootstrap_inner
    self.run()
  File "/usr/lib/python3.12/threading.py", line 1010, in run
    self._target(*self._args, **self._kwargs)
  File "/workspace/h1/RH/scripts/rh/day038_h1_3e10_gpu.py", line 569, in _chunk
    sr, si, br, bi, s_ar, dm = slabfn(
                               ^^^^^^^
  File "/workspace/h1/RH/scripts/rh/day038_h1_3e10_gpu.py", line 445, in slab_budget_gpu
    A = g2 + 0.25
        ~~~^~~~~~
  File "cupy/_core/core.pyx", line 1570, in cupy._core.core._ndarray_base.__add__
  File "cupy/_core/core.pyx", line 2024, in cupy._core.core._ndarray_base.__array_ufunc__
  File "cupy/_core/_kernel.pyx", line 1374, in cupy._core._kernel.ufunc.__call__
  File "cupy/_core/_kernel.pyx", line 657, in cupy._core._kernel._get_out_args_from_optionals
  File "cupy/_core/core.pyx", line 3342, in cupy._core.core._ndarray_init
  File "cupy/_core/core.pyx", line 300, in cupy._core.core._ndarray_base._init_fast
  File "cupy/cuda/memory.pyx", line 904, in cupy.cuda.memory.alloc
  File "cupy/cuda/memory.pyx", line 1614, in cupy.cuda.memory.MemoryPool.malloc
  File "cupy/cuda/memory.pyx", line 1635, in cupy.cuda.memory.MemoryPool.malloc
  File "cupy/cuda/memory.pyx", line 1350, in cupy.cuda.memory.SingleDeviceMemoryPool.malloc
  File "cupy/cuda/memory.pyx", line 1376, in cupy.cuda.memory.SingleDeviceMemoryPool._malloc
  File "cupy/cuda/memory.pyx", line 1560, in cupy.cuda.memory.SingleDeviceMemoryPool._try_malloc
cupy.cuda.memory.OutOfMemoryError: Out of memory allocating 134,217,728 bytes (allocated so far: 268,435,456 bytes).
Exception in thread Thread-168 (_chunk):
Traceback (most recent call last):
  File "/usr/lib/python3.12/threading.py", line 1073, in _bootstrap_inner
Exception in thread Thread-164 (_chunk):
Traceback (most recent call last):
  File "/usr/lib/python3.12/threading.py", line 1073, in _bootstrap_inner
    self.run()
  File "/usr/lib/python3.12/threading.py", line 1010, in run
    self._target(*self._args, **self._kwargs)
  File "/workspace/h1/RH/scripts/rh/day038_h1_3e10_gpu.py", line 569, in _chunk
    sr, si, br, bi, s_ar, dm = slabfn(
                               ^^^^^^^
  File "/workspace/h1/RH/scripts/rh/day038_h1_3e10_gpu.py", line 443, in slab_budget_gpu
    cc = cp.asarray(c)
         ^^^^^^^^^^^^^
  File "/opt/venvs/cupy/lib/python3.12/site-packages/cupy/_creation/from_data.py", line 94, in asarray
    return _core.array(a, dtype, copy, order, blocking=blocking)
           ^^^^^^^^^^^^^^^^^^^^^^^^^^^^^^^^^^^^^^^^^^^^^^^^^^^^^
  File "cupy/_core/core.pyx", line 2821, in cupy._core.core.array
  File "cupy/_core/core.pyx", line 2841, in cupy._core.core.array
  File "cupy/_core/core.pyx", line 3067, in cupy._core.core._array_default
  File "cupy/_core/core.pyx", line 176, in cupy._core.core.ndarray.__new__
  File "cupy/_core/core.pyx", line 282, in cupy._core.core._ndarray_base._init
  File "cupy/cuda/memory.pyx", line 904, in cupy.cuda.memory.alloc
  File "cupy/cuda/memory.pyx", line 1614, in cupy.cuda.memory.MemoryPool.malloc
  File "cupy/cuda/memory.pyx", line 1635, in cupy.cuda.memory.MemoryPool.malloc
  File "cupy/cuda/memory.pyx", line 1350, in cupy.cuda.memory.SingleDeviceMemoryPool.malloc
  File "cupy/cuda/memory.pyx", line 1376, in cupy.cuda.memory.SingleDeviceMemoryPool._malloc
  File "cupy/cuda/memory.pyx", line 1560, in cupy.cuda.memory.SingleDeviceMemoryPool._try_malloc
cupy.cuda.memory.OutOfMemoryError: Out of memory allocating 134,217,728 bytes (allocated so far: 536,870,912 bytes).
Exception in thread Thread-167 (_chunk):
Traceback (most recent call last):
  File "/usr/lib/python3.12/threading.py", line 1073, in _bootstrap_inner
    self.run()
  File "/usr/lib/python3.12/threading.py", line 1010, in run
    self._target(*self._args, **self._kwargs)
  File "/workspace/h1/RH/scripts/rh/day038_h1_3e10_gpu.py", line 569, in _chunk
    sr, si, br, bi, s_ar, dm = slabfn(
                               ^^^^^^^
  File "/workspace/h1/RH/scripts/rh/day038_h1_3e10_gpu.py", line 444, in slab_budget_gpu
    g2 = cc * cc
         ~~~^~~~
  File "cupy/_core/core.pyx", line 1582, in cupy._core.core._ndarray_base.__mul__
  File "cupy/_core/_kernel.pyx", line 1374, in cupy._core._kernel.ufunc.__call__
  File "cupy/_core/_kernel.pyx", line 657, in cupy._core._kernel._get_out_args_from_optionals
  File "cupy/_core/core.pyx", line 3342, in cupy._core.core._ndarray_init
  File "cupy/_core/core.pyx", line 300, in cupy._core.core._ndarray_base._init_fast
Exception in thread Thread-165 (_chunk):
Traceback (most recent call last):
  File "/usr/lib/python3.12/threading.py", line 1073, in _bootstrap_inner
    self.run()
  File "/usr/lib/python3.12/threading.py", line 1010, in run
    self._target(*self._args, **self._kwargs)
  File "/workspace/h1/RH/scripts/rh/day038_h1_3e10_gpu.py", line 569, in _chunk
    sr, si, br, bi, s_ar, dm = slabfn(
                               ^^^^^^^
  File "/workspace/h1/RH/scripts/rh/day038_h1_3e10_gpu.py", line 443, in slab_budget_gpu
    cc = cp.asarray(c)
         ^^^^^^^^^^^^^
  File "/opt/venvs/cupy/lib/python3.12/site-packages/cupy/_creation/from_data.py", line 94, in asarray
    return _core.array(a, dtype, copy, order, blocking=blocking)
           ^^^^^^^^^^^^^^^^^^^^^^^^^^^^^^^^^^^^^^^^^^^^^^^^^^^^^
  File "cupy/_core/core.pyx", line 2821, in cupy._core.core.array
  File "cupy/_core/core.pyx", line 2841, in cupy._core.core.array
  File "cupy/_core/core.pyx", line 3067, in cupy._core.core._array_default
  File "cupy/_core/core.pyx", line 176, in cupy._core.core.ndarray.__new__
  File "cupy/_core/core.pyx", line 282, in cupy._core.core._ndarray_base._init
  File "cupy/cuda/memory.pyx", line 904, in cupy.cuda.memory.alloc
  File "cupy/cuda/memory.pyx", line 1614, in cupy.cuda.memory.MemoryPool.malloc
  File "cupy/cuda/memory.pyx", line 1635, in cupy.cuda.memory.MemoryPool.malloc
  File "cupy/cuda/memory.pyx", line 1350, in cupy.cuda.memory.SingleDeviceMemoryPool.malloc
  File "cupy/cuda/memory.pyx", line 1376, in cupy.cuda.memory.SingleDeviceMemoryPool._malloc
  File "cupy/cuda/memory.pyx", line 1560, in cupy.cuda.memory.SingleDeviceMemoryPool._try_malloc
cupy.cuda.memory.OutOfMemoryError: Out of memory allocating 134,217,728 bytes (allocated so far: 536,870,912 bytes).
Exception in thread Thread-166 (_chunk):
Traceback (most recent call last):
  File "/usr/lib/python3.12/threading.py", line 1073, in _bootstrap_inner
  File "cupy/cuda/memory.pyx", line 904, in cupy.cuda.memory.alloc
    self.run()
  File "/usr/lib/python3.12/threading.py", line 1010, in run
    self.run()
  File "/usr/lib/python3.12/threading.py", line 1010, in run
    self._target(*self._args, **self._kwargs)
  File "/workspace/h1/RH/scripts/rh/day038_h1_3e10_gpu.py", line 569, in _chunk
    sr, si, br, bi, s_ar, dm = slabfn(
                               ^^^^^^^
  File "/workspace/h1/RH/scripts/rh/day038_h1_3e10_gpu.py", line 443, in slab_budget_gpu
    cc = cp.asarray(c)
         ^^^^^^^^^^^^^
  File "/opt/venvs/cupy/lib/python3.12/site-packages/cupy/_creation/from_data.py", line 94, in asarray
    return _core.array(a, dtype, copy, order, blocking=blocking)
           ^^^^^^^^^^^^^^^^^^^^^^^^^^^^^^^^^^^^^^^^^^^^^^^^^^^^^
  File "cupy/_core/core.pyx", line 2821, in cupy._core.core.array
  File "cupy/_core/core.pyx", line 2841, in cupy._core.core.array
  File "cupy/_core/core.pyx", line 3067, in cupy._core.core._array_default
  File "cupy/_core/core.pyx", line 176, in cupy._core.core.ndarray.__new__
  File "cupy/_core/core.pyx", line 282, in cupy._core.core._ndarray_base._init
  File "cupy/cuda/memory.pyx", line 904, in cupy.cuda.memory.alloc
  File "cupy/cuda/memory.pyx", line 1614, in cupy.cuda.memory.MemoryPool.malloc
  File "cupy/cuda/memory.pyx", line 1635, in cupy.cuda.memory.MemoryPool.malloc
  File "cupy/cuda/memory.pyx", line 1350, in cupy.cuda.memory.SingleDeviceMemoryPool.malloc
  File "cupy/cuda/memory.pyx", line 1376, in cupy.cuda.memory.SingleDeviceMemoryPool._malloc
  File "cupy/cuda/memory.pyx", line 1560, in cupy.cuda.memory.SingleDeviceMemoryPool._try_malloc
cupy.cuda.memory.OutOfMemoryError: Out of memory allocating 134,217,728 bytes (allocated so far: 671,088,640 bytes).
  File "cupy/cuda/memory.pyx", line 1614, in cupy.cuda.memory.MemoryPool.malloc
  File "cupy/cuda/memory.pyx", line 1635, in cupy.cuda.memory.MemoryPool.malloc
  File "cupy/cuda/memory.pyx", line 1350, in cupy.cuda.memory.SingleDeviceMemoryPool.malloc
  File "cupy/cuda/memory.pyx", line 1376, in cupy.cuda.memory.SingleDeviceMemoryPool._malloc
  File "cupy/cuda/memory.pyx", line 1560, in cupy.cuda.memory.SingleDeviceMemoryPool._try_malloc
cupy.cuda.memory.OutOfMemoryError: Out of memory allocating 134,217,728 bytes (allocated so far: 671,088,640 bytes).
    self._target(*self._args, **self._kwargs)
  File "/workspace/h1/RH/scripts/rh/day038_h1_3e10_gpu.py", line 569, in _chunk
    sr, si, br, bi, s_ar, dm = slabfn(
                               ^^^^^^^
  File "/workspace/h1/RH/scripts/rh/day038_h1_3e10_gpu.py", line 444, in slab_budget_gpu
    g2 = cc * cc
         ~~~^~~~
  File "cupy/_core/core.pyx", line 1582, in cupy._core.core._ndarray_base.__mul__
  File "cupy/_core/_kernel.pyx", line 1374, in cupy._core._kernel.ufunc.__call__
  File "cupy/_core/_kernel.pyx", line 657, in cupy._core._kernel._get_out_args_from_optionals
  File "cupy/_core/core.pyx", line 3342, in cupy._core.core._ndarray_init
  File "cupy/_core/core.pyx", line 300, in cupy._core.core._ndarray_base._init_fast
  File "cupy/cuda/memory.pyx", line 904, in cupy.cuda.memory.alloc
  File "cupy/cuda/memory.pyx", line 1614, in cupy.cuda.memory.MemoryPool.malloc
  File "cupy/cuda/memory.pyx", line 1635, in cupy.cuda.memory.MemoryPool.malloc
  File "cupy/cuda/memory.pyx", line 1350, in cupy.cuda.memory.SingleDeviceMemoryPool.malloc
  File "cupy/cuda/memory.pyx", line 1376, in cupy.cuda.memory.SingleDeviceMemoryPool._malloc
  File "cupy/cuda/memory.pyx", line 1560, in cupy.cuda.memory.SingleDeviceMemoryPool._try_malloc
cupy.cuda.memory.OutOfMemoryError: Out of memory allocating 134,217,728 bytes (allocated so far: 402,653,184 bytes).
Exception in thread Thread-162 (_chunk):
Traceback (most recent call last):
  File "/usr/lib/python3.12/threading.py", line 1073, in _bootstrap_inner
    self.run()
  File "/usr/lib/python3.12/threading.py", line 1010, in run
    self._target(*self._args, **self._kwargs)
  File "/workspace/h1/RH/scripts/rh/day038_h1_3e10_gpu.py", line 569, in _chunk
    sr, si, br, bi, s_ar, dm = slabfn(
                               ^^^^^^^
  File "/workspace/h1/RH/scripts/rh/day038_h1_3e10_gpu.py", line 443, in slab_budget_gpu
    cc = cp.asarray(c)
         ^^^^^^^^^^^^^
  File "/opt/venvs/cupy/lib/python3.12/site-packages/cupy/_creation/from_data.py", line 94, in asarray
    return _core.array(a, dtype, copy, order, blocking=blocking)
           ^^^^^^^^^^^^^^^^^^^^^^^^^^^^^^^^^^^^^^^^^^^^^^^^^^^^^
  File "cupy/_core/core.pyx", line 2821, in cupy._core.core.array
  File "cupy/_core/core.pyx", line 2841, in cupy._core.core.array
  File "cupy/_core/core.pyx", line 3067, in cupy._core.core._array_default
  File "cupy/_core/core.pyx", line 176, in cupy._core.core.ndarray.__new__
  File "cupy/_core/core.pyx", line 282, in cupy._core.core._ndarray_base._init
  File "cupy/cuda/memory.pyx", line 904, in cupy.cuda.memory.alloc
  File "cupy/cuda/memory.pyx", line 1614, in cupy.cuda.memory.MemoryPool.malloc
  File "cupy/cuda/memory.pyx", line 1635, in cupy.cuda.memory.MemoryPool.malloc
  File "cupy/cuda/memory.pyx", line 1350, in cupy.cuda.memory.SingleDeviceMemoryPool.malloc
  File "cupy/cuda/memory.pyx", line 1376, in cupy.cuda.memory.SingleDeviceMemoryPool._malloc
  File "cupy/cuda/memory.pyx", line 1560, in cupy.cuda.memory.SingleDeviceMemoryPool._try_malloc
cupy.cuda.memory.OutOfMemoryError: Out of memory allocating 134,217,728 bytes (allocated so far: 268,435,456 bytes).
point  job  (win  0,  k  +12,  x=9493511984)  WORKER  FAILED:  TypeError('cannot unpack non-iterable NoneType object')  --  done  points  are  checkpointed;  supervisor  resumes
Exception in thread Thread-169 (_chunk):
Traceback (most recent call last):
  File "/usr/lib/python3.12/threading.py", line 1073, in _bootstrap_inner
    self.run()
  File "/usr/lib/python3.12/threading.py", line 1010, in run
    self._target(*self._args, **self._kwargs)
  File "/workspace/h1/RH/scripts/rh/day038_h1_3e10_gpu.py", line 569, in _chunk
    sr, si, br, bi, s_ar, dm = slabfn(
                               ^^^^^^^
  File "/workspace/h1/RH/scripts/rh/day038_h1_3e10_gpu.py", line 445, in slab_budget_gpu
    A = g2 + 0.25
        ~~~^~~~~~
  File "cupy/_core/core.pyx", line 1570, in cupy._core.core._ndarray_base.__add__
  File "cupy/_core/core.pyx", line 2024, in cupy._core.core._ndarray_base.__array_ufunc__
  File "cupy/_core/_kernel.pyx", line 1374, in cupy._core._kernel.ufunc.__call__
  File "cupy/_core/_kernel.pyx", line 657, in cupy._core._kernel._get_out_args_from_optionals
  File "cupy/_core/core.pyx", line 3342, in cupy._core.core._ndarray_init
  File "cupy/_core/core.pyx", line 300, in cupy._core.core._ndarray_base._init_fast
  File "cupy/cuda/memory.pyx", line 904, in cupy.cuda.memory.alloc
  File "cupy/cuda/memory.pyx", line 1614, in cupy.cuda.memory.MemoryPool.malloc
  File "cupy/cuda/memory.pyx", line 1635, in cupy.cuda.memory.MemoryPool.malloc
  File "cupy/cuda/memory.pyx", line 1350, in cupy.cuda.memory.SingleDeviceMemoryPool.malloc
  File "cupy/cuda/memory.pyx", line 1376, in cupy.cuda.memory.SingleDeviceMemoryPool._malloc
  File "cupy/cuda/memory.pyx", line 1560, in cupy.cuda.memory.SingleDeviceMemoryPool._try_malloc
cupy.cuda.memory.OutOfMemoryError: Out of memory allocating 134,217,728 bytes (allocated so far: 268,435,456 bytes).
Exception in thread Thread-170 (_chunk):
Traceback (most recent call last):
  File "/usr/lib/python3.12/threading.py", line 1073, in _bootstrap_inner
Exception in thread Thread-175 (_chunk):
Exception in thread Thread-176 (_chunk):
Traceback (most recent call last):
Exception in thread Thread-174 (_chunk):
Traceback (most recent call last):
Exception in thread Thread-171 (_chunk):
Traceback (most recent call last):
  File "/usr/lib/python3.12/threading.py", line 1073, in _bootstrap_inner
  File "/usr/lib/python3.12/threading.py", line 1073, in _bootstrap_inner
    self.run()
  File "/usr/lib/python3.12/threading.py", line 1010, in run
    self._target(*self._args, **self._kwargs)
  File "/workspace/h1/RH/scripts/rh/day038_h1_3e10_gpu.py", line 569, in _chunk
    sr, si, br, bi, s_ar, dm = slabfn(
                               ^^^^^^^
  File "/workspace/h1/RH/scripts/rh/day038_h1_3e10_gpu.py", line 443, in slab_budget_gpu
    cc = cp.asarray(c)
         ^^^^^^^^^^^^^
  File "/opt/venvs/cupy/lib/python3.12/site-packages/cupy/_creation/from_data.py", line 94, in asarray
    return _core.array(a, dtype, copy, order, blocking=blocking)
           ^^^^^^^^^^^^^^^^^^^^^^^^^^^^^^^^^^^^^^^^^^^^^^^^^^^^^
  File "cupy/_core/core.pyx", line 2821, in cupy._core.core.array
  File "cupy/_core/core.pyx", line 2841, in cupy._core.core.array
  File "cupy/_core/core.pyx", line 3067, in cupy._core.core._array_default
  File "cupy/_core/core.pyx", line 176, in cupy._core.core.ndarray.__new__
  File "cupy/_core/core.pyx", line 282, in cupy._core.core._ndarray_base._init
  File "cupy/cuda/memory.pyx", line 904, in cupy.cuda.memory.alloc
  File "cupy/cuda/memory.pyx", line 1614, in cupy.cuda.memory.MemoryPool.malloc
  File "cupy/cuda/memory.pyx", line 1635, in cupy.cuda.memory.MemoryPool.malloc
  File "cupy/cuda/memory.pyx", line 1350, in cupy.cuda.memory.SingleDeviceMemoryPool.malloc
  File "cupy/cuda/memory.pyx", line 1376, in cupy.cuda.memory.SingleDeviceMemoryPool._malloc
  File "cupy/cuda/memory.pyx", line 1560, in cupy.cuda.memory.SingleDeviceMemoryPool._try_malloc
cupy.cuda.memory.OutOfMemoryError: Out of memory allocating 134,217,728 bytes (allocated so far: 536,870,912 bytes).
    self.run()
  File "/usr/lib/python3.12/threading.py", line 1010, in run
    self._target(*self._args, **self._kwargs)
  File "/workspace/h1/RH/scripts/rh/day038_h1_3e10_gpu.py", line 569, in _chunk
    sr, si, br, bi, s_ar, dm = slabfn(
                               ^^^^^^^
  File "/workspace/h1/RH/scripts/rh/day038_h1_3e10_gpu.py", line 443, in slab_budget_gpu
    cc = cp.asarray(c)
         ^^^^^^^^^^^^^
  File "/opt/venvs/cupy/lib/python3.12/site-packages/cupy/_creation/from_data.py", line 94, in asarray
    return _core.array(a, dtype, copy, order, blocking=blocking)
           ^^^^^^^^^^^^^^^^^^^^^^^^^^^^^^^^^^^^^^^^^^^^^^^^^^^^^
  File "cupy/_core/core.pyx", line 2821, in cupy._core.core.array
  File "cupy/_core/core.pyx", line 2841, in cupy._core.core.array
  File "cupy/_core/core.pyx", line 3067, in cupy._core.core._array_default
  File "cupy/_core/core.pyx", line 176, in cupy._core.core.ndarray.__new__
  File "cupy/_core/core.pyx", line 282, in cupy._core.core._ndarray_base._init
  File "cupy/cuda/memory.pyx", line 904, in cupy.cuda.memory.alloc
  File "cupy/cuda/memory.pyx", line 1614, in cupy.cuda.memory.MemoryPool.malloc
  File "cupy/cuda/memory.pyx", line 1635, in cupy.cuda.memory.MemoryPool.malloc
  File "cupy/cuda/memory.pyx", line 1350, in cupy.cuda.memory.SingleDeviceMemoryPool.malloc
  File "cupy/cuda/memory.pyx", line 1376, in cupy.cuda.memory.SingleDeviceMemoryPool._malloc
  File "cupy/cuda/memory.pyx", line 1560, in cupy.cuda.memory.SingleDeviceMemoryPool._try_malloc
cupy.cuda.memory.OutOfMemoryError: Out of memory allocating 134,217,728 bytes (allocated so far: 939,524,096 bytes).
  File "/usr/lib/python3.12/threading.py", line 1073, in _bootstrap_inner
    self.run()
  File "/usr/lib/python3.12/threading.py", line 1010, in run
    self._target(*self._args, **self._kwargs)
  File "/workspace/h1/RH/scripts/rh/day038_h1_3e10_gpu.py", line 569, in _chunk
    sr, si, br, bi, s_ar, dm = slabfn(
                               ^^^^^^^
  File "/workspace/h1/RH/scripts/rh/day038_h1_3e10_gpu.py", line 443, in slab_budget_gpu
    cc = cp.asarray(c)
         ^^^^^^^^^^^^^
  File "/opt/venvs/cupy/lib/python3.12/site-packages/cupy/_creation/from_data.py", line 94, in asarray
    return _core.array(a, dtype, copy, order, blocking=blocking)
           ^^^^^^^^^^^^^^^^^^^^^^^^^^^^^^^^^^^^^^^^^^^^^^^^^^^^^
  File "cupy/_core/core.pyx", line 2821, in cupy._core.core.array
  File "cupy/_core/core.pyx", line 2841, in cupy._core.core.array
  File "cupy/_core/core.pyx", line 3067, in cupy._core.core._array_default
  File "cupy/_core/core.pyx", line 176, in cupy._core.core.ndarray.__new__
  File "cupy/_core/core.pyx", line 282, in cupy._core.core._ndarray_base._init
  File "cupy/cuda/memory.pyx", line 904, in cupy.cuda.memory.alloc
  File "cupy/cuda/memory.pyx", line 1614, in cupy.cuda.memory.MemoryPool.malloc
  File "cupy/cuda/memory.pyx", line 1635, in cupy.cuda.memory.MemoryPool.malloc
  File "cupy/cuda/memory.pyx", line 1350, in cupy.cuda.memory.SingleDeviceMemoryPool.malloc
  File "cupy/cuda/memory.pyx", line 1376, in cupy.cuda.memory.SingleDeviceMemoryPool._malloc
  File "cupy/cuda/memory.pyx", line 1560, in cupy.cuda.memory.SingleDeviceMemoryPool._try_malloc
cupy.cuda.memory.OutOfMemoryError: Out of memory allocating 134,217,728 bytes (allocated so far: 805,306,368 bytes).
    self.run()
  File "/usr/lib/python3.12/threading.py", line 1010, in run
    self._target(*self._args, **self._kwargs)
  File "/workspace/h1/RH/scripts/rh/day038_h1_3e10_gpu.py", line 569, in _chunk
    sr, si, br, bi, s_ar, dm = slabfn(
                               ^^^^^^^
  File "/workspace/h1/RH/scripts/rh/day038_h1_3e10_gpu.py", line 443, in slab_budget_gpu
    cc = cp.asarray(c)
         ^^^^^^^^^^^^^
  File "/opt/venvs/cupy/lib/python3.12/site-packages/cupy/_creation/from_data.py", line 94, in asarray
    return _core.array(a, dtype, copy, order, blocking=blocking)
           ^^^^^^^^^^^^^^^^^^^^^^^^^^^^^^^^^^^^^^^^^^^^^^^^^^^^^
  File "cupy/_core/core.pyx", line 2821, in cupy._core.core.array
  File "cupy/_core/core.pyx", line 2841, in cupy._core.core.array
  File "cupy/_core/core.pyx", line 3067, in cupy._core.core._array_default
  File "cupy/_core/core.pyx", line 176, in cupy._core.core.ndarray.__new__
  File "cupy/_core/core.pyx", line 282, in cupy._core.core._ndarray_base._init
  File "cupy/cuda/memory.pyx", line 904, in cupy.cuda.memory.alloc
  File "cupy/cuda/memory.pyx", line 1614, in cupy.cuda.memory.MemoryPool.malloc
  File "cupy/cuda/memory.pyx", line 1635, in cupy.cuda.memory.MemoryPool.malloc
  File "cupy/cuda/memory.pyx", line 1350, in cupy.cuda.memory.SingleDeviceMemoryPool.malloc
  File "cupy/cuda/memory.pyx", line 1376, in cupy.cuda.memory.SingleDeviceMemoryPool._malloc
  File "cupy/cuda/memory.pyx", line 1560, in cupy.cuda.memory.SingleDeviceMemoryPool._try_malloc
cupy.cuda.memory.OutOfMemoryError: Out of memory allocating 134,217,728 bytes (allocated so far: 1,073,741,824 bytes).
Exception in thread Thread-173 (_chunk):
Traceback (most recent call last):
  File "/usr/lib/python3.12/threading.py", line 1073, in _bootstrap_inner
    self.run()
  File "/usr/lib/python3.12/threading.py", line 1010, in run
    self._target(*self._args, **self._kwargs)
  File "/workspace/h1/RH/scripts/rh/day038_h1_3e10_gpu.py", line 569, in _chunk
    sr, si, br, bi, s_ar, dm = slabfn(
                               ^^^^^^^
  File "/workspace/h1/RH/scripts/rh/day038_h1_3e10_gpu.py", line 444, in slab_budget_gpu
    g2 = cc * cc
         ~~~^~~~
  File "cupy/_core/core.pyx", line 1582, in cupy._core.core._ndarray_base.__mul__
  File "cupy/_core/_kernel.pyx", line 1374, in cupy._core._kernel.ufunc.__call__
  File "cupy/_core/_kernel.pyx", line 657, in cupy._core._kernel._get_out_args_from_optionals
  File "cupy/_core/core.pyx", line 3342, in cupy._core.core._ndarray_init
  File "cupy/_core/core.pyx", line 300, in cupy._core.core._ndarray_base._init_fast
  File "cupy/cuda/memory.pyx", line 904, in cupy.cuda.memory.alloc
  File "cupy/cuda/memory.pyx", line 1614, in cupy.cuda.memory.MemoryPool.malloc
  File "cupy/cuda/memory.pyx", line 1635, in cupy.cuda.memory.MemoryPool.malloc
  File "cupy/cuda/memory.pyx", line 1350, in cupy.cuda.memory.SingleDeviceMemoryPool.malloc
  File "cupy/cuda/memory.pyx", line 1376, in cupy.cuda.memory.SingleDeviceMemoryPool._malloc
  File "cupy/cuda/memory.pyx", line 1560, in cupy.cuda.memory.SingleDeviceMemoryPool._try_malloc
cupy.cuda.memory.OutOfMemoryError: Out of memory allocating 134,217,728 bytes (allocated so far: 402,653,184 bytes).
Traceback (most recent call last):
  File "/usr/lib/python3.12/threading.py", line 1073, in _bootstrap_inner
    self.run()
  File "/usr/lib/python3.12/threading.py", line 1010, in run
    self._target(*self._args, **self._kwargs)
  File "/workspace/h1/RH/scripts/rh/day038_h1_3e10_gpu.py", line 569, in _chunk
    sr, si, br, bi, s_ar, dm = slabfn(
                               ^^^^^^^
  File "/workspace/h1/RH/scripts/rh/day038_h1_3e10_gpu.py", line 444, in slab_budget_gpu
    g2 = cc * cc
         ~~~^~~~
  File "cupy/_core/core.pyx", line 1582, in cupy._core.core._ndarray_base.__mul__
  File "cupy/_core/_kernel.pyx", line 1374, in cupy._core._kernel.ufunc.__call__
  File "cupy/_core/_kernel.pyx", line 657, in cupy._core._kernel._get_out_args_from_optionals
  File "cupy/_core/core.pyx", line 3342, in cupy._core.core._ndarray_init
  File "cupy/_core/core.pyx", line 300, in cupy._core.core._ndarray_base._init_fast
  File "cupy/cuda/memory.pyx", line 904, in cupy.cuda.memory.alloc
  File "cupy/cuda/memory.pyx", line 1614, in cupy.cuda.memory.MemoryPool.malloc
  File "cupy/cuda/memory.pyx", line 1635, in cupy.cuda.memory.MemoryPool.malloc
  File "cupy/cuda/memory.pyx", line 1350, in cupy.cuda.memory.SingleDeviceMemoryPool.malloc
  File "cupy/cuda/memory.pyx", line 1376, in cupy.cuda.memory.SingleDeviceMemoryPool._malloc
  File "cupy/cuda/memory.pyx", line 1560, in cupy.cuda.memory.SingleDeviceMemoryPool._try_malloc
cupy.cuda.memory.OutOfMemoryError: Out of memory allocating 134,217,728 bytes (allocated so far: 671,088,640 bytes).
Exception in thread Thread-172 (_chunk):
Traceback (most recent call last):
  File "/usr/lib/python3.12/threading.py", line 1073, in _bootstrap_inner
    self.run()
  File "/usr/lib/python3.12/threading.py", line 1010, in run
    self._target(*self._args, **self._kwargs)
  File "/workspace/h1/RH/scripts/rh/day038_h1_3e10_gpu.py", line 569, in _chunk
    sr, si, br, bi, s_ar, dm = slabfn(
                               ^^^^^^^
  File "/workspace/h1/RH/scripts/rh/day038_h1_3e10_gpu.py", line 443, in slab_budget_gpu
    cc = cp.asarray(c)
         ^^^^^^^^^^^^^
  File "/opt/venvs/cupy/lib/python3.12/site-packages/cupy/_creation/from_data.py", line 94, in asarray
    return _core.array(a, dtype, copy, order, blocking=blocking)
           ^^^^^^^^^^^^^^^^^^^^^^^^^^^^^^^^^^^^^^^^^^^^^^^^^^^^^
  File "cupy/_core/core.pyx", line 2821, in cupy._core.core.array
  File "cupy/_core/core.pyx", line 2841, in cupy._core.core.array
  File "cupy/_core/core.pyx", line 3067, in cupy._core.core._array_default
  File "cupy/_core/core.pyx", line 176, in cupy._core.core.ndarray.__new__
  File "cupy/_core/core.pyx", line 282, in cupy._core.core._ndarray_base._init
  File "cupy/cuda/memory.pyx", line 904, in cupy.cuda.memory.alloc
  File "cupy/cuda/memory.pyx", line 1614, in cupy.cuda.memory.MemoryPool.malloc
  File "cupy/cuda/memory.pyx", line 1635, in cupy.cuda.memory.MemoryPool.malloc
  File "cupy/cuda/memory.pyx", line 1350, in cupy.cuda.memory.SingleDeviceMemoryPool.malloc
  File "cupy/cuda/memory.pyx", line 1376, in cupy.cuda.memory.SingleDeviceMemoryPool._malloc
  File "cupy/cuda/memory.pyx", line 1560, in cupy.cuda.memory.SingleDeviceMemoryPool._try_malloc
cupy.cuda.memory.OutOfMemoryError: Out of memory allocating 134,217,728 bytes (allocated so far: 268,435,456 bytes).
point  job  (win  1,  k  -12,  x=1.025299294e+10)  WORKER  FAILED:  TypeError('cannot unpack non-iterable NoneType object')  --  done  points  are  checkpointed;  supervisor  resumes
Exception in thread Thread-177 (_chunk):
Traceback (most recent call last):
  File "/usr/lib/python3.12/threading.py", line 1073, in _bootstrap_inner
    self.run()
  File "/usr/lib/python3.12/threading.py", line 1010, in run
    self._target(*self._args, **self._kwargs)
  File "/workspace/h1/RH/scripts/rh/day038_h1_3e10_gpu.py", line 569, in _chunk
    sr, si, br, bi, s_ar, dm = slabfn(
                               ^^^^^^^
  File "/workspace/h1/RH/scripts/rh/day038_h1_3e10_gpu.py", line 445, in slab_budget_gpu
    A = g2 + 0.25
        ~~~^~~~~~
  File "cupy/_core/core.pyx", line 1570, in cupy._core.core._ndarray_base.__add__
  File "cupy/_core/core.pyx", line 2024, in cupy._core.core._ndarray_base.__array_ufunc__
  File "cupy/_core/_kernel.pyx", line 1374, in cupy._core._kernel.ufunc.__call__
  File "cupy/_core/_kernel.pyx", line 657, in cupy._core._kernel._get_out_args_from_optionals
  File "cupy/_core/core.pyx", line 3342, in cupy._core.core._ndarray_init
  File "cupy/_core/core.pyx", line 300, in cupy._core.core._ndarray_base._init_fast
  File "cupy/cuda/memory.pyx", line 904, in cupy.cuda.memory.alloc
  File "cupy/cuda/memory.pyx", line 1614, in cupy.cuda.memory.MemoryPool.malloc
  File "cupy/cuda/memory.pyx", line 1635, in cupy.cuda.memory.MemoryPool.malloc
  File "cupy/cuda/memory.pyx", line 1350, in cupy.cuda.memory.SingleDeviceMemoryPool.malloc
  File "cupy/cuda/memory.pyx", line 1376, in cupy.cuda.memory.SingleDeviceMemoryPool._malloc
  File "cupy/cuda/memory.pyx", line 1560, in cupy.cuda.memory.SingleDeviceMemoryPool._try_malloc
cupy.cuda.memory.OutOfMemoryError: Out of memory allocating 134,217,728 bytes (allocated so far: 268,435,456 bytes).
Exception in thread Thread-184 (_chunk):
Exception in thread Exception in thread Thread-180 (_chunk):
Traceback (most recent call last):
  File "/usr/lib/python3.12/threading.py", line 1073, in _bootstrap_inner
    self.run()
  File "/usr/lib/python3.12/threading.py", line 1010, in run
    self._target(*self._args, **self._kwargs)
  File "/workspace/h1/RH/scripts/rh/day038_h1_3e10_gpu.py", line 569, in _chunk
    sr, si, br, bi, s_ar, dm = slabfn(
                               ^^^^^^^
  File "/workspace/h1/RH/scripts/rh/day038_h1_3e10_gpu.py", line 443, in slab_budget_gpu
    cc = cp.asarray(c)
         ^^^^^^^^^^^^^
  File "/opt/venvs/cupy/lib/python3.12/site-packages/cupy/_creation/from_data.py", line 94, in asarray
    return _core.array(a, dtype, copy, order, blocking=blocking)
           ^^^^^^^^^^^^^^^^^^^^^^^^^^^^^^^^^^^^^^^^^^^^^^^^^^^^^
  File "cupy/_core/core.pyx", line 2821, in cupy._core.core.array
  File "cupy/_core/core.pyx", line 2841, in cupy._core.core.array
  File "cupy/_core/core.pyx", line 3067, in cupy._core.core._array_default
  File "cupy/_core/core.pyx", line 176, in cupy._core.core.ndarray.__new__
  File "cupy/_core/core.pyx", line 282, in cupy._core.core._ndarray_base._init
  File "cupy/cuda/memory.pyx", line 904, in cupy.cuda.memory.alloc
  File "cupy/cuda/memory.pyx", line 1614, in cupy.cuda.memory.MemoryPool.malloc
  File "cupy/cuda/memory.pyx", line 1635, in cupy.cuda.memory.MemoryPool.malloc
  File "cupy/cuda/memory.pyx", line 1350, in cupy.cuda.memory.SingleDeviceMemoryPool.malloc
  File "cupy/cuda/memory.pyx", line 1376, in cupy.cuda.memory.SingleDeviceMemoryPool._malloc
  File "cupy/cuda/memory.pyx", line 1560, in cupy.cuda.memory.SingleDeviceMemoryPool._try_malloc
cupy.cuda.memory.OutOfMemoryError: Out of memory allocating 134,217,728 bytes (allocated so far: 536,870,912 bytes).
Thread-178 (_chunk):
Traceback (most recent call last):
  File "/usr/lib/python3.12/threading.py", line 1073, in _bootstrap_inner
    self.run()
  File "/usr/lib/python3.12/threading.py", line 1010, in run
    self._target(*self._args, **self._kwargs)
  File "/workspace/h1/RH/scripts/rh/day038_h1_3e10_gpu.py", line 569, in _chunk
    sr, si, br, bi, s_ar, dm = slabfn(
                               ^^^^^^^
  File "/workspace/h1/RH/scripts/rh/day038_h1_3e10_gpu.py", line 444, in slab_budget_gpu
    g2 = cc * cc
         ~~~^~~~
  File "cupy/_core/core.pyx", line 1582, in cupy._core.core._ndarray_base.__mul__
  File "cupy/_core/_kernel.pyx", line 1374, in cupy._core._kernel.ufunc.__call__
  File "cupy/_core/_kernel.pyx", line 657, in cupy._core._kernel._get_out_args_from_optionals
  File "cupy/_core/core.pyx", line 3342, in cupy._core.core._ndarray_init
  File "cupy/_core/core.pyx", line 300, in cupy._core.core._ndarray_base._init_fast
  File "cupy/cuda/memory.pyx", line 904, in cupy.cuda.memory.alloc
  File "cupy/cuda/memory.pyx", line 1614, in cupy.cuda.memory.MemoryPool.malloc
  File "cupy/cuda/memory.pyx", line 1635, in cupy.cuda.memory.MemoryPool.malloc
  File "cupy/cuda/memory.pyx", line 1350, in cupy.cuda.memory.SingleDeviceMemoryPool.malloc
  File "cupy/cuda/memory.pyx", line 1376, in cupy.cuda.memory.SingleDeviceMemoryPool._malloc
  File "cupy/cuda/memory.pyx", line 1560, in cupy.cuda.memory.SingleDeviceMemoryPool._try_malloc
cupy.cuda.memory.OutOfMemoryError: Out of memory allocating 134,217,728 bytes (allocated so far: 671,088,640 bytes).
Traceback (most recent call last):
Exception in thread Thread-183 (_chunk):
Traceback (most recent call last):
  File "/usr/lib/python3.12/threading.py", line 1073, in _bootstrap_inner
    self.run()
  File "/usr/lib/python3.12/threading.py", line 1010, in run
    self._target(*self._args, **self._kwargs)
  File "/workspace/h1/RH/scripts/rh/day038_h1_3e10_gpu.py", line 569, in _chunk
    sr, si, br, bi, s_ar, dm = slabfn(
                               ^^^^^^^
  File "/workspace/h1/RH/scripts/rh/day038_h1_3e10_gpu.py", line 443, in slab_budget_gpu
    cc = cp.asarray(c)
         ^^^^^^^^^^^^^
  File "/opt/venvs/cupy/lib/python3.12/site-packages/cupy/_creation/from_data.py", line 94, in asarray
    return _core.array(a, dtype, copy, order, blocking=blocking)
           ^^^^^^^^^^^^^^^^^^^^^^^^^^^^^^^^^^^^^^^^^^^^^^^^^^^^^
  File "cupy/_core/core.pyx", line 2821, in cupy._core.core.array
  File "cupy/_core/core.pyx", line 2841, in cupy._core.core.array
  File "cupy/_core/core.pyx", line 3067, in cupy._core.core._array_default
  File "cupy/_core/core.pyx", line 176, in cupy._core.core.ndarray.__new__
  File "cupy/_core/core.pyx", line 282, in cupy._core.core._ndarray_base._init
  File "cupy/cuda/memory.pyx", line 904, in cupy.cuda.memory.alloc
  File "cupy/cuda/memory.pyx", line 1614, in cupy.cuda.memory.MemoryPool.malloc
  File "cupy/cuda/memory.pyx", line 1635, in cupy.cuda.memory.MemoryPool.malloc
  File "cupy/cuda/memory.pyx", line 1350, in cupy.cuda.memory.SingleDeviceMemoryPool.malloc
  File "cupy/cuda/memory.pyx", line 1376, in cupy.cuda.memory.SingleDeviceMemoryPool._malloc
  File "cupy/cuda/memory.pyx", line 1560, in cupy.cuda.memory.SingleDeviceMemoryPool._try_malloc
cupy.cuda.memory.OutOfMemoryError: Out of memory allocating 134,217,728 bytes (allocated so far: 536,870,912 bytes).
  File "/usr/lib/python3.12/threading.py", line 1073, in _bootstrap_inner
    self.run()
  File "/usr/lib/python3.12/threading.py", line 1010, in run
    self._target(*self._args, **self._kwargs)
  File "/workspace/h1/RH/scripts/rh/day038_h1_3e10_gpu.py", line 569, in _chunk
    sr, si, br, bi, s_ar, dm = slabfn(
                               ^^^^^^^
  File "/workspace/h1/RH/scripts/rh/day038_h1_3e10_gpu.py", line 443, in slab_budget_gpu
    cc = cp.asarray(c)
         ^^^^^^^^^^^^^
  File "/opt/venvs/cupy/lib/python3.12/site-packages/cupy/_creation/from_data.py", line 94, in asarray
    return _core.array(a, dtype, copy, order, blocking=blocking)
           ^^^^^^^^^^^^^^^^^^^^^^^^^^^^^^^^^^^^^^^^^^^^^^^^^^^^^
  File "cupy/_core/core.pyx", line 2821, in cupy._core.core.array
  File "cupy/_core/core.pyx", line 2841, in cupy._core.core.array
  File "cupy/_core/core.pyx", line 3067, in cupy._core.core._array_default
  File "cupy/_core/core.pyx", line 176, in cupy._core.core.ndarray.__new__
  File "cupy/_core/core.pyx", line 282, in cupy._core.core._ndarray_base._init
  File "cupy/cuda/memory.pyx", line 904, in cupy.cuda.memory.alloc
  File "cupy/cuda/memory.pyx", line 1614, in cupy.cuda.memory.MemoryPool.malloc
  File "cupy/cuda/memory.pyx", line 1635, in cupy.cuda.memory.MemoryPool.malloc
  File "cupy/cuda/memory.pyx", line 1350, in cupy.cuda.memory.SingleDeviceMemoryPool.malloc
  File "cupy/cuda/memory.pyx", line 1376, in cupy.cuda.memory.SingleDeviceMemoryPool._malloc
  File "cupy/cuda/memory.pyx", line 1560, in cupy.cuda.memory.SingleDeviceMemoryPool._try_malloc
cupy.cuda.memory.OutOfMemoryError: Out of memory allocating 134,217,728 bytes (allocated so far: 805,306,368 bytes).
Exception in thread Thread-179 (_chunk):
Traceback (most recent call last):
  File "/usr/lib/python3.12/threading.py", line 1073, in _bootstrap_inner
Exception in thread Thread-182 (_chunk):
Traceback (most recent call last):
  File "/usr/lib/python3.12/threading.py", line 1073, in _bootstrap_inner
    self.run()
  File "/usr/lib/python3.12/threading.py", line 1010, in run
    self._target(*self._args, **self._kwargs)
  File "/workspace/h1/RH/scripts/rh/day038_h1_3e10_gpu.py", line 569, in _chunk
    self.run()
  File "/usr/lib/python3.12/threading.py", line 1010, in run
    self._target(*self._args, **self._kwargs)
  File "/workspace/h1/RH/scripts/rh/day038_h1_3e10_gpu.py", line 569, in _chunk
    sr, si, br, bi, s_ar, dm = slabfn(
                               ^^^^^^^
  File "/workspace/h1/RH/scripts/rh/day038_h1_3e10_gpu.py", line 444, in slab_budget_gpu
    g2 = cc * cc
         ~~~^~~~
  File "cupy/_core/core.pyx", line 1582, in cupy._core.core._ndarray_base.__mul__
  File "cupy/_core/_kernel.pyx", line 1374, in cupy._core._kernel.ufunc.__call__
  File "cupy/_core/_kernel.pyx", line 657, in cupy._core._kernel._get_out_args_from_optionals
  File "cupy/_core/core.pyx", line 3342, in cupy._core.core._ndarray_init
  File "cupy/_core/core.pyx", line 300, in cupy._core.core._ndarray_base._init_fast
  File "cupy/cuda/memory.pyx", line 904, in cupy.cuda.memory.alloc
  File "cupy/cuda/memory.pyx", line 1614, in cupy.cuda.memory.MemoryPool.malloc
  File "cupy/cuda/memory.pyx", line 1635, in cupy.cuda.memory.MemoryPool.malloc
  File "cupy/cuda/memory.pyx", line 1350, in cupy.cuda.memory.SingleDeviceMemoryPool.malloc
  File "cupy/cuda/memory.pyx", line 1376, in cupy.cuda.memory.SingleDeviceMemoryPool._malloc
  File "cupy/cuda/memory.pyx", line 1560, in cupy.cuda.memory.SingleDeviceMemoryPool._try_malloc
cupy.cuda.memory.OutOfMemoryError: Out of memory allocating 134,217,728 bytes (allocated so far: 402,653,184 bytes).
    sr, si, br, bi, s_ar, dm = slabfn(
                               ^^^^^^^
  File "/workspace/h1/RH/scripts/rh/day038_h1_3e10_gpu.py", line 443, in slab_budget_gpu
    cc = cp.asarray(c)
         ^^^^^^^^^^^^^
  File "/opt/venvs/cupy/lib/python3.12/site-packages/cupy/_creation/from_data.py", line 94, in asarray
    return _core.array(a, dtype, copy, order, blocking=blocking)
           ^^^^^^^^^^^^^^^^^^^^^^^^^^^^^^^^^^^^^^^^^^^^^^^^^^^^^
  File "cupy/_core/core.pyx", line 2821, in cupy._core.core.array
  File "cupy/_core/core.pyx", line 2841, in cupy._core.core.array
  File "cupy/_core/core.pyx", line 3067, in cupy._core.core._array_default
  File "cupy/_core/core.pyx", line 176, in cupy._core.core.ndarray.__new__
  File "cupy/_core/core.pyx", line 282, in cupy._core.core._ndarray_base._init
  File "cupy/cuda/memory.pyx", line 904, in cupy.cuda.memory.alloc
  File "cupy/cuda/memory.pyx", line 1614, in cupy.cuda.memory.MemoryPool.malloc
  File "cupy/cuda/memory.pyx", line 1635, in cupy.cuda.memory.MemoryPool.malloc
  File "cupy/cuda/memory.pyx", line 1350, in cupy.cuda.memory.SingleDeviceMemoryPool.malloc
  File "cupy/cuda/memory.pyx", line 1376, in cupy.cuda.memory.SingleDeviceMemoryPool._malloc
  File "cupy/cuda/memory.pyx", line 1560, in cupy.cuda.memory.SingleDeviceMemoryPool._try_malloc
cupy.cuda.memory.OutOfMemoryError: Out of memory allocating 134,217,728 bytes (allocated so far: 268,435,456 bytes).
Exception in thread Thread-181 (_chunk):
Traceback (most recent call last):
  File "/usr/lib/python3.12/threading.py", line 1073, in _bootstrap_inner
    self.run()
  File "/usr/lib/python3.12/threading.py", line 1010, in run
    self._target(*self._args, **self._kwargs)
  File "/workspace/h1/RH/scripts/rh/day038_h1_3e10_gpu.py", line 569, in _chunk
    sr, si, br, bi, s_ar, dm = slabfn(
                               ^^^^^^^
  File "/workspace/h1/RH/scripts/rh/day038_h1_3e10_gpu.py", line 444, in slab_budget_gpu
    g2 = cc * cc
         ~~~^~~~
  File "cupy/_core/core.pyx", line 1582, in cupy._core.core._ndarray_base.__mul__
  File "cupy/_core/_kernel.pyx", line 1374, in cupy._core._kernel.ufunc.__call__
  File "cupy/_core/_kernel.pyx", line 657, in cupy._core._kernel._get_out_args_from_optionals
  File "cupy/_core/core.pyx", line 3342, in cupy._core.core._ndarray_init
  File "cupy/_core/core.pyx", line 300, in cupy._core.core._ndarray_base._init_fast
  File "cupy/cuda/memory.pyx", line 904, in cupy.cuda.memory.alloc
  File "cupy/cuda/memory.pyx", line 1614, in cupy.cuda.memory.MemoryPool.malloc
  File "cupy/cuda/memory.pyx", line 1635, in cupy.cuda.memory.MemoryPool.malloc
  File "cupy/cuda/memory.pyx", line 1350, in cupy.cuda.memory.SingleDeviceMemoryPool.malloc
  File "cupy/cuda/memory.pyx", line 1376, in cupy.cuda.memory.SingleDeviceMemoryPool._malloc
  File "cupy/cuda/memory.pyx", line 1560, in cupy.cuda.memory.SingleDeviceMemoryPool._try_malloc
cupy.cuda.memory.OutOfMemoryError: Out of memory allocating 134,217,728 bytes (allocated so far: 268,435,456 bytes).
point  job  (win  1,  k  -11,  x=1.025299294e+10)  WORKER  FAILED:  TypeError('cannot unpack non-iterable NoneType object')  --  done  points  are  checkpointed;  supervisor  resumes
Exception in thread Thread-185 (_chunk):
Traceback (most recent call last):
  File "/usr/lib/python3.12/threading.py", line 1073, in _bootstrap_inner
    self.run()
  File "/usr/lib/python3.12/threading.py", line 1010, in run
    self._target(*self._args, **self._kwargs)
  File "/workspace/h1/RH/scripts/rh/day038_h1_3e10_gpu.py", line 569, in _chunk
    sr, si, br, bi, s_ar, dm = slabfn(
                               ^^^^^^^
  File "/workspace/h1/RH/scripts/rh/day038_h1_3e10_gpu.py", line 445, in slab_budget_gpu
    A = g2 + 0.25
        ~~~^~~~~~
  File "cupy/_core/core.pyx", line 1570, in cupy._core.core._ndarray_base.__add__
  File "cupy/_core/core.pyx", line 2024, in cupy._core.core._ndarray_base.__array_ufunc__
  File "cupy/_core/_kernel.pyx", line 1374, in cupy._core._kernel.ufunc.__call__
  File "cupy/_core/_kernel.pyx", line 657, in cupy._core._kernel._get_out_args_from_optionals
  File "cupy/_core/core.pyx", line 3342, in cupy._core.core._ndarray_init
  File "cupy/_core/core.pyx", line 300, in cupy._core.core._ndarray_base._init_fast
  File "cupy/cuda/memory.pyx", line 904, in cupy.cuda.memory.alloc
  File "cupy/cuda/memory.pyx", line 1614, in cupy.cuda.memory.MemoryPool.malloc
  File "cupy/cuda/memory.pyx", line 1635, in cupy.cuda.memory.MemoryPool.malloc
  File "cupy/cuda/memory.pyx", line 1350, in cupy.cuda.memory.SingleDeviceMemoryPool.malloc
  File "cupy/cuda/memory.pyx", line 1376, in cupy.cuda.memory.SingleDeviceMemoryPool._malloc
  File "cupy/cuda/memory.pyx", line 1560, in cupy.cuda.memory.SingleDeviceMemoryPool._try_malloc
cupy.cuda.memory.OutOfMemoryError: Out of memory allocating 134,217,728 bytes (allocated so far: 268,435,456 bytes).
Exception in thread Thread-188 (_chunk):
Traceback (most recent call last):
  File "/usr/lib/python3.12/threading.py", line 1073, in _bootstrap_inner
Exception in thread Exception in thread Exception in thread Thread-191 (_chunk):
Traceback (most recent call last):
  File "/usr/lib/python3.12/threading.py", line 1073, in _bootstrap_inner
    self.run()
  File "/usr/lib/python3.12/threading.py", line 1010, in run
    self._target(*self._args, **self._kwargs)
  File "/workspace/h1/RH/scripts/rh/day038_h1_3e10_gpu.py", line 569, in _chunk
    sr, si, br, bi, s_ar, dm = slabfn(
                               ^^^^^^^
  File "/workspace/h1/RH/scripts/rh/day038_h1_3e10_gpu.py", line 443, in slab_budget_gpu
    cc = cp.asarray(c)
         ^^^^^^^^^^^^^
  File "/opt/venvs/cupy/lib/python3.12/site-packages/cupy/_creation/from_data.py", line 94, in asarray
    return _core.array(a, dtype, copy, order, blocking=blocking)
           ^^^^^^^^^^^^^^^^^^^^^^^^^^^^^^^^^^^^^^^^^^^^^^^^^^^^^
  File "cupy/_core/core.pyx", line 2821, in cupy._core.core.array
  File "cupy/_core/core.pyx", line 2841, in cupy._core.core.array
  File "cupy/_core/core.pyx", line 3067, in cupy._core.core._array_default
  File "cupy/_core/core.pyx", line 176, in cupy._core.core.ndarray.__new__
  File "cupy/_core/core.pyx", line 282, in cupy._core.core._ndarray_base._init
  File "cupy/cuda/memory.pyx", line 904, in cupy.cuda.memory.alloc
  File "cupy/cuda/memory.pyx", line 1614, in cupy.cuda.memory.MemoryPool.malloc
  File "cupy/cuda/memory.pyx", line 1635, in cupy.cuda.memory.MemoryPool.malloc
  File "cupy/cuda/memory.pyx", line 1350, in cupy.cuda.memory.SingleDeviceMemoryPool.malloc
  File "cupy/cuda/memory.pyx", line 1376, in cupy.cuda.memory.SingleDeviceMemoryPool._malloc
  File "cupy/cuda/memory.pyx", line 1560, in cupy.cuda.memory.SingleDeviceMemoryPool._try_malloc
cupy.cuda.memory.OutOfMemoryError: Out of memory allocating 134,217,728 bytes (allocated so far: 671,088,640 bytes).
Thread-187 (_chunk):
Traceback (most recent call last):
  File "/usr/lib/python3.12/threading.py", line 1073, in _bootstrap_inner
    self.run()
  File "/usr/lib/python3.12/threading.py", line 1010, in run
    self._target(*self._args, **self._kwargs)
  File "/workspace/h1/RH/scripts/rh/day038_h1_3e10_gpu.py", line 569, in _chunk
    sr, si, br, bi, s_ar, dm = slabfn(
                               ^^^^^^^
  File "/workspace/h1/RH/scripts/rh/day038_h1_3e10_gpu.py", line 443, in slab_budget_gpu
    cc = cp.asarray(c)
         ^^^^^^^^^^^^^
  File "/opt/venvs/cupy/lib/python3.12/site-packages/cupy/_creation/from_data.py", line 94, in asarray
    return _core.array(a, dtype, copy, order, blocking=blocking)
           ^^^^^^^^^^^^^^^^^^^^^^^^^^^^^^^^^^^^^^^^^^^^^^^^^^^^^
  File "cupy/_core/core.pyx", line 2821, in cupy._core.core.array
  File "cupy/_core/core.pyx", line 2841, in cupy._core.core.array
  File "cupy/_core/core.pyx", line 3067, in cupy._core.core._array_default
  File "cupy/_core/core.pyx", line 176, in cupy._core.core.ndarray.__new__
  File "cupy/_core/core.pyx", line 282, in cupy._core.core._ndarray_base._init
  File "cupy/cuda/memory.pyx", line 904, in cupy.cuda.memory.alloc
  File "cupy/cuda/memory.pyx", line 1614, in cupy.cuda.memory.MemoryPool.malloc
  File "cupy/cuda/memory.pyx", line 1635, in cupy.cuda.memory.MemoryPool.malloc
  File "cupy/cuda/memory.pyx", line 1350, in cupy.cuda.memory.SingleDeviceMemoryPool.malloc
  File "cupy/cuda/memory.pyx", line 1376, in cupy.cuda.memory.SingleDeviceMemoryPool._malloc
  File "cupy/cuda/memory.pyx", line 1560, in cupy.cuda.memory.SingleDeviceMemoryPool._try_malloc
cupy.cuda.memory.OutOfMemoryError: Out of memory allocating 134,217,728 bytes (allocated so far: 939,524,096 bytes).
    self.run()
  File "/usr/lib/python3.12/threading.py", line 1010, in run
    self._target(*self._args, **self._kwargs)
  File "/workspace/h1/RH/scripts/rh/day038_h1_3e10_gpu.py", line 569, in _chunk
    sr, si, br, bi, s_ar, dm = slabfn(
                               ^^^^^^^
  File "/workspace/h1/RH/scripts/rh/day038_h1_3e10_gpu.py", line 445, in slab_budget_gpu
    A = g2 + 0.25
        ~~~^~~~~~
  File "cupy/_core/core.pyx", line 1570, in cupy._core.core._ndarray_base.__add__
  File "cupy/_core/core.pyx", line 2024, in cupy._core.core._ndarray_base.__array_ufunc__
  File "cupy/_core/_kernel.pyx", line 1374, in cupy._core._kernel.ufunc.__call__
  File "cupy/_core/_kernel.pyx", line 657, in cupy._core._kernel._get_out_args_from_optionals
  File "cupy/_core/core.pyx", line 3342, in cupy._core.core._ndarray_init
  File "cupy/_core/core.pyx", line 300, in cupy._core.core._ndarray_base._init_fast
  File "cupy/cuda/memory.pyx", line 904, in cupy.cuda.memory.alloc
  File "cupy/cuda/memory.pyx", line 1614, in cupy.cuda.memory.MemoryPool.malloc
  File "cupy/cuda/memory.pyx", line 1635, in cupy.cuda.memory.MemoryPool.malloc
  File "cupy/cuda/memory.pyx", line 1350, in cupy.cuda.memory.SingleDeviceMemoryPool.malloc
  File "cupy/cuda/memory.pyx", line 1376, in cupy.cuda.memory.SingleDeviceMemoryPool._malloc
  File "cupy/cuda/memory.pyx", line 1560, in cupy.cuda.memory.SingleDeviceMemoryPool._try_malloc
cupy.cuda.memory.OutOfMemoryError: Out of memory allocating 134,217,728 bytes (allocated so far: 939,524,096 bytes).
Exception in thread Thread-192 (_chunk):
Traceback (most recent call last):
  File "/usr/lib/python3.12/threading.py", line 1073, in _bootstrap_inner
    self.run()
  File "/usr/lib/python3.12/threading.py", line 1010, in run
    self._target(*self._args, **self._kwargs)
  File "/workspace/h1/RH/scripts/rh/day038_h1_3e10_gpu.py", line 569, in _chunk
    sr, si, br, bi, s_ar, dm = slabfn(
                               ^^^^^^^
  File "/workspace/h1/RH/scripts/rh/day038_h1_3e10_gpu.py", line 443, in slab_budget_gpu
    cc = cp.asarray(c)
         ^^^^^^^^^^^^^
  File "/opt/venvs/cupy/lib/python3.12/site-packages/cupy/_creation/from_data.py", line 94, in asarray
    return _core.array(a, dtype, copy, order, blocking=blocking)
           ^^^^^^^^^^^^^^^^^^^^^^^^^^^^^^^^^^^^^^^^^^^^^^^^^^^^^
  File "cupy/_core/core.pyx", line 2821, in cupy._core.core.array
  File "cupy/_core/core.pyx", line 2841, in cupy._core.core.array
  File "cupy/_core/core.pyx", line 3067, in cupy._core.core._array_default
  File "cupy/_core/core.pyx", line 176, in cupy._core.core.ndarray.__new__
  File "cupy/_core/core.pyx", line 282, in cupy._core.core._ndarray_base._init
  File "cupy/cuda/memory.pyx", line 904, in cupy.cuda.memory.alloc
  File "cupy/cuda/memory.pyx", line 1614, in cupy.cuda.memory.MemoryPool.malloc
  File "cupy/cuda/memory.pyx", line 1635, in cupy.cuda.memory.MemoryPool.malloc
  File "cupy/cuda/memory.pyx", line 1350, in cupy.cuda.memory.SingleDeviceMemoryPool.malloc
  File "cupy/cuda/memory.pyx", line 1376, in cupy.cuda.memory.SingleDeviceMemoryPool._malloc
  File "cupy/cuda/memory.pyx", line 1560, in cupy.cuda.memory.SingleDeviceMemoryPool._try_malloc
cupy.cuda.memory.OutOfMemoryError: Out of memory allocating 134,217,728 bytes (allocated so far: 536,870,912 bytes).
Thread-186 (_chunk):
Traceback (most recent call last):
  File "/usr/lib/python3.12/threading.py", line 1073, in _bootstrap_inner
    self.run()
  File "/usr/lib/python3.12/threading.py", line 1010, in run
    self._target(*self._args, **self._kwargs)
  File "/workspace/h1/RH/scripts/rh/day038_h1_3e10_gpu.py", line 569, in _chunk
    sr, si, br, bi, s_ar, dm = slabfn(
                               ^^^^^^^
  File "/workspace/h1/RH/scripts/rh/day038_h1_3e10_gpu.py", line 443, in slab_budget_gpu
    cc = cp.asarray(c)
         ^^^^^^^^^^^^^
  File "/opt/venvs/cupy/lib/python3.12/site-packages/cupy/_creation/from_data.py", line 94, in asarray
    return _core.array(a, dtype, copy, order, blocking=blocking)
           ^^^^^^^^^^^^^^^^^^^^^^^^^^^^^^^^^^^^^^^^^^^^^^^^^^^^^
  File "cupy/_core/core.pyx", line 2821, in cupy._core.core.array
  File "cupy/_core/core.pyx", line 2841, in cupy._core.core.array
  File "cupy/_core/core.pyx", line 3067, in cupy._core.core._array_default
  File "cupy/_core/core.pyx", line 176, in cupy._core.core.ndarray.__new__
  File "cupy/_core/core.pyx", line 282, in cupy._core.core._ndarray_base._init
  File "cupy/cuda/memory.pyx", line 904, in cupy.cuda.memory.alloc
  File "cupy/cuda/memory.pyx", line 1614, in cupy.cuda.memory.MemoryPool.malloc
  File "cupy/cuda/memory.pyx", line 1635, in cupy.cuda.memory.MemoryPool.malloc
  File "cupy/cuda/memory.pyx", line 1350, in cupy.cuda.memory.SingleDeviceMemoryPool.malloc
  File "cupy/cuda/memory.pyx", line 1376, in cupy.cuda.memory.SingleDeviceMemoryPool._malloc
  File "cupy/cuda/memory.pyx", line 1560, in cupy.cuda.memory.SingleDeviceMemoryPool._try_malloc
cupy.cuda.memory.OutOfMemoryError: Out of memory allocating 134,217,728 bytes (allocated so far: 805,306,368 bytes).
Exception in thread Thread-189 (_chunk):
Traceback (most recent call last):
  File "/usr/lib/python3.12/threading.py", line 1073, in _bootstrap_inner
    self.run()
  File "/usr/lib/python3.12/threading.py", line 1010, in run
    self._target(*self._args, **self._kwargs)
  File "/workspace/h1/RH/scripts/rh/day038_h1_3e10_gpu.py", line 569, in _chunk
    sr, si, br, bi, s_ar, dm = slabfn(
                               ^^^^^^^
  File "/workspace/h1/RH/scripts/rh/day038_h1_3e10_gpu.py", line 443, in slab_budget_gpu
    cc = cp.asarray(c)
         ^^^^^^^^^^^^^
  File "/opt/venvs/cupy/lib/python3.12/site-packages/cupy/_creation/from_data.py", line 94, in asarray
    return _core.array(a, dtype, copy, order, blocking=blocking)
           ^^^^^^^^^^^^^^^^^^^^^^^^^^^^^^^^^^^^^^^^^^^^^^^^^^^^^
  File "cupy/_core/core.pyx", line 2821, in cupy._core.core.array
  File "cupy/_core/core.pyx", line 2841, in cupy._core.core.array
  File "cupy/_core/core.pyx", line 3067, in cupy._core.core._array_default
  File "cupy/_core/core.pyx", line 176, in cupy._core.core.ndarray.__new__
  File "cupy/_core/core.pyx", line 282, in cupy._core.core._ndarray_base._init
  File "cupy/cuda/memory.pyx", line 904, in cupy.cuda.memory.alloc
  File "cupy/cuda/memory.pyx", line 1614, in cupy.cuda.memory.MemoryPool.malloc
  File "cupy/cuda/memory.pyx", line 1635, in cupy.cuda.memory.MemoryPool.malloc
  File "cupy/cuda/memory.pyx", line 1350, in cupy.cuda.memory.SingleDeviceMemoryPool.malloc
  File "cupy/cuda/memory.pyx", line 1376, in cupy.cuda.memory.SingleDeviceMemoryPool._malloc
  File "cupy/cuda/memory.pyx", line 1560, in cupy.cuda.memory.SingleDeviceMemoryPool._try_malloc
cupy.cuda.memory.OutOfMemoryError: Out of memory allocating 134,217,728 bytes (allocated so far: 402,653,184 bytes).
Exception in thread Thread-190 (_chunk):
Traceback (most recent call last):
  File "/usr/lib/python3.12/threading.py", line 1073, in _bootstrap_inner
    self.run()
  File "/usr/lib/python3.12/threading.py", line 1010, in run
    self._target(*self._args, **self._kwargs)
  File "/workspace/h1/RH/scripts/rh/day038_h1_3e10_gpu.py", line 569, in _chunk
    sr, si, br, bi, s_ar, dm = slabfn(
                               ^^^^^^^
  File "/workspace/h1/RH/scripts/rh/day038_h1_3e10_gpu.py", line 445, in slab_budget_gpu
    A = g2 + 0.25
        ~~~^~~~~~
  File "cupy/_core/core.pyx", line 1570, in cupy._core.core._ndarray_base.__add__
  File "cupy/_core/core.pyx", line 2024, in cupy._core.core._ndarray_base.__array_ufunc__
  File "cupy/_core/_kernel.pyx", line 1374, in cupy._core._kernel.ufunc.__call__
  File "cupy/_core/_kernel.pyx", line 657, in cupy._core._kernel._get_out_args_from_optionals
  File "cupy/_core/core.pyx", line 3342, in cupy._core.core._ndarray_init
  File "cupy/_core/core.pyx", line 300, in cupy._core.core._ndarray_base._init_fast
  File "cupy/cuda/memory.pyx", line 904, in cupy.cuda.memory.alloc
  File "cupy/cuda/memory.pyx", line 1614, in cupy.cuda.memory.MemoryPool.malloc
  File "cupy/cuda/memory.pyx", line 1635, in cupy.cuda.memory.MemoryPool.malloc
  File "cupy/cuda/memory.pyx", line 1350, in cupy.cuda.memory.SingleDeviceMemoryPool.malloc
  File "cupy/cuda/memory.pyx", line 1376, in cupy.cuda.memory.SingleDeviceMemoryPool._malloc
  File "cupy/cuda/memory.pyx", line 1560, in cupy.cuda.memory.SingleDeviceMemoryPool._try_malloc
cupy.cuda.memory.OutOfMemoryError: Out of memory allocating 134,217,728 bytes (allocated so far: 268,435,456 bytes).
point  job  (win  1,  k  -10,  x=1.025299294e+10)  WORKER  FAILED:  TypeError('cannot unpack non-iterable NoneType object')  --  done  points  are  checkpointed;  supervisor  resumes
Exception in thread Thread-193 (_chunk):
Traceback (most recent call last):
  File "/usr/lib/python3.12/threading.py", line 1073, in _bootstrap_inner
    self.run()
  File "/usr/lib/python3.12/threading.py", line 1010, in run
    self._target(*self._args, **self._kwargs)
  File "/workspace/h1/RH/scripts/rh/day038_h1_3e10_gpu.py", line 569, in _chunk
    sr, si, br, bi, s_ar, dm = slabfn(
                               ^^^^^^^
  File "/workspace/h1/RH/scripts/rh/day038_h1_3e10_gpu.py", line 445, in slab_budget_gpu
    A = g2 + 0.25
        ~~~^~~~~~
  File "cupy/_core/core.pyx", line 1570, in cupy._core.core._ndarray_base.__add__
  File "cupy/_core/core.pyx", line 2024, in cupy._core.core._ndarray_base.__array_ufunc__
  File "cupy/_core/_kernel.pyx", line 1374, in cupy._core._kernel.ufunc.__call__
  File "cupy/_core/_kernel.pyx", line 657, in cupy._core._kernel._get_out_args_from_optionals
  File "cupy/_core/core.pyx", line 3342, in cupy._core.core._ndarray_init
  File "cupy/_core/core.pyx", line 300, in cupy._core.core._ndarray_base._init_fast
  File "cupy/cuda/memory.pyx", line 904, in cupy.cuda.memory.alloc
  File "cupy/cuda/memory.pyx", line 1614, in cupy.cuda.memory.MemoryPool.malloc
  File "cupy/cuda/memory.pyx", line 1635, in cupy.cuda.memory.MemoryPool.malloc
  File "cupy/cuda/memory.pyx", line 1350, in cupy.cuda.memory.SingleDeviceMemoryPool.malloc
  File "cupy/cuda/memory.pyx", line 1376, in cupy.cuda.memory.SingleDeviceMemoryPool._malloc
  File "cupy/cuda/memory.pyx", line 1560, in cupy.cuda.memory.SingleDeviceMemoryPool._try_malloc
cupy.cuda.memory.OutOfMemoryError: Out of memory allocating 134,217,728 bytes (allocated so far: 268,435,456 bytes).
Exception in thread Thread-200 (_chunk):
Traceback (most recent call last):
  File "/usr/lib/python3.12/threading.py", line 1073, in _bootstrap_inner
    self.run()
  File "/usr/lib/python3.12/threading.py", line 1010, in run
    self._target(*self._args, **self._kwargs)
  File "/workspace/h1/RH/scripts/rh/day038_h1_3e10_gpu.py", line 569, in _chunk
    sr, si, br, bi, s_ar, dm = slabfn(
                               ^^^^^^^
  File "/workspace/h1/RH/scripts/rh/day038_h1_3e10_gpu.py", line 443, in slab_budget_gpu
    cc = cp.asarray(c)
         ^^^^^^^^^^^^^
  File "/opt/venvs/cupy/lib/python3.12/site-packages/cupy/_creation/from_data.py", line 94, in asarray
    return _core.array(a, dtype, copy, order, blocking=blocking)
           ^^^^^^^^^^^^^^^^^^^^^^^^^^^^^^^^^^^^^^^^Exception in thread Thread-199 (_chunk):
Traceback (most recent call last):
  File "/usr/lib/python3.12/threading.py", line 1073, in _bootstrap_inner
^^^^^^^^^^^^^
  File "cupy/_core/core.pyx", line 2821, in cupy._core.core.array
    self.run()
  File "/usr/lib/python3.12/threading.py", line 1010, in run
  File "cupy/_core/core.pyx", line 2841, in cupy._core.core.array
  File "cupy/_core/core.pyx", line 3067, in cupy._core.core._array_default
  File "cupy/_core/core.pyx", line 176, in cupy._core.core.ndarray.__new__
  File "cupy/_core/core.pyx", line 282, in cupy._core.core._ndarray_base._init
  File "cupy/cuda/memory.pyx", line 904, in cupy.cuda.memory.alloc
    self._target(*self._args, **self._kwargs)
  File "/workspace/h1/RH/scripts/rh/day038_h1_3e10_gpu.py", line 569, in _chunk
  File "cupy/cuda/memory.pyx", line 1614, in cupy.cuda.memory.MemoryPool.malloc
    sr, si, br, bi, s_ar, dm = slabfn(
          File "cupy/cuda/memory.pyx", line 1635, in cupy.cuda.memory.MemoryPool.malloc
       File "cupy/cuda/memory.pyx", line 1350, in cupy.cuda.memory.SingleDeviceMemoryPool.malloc
   File "cupy/cuda/memory.pyx", line 1376, in cupy.cuda.memory.SingleDeviceMemoryPool._malloc
    File "cupy/cuda/memory.pyx", line 1560, in cupy.cuda.memory.SingleDeviceMemoryPool._try_malloc
     cupy.cuda.memory   .OutOfMemoryError: Out of memory allocating 134,217,728 bytes (allocated so far: 402,653,184 bytes).  
     ^^^^^^^
  File "/workspace/h1/RH/scripts/rh/day038_h1_3e10_gpu.py", line 443, in slab_budget_gpu
    cc = cp.asarray(c)
         ^^^^^^^^^^^^^
  File "/opt/venvs/cupy/lib/python3.12/site-packages/cupy/_creation/from_data.py", line 94, in asarray
    return _core.array(a, dtype, copy, order, blocking=blocking)
           ^^^^^^^^^^^^^^^^^^^^^^^^^^^^^^^^^^^^^^^^^^^^^^^^^^^^^
  File "cupy/_core/core.pyx", line 2821, in cupy._core.core.array
  File "cupy/_core/core.pyx", line 2841, in cupy._core.core.array
  File "cupy/_core/core.pyx", line 3067, in cupy._core.core._array_default
  File "cupy/_core/core.pyx", line 176, in cupy._core.core.ndarray.__new__
  File "cupy/_core/core.pyx", line 282, in cupy._core.core._ndarray_base._init
  File "cupy/cuda/memory.pyx", line 904, in cupy.cuda.memory.alloc
Exception in thread Thread-198 (_chunk):
Traceback (most recent call last):
  File "/usr/lib/python3.12/threading.py", line 1073, in _bootstrap_inner
Exception in thread Thread-196 (_chunk)    self.run()
  File "/usr/lib/python3.12/threading.py", line 1010, in run
    self._target(*self._args, **self._kwargs)
  File "/workspace/h1/RH/scripts/rh/day038_h1_3e10_gpu.py", line 569, in _chunk
    sr, si, br, bi, s_ar, dm = slabfn(
                               ^^^^^^^
  File "/workspace/h1/RH/scripts/rh/day038_h1_3e10_gpu.py", line 443, in slab_budget_gpu
    cc = cp.asarray(c)
         ^^^^^^^^^^^^^
  File "/opt/venvs/cupy/lib/python3.12/site-packages/cupy/_creation/from_data.py", line 94, in asarray
    return _core.array(a, dtype, copy, order, blocking=blocking)
           ^^^^^^^^^^^^^^^^^^^^^^^^^^^^^^^^^^^^^^^^^^^^^^^^^^^^^
  File "cupy/_core/core.pyx", line 2821, in cupy._core.core.array
  File "cupy/_core/core.pyx", line 2841, in cupy._core.core.array
  File "cupy/_core/core.pyx", line 3067, in cupy._core.core._array_default
  File "cupy/_core/core.pyx", line 176, in cupy._core.core.ndarray.__new__
  File "cupy/_core/core.pyx", line 282, in cupy._core.core._ndarray_base._init
  File "cupy/cuda/memory.pyx", line 904, in cupy.cuda.memory.alloc
  File "cupy/cuda/memory.pyx", line 1614, in cupy.cuda.memory.MemoryPool.malloc
  File "cupy/cuda/memory.pyx", line 1635, in cupy.cuda.memory.MemoryPool.malloc
  File "cupy/cuda/memory.pyx", line 1350, in cupy.cuda.memory.SingleDeviceMemoryPool.malloc
  File "cupy/cuda/memory.pyx", line 1376, in cupy.cuda.memory.SingleDeviceMemoryPool._malloc
  File "cupy/cuda/memory.pyx", line 1560, in cupy.cuda.memory.SingleDeviceMemoryPool._try_malloc
cupy.cuda.memory.OutOfMemoryError: Out of memory allocating 134,217,728 bytes (allocated so far: 805,306,368 bytes).
  File "cupy/cuda/memory.pyx", line 1614, in cupy.cuda.memory.MemoryPool.malloc
Exception in thread :
Thread-194 (_chunk):
Traceback (most recent call last):
  File "/usr/lib/python3.12/threading.py", line 1073, in _bootstrap_inner
Exception in thread Traceback (most recent call last):
  File "/usr/lib/python3.12/threading.py", line 1073, in _bootstrap_inner
Thread-197 (_chunk):
Traceback (most recent call last):
Exception in thread Thread-195 (_chunk):
  File "/usr/lib/python3.12/threading.py", line 1073, in _bootstrap_inner
Traceback (most recent call last):
  File "/usr/lib/python3.12/threading.py", line 1073, in _bootstrap_inner
  File "cupy/cuda/memory.pyx", line 1635, in cupy.cuda.memory.MemoryPool.malloc
  File "cupy/cuda/memory.pyx", line 1350, in cupy.cuda.memory.SingleDeviceMemoryPool.malloc
  File "cupy/cuda/memory.pyx", line 1376, in cupy.cuda.memory.SingleDeviceMemoryPool._malloc
  File "cupy/cuda/memory.pyx", line 1560, in cupy.cuda.memory.SingleDeviceMemoryPool._try_malloc
cupy.cuda.memory.OutOfMemoryError: Out of memory allocating 134,217,728 bytes (allocated so far: 805,306,368 bytes).
    self.run()
  File "/usr/lib/python3.12/threading.py", line 1010, in run
    self._target(*self._args, **self._kwargs)
  File "/workspace/h1/RH/scripts/rh/day038_h1_3e10_gpu.py", line 569, in _chunk
    sr, si, br, bi, s_ar, dm = slabfn(
                               ^^^^^^^
  File "/workspace/h1/RH/scripts/rh/day038_h1_3e10_gpu.py", line 443, in slab_budget_gpu
    cc = cp.asarray(c)
         ^^^^^^^^^^^^^
  File "/opt/venvs/cupy/lib/python3.12/site-packages/cupy/_creation/from_data.py", line 94, in asarray
    return _core.array(a, dtype, copy, order, blocking=blocking)
           ^^^^^^^^^^^^^^^^^^^^^^^^^^^^^^^^^^^^^^^^^^^^^^^^^^^^^
  File "cupy/_core/core.pyx", line 2821, in cupy._core.core.array
  File "cupy/_core/core.pyx", line 2841, in cupy._core.core.array
  File "cupy/_core/core.pyx", line 3067, in cupy._core.core._array_default
  File "cupy/_core/core.pyx", line 176, in cupy._core.core.ndarray.__new__
  File "cupy/_core/core.pyx", line 282, in cupy._core.core._ndarray_base._init
  File "cupy/cuda/memory.pyx", line 904, in cupy.cuda.memory.alloc
  File "cupy/cuda/memory.pyx", line 1614, in cupy.cuda.memory.MemoryPool.malloc
  File "cupy/cuda/memory.pyx", line 1635, in cupy.cuda.memory.MemoryPool.malloc
  File "cupy/cuda/memory.pyx", line 1350, in cupy.cuda.memory.SingleDeviceMemoryPool.malloc
  File "cupy/cuda/memory.pyx", line 1376, in cupy.cuda.memory.SingleDeviceMemoryPool._malloc
  File "cupy/cuda/memory.pyx", line 1560, in cupy.cuda.memory.SingleDeviceMemoryPool._try_malloc
cupy.cuda.memory.OutOfMemoryError: Out of memory allocating 134,217,728 bytes (allocated so far: 402,653,184 bytes).
    self.run()
  File "/usr/lib/python3.12/threading.py", line 1010, in run
    self._target(*self._args, **self._kwargs)
  File "/workspace/h1/RH/scripts/rh/day038_h1_3e10_gpu.py", line 569, in _chunk
    sr, si, br, bi, s_ar, dm = slabfn(
                               ^^^^^^^
  File "/workspace/h1/RH/scripts/rh/day038_h1_3e10_gpu.py", line 444, in slab_budget_gpu
    g2 = cc * cc
         ~~~^~~~
  File "cupy/_core/core.pyx", line 1582, in cupy._core.core._ndarray_base.__mul__
  File "cupy/_core/_kernel.pyx", line 1374, in cupy._core._kernel.ufunc.__call__
  File "cupy/_core/_kernel.pyx", line 657, in cupy._core._kernel._get_out_args_from_optionals
  File "cupy/_core/core.pyx", line 3342, in cupy._core.core._ndarray_init
  File "cupy/_core/core.pyx", line 300, in cupy._core.core._ndarray_base._init_fast
  File "cupy/cuda/memory.pyx", line 904, in cupy.cuda.memory.alloc
  File "cupy/cuda/memory.pyx", line 1614, in cupy.cuda.memory.MemoryPool.malloc
  File "cupy/cuda/memory.pyx", line 1635, in cupy.cuda.memory.MemoryPool.malloc
  File "cupy/cuda/memory.pyx", line 1350, in cupy.cuda.memory.SingleDeviceMemoryPool.malloc
  File "cupy/cuda/memory.pyx", line 1376, in cupy.cuda.memory.SingleDeviceMemoryPool._malloc
  File "cupy/cuda/memory.pyx", line 1560, in cupy.cuda.memory.SingleDeviceMemoryPool._try_malloc
cupy.cuda.memory.OutOfMemoryError: Out of memory allocating 134,217,728 bytes (allocated so far: 671,088,640 bytes).
    self.run()
  File "/usr/lib/python3.12/threading.py", line 1010, in run
    self._target(*self._args, **self._kwargs)
  File "/workspace/h1/RH/scripts/rh/day038_h1_3e10_gpu.py", line 569, in _chunk
    sr, si, br, bi, s_ar, dm = slabfn(
                               ^^^^^^^
  File "/workspace/h1/RH/scripts/rh/day038_h1_3e10_gpu.py", line 443, in slab_budget_gpu
    cc = cp.asarray(c)
         ^^^^^^^^^^^^^
  File "/opt/venvs/cupy/lib/python3.12/site-packages/cupy/_creation/from_data.py", line 94, in asarray
    return _core.array(a, dtype, copy, order, blocking=blocking)
           ^^^^^^^^^^^^^^^^^^^^^^^^^^^^^^^^^^^^^^^^^^^^^^^^^^^^^
  File "cupy/_core/core.pyx", line 2821, in cupy._core.core.array
  File "cupy/_core/core.pyx", line 2841, in cupy._core.core.array
  File "cupy/_core/core.pyx", line 3067, in cupy._core.core._array_default
  File "cupy/_core/core.pyx", line 176, in cupy._core.core.ndarray.__new__
  File "cupy/_core/core.pyx", line 282, in cupy._core.core._ndarray_base._init
  File "cupy/cuda/memory.pyx", line 904, in cupy.cuda.memory.alloc
  File "cupy/cuda/memory.pyx", line 1614, in cupy.cuda.memory.MemoryPool.malloc
  File "cupy/cuda/memory.pyx", line 1635, in cupy.cuda.memory.MemoryPool.malloc
  File "cupy/cuda/memory.pyx", line 1350, in cupy.cuda.memory.SingleDeviceMemoryPool.malloc
  File "cupy/cuda/memory.pyx", line 1376, in cupy.cuda.memory.SingleDeviceMemoryPool._malloc
  File "cupy/cuda/memory.pyx", line 1560, in cupy.cuda.memory.SingleDeviceMemoryPool._try_malloc
cupy.cuda.memory.OutOfMemoryError: Out of memory allocating 134,217,728 bytes (allocated so far: 536,870,912 bytes).
    self.run()
  File "/usr/lib/python3.12/threading.py", line 1010, in run
    self._target(*self._args, **self._kwargs)
  File "/workspace/h1/RH/scripts/rh/day038_h1_3e10_gpu.py", line 569, in _chunk
    sr, si, br, bi, s_ar, dm = slabfn(
                               ^^^^^^^
  File "/workspace/h1/RH/scripts/rh/day038_h1_3e10_gpu.py", line 444, in slab_budget_gpu
    g2 = cc * cc
         ~~~^~~~
  File "cupy/_core/core.pyx", line 1582, in cupy._core.core._ndarray_base.__mul__
  File "cupy/_core/_kernel.pyx", line 1374, in cupy._core._kernel.ufunc.__call__
  File "cupy/_core/_kernel.pyx", line 657, in cupy._core._kernel._get_out_args_from_optionals
  File "cupy/_core/core.pyx", line 3342, in cupy._core.core._ndarray_init
  File "cupy/_core/core.pyx", line 300, in cupy._core.core._ndarray_base._init_fast
  File "cupy/cuda/memory.pyx", line 904, in cupy.cuda.memory.alloc
  File "cupy/cuda/memory.pyx", line 1614, in cupy.cuda.memory.MemoryPool.malloc
  File "cupy/cuda/memory.pyx", line 1635, in cupy.cuda.memory.MemoryPool.malloc
  File "cupy/cuda/memory.pyx", line 1350, in cupy.cuda.memory.SingleDeviceMemoryPool.malloc
  File "cupy/cuda/memory.pyx", line 1376, in cupy.cuda.memory.SingleDeviceMemoryPool._malloc
  File "cupy/cuda/memory.pyx", line 1560, in cupy.cuda.memory.SingleDeviceMemoryPool._try_malloc
cupy.cuda.memory.OutOfMemoryError: Out of memory allocating 134,217,728 bytes (allocated so far: 268,435,456 bytes).
point  job  (win  1,  k  -9,  x=1.025299294e+10)  WORKER  FAILED:  TypeError('cannot unpack non-iterable NoneType object')  --  done  points  are  checkpointed;  supervisor  resumes
Exception in thread Thread-206 (_chunk):
Traceback (most recent call last):
  File "/usr/lib/python3.12/threading.py", line 1073, in _bootstrap_inner
    self.run()
  File "/usr/lib/python3.12/threading.py", line 1010, in run
    self._target(*self._args, **self._kwargs)
  File "/workspace/h1/RH/scripts/rh/day038_h1_3e10_gpu.py", line 569, in _chunk
    sr, si, br, bi, s_ar, dm = slabfn(
                               ^^^^^^^
  File "/workspace/h1/RH/scripts/rh/day038_h1_3e10_gpu.py", line 444, in slab_budget_gpu
    g2 = cc * cc
         ~~~^~~~
  File "cupy/_core/core.pyx", line 1582, in cupy._core.core._ndarray_base.__mul__
  File "cupy/_core/_kernel.pyx", line 1374, in cupy._core._kernel.ufunc.__call__
  File "cupy/_core/_kernel.pyx", line 657, in cupy._core._kernel._get_out_args_from_optionals
  File "cupy/_core/core.pyx", line 3342, in cupy._core.core._ndarray_init
  File "cupy/_core/core.pyx", line 300, in cupy._core.core._ndarray_base._init_fast
  File "cupy/cuda/memory.pyx", line 904, in cupy.cuda.memory.alloc
  File "cupy/cuda/memory.pyx", line 1614, in cupy.cuda.memory.MemoryPool.malloc
  File "cupy/cuda/memory.pyx", line 1635, in cupy.cuda.memory.MemoryPool.malloc
  File "cupy/cuda/memory.pyx", line 1350, in cupy.cuda.memory.SingleDeviceMemoryPool.malloc
  File "cupy/cuda/memory.pyx", line 1376, in cupy.cuda.memory.SingleDeviceMemoryPool._malloc
  File "cupy/cuda/memory.pyx", line 1560, in cupy.cuda.memory.SingleDeviceMemoryPool._try_malloc
cupy.cuda.memory.OutOfMemoryError: Out of memory allocating 134,217,728 bytes (allocated so far: 805,306,368 bytes).
Exception in thread Thread-201 (_chunk):
Traceback (most recent call last):
  File "/usr/lib/python3.12/threading.py", line 1073, in _bootstrap_inner
    self.run()
  File "/usr/lib/python3.12/threading.py", line 1010, in run
    self._target(*self._args, **self._kwargs)
  File "/workspace/h1/RH/scripts/rh/day038_h1_3e10_gpu.py", line 569, in _chunk
    sr, si, br, bi, s_ar, dm = slabfn(
                               ^^^^^^^
  File "/workspace/h1/RH/scripts/rh/day038_h1_3e10_gpu.py", line 444, in slab_budget_gpu
    g2 = cc * cc
         ~~~^~~~
  File "cupy/_core/core.pyx", line 1582, in cupy._core.core._ndarray_base.__mul__
  File "cupy/_core/_kernel.pyx", line 1374, in cupy._core._kernel.ufunc.__call__
  File "cupy/_core/_kernel.pyx", line 657, in cupy._core._kernel._get_out_args_from_optionals
  File "cupy/_core/core.pyx", line 3342, in cupy._core.core._ndarray_init
  File "cupy/_core/core.pyx", line 300, in cupy._core.core._ndarray_base._init_fast
  File "cupy/cuda/memory.pyx", line 904, in cupy.cuda.memory.alloc
  File "cupy/cuda/memory.pyx", line 1614, in cupy.cuda.memory.MemoryPool.malloc
  File "cupy/cuda/memory.pyx", line 1635, in cupy.cuda.memory.MemoryPool.malloc
  File "cupy/cuda/memory.pyx", line 1350, in cupy.cuda.memory.SingleDeviceMemoryPool.malloc
  File "cupy/cuda/memory.pyx", line 1376, in cupy.cuda.memory.SingleDeviceMemoryPool._malloc
  File "cupy/cuda/memory.pyx", line 1560, in cupy.cuda.memory.SingleDeviceMemoryPool._try_malloc
cupy.cuda.memory.OutOfMemoryError: Out of memory allocating 134,217,728 bytes (allocated so far: 1,073,741,824 bytes).
Exception in thread Thread-204 (_chunk):
Traceback (most recent call last):
  File "/usr/lib/python3.12/threading.py", line 1073, in _bootstrap_inner
    self.run()
  File "/usr/lib/python3.12/threading.py", line 1010, in run
    self._target(*self._args, **self._kwargs)
  File "/workspace/h1/RH/scripts/rh/day038_h1_3e10_gpu.py", line 569, in _chunk
    sr, si, br, bi, s_ar, dm = slabfn(
                               ^^^^^^^
  File "/workspace/h1/RH/scripts/rh/day038_h1_3e10_gpu.py", line 443, in slab_budget_gpu
    cc = cp.asarray(c)
         ^^^^^^^^^^^^^
  File "/opt/venvs/cupy/lib/python3.12/site-packages/cupy/_creation/from_data.py", line 94, in asarray
    return _core.array(a, dtype, copy, order, blocking=blocking)
           ^^^^^^^^^^^^^^^^^^^^^^^^^^^^^^^^^^^^^^^^^^^^^^^^^^^^^
  File "cupy/_core/core.pyx", line 2821, in cupy._core.core.array
  File "cupy/_core/core.pyx", line 2841, in cupy._core.core.array
  File "cupy/_core/core.pyx", line 3067, in cupy._core.core._array_default
  File "cupy/_core/core.pyx", line 176, in cupy._core.core.ndarray.__new__
  File "cupy/_core/core.pyx", line 282, in cupy._core.core._ndarray_base._init
  File "cupy/cuda/memory.pyx", line 904, in cupy.cuda.memory.alloc
  File "cupy/cuda/memory.pyx", line 1614, in cupy.cuda.memory.MemoryPool.malloc
  File "cupy/cuda/memory.pyx", line 1635, in cupy.cuda.memory.MemoryPool.malloc
  File "cupy/cuda/memory.pyx", line 1350, in cupy.cuda.memory.SingleDeviceMemoryPool.malloc
  File "cupy/cuda/memory.pyx", line 1376, in cupy.cuda.memory.SingleDeviceMemoryPool._malloc
  File "cupy/cuda/memory.pyx", line 1560, in cupy.cuda.memory.SingleDeviceMemoryPool._try_malloc
cupy.cuda.memory.OutOfMemoryError: Out of memory allocating 134,217,728 bytes (allocated so far: 939,524,096 bytes).
Exception in thread Thread-202 (_chunk):
Traceback (most recent call last):
  File "/usr/lib/python3.12/threading.py", line 1073, in _bootstrap_inner
    self.run()
  File "/usr/lib/python3.12/threading.py", line 1010, in run
    self._target(*self._args, **self._kwargs)
  File "/workspace/h1/RH/scripts/rh/day038_h1_3e10_gpu.py", line 569, in _chunk
    sr, si, br, bi, s_ar, dm = slabfn(
                               ^^^^^^^
  File "/workspace/h1/RH/scripts/rh/day038_h1_3e10_gpu.py", line 443, in slab_budget_gpu
    cc = cp.asarray(c)
         ^^^^^^^^^^^^^
  File "/opt/venvs/cupy/lib/python3.12/site-packages/cupy/_creation/from_data.py", line 94, in asarray
    return _core.array(a, dtype, copy, order, blocking=blocking)
           ^^^^^^^^^^^^^^^^^^^^^^^^^^^^^^^^^^^^^^^^^^^^^^^^^^^^^
  File "cupy/_core/core.pyx", line 2821, in cupy._core.core.array
  File "cupy/_core/core.pyx", line 2841, in cupy._core.core.array
  File "cupy/_core/core.pyx", line 3067, in cupy._core.core._array_default
  File "cupy/_core/core.pyx", line 176, in cupy._core.core.ndarray.__new__
  File "cupy/_core/core.pyx", line 282, in cupy._core.core._ndarray_base._init
  File "cupy/cuda/memory.pyx", line 904, in cupy.cuda.memory.alloc
  File "cupy/cuda/memory.pyx", line 1614, in cupy.cuda.memory.MemoryPool.malloc
  File "cupy/cuda/memory.pyx", line 1635, in cupy.cuda.memory.MemoryPool.malloc
  File "cupy/cuda/memory.pyx", line 1350, in cupy.cuda.memory.SingleDeviceMemoryPool.malloc
  File "cupy/cuda/memory.pyx", line 1376, in cupy.cuda.memory.SingleDeviceMemoryPool._malloc
  File "cupy/cuda/memory.pyx", line 1560, in cupy.cuda.memory.SingleDeviceMemoryPool._try_malloc
cupy.cuda.memory.OutOfMemoryError: Out of memory allocating 134,217,728 bytes (allocated so far: 805,306,368 bytes).
Exception in thread Thread-205 (_chunk):
Traceback (most recent call last):
  File "/usr/lib/python3.12/threading.py", line 1073, in _bootstrap_inner
    self.run()
  File "/usr/lib/python3.12/threading.py", line 1010, in run
    self._target(*self._args, **self._kwargs)
  File "/workspace/h1/RH/scripts/rh/day038_h1_3e10_gpu.py", line 569, in _chunk
    sr, si, br, bi, s_ar, dm = slabfn(
                               ^^^^^^^
  File "/workspace/h1/RH/scripts/rh/day038_h1_3e10_gpu.py", line 443, in slab_budget_gpu
    cc = cp.asarray(c)
         ^^^^^^^^^^^^^
  File "/opt/venvs/cupy/lib/python3.12/site-packages/cupy/_creation/from_data.py", line 94, in asarray
    return _core.array(a, dtype, copy, order, blocking=blocking)
           ^^^^^^^^^^^^^^^^^^^^^^^^^^^^^^^^^^^^^^^^^^^^^^^^^^^^^
  File "cupy/_core/core.pyx", line 2821, in cupy._core.core.array
  File "cupy/_core/core.pyx", line 2841, in cupy._core.core.array
  File "cupy/_core/core.pyx", line 3067, in cupy._core.core._array_default
  File "cupy/_core/core.pyx", line 176, in cupy._core.core.ndarray.__new__
  File "cupy/_core/core.pyx", line 282, in cupy._core.core._ndarray_base._init
  File "cupy/cuda/memory.pyx", line 904, in cupy.cuda.memory.alloc
  File "cupy/cuda/memory.pyx", line 1614, in cupy.cuda.memory.MemoryPool.malloc
  File "cupy/cuda/memory.pyx", line 1635, in cupy.cuda.memory.MemoryPool.malloc
  File "cupy/cuda/memory.pyx", line 1350, in cupy.cuda.memory.SingleDeviceMemoryPool.malloc
  File "cupy/cuda/memory.pyx", line 1376, in cupy.cuda.memory.SingleDeviceMemoryPool._malloc
  File "cupy/cuda/memory.pyx", line 1560, in cupy.cuda.memory.SingleDeviceMemoryPool._try_malloc
cupy.cuda.memory.OutOfMemoryError: Out of memory allocating 134,217,728 bytes (allocated so far: 536,870,912 bytes).
Exception in thread Thread-203 (_chunk):
Traceback (most recent call last):
  File "/usr/lib/python3.12/threading.py", line 1073, in _bootstrap_inner
    self.run()
  File "/usr/lib/python3.12/threading.py", line 1010, in run
    self._target(*self._args, **self._kwargs)
  File "/workspace/h1/RH/scripts/rh/day038_h1_3e10_gpu.py", line 569, in _chunk
    sr, si, br, bi, s_ar, dm = slabfn(
                               ^^^^^^^
  File "/workspace/h1/RH/scripts/rh/day038_h1_3e10_gpu.py", line 444, in slab_budget_gpu
    g2 = cc * cc
         ~~~^~~~
  File "cupy/_core/core.pyx", line 1582, in cupy._core.core._ndarray_base.__mul__
  File "cupy/_core/_kernel.pyx", line 1374, in cupy._core._kernel.ufunc.__call__
  File "cupy/_core/_kernel.pyx", line 657, in cupy._core._kernel._get_out_args_from_optionals
  File "cupy/_core/core.pyx", line 3342, in cupy._core.core._ndarray_init
  File "cupy/_core/core.pyx", line 300, in cupy._core.core._ndarray_base._init_fast
  File "cupy/cuda/memory.pyx", line 904, in cupy.cuda.memory.alloc
  File "cupy/cuda/memory.pyx", line 1614, in cupy.cuda.memory.MemoryPool.malloc
  File "cupy/cuda/memory.pyx", line 1635, in cupy.cuda.memory.MemoryPool.malloc
  File "cupy/cuda/memory.pyx", line 1350, in cupy.cuda.memory.SingleDeviceMemoryPool.malloc
  File "cupy/cuda/memory.pyx", line 1376, in cupy.cuda.memory.SingleDeviceMemoryPool._malloc
  File "cupy/cuda/memory.pyx", line 1560, in cupy.cuda.memory.SingleDeviceMemoryPool._try_malloc
cupy.cuda.memory.OutOfMemoryError: Out of memory allocating 134,217,728 bytes (allocated so far: 402,653,184 bytes).
Exception in thread Thread-207 (_chunk):
Traceback (most recent call last):
  File "/usr/lib/python3.12/threading.py", line 1073, in _bootstrap_inner
    self.run()
  File "/usr/lib/python3.12/threading.py", line 1010, in run
    self._target(*self._args, **self._kwargs)
  File "/workspace/h1/RH/scripts/rh/day038_h1_3e10_gpu.py", line 569, in _chunk
    sr, si, br, bi, s_ar, dm = slabfn(
                               ^^^^^^^
  File "/workspace/h1/RH/scripts/rh/day038_h1_3e10_gpu.py", line 443, in slab_budget_gpu
    cc = cp.asarray(c)
         ^^^^^^^^^^^^^
  File "/opt/venvs/cupy/lib/python3.12/site-packages/cupy/_creation/from_data.py", line 94, in asarray
    return _core.array(a, dtype, copy, order, blocking=blocking)
           ^^^^^^^^^^^^^^^^^^^^^^^^^^^^^^^^^^^^^^^^^^^^^^^^^^^^^
  File "cupy/_core/core.pyx", line 2821, in cupy._core.core.array
  File "cupy/_core/core.pyx", line 2841, in cupy._core.core.array
  File "cupy/_core/core.pyx", line 3067, in cupy._core.core._array_default
  File "cupy/_core/core.pyx", line 176, in cupy._core.core.ndarray.__new__
  File "cupy/_core/core.pyx", line 282, in cupy._core.core._ndarray_base._init
  File "cupy/cuda/memory.pyx", line 904, in cupy.cuda.memory.alloc
  File "cupy/cuda/memory.pyx", line 1614, in cupy.cuda.memory.MemoryPool.malloc
  File "cupy/cuda/memory.pyx", line 1635, in cupy.cuda.memory.MemoryPool.malloc
  File "cupy/cuda/memory.pyx", line 1350, in cupy.cuda.memory.SingleDeviceMemoryPool.malloc
  File "cupy/cuda/memory.pyx", line 1376, in cupy.cuda.memory.SingleDeviceMemoryPool._malloc
  File "cupy/cuda/memory.pyx", line 1560, in cupy.cuda.memory.SingleDeviceMemoryPool._try_malloc
cupy.cuda.memory.OutOfMemoryError: Out of memory allocating 134,217,728 bytes (allocated so far: 268,435,456 bytes).
Exception in thread Thread-208 (_chunk):
Traceback (most recent call last):
  File "/usr/lib/python3.12/threading.py", line 1073, in _bootstrap_inner
    self.run()
  File "/usr/lib/python3.12/threading.py", line 1010, in run
    self._target(*self._args, **self._kwargs)
  File "/workspace/h1/RH/scripts/rh/day038_h1_3e10_gpu.py", line 569, in _chunk
    sr, si, br, bi, s_ar, dm = slabfn(
                               ^^^^^^^
  File "/workspace/h1/RH/scripts/rh/day038_h1_3e10_gpu.py", line 445, in slab_budget_gpu
    A = g2 + 0.25
        ~~~^~~~~~
  File "cupy/_core/core.pyx", line 1570, in cupy._core.core._ndarray_base.__add__
  File "cupy/_core/core.pyx", line 2024, in cupy._core.core._ndarray_base.__array_ufunc__
  File "cupy/_core/_kernel.pyx", line 1374, in cupy._core._kernel.ufunc.__call__
  File "cupy/_core/_kernel.pyx", line 657, in cupy._core._kernel._get_out_args_from_optionals
  File "cupy/_core/core.pyx", line 3342, in cupy._core.core._ndarray_init
  File "cupy/_core/core.pyx", line 300, in cupy._core.core._ndarray_base._init_fast
  File "cupy/cuda/memory.pyx", line 904, in cupy.cuda.memory.alloc
  File "cupy/cuda/memory.pyx", line 1614, in cupy.cuda.memory.MemoryPool.malloc
  File "cupy/cuda/memory.pyx", line 1635, in cupy.cuda.memory.MemoryPool.malloc
  File "cupy/cuda/memory.pyx", line 1350, in cupy.cuda.memory.SingleDeviceMemoryPool.malloc
  File "cupy/cuda/memory.pyx", line 1376, in cupy.cuda.memory.SingleDeviceMemoryPool._malloc
  File "cupy/cuda/memory.pyx", line 1560, in cupy.cuda.memory.SingleDeviceMemoryPool._try_malloc
cupy.cuda.memory.OutOfMemoryError: Out of memory allocating 134,217,728 bytes (allocated so far: 268,435,456 bytes).
point  job  (win  1,  k  -8,  x=1.025299294e+10)  WORKER  FAILED:  TypeError('cannot unpack non-iterable NoneType object')  --  done  points  are  checkpointed;  supervisor  resumes
Exception in thread Exception in thread Thread-209 (_chunk):
Thread-213 (_chunk)Exception in thread Thread-211 (_chunk):
Traceback (most recent call last):
  File "/usr/lib/python3.12/threading.py", line 1073, in _bootstrap_inner
:
Traceback (most recent call last):
  File "/usr/lib/python3.12/threading.py", line 1073, in _bootstrap_inner
Exception in thread Thread-215 (_chunk):
Traceback (most recent call last):
  File "/usr/lib/python3.12/threading.py", line 1073, in _bootstrap_inner
    self.run()
  File "/usr/lib/python3.12/threading.py", line 1010, in run
    self._target(*self._args, **self._kwargs)
  File "/workspace/h1/RH/scripts/rh/day038_h1_3e10_gpu.py", line 569, in _chunk
    sr, si, br, bi, s_ar, dm = slabfn(
                               ^^^^^^^
  File "/workspace/h1/RH/scripts/rh/day038_h1_3e10_gpu.py", line 443, in slab_budget_gpu
    cc = cp.asarray(c)
         ^^^^^^^^^^^^^
  File "/opt/venvs/cupy/lib/python3.12/site-packages/cupy/_creation/from_data.py", line 94, in asarray
    return _core.array(a, dtype, copy, order, blocking=blocking)
           ^^^^^^^^^^^^^^^^^^^^^^^^^^^^^^^^^^^^^^^^^^^^^^^^^^^^^
  File "cupy/_core/core.pyx", line 2821, in cupy._core.core.array
  File "cupy/_core/core.pyx", line 2841, in cupy._core.core.array
  File "cupy/_core/core.pyx", line 3067, in cupy._core.core._array_default
  File "cupy/_core/core.pyx", line 176, in cupy._core.core.ndarray.__new__
  File "cupy/_core/core.pyx", line 282, in cupy._core.core._ndarray_base._init
  File "cupy/cuda/memory.pyx", line 904, in cupy.cuda.memory.alloc
  File "cupy/cuda/memory.pyx", line 1614, in cupy.cuda.memory.MemoryPool.malloc
  File "cupy/cuda/memory.pyx", line 1635, in cupy.cuda.memory.MemoryPool.malloc
  File "cupy/cuda/memory.pyx", line 1350, in cupy.cuda.memory.SingleDeviceMemoryPool.malloc
  File "cupy/cuda/memory.pyx", line 1376, in cupy.cuda.memory.SingleDeviceMemoryPool._malloc
  File "cupy/cuda/memory.pyx", line 1560, in cupy.cuda.memory.SingleDeviceMemoryPool._try_malloc
cupy.cuda.memory.OutOfMemoryError: Out of memory allocating 134,217,728 bytes (allocated so far: 805,306,368 bytes).
    self.run()
  File "/usr/lib/python3.12/threading.py", line 1010, in run
    self._target(*self._args, **self._kwargs)
  File "/workspace/h1/RH/scripts/rh/day038_h1_3e10_gpu.py", line 569, in _chunk
    sr, si, br, bi, s_ar, dm = slabfn(
                               ^^^^^^^
  File "/workspace/h1/RH/scripts/rh/day038_h1_3e10_gpu.py", line 443, in slab_budget_gpu
    cc = cp.asarray(c)
         ^^^^^^^^^^^^^
  File "/opt/venvs/cupy/lib/python3.12/site-packages/cupy/_creation/from_data.py", line 94, in asarray
    return _core.array(a, dtype, copy, order, blocking=blocking)
           ^^^^^^^^^^^^^^^^^^^^^^^^^^^^^^^^^^^^^^^^^^^^^^^^^^^^^
  File "cupy/_core/core.pyx", line 2821, in cupy._core.core.array
  File "cupy/_core/core.pyx", line 2841, in cupy._core.core.array
  File "cupy/_core/core.pyx", line 3067, in cupy._core.core._array_default
  File "cupy/_core/core.pyx", line 176, in cupy._core.core.ndarray.__new__
  File "cupy/_core/core.pyx", line 282, in cupy._core.core._ndarray_base._init
  File "cupy/cuda/memory.pyx", line 904, in cupy.cuda.memory.alloc
  File "cupy/cuda/memory.pyx", line 1614, in cupy.cuda.memory.MemoryPool.malloc
  File "cupy/cuda/memory.pyx", line 1635, in cupy.cuda.memory.MemoryPool.malloc
  File "cupy/cuda/memory.pyx", line 1350, in cupy.cuda.memory.SingleDeviceMemoryPool.malloc
  File "cupy/cuda/memory.pyx", line 1376, in cupy.cuda.memory.SingleDeviceMemoryPool._malloc
  File "cupy/cuda/memory.pyx", line 1560, in cupy.cuda.memory.SingleDeviceMemoryPool._try_malloc
cupy.cuda.memory.OutOfMemoryError: Out of memory allocating 134,217,728 bytes (allocated so far: 1,073,741,824 bytes).
Exception in thread Thread-210 (_chunk):
Traceback (most recent call last):
  File "/usr/lib/python3.12/threading.py", line 1073, in _bootstrap_inner
Exception in thread     Thread-216 (_chunk):
Traceback (most recent call last):
  File "/usr/lib/python3.12/threading.py", line 1073, in _bootstrap_inner
Traceback (most recent call last):
  File "/usr/lib/python3.12/threading.py", line 1073, in _bootstrap_inner
Exception in thread Thread-212 (_chunk):
Exception in thread Thread-214 (_chunk):
Traceback (most recent call last):
  File "/usr/lib/python3.12/threading.py", line 1073, in _bootstrap_inner
Traceback (most recent call last):
    self.run()
  File "/usr/lib/python3.12/threading.py", line 1010, in run
    self._target(*self._args, **self._kwargs)
  File "/workspace/h1/RH/scripts/rh/day038_h1_3e10_gpu.py", line 569, in _chunk
    sr, si, br, bi, s_ar, dm = slabfn(
                               ^^^^^^^
  File "/workspace/h1/RH/scripts/rh/day038_h1_3e10_gpu.py", line 443, in slab_budget_gpu
    cc = cp.asarray(c)
         ^^^^^^^^^^^^^
  File "/opt/venvs/cupy/lib/python3.12/site-packages/cupy/_creation/from_data.py", line 94, in asarray
    return _core.array(a, dtype, copy, order, blocking=blocking)
           ^^^^^^^^^^^^^^^^^^^^^^^^^^^^^^^^^^^^^^^^^^^^^^^^^^^^^
  File "cupy/_core/core.pyx", line 2821, in cupy._core.core.array
  File "cupy/_core/core.pyx", line 2841, in cupy._core.core.array
  File "cupy/_core/core.pyx", line 3067, in cupy._core.core._array_default
  File "cupy/_core/core.pyx", line 176, in cupy._core.core.ndarray.__new__
  File "cupy/_core/core.pyx", line 282, in cupy._core.core._ndarray_base._init
  File "cupy/cuda/memory.pyx", line 904, in cupy.cuda.memory.alloc
  File "cupy/cuda/memory.pyx", line 1614, in cupy.cuda.memory.MemoryPool.malloc
  File "cupy/cuda/memory.pyx", line 1635, in cupy.cuda.memory.MemoryPool.malloc
  File "cupy/cuda/memory.pyx", line 1350, in cupy.cuda.memory.SingleDeviceMemoryPool.malloc
  File "cupy/cuda/memory.pyx", line 1376, in cupy.cuda.memory.SingleDeviceMemoryPool._malloc
  File "cupy/cuda/memory.pyx", line 1560, in cupy.cuda.memory.SingleDeviceMemoryPool._try_malloc
cupy.cuda.memory.OutOfMemoryError: Out of memory allocating 134,217,728 bytes (allocated so far: 268,435,456 bytes).
self.run()
  File "/usr/lib/python3.12/threading.py", line 1010, in run
    self._target(*self._args, **self._kwargs)
  File "/workspace/h1/RH/scripts/rh/day038_h1_3e10_gpu.py", line 569, in _chunk
    sr, si, br, bi, s_ar, dm = slabfn(
                               ^^^^^^^
  File "/workspace/h1/RH/scripts/rh/day038_h1_3e10_gpu.py", line 443, in slab_budget_gpu
    cc = cp.asarray(c)
         ^^^^^^^^^^^^^
  File "/opt/venvs/cupy/lib/python3.12/site-packages/cupy/_creation/from_data.py", line 94, in asarray
    return _core.array(a, dtype, copy, order, blocking=blocking)
           ^^^^^^^^^^^^^^^^^^^^^^^^^^^^^^^^^^^^^^^^^^^^^^^^^^^^^
  File "cupy/_core/core.pyx", line 2821, in cupy._core.core.array
  File "cupy/_core/core.pyx", line 2841, in cupy._core.core.array
  File "cupy/_core/core.pyx", line 3067, in cupy._core.core._array_default
  File "cupy/_core/core.pyx", line 176, in cupy._core.core.ndarray.__new__
  File "cupy/_core/core.pyx", line 282, in cupy._core.core._ndarray_base._init
  File "cupy/cuda/memory.pyx", line 904, in cupy.cuda.memory.alloc
  File "cupy/cuda/memory.pyx", line 1614, in cupy.cuda.memory.MemoryPool.malloc
  File "cupy/cuda/memory.pyx", line 1635, in cupy.cuda.memory.MemoryPool.malloc
  File "cupy/cuda/memory.pyx", line 1350, in cupy.cuda.memory.SingleDeviceMemoryPool.malloc
  File "cupy/cuda/memory.pyx", line 1376, in cupy.cuda.memory.SingleDeviceMemoryPool._malloc
  File "cupy/cuda/memory.pyx", line 1560, in cupy.cuda.memory.SingleDeviceMemoryPool._try_malloc
cupy.cuda.memory.OutOfMemoryError: Out of memory allocating 134,217,728 bytes (allocated so far: 671,088,640 bytes).
    self.run()
  File "/usr/lib/python3.12/threading.py", line 1010, in run
    self._target(*self._args, **self._kwargs)
  File "/workspace/h1/RH/scripts/rh/day038_h1_3e10_gpu.py", line 569, in _chunk
    sr, si, br, bi, s_ar, dm = slabfn(
                               ^^^^^^^
  File "/workspace/h1/RH/scripts/rh/day038_h1_3e10_gpu.py", line 443, in slab_budget_gpu
    cc = cp.asarray(c)
         ^^^^^^^^^^^^^
  File "/opt/venvs/cupy/lib/python3.12/site-packages/cupy/_creation/from_data.py", line 94, in asarray
    return _core.array(a, dtype, copy, order, blocking=blocking)
           ^^^^^^^^^^^^^^^^^^^^^^^^^^^^^^^^^^^^^^^^^^^^^^^^^^^^^
  File "cupy/_core/core.pyx", line 2821, in cupy._core.core.array
  File "cupy/_core/core.pyx", line 2841, in cupy._core.core.array
  File "cupy/_core/core.pyx", line 3067, in cupy._core.core._array_default
  File "cupy/_core/core.pyx", line 176, in cupy._core.core.ndarray.__new__
  File "cupy/_core/core.pyx", line 282, in cupy._core.core._ndarray_base._init
  File "cupy/cuda/memory.pyx", line 904, in cupy.cuda.memory.alloc
  File "cupy/cuda/memory.pyx", line 1614, in cupy.cuda.memory.MemoryPool.malloc
  File "cupy/cuda/memory.pyx", line 1635, in cupy.cuda.memory.MemoryPool.malloc
  File "cupy/cuda/memory.pyx", line 1350, in cupy.cuda.memory.SingleDeviceMemoryPool.malloc
  File "cupy/cuda/memory.pyx", line 1376, in cupy.cuda.memory.SingleDeviceMemoryPool._malloc
  File "cupy/cuda/memory.pyx", line 1560, in cupy.cuda.memory.SingleDeviceMemoryPool._try_malloc
cupy.cuda.memory.OutOfMemoryError: Out of memory allocating 134,217,728 bytes (allocated so far: 939,524,096 bytes).
    self.run()
  File "/usr/lib/python3.12/threading.py", line 1010, in run
    self._target(*self._args, **self._kwargs)
  File "/workspace/h1/RH/scripts/rh/day038_h1_3e10_gpu.py", line 569, in _chunk
    sr, si, br, bi, s_ar, dm = slabfn(
                               ^^^^^^^
  File "/workspace/h1/RH/scripts/rh/day038_h1_3e10_gpu.py", line 445, in slab_budget_gpu
    A = g2 + 0.25
        ~~~^~~~~~
  File "cupy/_core/core.pyx", line 1570, in cupy._core.core._ndarray_base.__add__
  File "cupy/_core/core.pyx", line 2024, in cupy._core.core._ndarray_base.__array_ufunc__
  File "cupy/_core/_kernel.pyx", line 1374, in cupy._core._kernel.ufunc.__call__
  File "cupy/_core/_kernel.pyx", line 657, in cupy._core._kernel._get_out_args_from_optionals
  File "cupy/_core/core.pyx", line 3342, in cupy._core.core._ndarray_init
  File "cupy/_core/core.pyx", line 300, in cupy._core.core._ndarray_base._init_fast
  File "cupy/cuda/memory.pyx", line 904, in cupy.cuda.memory.alloc
  File "cupy/cuda/memory.pyx", line 1614, in cupy.cuda.memory.MemoryPool.malloc
  File "cupy/cuda/memory.pyx", line 1635, in cupy.cuda.memory.MemoryPool.malloc
  File "cupy/cuda/memory.pyx", line 1350, in cupy.cuda.memory.SingleDeviceMemoryPool.malloc
  File "cupy/cuda/memory.pyx", line 1376, in cupy.cuda.memory.SingleDeviceMemoryPool._malloc
  File "cupy/cuda/memory.pyx", line 1560, in cupy.cuda.memory.SingleDeviceMemoryPool._try_malloc
cupy.cuda.memory.OutOfMemoryError: Out of memory allocating 134,217,728 bytes (allocated so far: 939,524,096 bytes).
    self.run()
  File "/usr/lib/python3.12/threading.py", line 1010, in run
    self._target(*self._args, **self._kwargs)
  File "/workspace/h1/RH/scripts/rh/day038_h1_3e10_gpu.py", line 569, in _chunk
    sr, si, br, bi, s_ar, dm = slabfn(
                               ^^^^^^^
  File "/workspace/h1/RH/scripts/rh/day038_h1_3e10_gpu.py", line 443, in slab_budget_gpu
    cc = cp.asarray(c)
         ^^^^^^^^^^^^^
  File "/opt/venvs/cupy/lib/python3.12/site-packages/cupy/_creation/from_data.py", line 94, in asarray
    return _core.array(a, dtype, copy, order, blocking=blocking)
           ^^^^^^^^^^^^^^^^^^^^^^^^^^^^^^^^^^^^^^^^^^^^^^^^^^^^^
  File "cupy/_core/core.pyx", line 2821, in cupy._core.core.array
  File "cupy/_core/core.pyx", line 2841, in cupy._core.core.array
  File "cupy/_core/core.pyx", line 3067, in cupy._core.core._array_default
  File "cupy/_core/core.pyx", line 176, in cupy._core.core.ndarray.__new__
  File "cupy/_core/core.pyx", line 282, in cupy._core.core._ndarray_base._init
  File "cupy/cuda/memory.pyx", line 904, in cupy.cuda.memory.alloc
  File "cupy/cuda/memory.pyx", line 1614, in cupy.cuda.memory.MemoryPool.malloc
  File "cupy/cuda/memory.pyx", line 1635, in cupy.cuda.memory.MemoryPool.malloc
  File "cupy/cuda/memory.pyx", line 1350, in cupy.cuda.memory.SingleDeviceMemoryPool.malloc
  File "cupy/cuda/memory.pyx", line 1376, in cupy.cuda.memory.SingleDeviceMemoryPool._malloc
  File "cupy/cuda/memory.pyx", line 1560, in cupy.cuda.memory.SingleDeviceMemoryPool._try_malloc
cupy.cuda.memory.OutOfMemoryError: Out of memory allocating 134,217,728 bytes (allocated so far: 536,870,912 bytes).
  File "/usr/lib/python3.12/threading.py", line 1073, in _bootstrap_inner
    self.run()
  File "/usr/lib/python3.12/threading.py", line 1010, in run
    self._target(*self._args, **self._kwargs)
  File "/workspace/h1/RH/scripts/rh/day038_h1_3e10_gpu.py", line 569, in _chunk
    sr, si, br, bi, s_ar, dm = slabfn(
                               ^^^^^^^
  File "/workspace/h1/RH/scripts/rh/day038_h1_3e10_gpu.py", line 443, in slab_budget_gpu
    cc = cp.asarray(c)
         ^^^^^^^^^^^^^
  File "/opt/venvs/cupy/lib/python3.12/site-packages/cupy/_creation/from_data.py", line 94, in asarray
    return _core.array(a, dtype, copy, order, blocking=blocking)
           ^^^^^^^^^^^^^^^^^^^^^^^^^^^^^^^^^^^^^^^^^^^^^^^^^^^^^
  File "cupy/_core/core.pyx", line 2821, in cupy._core.core.array
  File "cupy/_core/core.pyx", line 2841, in cupy._core.core.array
  File "cupy/_core/core.pyx", line 3067, in cupy._core.core._array_default
  File "cupy/_core/core.pyx", line 176, in cupy._core.core.ndarray.__new__
  File "cupy/_core/core.pyx", line 282, in cupy._core.core._ndarray_base._init
  File "cupy/cuda/memory.pyx", line 904, in cupy.cuda.memory.alloc
  File "cupy/cuda/memory.pyx", line 1614, in cupy.cuda.memory.MemoryPool.malloc
  File "cupy/cuda/memory.pyx", line 1635, in cupy.cuda.memory.MemoryPool.malloc
  File "cupy/cuda/memory.pyx", line 1350, in cupy.cuda.memory.SingleDeviceMemoryPool.malloc
  File "cupy/cuda/memory.pyx", line 1376, in cupy.cuda.memory.SingleDeviceMemoryPool._malloc
  File "cupy/cuda/memory.pyx", line 1560, in cupy.cuda.memory.SingleDeviceMemoryPool._try_malloc
cupy.cuda.memory.OutOfMemoryError: Out of memory allocating 134,217,728 bytes (allocated so far: 402,653,184 bytes).
point  job  (win  1,  k  -7,  x=1.025299294e+10)  WORKER  FAILED:  TypeError('cannot unpack non-iterable NoneType object')  --  done  points  are  checkpointed;  supervisor  resumes
Exception in thread Thread-217 (_chunk):
Traceback (most recent call last):
  File "/usr/lib/python3.12/threading.py", line 1073, in _bootstrap_inner
    self.run()
  File "/usr/lib/python3.12/threading.py", line 1010, in run
    self._target(*self._args, **self._kwargs)
  File "/workspace/h1/RH/scripts/rh/day038_h1_3e10_gpu.py", line 569, in _chunk
    sr, si, br, bi, s_ar, dm = slabfn(
                               ^^^^^^^
  File "/workspace/h1/RH/scripts/rh/day038_h1_3e10_gpu.py", line 445, in slab_budget_gpu
    A = g2 + 0.25
        ~~~^~~~~~
  File "cupy/_core/core.pyx", line 1570, in cupy._core.core._ndarray_base.__add__
  File "cupy/_core/core.pyx", line 2024, in cupy._core.core._ndarray_base.__array_ufunc__
  File "cupy/_core/_kernel.pyx", line 1374, in cupy._core._kernel.ufunc.__call__
  File "cupy/_core/_kernel.pyx", line 657, in cupy._core._kernel._get_out_args_from_optionals
  File "cupy/_core/core.pyx", line 3342, in cupy._core.core._ndarray_init
  File "cupy/_core/core.pyx", line 300, in cupy._core.core._ndarray_base._init_fast
  File "cupy/cuda/memory.pyx", line 904, in cupy.cuda.memory.alloc
  File "cupy/cuda/memory.pyx", line 1614, in cupy.cuda.memory.MemoryPool.malloc
  File "cupy/cuda/memory.pyx", line 1635, in cupy.cuda.memory.MemoryPool.malloc
  File "cupy/cuda/memory.pyx", line 1350, in cupy.cuda.memory.SingleDeviceMemoryPool.malloc
  File "cupy/cuda/memory.pyx", line 1376, in cupy.cuda.memory.SingleDeviceMemoryPool._malloc
  File "cupy/cuda/memory.pyx", line 1560, in cupy.cuda.memory.SingleDeviceMemoryPool._try_malloc
cupy.cuda.memory.OutOfMemoryError: Out of memory allocating 134,217,728 bytes (allocated so far: 268,435,456 bytes).
Exception in thread Thread-219 (_chunk):
Traceback (most recent call last):
  File "/usr/lib/python3.12/threading.py", line 1073, in _bootstrap_inner
    self.run()
  File "/usr/lib/python3.12/threading.py", line 1010, in run
    self._target(*self._args, **self._kwargs)
  File "/workspace/h1/RH/scripts/rh/day038_h1_3e10_gpu.py", line 569, in _chunk
    sr, si, br, bi, s_ar, dm = slabfn(
                               ^^^^^^^
  File "/workspace/h1/RH/scripts/rh/day038_h1_3e10_gpu.py", line 443, in slab_budget_gpu
Exception in thread Thread-221 (_chunk):
Traceback (most recent call last):
Exception in thread     cc = cp.asarray(c)
         ^^^^^^^^^^^^^
  File "/opt/venvs/cupy/lib/python3.12/site-packages/cupy/_creation/from_data.py", line 94, in asarray
  File "/usr/lib/python3.12/threading.py", line 1073, in _bootstrap_inner
    return _core.array(a, dtype, copy, order, blocking=blocking)
            Exception in thread self.run()Thread-223 (_chunk):
Traceback (most recent call last):
Exception in thread Thread-218 (_chunk):
Traceback (most recent call last):
   ^  File "/usr/lib/python3.12/threading.py", line 1073, in _bootstrap_inner
    self.run()
  File "/usr/lib/python3.12/threading.py", line 1010, in run
    self._target(*self._args, **self._kwargs)
  File "/workspace/h1/RH/scripts/rh/day038_h1_3e10_gpu.py", line 569, in _chunk
    sr, si, br, bi, s_ar, dm = slabfn(
                               ^^^^^^^
  File "/workspace/h1/RH/scripts/rh/day038_h1_3e10_gpu.py", line 444, in slab_budget_gpu
    g2 = cc * cc
         ~~~^~~~
  File "cupy/_core/core.pyx", line 1582, in cupy._core.core._ndarray_base.__mul__
  File "cupy/_core/_kernel.pyx", line 1374, in cupy._core._kernel.ufunc.__call__
  File "cupy/_core/_kernel.pyx", line 657, in cupy._core._kernel._get_out_args_from_optionals
  File "cupy/_core/core.pyx", line 3342, in cupy._core.core._ndarray_init
  File "cupy/_core/core.pyx", line 300, in cupy._core.core._ndarray_base._init_fast
  File "cupy/cuda/memory.pyx", line 904, in cupy.cuda.memory.alloc
  File "cupy/cuda/memory.pyx", line 1614, in cupy.cuda.memory.MemoryPool.malloc
  File "cupy/cuda/memory.pyx", line 1635, in cupy.cuda.memory.MemoryPool.malloc
  File "cupy/cuda/memory.pyx", line 1350, in cupy.cuda.memory.SingleDeviceMemoryPool.malloc
  File "cupy/cuda/memory.pyx", line 1376, in cupy.cuda.memory.SingleDeviceMemoryPool._malloc
  File "cupy/cuda/memory.pyx", line 1560, in cupy.cuda.memory.SingleDeviceMemoryPool._try_malloc
cupy.cuda.memory.OutOfMemoryError: Out of memory allocating 134,217,728 bytes (allocated so far: 536,870,912 bytes).
Thread-220 (_chunk):

Traceback (most recent call last):
^  File "/usr/lib/python3.12/threading.py", line 1073, in _bootstrap_inner
  File "/usr/lib/python3.12/threading.py", line 1010, in run
^^^^^^^^^^^^^^^^^^^^^^^^^^^^^^^^^^^^^^^^^^^^^^^^^^^
  File "cupy/_core/core.pyx", line 2821, in cupy._core.core.array
  File "cupy/_core/core.pyx", line 2841, in cupy._core.core.array
  File "cupy/_core/core.pyx", line 3067, in cupy._core.core._array_default
  File "cupy/_core/core.pyx", line 176, in cupy._core.core.ndarray.__new__
  File "cupy/_core/core.pyx", line 282, in cupy._core.core._ndarray_base._init
  File "cupy/cuda/memory.pyx", line 904, in cupy.cuda.memory.alloc
  File "cupy/cuda/memory.pyx", line 1614, in cupy.cuda.memory.MemoryPool.malloc
  File "cupy/cuda/memory.pyx", line 1635, in cupy.cuda.memory.MemoryPool.malloc
  File "cupy/cuda/memory.pyx", line 1350, in cupy.cuda.memory.SingleDeviceMemoryPool.malloc
  File "cupy/cuda/memory.pyx", line 1376, in cupy.cuda.memory.SingleDeviceMemoryPool._malloc
  File "cupy/cuda/memory.pyx", line 1560, in cupy.cuda.memory.SingleDeviceMemoryPool._try_malloc
cupy.cuda.memory.OutOfMemoryError: Out of memory allocating 134,217,728 bytes (allocated so far: 939,524,096 bytes).
    self.run()
  File "/usr/lib/python3.12/threading.py", line 1010, in run
    self._target(*self._args, **self._kwargs)
  File "/workspace/h1/RH/scripts/rh/day038_h1_3e10_gpu.py", line 569, in _chunk
    sr, si, br, bi, s_ar, dm = slabfn(
                               ^^^^^^^
  File "/workspace/h1/RH/scripts/rh/day038_h1_3e10_gpu.py", line 443, in slab_budget_gpu
    cc = cp.asarray(c)
         ^^^^^^^^^^^^^
  File "/opt/venvs/cupy/lib/python3.12/site-packages/cupy/_creation/from_data.py", line 94, in asarray
    return _core.array(a, dtype, copy, order, blocking=blocking)
           ^^^^^^^^^^^^^^^^^^^^^^^^^^^^^^^^^^^^^^^^^^^^^^^^^^^^^
  File "cupy/_core/core.pyx", line 2821, in cupy._core.core.array
  File "cupy/_core/core.pyx", line 2841, in cupy._core.core.array
  File "cupy/_core/core.pyx", line 3067, in cupy._core.core._array_default
  File "cupy/_core/core.pyx", line 176, in cupy._core.core.ndarray.__new__
  File "cupy/_core/core.pyx", line 282, in cupy._core.core._ndarray_base._init
  File "cupy/cuda/memory.pyx", line 904, in cupy.cuda.memory.alloc
  File "cupy/cuda/memory.pyx", line 1614, in cupy.cuda.memory.MemoryPool.malloc
  File "cupy/cuda/memory.pyx", line 1635, in cupy.cuda.memory.MemoryPool.malloc
  File "cupy/cuda/memory.pyx", line 1350, in cupy.cuda.memory.SingleDeviceMemoryPool.malloc
  File "cupy/cuda/memory.pyx", line 1376, in cupy.cuda.memory.SingleDeviceMemoryPool._malloc
  File "cupy/cuda/memory.pyx", line 1560, in cupy.cuda.memory.SingleDeviceMemoryPool._try_malloc
cupy.cuda.memory.OutOfMemoryError: Out of memory allocating 134,217,728 bytes (allocated so far: 671,088,640 bytes).
    self._target(*self._args, **self._kwargs)
  File "/workspace/h1/RH/scripts/rh/day038_h1_3e10_gpu.py", line 569, in _chunk
    sr, si, br, bi, s_ar, dm = slabfn(
                               ^^^^^^^
  File "/workspace/h1/RH/scripts/rh/day038_h1_3e10_gpu.py", line 444, in slab_budget_gpu
    g2 = cc * cc
         ~~~^~~~
  File "cupy/_core/core.pyx", line 1582, in cupy._core.core._ndarray_base.__mul__
  File "cupy/_core/_kernel.pyx", line 1374, in cupy._core._kernel.ufunc.__call__
  File "cupy/_core/_kernel.pyx", line 657, in cupy._core._kernel._get_out_args_from_optionals
  File "cupy/_core/core.pyx", line 3342, in cupy._core.core._ndarray_init
  File "cupy/_core/core.pyx", line 300, in cupy._core.core._ndarray_base._init_fast
  File "cupy/cuda/memory.pyx", line 904, in cupy.cuda.memory.alloc
  File "cupy/cuda/memory.pyx", line 1614, in cupy.cuda.memory.MemoryPool.malloc
  File "cupy/cuda/memory.pyx", line 1635, in cupy.cuda.memory.MemoryPool.malloc
  File "cupy/cuda/memory.pyx", line 1350, in cupy.cuda.memory.SingleDeviceMemoryPool.malloc
  File "cupy/cuda/memory.pyx", line 1376, in cupy.cuda.memory.SingleDeviceMemoryPool._malloc
  File "cupy/cuda/memory.pyx", line 1560, in cupy.cuda.memory.SingleDeviceMemoryPool._try_malloc
cupy.cuda.memory.OutOfMemoryError: Out of memory allocating 134,217,728 bytes (allocated so far: 805,306,368 bytes).
  File "/usr/lib/python3.12/threading.py", line 1073, in _bootstrap_inner
    self.run()
  File "/usr/lib/python3.12/threading.py", line 1010, in run
    self._target(*self._args, **self._kwargs)
  File "/workspace/h1/RH/scripts/rh/day038_h1_3e10_gpu.py", line 569, in _chunk
    sr, si, br, bi, s_ar, dm = slabfn(
                               ^^^^^^^
  File "/workspace/h1/RH/scripts/rh/day038_h1_3e10_gpu.py", line 443, in slab_budget_gpu
    cc = cp.asarray(c)
         ^^^^^^^^^^^^^
  File "/opt/venvs/cupy/lib/python3.12/site-packages/cupy/_creation/from_data.py", line 94, in asarray
    return _core.array(a, dtype, copy, order, blocking=blocking)
           ^^^^^^^^^^^^^^^^^^^^^^^^^^^^^^^^^^^^^^^^^^^^^^^^^^^^^
  File "cupy/_core/core.pyx", line 2821, in cupy._core.core.array
  File "cupy/_core/core.pyx", line 2841, in cupy._core.core.array
  File "cupy/_core/core.pyx", line 3067, in cupy._core.core._array_default
  File "cupy/_core/core.pyx", line 176, in cupy._core.core.ndarray.__new__
  File "cupy/_core/core.pyx", line 282, in cupy._core.core._ndarray_base._init
  File "cupy/cuda/memory.pyx", line 904, in cupy.cuda.memory.alloc
  File "cupy/cuda/memory.pyx", line 1614, in cupy.cuda.memory.MemoryPool.malloc
  File "cupy/cuda/memory.pyx", line 1635, in cupy.cuda.memory.MemoryPool.malloc
  File "cupy/cuda/memory.pyx", line 1350, in cupy.cuda.memory.SingleDeviceMemoryPool.malloc
  File "cupy/cuda/memory.pyx", line 1376, in cupy.cuda.memory.SingleDeviceMemoryPool._malloc
  File "cupy/cuda/memory.pyx", line 1560, in cupy.cuda.memory.SingleDeviceMemoryPool._try_malloc
cupy.cuda.memory.OutOfMemoryError: Out of memory allocating 134,217,728 bytes (allocated so far: 671,088,640 bytes).
Exception in thread Thread-222 (_chunk):
Traceback (most recent call last):
  File "/usr/lib/python3.12/threading.py", line 1073, in _bootstrap_inner
    self.run()
  File "/usr/lib/python3.12/threading.py", line 1010, in run
    self._target(*self._args, **self._kwargs)
  File "/workspace/h1/RH/scripts/rh/day038_h1_3e10_gpu.py", line 569, in _chunk
    sr, si, br, bi, s_ar, dm = slabfn(
                               ^^^^^^^
  File "/workspace/h1/RH/scripts/rh/day038_h1_3e10_gpu.py", line 443, in slab_budget_gpu
    cc = cp.asarray(c)
         ^^^^^^^^^^^^^
  File "/opt/venvs/cupy/lib/python3.12/site-packages/cupy/_creation/from_data.py", line 94, in asarray
    return _core.array(a, dtype, copy, order, blocking=blocking)
           ^^^^^^^^^^^^^^^^^^^^^^^^^^^^^^^^^^^^^^^^^^^^^^^^^^^^^
  File "cupy/_core/core.pyx", line 2821, in cupy._core.core.array
  File "cupy/_core/core.pyx", line 2841, in cupy._core.core.array
  File "cupy/_core/core.pyx", line 3067, in cupy._core.core._array_default
  File "cupy/_core/core.pyx", line 176, in cupy._core.core.ndarray.__new__
  File "cupy/_core/core.pyx", line 282, in cupy._core.core._ndarray_base._init
  File "cupy/cuda/memory.pyx", line 904, in cupy.cuda.memory.alloc
  File "cupy/cuda/memory.pyx", line 1614, in cupy.cuda.memory.MemoryPool.malloc
  File "cupy/cuda/memory.pyx", line 1635, in cupy.cuda.memory.MemoryPool.malloc
  File "cupy/cuda/memory.pyx", line 1350, in cupy.cuda.memory.SingleDeviceMemoryPool.malloc
  File "cupy/cuda/memory.pyx", line 1376, in cupy.cuda.memory.SingleDeviceMemoryPool._malloc
  File "cupy/cuda/memory.pyx", line 1560, in cupy.cuda.memory.SingleDeviceMemoryPool._try_malloc
cupy.cuda.memory.OutOfMemoryError: Out of memory allocating 134,217,728 bytes (allocated so far: 268,435,456 bytes).
Exception in thread Thread-224 (_chunk):
Traceback (most recent call last):
  File "/usr/lib/python3.12/threading.py", line 1073, in _bootstrap_inner
    self.run()
  File "/usr/lib/python3.12/threading.py", line 1010, in run
    self._target(*self._args, **self._kwargs)
  File "/workspace/h1/RH/scripts/rh/day038_h1_3e10_gpu.py", line 569, in _chunk
    sr, si, br, bi, s_ar, dm = slabfn(
                               ^^^^^^^
  File "/workspace/h1/RH/scripts/rh/day038_h1_3e10_gpu.py", line 445, in slab_budget_gpu
    A = g2 + 0.25
        ~~~^~~~~~
  File "cupy/_core/core.pyx", line 1570, in cupy._core.core._ndarray_base.__add__
  File "cupy/_core/core.pyx", line 2024, in cupy._core.core._ndarray_base.__array_ufunc__
  File "cupy/_core/_kernel.pyx", line 1374, in cupy._core._kernel.ufunc.__call__
  File "cupy/_core/_kernel.pyx", line 657, in cupy._core._kernel._get_out_args_from_optionals
  File "cupy/_core/core.pyx", line 3342, in cupy._core.core._ndarray_init
  File "cupy/_core/core.pyx", line 300, in cupy._core.core._ndarray_base._init_fast
  File "cupy/cuda/memory.pyx", line 904, in cupy.cuda.memory.alloc
  File "cupy/cuda/memory.pyx", line 1614, in cupy.cuda.memory.MemoryPool.malloc
  File "cupy/cuda/memory.pyx", line 1635, in cupy.cuda.memory.MemoryPool.malloc
  File "cupy/cuda/memory.pyx", line 1350, in cupy.cuda.memory.SingleDeviceMemoryPool.malloc
  File "cupy/cuda/memory.pyx", line 1376, in cupy.cuda.memory.SingleDeviceMemoryPool._malloc
  File "cupy/cuda/memory.pyx", line 1560, in cupy.cuda.memory.SingleDeviceMemoryPool._try_malloc
cupy.cuda.memory.OutOfMemoryError: Out of memory allocating 134,217,728 bytes (allocated so far: 268,435,456 bytes).
point  job  (win  1,  k  -6,  x=1.025299294e+10)  WORKER  FAILED:  TypeError('cannot unpack non-iterable NoneType object')  --  done  points  are  checkpointed;  supervisor  resumes
Exception in thread Thread-225 (_chunk):
Traceback (most recent call last):
  File "/usr/lib/python3.12/threading.py", line 1073, in _bootstrap_inner
    self.run()
  File "/usr/lib/python3.12/threading.py", line 1010, in run
    self._target(*self._args, **self._kwargs)
  File "/workspace/h1/RH/scripts/rh/day038_h1_3e10_gpu.py", line 569, in _chunk
    sr, si, br, bi, s_ar, dm = slabfn(
                               ^^^^^^^
  File "/workspace/h1/RH/scripts/rh/day038_h1_3e10_gpu.py", line 445, in slab_budget_gpu
    A = g2 + 0.25
        ~~~^~~~~~
  File "cupy/_core/core.pyx", line 1570, in cupy._core.core._ndarray_base.__add__
  File "cupy/_core/core.pyx", line 2024, in cupy._core.core._ndarray_base.__array_ufunc__
  File "cupy/_core/_kernel.pyx", line 1374, in cupy._core._kernel.ufunc.__call__
  File "cupy/_core/_kernel.pyx", line 657, in cupy._core._kernel._get_out_args_from_optionals
  File "cupy/_core/core.pyx", line 3342, in cupy._core.core._ndarray_init
  File "cupy/_core/core.pyx", line 300, in cupy._core.core._ndarray_base._init_fast
  File "cupy/cuda/memory.pyx", line 904, in cupy.cuda.memory.alloc
  File "cupy/cuda/memory.pyx", line 1614, in cupy.cuda.memory.MemoryPool.malloc
  File "cupy/cuda/memory.pyx", line 1635, in cupy.cuda.memory.MemoryPool.malloc
  File "cupy/cuda/memory.pyx", line 1350, in cupy.cuda.memory.SingleDeviceMemoryPool.malloc
  File "cupy/cuda/memory.pyx", line 1376, in cupy.cuda.memory.SingleDeviceMemoryPool._malloc
  File "cupy/cuda/memory.pyx", line 1560, in cupy.cuda.memory.SingleDeviceMemoryPool._try_malloc
cupy.cuda.memory.OutOfMemoryError: Out of memory allocating 134,217,728 bytes (allocated so far: 268,435,456 bytes).
Exception in thread Thread-227 (_chunk):
Traceback (most recent call last):
Exception in thread Exception in thread Thread-228 (_chunk):
Traceback (most recent call last):
  File "/usr/lib/python3.12/threading.py", line 1073, in _bootstrap_inner
Exception in thread Thread-229 (_chunk):
Traceback (most recent call last):
Thread-230 (_chunk):
Traceback (most recent call last):
  File "/usr/lib/python3.12/threading.py", line 1073, in _bootstrap_inner
  File "/usr/lib/python3.12/threading.py", line 1073, in _bootstrap_inner
Exception in thread             self.run()Thread-226 (_chunk)
:
Traceback (most recent call last):
  File "/usr/lib/python3.12/threading.py", line 1073, in _bootstrap_inner
  File "/usr/lib/python3.12/threading.py", line 1073, in _bootstrap_inner
self.run()
  File "/usr/lib/python3.12/threading.py", line 1010, in run
self.run()  File "/usr/lib/python3.12/threading.py", line 1010, in run

  File "/usr/lib/python3.12/threading.py", line 1010, in run
    self.run()
  File "/usr/lib/python3.12/threading.py", line 1010, in run
        self._target(*self._args, **self._kwargs)
    self.run()  File "/workspace/h1/RH/scripts/rh/day038_h1_3e10_gpu.py", line 569, in _chunk

  File "/usr/lib/python3.12/threading.py", line 1010, in run
    self._target(*self._args, **self._kwargs)self._target(*self._args, **self._kwargs)

  File "/workspace/h1/RH/scripts/rh/day038_h1_3e10_gpu.py", line 569, in _chunk
    sr, si, br, bi, s_ar, dm = slabfn(
                               ^^^^^^^
  File "/workspace/h1/RH/scripts/rh/day038_h1_3e10_gpu.py", line 445, in slab_budget_gpu
    A = g2 + 0.25
        ~~~^~~~~~
  File "cupy/_core/core.pyx", line 1570, in cupy._core.core._ndarray_base.__add__
  File "cupy/_core/core.pyx", line 2024, in cupy._core.core._ndarray_base.__array_ufunc__
  File "cupy/_core/_kernel.pyx", line 1374, in cupy._core._kernel.ufunc.__call__
  File "cupy/_core/_kernel.pyx", line 657, in cupy._core._kernel._get_out_args_from_optionals
  File "cupy/_core/core.pyx", line 3342, in cupy._core.core._ndarray_init
  File "cupy/_core/core.pyx", line 300, in cupy._core.core._ndarray_base._init_fast
  File "cupy/cuda/memory.pyx", line 904, in cupy.cuda.memory.alloc
  File "cupy/cuda/memory.pyx", line 1614, in cupy.cuda.memory.MemoryPool.malloc
  File "cupy/cuda/memory.pyx", line 1635, in cupy.cuda.memory.MemoryPool.malloc
  File "cupy/cuda/memory.pyx", line 1350, in cupy.cuda.memory.SingleDeviceMemoryPool.malloc
  File "cupy/cuda/memory.pyx", line 1376, in cupy.cuda.memory.SingleDeviceMemoryPool._malloc
  File "cupy/cuda/memory.pyx", line 1560, in cupy.cuda.memory.SingleDeviceMemoryPool._try_malloc
cupy.cuda.memory.OutOfMemoryError: Out of memory allocating 134,217,728 bytes (allocated so far: 671,088,640 bytes).
  File "/workspace/h1/RH/scripts/rh/day038_h1_3e10_gpu.py", line 569, in _chunk
    self._target(*self._args, **self._kwargs)    self._target(*self._args, **self._kwargs)
  File "/workspace/h1/RH/scripts/rh/day038_h1_3e10_gpu.py", line 569, in _chunk
    sr, si, br, bi, s_ar, dm = slabfn(
                               ^^^^^^^
  File "/workspace/h1/RH/scripts/rh/day038_h1_3e10_gpu.py", line 443, in slab_budget_gpu
    cc = cp.asarray(c)
         ^^^^^^^^^^^^^
  File "/opt/venvs/cupy/lib/python3.12/site-packages/cupy/_creation/from_data.py", line 94, in asarray
    return _core.array(a, dtype, copy, order, blocking=blocking)
           ^^^^^^^^^^^^^^^^^^^^^^^^^^^^^^^^^^^^^^^^^^^^^^^^^^^^^
  File "cupy/_core/core.pyx", line 2821, in cupy._core.core.array
  File "cupy/_core/core.pyx", line 2841, in cupy._core.core.array
  File "cupy/_core/core.pyx", line 3067, in cupy._core.core._array_default
  File "cupy/_core/core.pyx", line 176, in cupy._core.core.ndarray.__new__
  File "cupy/_core/core.pyx", line 282, in cupy._core.core._ndarray_base._init
  File "cupy/cuda/memory.pyx", line 904, in cupy.cuda.memory.alloc
  File "cupy/cuda/memory.pyx", line 1614, in cupy.cuda.memory.MemoryPool.malloc
  File "cupy/cuda/memory.pyx", line 1635, in cupy.cuda.memory.MemoryPool.malloc
  File "cupy/cuda/memory.pyx", line 1350, in cupy.cuda.memory.SingleDeviceMemoryPool.malloc
  File "cupy/cuda/memory.pyx", line 1376, in cupy.cuda.memory.SingleDeviceMemoryPool._malloc
  File "cupy/cuda/memory.pyx", line 1560, in cupy.cuda.memory.SingleDeviceMemoryPool._try_malloc
cupy.cuda.memory.OutOfMemoryError: Out of memory allocating 134,217,728 bytes (allocated so far: 402,653,184 bytes).

  File "/workspace/h1/RH/scripts/rh/day038_h1_3e10_gpu.py", line 569, in _chunk
    sr, si, br, bi, s_ar, dm = slabfn(
                               ^^^^^^^
  File "/workspace/h1/RH/scripts/rh/day038_h1_3e10_gpu.py", line 443, in slab_budget_gpu
    cc = cp.asarray(c)
         ^^^^^^^^^^^^^
  File "/opt/venvs/cupy/lib/python3.12/site-packages/cupy/_creation/from_data.py", line 94, in asarray
    return _core.array(a, dtype, copy, order, blocking=blocking)
           ^^^^^^^^^^^^^^^^^^^^^^^^^^^^^^^^^^^^^^^^^^^^^^^^^^^^^
  File "cupy/_core/core.pyx", line 2821, in cupy._core.core.array
  File "cupy/_core/core.pyx", line 2841, in cupy._core.core.array
  File "cupy/_core/core.pyx", line 3067, in cupy._core.core._array_default
  File "cupy/_core/core.pyx", line 176, in cupy._core.core.ndarray.__new__
  File "cupy/_core/core.pyx", line 282, in cupy._core.core._ndarray_base._init
  File "cupy/cuda/memory.pyx", line 904, in cupy.cuda.memory.alloc
  File "cupy/cuda/memory.pyx", line 1614, in cupy.cuda.memory.MemoryPool.malloc
  File "cupy/cuda/memory.pyx", line 1635, in cupy.cuda.memory.MemoryPool.malloc
  File "cupy/cuda/memory.pyx", line 1350, in cupy.cuda.memory.SingleDeviceMemoryPool.malloc
  File "cupy/cuda/memory.pyx", line 1376, in cupy.cuda.memory.SingleDeviceMemoryPool._malloc
  File "cupy/cuda/memory.pyx", line 1560, in cupy.cuda.memory.SingleDeviceMemoryPool._try_malloc
cupy.cuda.memory.OutOfMemoryError: Out of memory allocating 134,217,728 bytes (allocated so far: 268,435,456 bytes).
    sr, si, br, bi, s_ar, dm = slabfn(
                               ^^^^^^^
  File "/workspace/h1/RH/scripts/rh/day038_h1_3e10_gpu.py", line 443, in slab_budget_gpu
    cc = cp.asarray(c)
         ^^^^^^^^^^^^^
  File "/opt/venvs/cupy/lib/python3.12/site-packages/cupy/_creation/from_data.py", line 94, in asarray
    return _core.array(a, dtype, copy, order, blocking=blocking)
           ^^^^^^^^^^^^^^^^^^^^^^^^^^^^^^^^^^^^^^^^^^^^^^^^^^^^^
  File "cupy/_core/core.pyx", line 2821, in cupy._core.core.array
  File "cupy/_core/core.pyx", line 2841, in cupy._core.core.array
  File "cupy/_core/core.pyx", line 3067, in cupy._core.core._array_default
  File "cupy/_core/core.pyx", line 176, in cupy._core.core.ndarray.__new__
  File "cupy/_core/core.pyx", line 282, in cupy._core.core._ndarray_base._init
  File "cupy/cuda/memory.pyx", line 904, in cupy.cuda.memory.alloc
  File "cupy/cuda/memory.pyx", line 1614, in cupy.cuda.memory.MemoryPool.malloc
  File "cupy/cuda/memory.pyx", line 1635, in cupy.cuda.memory.MemoryPool.malloc
  File "cupy/cuda/memory.pyx", line 1350, in cupy.cuda.memory.SingleDeviceMemoryPool.malloc
  File "cupy/cuda/memory.pyx", line 1376, in cupy.cuda.memory.SingleDeviceMemoryPool._malloc
  File "cupy/cuda/memory.pyx", line 1560, in cupy.cuda.memory.SingleDeviceMemoryPool._try_malloc
cupy.cuda.memory.OutOfMemoryError: Out of memory allocating 134,217,728 bytes (allocated so far: 671,088,640 bytes).
    sr, si, br, bi, s_ar, dm = slabfn(
                               ^^^^^^^
  File "/workspace/h1/RH/scripts/rh/day038_h1_3e10_gpu.py", line 443, in slab_budget_gpu
    cc = cp.asarray(c)
         ^^^^^^^^^^^^^
  File "/opt/venvs/cupy/lib/python3.12/site-packages/cupy/_creation/from_data.py", line 94, in asarray
    return _core.array(a, dtype, copy, order, blocking=blocking)
           ^^^^^^^^^^^^^^^^^^^^^^^^^^^^^^^^^^^^^^^^^^^^^^^^^^^^^
  File "cupy/_core/core.pyx", line 2821, in cupy._core.core.array
  File "cupy/_core/core.pyx", line 2841, in cupy._core.core.array
  File "cupy/_core/core.pyx", line 3067, in cupy._core.core._array_default
  File "cupy/_core/core.pyx", line 176, in cupy._core.core.ndarray.__new__
  File "cupy/_core/core.pyx", line 282, in cupy._core.core._ndarray_base._init
  File "cupy/cuda/memory.pyx", line 904, in cupy.cuda.memory.alloc
  File "cupy/cuda/memory.pyx", line 1614, in cupy.cuda.memory.MemoryPool.malloc
  File "cupy/cuda/memory.pyx", line 1635, in cupy.cuda.memory.MemoryPool.malloc
  File "cupy/cuda/memory.pyx", line 1350, in cupy.cuda.memory.SingleDeviceMemoryPool.malloc
  File "cupy/cuda/memory.pyx", line 1376, in cupy.cuda.memory.SingleDeviceMemoryPool._malloc
  File "cupy/cuda/memory.pyx", line 1560, in cupy.cuda.memory.SingleDeviceMemoryPool._try_malloc
cupy.cuda.memory.OutOfMemoryError: Out of memory allocating 134,217,728 bytes (allocated so far: 536,870,912 bytes).
Exception in thread Thread-232 (_chunk):
Traceback (most recent call last):
  File "/usr/lib/python3.12/threading.py", line 1073, in _bootstrap_inner
    self.run()
  File "/usr/lib/python3.12/threading.py", line 1010, in run
    self._target(*self._args, **self._kwargs)
  File "/workspace/h1/RH/scripts/rh/day038_h1_3e10_gpu.py", line 569, in _chunk
    sr, si, br, bi, s_ar, dm = slabfn(
                               ^^^^^^^
  File "/workspace/h1/RH/scripts/rh/day038_h1_3e10_gpu.py", line 444, in slab_budget_gpu
    g2 = cc * cc
         ~~~^~~~
  File "cupy/_core/core.pyx", line 1582, in cupy._core.core._ndarray_base.__mul__
  File "cupy/_core/_kernel.pyx", line 1374, in cupy._core._kernel.ufunc.__call__
  File "cupy/_core/_kernel.pyx", line 657, in cupy._core._kernel._get_out_args_from_optionals
  File "cupy/_core/core.pyx", line 3342, in cupy._core.core._ndarray_init
  File "cupy/_core/core.pyx", line 300, in cupy._core.core._ndarray_base._init_fast
  File "cupy/cuda/memory.pyx", line 904, in cupy.cuda.memory.alloc
  File "cupy/cuda/memory.pyx", line 1614, in cupy.cuda.memory.MemoryPool.malloc
  File "cupy/cuda/memory.pyx", line 1635, in cupy.cuda.memory.MemoryPool.malloc
  File "cupy/cuda/memory.pyx", line 1350, in cupy.cuda.memory.SingleDeviceMemoryPool.malloc
  File "cupy/cuda/memory.pyx", line 1376, in cupy.cuda.memory.SingleDeviceMemoryPool._malloc
  File "cupy/cuda/memory.pyx", line 1560, in cupy.cuda.memory.SingleDeviceMemoryPool._try_malloc
cupy.cuda.memory.OutOfMemoryError: Out of memory allocating 134,217,728 bytes (allocated so far: 268,435,456 bytes).
Exception in thread Thread-231 (_chunk):
Traceback (most recent call last):
  File "/usr/lib/python3.12/threading.py", line 1073, in _bootstrap_inner
    self.run()
  File "/usr/lib/python3.12/threading.py", line 1010, in run
    self._target(*self._args, **self._kwargs)
  File "/workspace/h1/RH/scripts/rh/day038_h1_3e10_gpu.py", line 569, in _chunk
    sr, si, br, bi, s_ar, dm = slabfn(
                               ^^^^^^^
  File "/workspace/h1/RH/scripts/rh/day038_h1_3e10_gpu.py", line 445, in slab_budget_gpu
    A = g2 + 0.25
        ~~~^~~~~~
  File "cupy/_core/core.pyx", line 1570, in cupy._core.core._ndarray_base.__add__
  File "cupy/_core/core.pyx", line 2024, in cupy._core.core._ndarray_base.__array_ufunc__
  File "cupy/_core/_kernel.pyx", line 1374, in cupy._core._kernel.ufunc.__call__
  File "cupy/_core/_kernel.pyx", line 657, in cupy._core._kernel._get_out_args_from_optionals
  File "cupy/_core/core.pyx", line 3342, in cupy._core.core._ndarray_init
  File "cupy/_core/core.pyx", line 300, in cupy._core.core._ndarray_base._init_fast
  File "cupy/cuda/memory.pyx", line 904, in cupy.cuda.memory.alloc
  File "cupy/cuda/memory.pyx", line 1614, in cupy.cuda.memory.MemoryPool.malloc
  File "cupy/cuda/memory.pyx", line 1635, in cupy.cuda.memory.MemoryPool.malloc
  File "cupy/cuda/memory.pyx", line 1350, in cupy.cuda.memory.SingleDeviceMemoryPool.malloc
  File "cupy/cuda/memory.pyx", line 1376, in cupy.cuda.memory.SingleDeviceMemoryPool._malloc
  File "cupy/cuda/memory.pyx", line 1560, in cupy.cuda.memory.SingleDeviceMemoryPool._try_malloc
cupy.cuda.memory.OutOfMemoryError: Out of memory allocating 134,217,728 bytes (allocated so far: 268,435,456 bytes).
point  job  (win  1,  k  -5,  x=1.025299294e+10)  WORKER  FAILED:  TypeError('cannot unpack non-iterable NoneType object')  --  done  points  are  checkpointed;  supervisor  resumes
Exception in thread Thread-233 (_chunk):
Traceback (most recent call last):
  File "/usr/lib/python3.12/threading.py", line 1073, in _bootstrap_inner
    self.run()
  File "/usr/lib/python3.12/threading.py", line 1010, in run
    self._target(*self._args, **self._kwargs)
  File "/workspace/h1/RH/scripts/rh/day038_h1_3e10_gpu.py", line 569, in _chunk
    sr, si, br, bi, s_ar, dm = slabfn(
                               ^^^^^^^
  File "/workspace/h1/RH/scripts/rh/day038_h1_3e10_gpu.py", line 445, in slab_budget_gpu
    A = g2 + 0.25
        ~~~^~~~~~
  File "cupy/_core/core.pyx", line 1570, in cupy._core.core._ndarray_base.__add__
  File "cupy/_core/core.pyx", line 2024, in cupy._core.core._ndarray_base.__array_ufunc__
  File "cupy/_core/_kernel.pyx", line 1374, in cupy._core._kernel.ufunc.__call__
  File "cupy/_core/_kernel.pyx", line 657, in cupy._core._kernel._get_out_args_from_optionals
  File "cupy/_core/core.pyx", line 3342, in cupy._core.core._ndarray_init
  File "cupy/_core/core.pyx", line 300, in cupy._core.core._ndarray_base._init_fast
  File "cupy/cuda/memory.pyx", line 904, in cupy.cuda.memory.alloc
  File "cupy/cuda/memory.pyx", line 1614, in cupy.cuda.memory.MemoryPool.malloc
  File "cupy/cuda/memory.pyx", line 1635, in cupy.cuda.memory.MemoryPool.malloc
  File "cupy/cuda/memory.pyx", line 1350, in cupy.cuda.memory.SingleDeviceMemoryPool.malloc
  File "cupy/cuda/memory.pyx", line 1376, in cupy.cuda.memory.SingleDeviceMemoryPool._malloc
  File "cupy/cuda/memory.pyx", line 1560, in cupy.cuda.memory.SingleDeviceMemoryPool._try_malloc
cupy.cuda.memory.OutOfMemoryError: Out of memory allocating 134,217,728 bytes (allocated so far: 268,435,456 bytes).
Exception in thread Thread-234 (_chunk):
Traceback (most recent call last):
  File "/usr/lib/python3.12/threading.py", line 1073, in _bootstrap_inner
    self.run()
  File "/usr/lib/python3.12/threading.py", line 1010, in run
    self._target(*self._args, **self._kwargs)
  File "/workspace/h1/RH/scripts/rh/day038_h1_3e10_gpu.py", line 569, in _chunk
    sr, si, br, bi, s_ar, dm = slabfn(
                               ^^^^^^^
  File "/workspace/h1/RH/scripts/rh/day038_h1_3e10_gpu.py", line 445, in slab_budget_gpu
    A = g2 + 0.25
        ~~~^~~~~~
  File "cupy/_core/core.pyx", line 1570, in cupy._core.core._ndarray_base.__add__
  File "cupy/_core/core.pyx", line 2024, in cupy._core.core._ndarray_base.__array_ufunc__
  File "cupy/_core/_kernel.pyx", line 1374, in cupy._core._kernel.ufunc.__call__
  File "cupy/_core/_kernel.pyx", line 657, in cupy._core._kernel._get_out_args_from_optionals
  File "cupy/_core/core.pyx", line 3342, in cupy._core.core._ndarray_init
  File "cupy/_core/core.pyx", line 300, in cupy._core.core._ndarray_base._init_fast
  File "cupy/cuda/memory.pyx", line 904, in cupy.cuda.memory.alloc
  File "cupy/cuda/memory.pyx", line 1614, in cupy.cuda.memory.MemoryPool.malloc
  File "cupy/cuda/memory.pyx", line 1635, in cupy.cuda.memory.MemoryPool.malloc
  File "cupy/cuda/memory.pyx", line 1350, in cupy.cuda.memory.SingleDeviceMemoryPool.malloc
  File "cupy/cuda/memory.pyx", line 1376, in cupy.cuda.memory.SingleDeviceMemoryPool._malloc
  File "cupy/cuda/memory.pyx", line 1560, in cupy.cuda.memory.SingleDeviceMemoryPool._try_malloc
cupy.cuda.memory.OutOfMemoryError: Out of memory allocating 134,217,728 bytes (allocated so far: 536,870,912 bytes).
Exception in thread Exception in thread Thread-236 (_chunk):
Traceback (most recent call last):
Exception in thread Thread-235 (_chunk):
Traceback (most recent call last):
  File "/usr/lib/python3.12/threading.py", line 1073, in _bootstrap_inner
    self.run()
  File "/usr/lib/python3.12/threading.py", line 1010, in run
    self._target(*self._args, **self._kwargs)
  File "/workspace/h1/RH/scripts/rh/day038_h1_3e10_gpu.py", line 569, in _chunk
    sr, si, br, bi, s_ar, dm = slabfn(
                               ^^^^^^^
  File "/workspace/h1/RH/scripts/rh/day038_h1_3e10_gpu.py", line 444, in slab_budget_gpu
    g2 = cc * cc
         ~~~^~~~
  File "cupy/_core/core.pyx", line 1582, in cupy._core.core._ndarray_base.__mul__
  File "cupy/_core/_kernel.pyx", line 1374, in cupy._core._kernel.ufunc.__call__
  File "cupy/_core/_kernel.pyx", line 657, in cupy._core._kernel._get_out_args_from_optionals
  File "cupy/_core/core.pyx", line 3342, in cupy._core.core._ndarray_init
  File "cupy/_core/core.pyx", line 300, in cupy._core.core._ndarray_base._init_fast
  File "cupy/cuda/memory.pyx", line 904, in cupy.cuda.memory.alloc
  File "cupy/cuda/memory.pyx", line 1614, in cupy.cuda.memory.MemoryPool.malloc
  File "cupy/cuda/memory.pyx", line 1635, in cupy.cuda.memory.MemoryPool.malloc
  File "cupy/cuda/memory.pyx", line 1350, in cupy.cuda.memory.SingleDeviceMemoryPool.malloc
  File "cupy/cuda/memory.pyx", line 1376, in cupy.cuda.memory.SingleDeviceMemoryPool._malloc
  File "cupy/cuda/memory.pyx", line 1560, in cupy.cuda.memory.SingleDeviceMemoryPool._try_malloc
cupy.cuda.memory.OutOfMemoryError: Out of memory allocating 134,217,728 bytes (allocated so far: 402,653,184 bytes).
Exception in thread Thread-237 (_chunk):
Traceback (most recent call last):
  File "/usr/lib/python3.12/threading.py", line 1073, in _bootstrap_inner
    self.run()
  File "/usr/lib/python3.12/threading.py", line 1010, in run
    self._target(*self._args, **self._kwargs)
  File "/workspace/h1/RH/scripts/rh/day038_h1_3e10_gpu.py", line 569, in _chunk
    sr, si, br, bi, s_ar, dm = slabfn(
                               ^^^^^^^
  File "/workspace/h1/RH/scripts/rh/day038_h1_3e10_gpu.py", line 444, in slab_budget_gpu
    g2 = cc * cc
         ~~~^~~~
  File "cupy/_core/core.pyx", line 1582, in cupy._core.core._ndarray_base.__mul__
  File "cupy/_core/_kernel.pyx", line 1374, in cupy._core._kernel.ufunc.__call__
  File "cupy/_core/_kernel.pyx", line 657, in cupy._core._kernel._get_out_args_from_optionals
  File "cupy/_core/core.pyx", line 3342, in cupy._core.core._ndarray_init
  File "cupy/_core/core.pyx", line 300, in cupy._core.core._ndarray_base._init_fast
  File "cupy/cuda/memory.pyx", line 904, in cupy.cuda.memory.alloc
  File "cupy/cuda/memory.pyx", line 1614, in cupy.cuda.memory.MemoryPool.malloc
  File "cupy/cuda/memory.pyx", line 1635, in cupy.cuda.memory.MemoryPool.malloc
  File "cupy/cuda/memory.pyx", line 1350, in cupy.cuda.memory.SingleDeviceMemoryPool.malloc
  File "cupy/cuda/memory.pyx", line 1376, in cupy.cuda.memory.SingleDeviceMemoryPool._malloc
  File "cupy/cuda/memory.pyx", line 1560, in cupy.cuda.memory.SingleDeviceMemoryPool._try_malloc
cupy.cuda.memory.OutOfMemoryError: Out of memory allocating 134,217,728 bytes (allocated so far: 268,435,456 bytes).
  File "/usr/lib/python3.12/threading.py", line 1073, in _bootstrap_inner
    self.run()
  File "/usr/lib/python3.12/threading.py", line 1010, in run
    self._target(*self._args, **self._kwargs)
  File "/workspace/h1/RH/scripts/rh/day038_h1_3e10_gpu.py", line 569, in _chunk
    sr, si, br, bi, s_ar, dm = slabfn(
                               ^^^^^^^
  File "/workspace/h1/RH/scripts/rh/day038_h1_3e10_gpu.py", line 443, in slab_budget_gpu
    cc = cp.asarray(c)
         ^^^^^^^^^^^^^
  File "/opt/venvs/cupy/lib/python3.12/site-packages/cupy/_creation/from_data.py", line 94, in asarray
    return _core.array(a, dtype, copy, order, blocking=blocking)
           ^^^^^^^^^^^^^^^^^^^^^^^^^^^^^^^^^^^^^^^^^^^^^^^^^^^^^
  File "cupy/_core/core.pyx", line 2821, in cupy._core.core.array
  File "cupy/_core/core.pyx", line 2841, in cupy._core.core.array
  File "cupy/_core/core.pyx", line 3067, in cupy._core.core._array_default
  File "cupy/_core/core.pyx", line 176, in cupy._core.core.ndarray.__new__
  File "cupy/_core/core.pyx", line 282, in cupy._core.core._ndarray_base._init
  File "cupy/cuda/memory.pyx", line 904, in cupy.cuda.memory.alloc
  File "cupy/cuda/memory.pyx", line 1614, in cupy.cuda.memory.MemoryPool.malloc
  File "cupy/cuda/memory.pyx", line 1635, in cupy.cuda.memory.MemoryPool.malloc
  File "cupy/cuda/memory.pyx", line 1350, in cupy.cuda.memory.SingleDeviceMemoryPool.malloc
  File "cupy/cuda/memory.pyx", line 1376, in cupy.cuda.memory.SingleDeviceMemoryPool._malloc
  File "cupy/cuda/memory.pyx", line 1560, in cupy.cuda.memory.SingleDeviceMemoryPool._try_malloc
cupy.cuda.memory.OutOfMemoryError: Out of memory allocating 134,217,728 bytes (allocated so far: 536,870,912 bytes).
Thread-240 (_chunk):
Traceback (most recent call last):
  File "/usr/lib/python3.12/threading.py", line 1073, in _bootstrap_inner
    self.run()
  File "/usr/lib/python3.12/threading.py", line 1010, in run
    self._target(*self._args, **self._kwargs)
  File "/workspace/h1/RH/scripts/rh/day038_h1_3e10_gpu.py", line 569, in _chunk
    sr, si, br, bi, s_ar, dm = slabfn(
                               ^^^^^^^
  File "/workspace/h1/RH/scripts/rh/day038_h1_3e10_gpu.py", line 443, in slab_budget_gpu
    cc = cp.asarray(c)
         ^^^^^^^^^^^^^
  File "/opt/venvs/cupy/lib/python3.12/site-packages/cupy/_creation/from_data.py", line 94, in asarray
    return _core.array(a, dtype, copy, order, blocking=blocking)
           ^^^^^^^^^^^^^^^^^^^^^^^^^^^^^^^^^^^^^^^^^^^^^^^^^^^^^
  File "cupy/_core/core.pyx", line 2821, in cupy._core.core.array
  File "cupy/_core/core.pyx", line 2841, in cupy._core.core.array
  File "cupy/_core/core.pyx", line 3067, in cupy._core.core._array_default
  File "cupy/_core/core.pyx", line 176, in cupy._core.core.ndarray.__new__
  File "cupy/_core/core.pyx", line 282, in cupy._core.core._ndarray_base._init
  File "cupy/cuda/memory.pyx", line 904, in cupy.cuda.memory.alloc
  File "cupy/cuda/memory.pyx", line 1614, in cupy.cuda.memory.MemoryPool.malloc
  File "cupy/cuda/memory.pyx", line 1635, in cupy.cuda.memory.MemoryPool.malloc
  File "cupy/cuda/memory.pyx", line 1350, in cupy.cuda.memory.SingleDeviceMemoryPool.malloc
  File "cupy/cuda/memory.pyx", line 1376, in cupy.cuda.memory.SingleDeviceMemoryPool._malloc
  File "cupy/cuda/memory.pyx", line 1560, in cupy.cuda.memory.SingleDeviceMemoryPool._try_malloc
cupy.cuda.memory.OutOfMemoryError: Out of memory allocating 134,217,728 bytes (allocated so far: 671,088,640 bytes).
Exception in thread Thread-239 (_chunk):
Traceback (most recent call last):
  File "/usr/lib/python3.12/threading.py", line 1073, in _bootstrap_inner
Exception in thread Thread-238 (_chunk):
Traceback (most recent call last):
  File "/usr/lib/python3.12/threading.py", line 1073, in _bootstrap_inner
    self.run()
  File "/usr/lib/python3.12/threading.py", line 1010, in run
    self.run()
  File "/usr/lib/python3.12/threading.py", line 1010, in run
    self._target(*self._args, **self._kwargs)
  File "/workspace/h1/RH/scripts/rh/day038_h1_3e10_gpu.py", line 569, in _chunk
    self._target(*self._args, **self._kwargs)
  File "/workspace/h1/RH/scripts/rh/day038_h1_3e10_gpu.py", line 569, in _chunk
        sr, si, br, bi, s_ar, dm = slabfn(sr, si, br, bi, s_ar, dm = slabfn(

                                                        ^^^ ^^^ ^
   File "/workspace/h1/RH/scripts/rh/day038_h1_3e10_gpu.py", line 444, in slab_budget_gpu
   ^^^^^^^
  File "/workspace/h1/RH/scripts/rh/day038_h1_3e10_gpu.py", line 444, in slab_budget_gpu
    g2 = cc * cc    
g2 = cc * cc 
                 ~~~~~~^~^~~
~~  File "cupy/_core/core.pyx", line 1582, in cupy._core.core._ndarray_base.__mul__
~
  File "cupy/_core/core.pyx", line 1582, in cupy._core.core._ndarray_base.__mul__
  File "cupy/_core/_kernel.pyx", line 1374, in cupy._core._kernel.ufunc.__call__
  File "cupy/_core/_kernel.pyx", line 1374, in cupy._core._kernel.ufunc.__call__
  File "cupy/_core/_kernel.pyx", line 657, in cupy._core._kernel._get_out_args_from_optionals
  File "cupy/_core/_kernel.pyx", line 657, in cupy._core._kernel._get_out_args_from_optionals
  File "cupy/_core/core.pyx", line 3342, in cupy._core.core._ndarray_init
  File "cupy/_core/core.pyx", line 3342, in cupy._core.core._ndarray_init
  File "cupy/_core/core.pyx", line 300, in cupy._core.core._ndarray_base._init_fast
  File "cupy/_core/core.pyx", line 300, in cupy._core.core._ndarray_base._init_fast
  File "cupy/cuda/memory.pyx", line 904, in cupy.cuda.memory.alloc
  File "cupy/cuda/memory.pyx", line 904, in cupy.cuda.memory.alloc
  File "cupy/cuda/memory.pyx", line 1614, in cupy.cuda.memory.MemoryPool.malloc
  File "cupy/cuda/memory.pyx", line 1614, in cupy.cuda.memory.MemoryPool.malloc
  File "cupy/cuda/memory.pyx", line 1635, in cupy.cuda.memory.MemoryPool.malloc
  File "cupy/cuda/memory.pyx", line 1635, in cupy.cuda.memory.MemoryPool.malloc
  File "cupy/cuda/memory.pyx", line 1350, in cupy.cuda.memory.SingleDeviceMemoryPool.malloc
  File "cupy/cuda/memory.pyx", line 1350, in cupy.cuda.memory.SingleDeviceMemoryPool.malloc
  File "cupy/cuda/memory.pyx", line 1376, in cupy.cuda.memory.SingleDeviceMemoryPool._malloc
  File "cupy/cuda/memory.pyx", line 1376, in cupy.cuda.memory.SingleDeviceMemoryPool._malloc
  File "cupy/cuda/memory.pyx", line 1560, in cupy.cuda.memory.SingleDeviceMemoryPool._try_malloc
  File "cupy/cuda/memory.pyx", line 1560, in cupy.cuda.memory.SingleDeviceMemoryPool._try_malloc
cupy.cuda.memorycupy.cuda.memory..OutOfMemoryErrorOutOfMemoryError: : Out of memory allocating 134,217,728 bytes (allocated so far: 268,435,456 bytes).
Out of memory allocating 134,217,728 bytes (allocated so far: 402,653,184 bytes).
point  job  (win  1,  k  -4,  x=1.025299294e+10)  WORKER  FAILED:  TypeError('cannot unpack non-iterable NoneType object')  --  done  points  are  checkpointed;  supervisor  resumes
Exception in thread Thread-241 (_chunk):
Traceback (most recent call last):
  File "/usr/lib/python3.12/threading.py", line 1073, in _bootstrap_inner
    self.run()
  File "/usr/lib/python3.12/threading.py", line 1010, in run
    self._target(*self._args, **self._kwargs)
  File "/workspace/h1/RH/scripts/rh/day038_h1_3e10_gpu.py", line 569, in _chunk
    sr, si, br, bi, s_ar, dm = slabfn(
                               ^^^^^^^
  File "/workspace/h1/RH/scripts/rh/day038_h1_3e10_gpu.py", line 445, in slab_budget_gpu
    A = g2 + 0.25
        ~~~^~~~~~
  File "cupy/_core/core.pyx", line 1570, in cupy._core.core._ndarray_base.__add__
  File "cupy/_core/core.pyx", line 2024, in cupy._core.core._ndarray_base.__array_ufunc__
  File "cupy/_core/_kernel.pyx", line 1374, in cupy._core._kernel.ufunc.__call__
  File "cupy/_core/_kernel.pyx", line 657, in cupy._core._kernel._get_out_args_from_optionals
  File "cupy/_core/core.pyx", line 3342, in cupy._core.core._ndarray_init
  File "cupy/_core/core.pyx", line 300, in cupy._core.core._ndarray_base._init_fast
  File "cupy/cuda/memory.pyx", line 904, in cupy.cuda.memory.alloc
  File "cupy/cuda/memory.pyx", line 1614, in cupy.cuda.memory.MemoryPool.malloc
  File "cupy/cuda/memory.pyx", line 1635, in cupy.cuda.memory.MemoryPool.malloc
  File "cupy/cuda/memory.pyx", line 1350, in cupy.cuda.memory.SingleDeviceMemoryPool.malloc
  File "cupy/cuda/memory.pyx", line 1376, in cupy.cuda.memory.SingleDeviceMemoryPool._malloc
  File "cupy/cuda/memory.pyx", line 1560, in cupy.cuda.memory.SingleDeviceMemoryPool._try_malloc
cupy.cuda.memory.OutOfMemoryError: Out of memory allocating 134,217,728 bytes (allocated so far: 268,435,456 bytes).
Exception in thread Thread-248 (_chunk):
Traceback (most recent call last):
  File "/usr/lib/python3.12/threading.py", line 1073, in _bootstrap_inner
Exception in thread Thread-243 (_chunk):
Traceback (most recent call last):
  File "/usr/lib/python3.12/threading.py", line 1073, in _bootstrap_inner
    self.run()
  File "/usr/lib/python3.12/threading.py", line 1010, in run
    self._target(*self._args, **self._kwargs)
  File "/workspace/h1/RH/scripts/rh/day038_h1_3e10_gpu.py", line 569, in _chunk
    self.run()
  File "/usr/lib/python3.12/threading.py", line 1010, in run
    self._target(*self._args, **self._kwargs)
  File "/workspace/h1/RH/scripts/rh/day038_h1_3e10_gpu.py", line 569, in _chunk
    sr, si, br, bi, s_ar, dm = slabfn(
                               ^^^^^^^
  File "/workspace/h1/RH/scripts/rh/day038_h1_3e10_gpu.py", line 443, in slab_budget_gpu
    cc = cp.asarray(c)
         ^^^^^^^^^^^^^
  File "/opt/venvs/cupy/lib/python3.12/site-packages/cupy/_creation/from_data.py", line 94, in asarray
    return _core.array(a, dtype, copy, order, blocking=blocking)
           ^^^^^^^^^^^^^^^^^^^^^^^^^^^^^^^^^^^^^^^^^^^^^^^^^^^^^
  File "cupy/_core/core.pyx", line 2821, in cupy._core.core.array
  File "cupy/_core/core.pyx", line 2841, in cupy._core.core.array
  File "cupy/_core/core.pyx", line 3067, in cupy._core.core._array_default
  File "cupy/_core/core.pyx", line 176, in cupy._core.core.ndarray.__new__
  File "cupy/_core/core.pyx", line 282, in cupy._core.core._ndarray_base._init
  File "cupy/cuda/memory.pyx", line 904, in cupy.cuda.memory.alloc
  File "cupy/cuda/memory.pyx", line 1614, in cupy.cuda.memory.MemoryPool.malloc
  File "cupy/cuda/memory.pyx", line 1635, in cupy.cuda.memory.MemoryPool.malloc
  File "cupy/cuda/memory.pyx", line 1350, in cupy.cuda.memory.SingleDeviceMemoryPool.malloc
  File "cupy/cuda/memory.pyx", line 1376, in cupy.cuda.memory.SingleDeviceMemoryPool._malloc
  File "cupy/cuda/memory.pyx", line 1560, in cupy.cuda.memory.SingleDeviceMemoryPool._try_malloc
cupy.cuda.memory.OutOfMemoryError: Out of memory allocating 134,217,728 bytes (allocated so far: 402,653,184 bytes).
Exception in thread Thread-247 (_chunk):
Traceback (most recent call last):
Exception in thread Exception in thread Thread-242 (_chunk):
Traceback (most recent call last):
  File "/usr/lib/python3.12/threading.py", line 1073, in _bootstrap_inner
Thread-245 (_chunk):
Traceback (most recent call last):
  File "/usr/lib/python3.12/threading.py", line 1073, in _bootstrap_inner
  File "/usr/lib/python3.12/threading.py", line 1073, in _bootstrap_inner
    sr, si, br, bi, s_ar, dm = slabfn(
                               ^^^^^^^
  File "/workspace/h1/RH/scripts/rh/day038_h1_3e10_gpu.py", line 443, in slab_budget_gpu
    self.run()
  File "/usr/lib/python3.12/threading.py", line 1010, in run
    self._target(*self._args, **self._kwargs)
  File "/workspace/h1/RH/scripts/rh/day038_h1_3e10_gpu.py", line 569, in _chunk
    sr, si, br, bi, s_ar, dm = slabfn(
                               ^^^^^^^
  File "/workspace/h1/RH/scripts/rh/day038_h1_3e10_gpu.py", line 443, in slab_budget_gpu
    cc = cp.asarray(c)
         ^^^^^^^^^^^^^
  File "/opt/venvs/cupy/lib/python3.12/site-packages/cupy/_creation/from_data.py", line 94, in asarray
    return _core.array(a, dtype, copy, order, blocking=blocking)
           ^^^^^^^^^^^^^^^^^^^^^^^^^^^^^^^^^^^^^^^^^^^^^^^^^^^^^
  File "cupy/_core/core.pyx", line 2821, in cupy._core.core.array
  File "cupy/_core/core.pyx", line 2841, in cupy._core.core.array
  File "cupy/_core/core.pyx", line 3067, in cupy._core.core._array_default
  File "cupy/_core/core.pyx", line 176, in cupy._core.core.ndarray.__new__
  File "cupy/_core/core.pyx", line 282, in cupy._core.core._ndarray_base._init
  File "cupy/cuda/memory.pyx", line 904, in cupy.cuda.memory.alloc
  File "cupy/cuda/memory.pyx", line 1614, in cupy.cuda.memory.MemoryPool.malloc
  File "cupy/cuda/memory.pyx", line 1635, in cupy.cuda.memory.MemoryPool.malloc
  File "cupy/cuda/memory.pyx", line 1350, in cupy.cuda.memory.SingleDeviceMemoryPool.malloc
  File "cupy/cuda/memory.pyx", line 1376, in cupy.cuda.memory.SingleDeviceMemoryPool._malloc
  File "cupy/cuda/memory.pyx", line 1560, in cupy.cuda.memory.SingleDeviceMemoryPool._try_malloc
cupy.cuda.memory.OutOfMemoryError: Out of memory allocating 134,217,728 bytes (allocated so far: 671,088,640 bytes).
Exception in thread Thread-246 (_chunk):
Traceback (most recent call last):
  File "/usr/lib/python3.12/threading.py", line 1073, in _bootstrap_inner
    self.run()Exception in thread Thread-244 (_chunk)    self.run()
  File "/usr/lib/python3.12/threading.py", line 1010, in run
    self.run()
  File "/usr/lib/python3.12/threading.py", line 1010, in run

:
  File "/usr/lib/python3.12/threading.py", line 1010, in run
    cc = cp.asarray(c)
         ^^^^^^^^^^^^^
  File "/opt/venvs/cupy/lib/python3.12/site-packages/cupy/_creation/from_data.py", line 94, in asarray
    return _core.array(a, dtype, copy, order, blocking=blocking)
           ^^^^^^^^^^^^^^^^^^^^^^^^^^^^^^^^^^^^^^^^^^^^^^^^^^^^^
  File "cupy/_core/core.pyx", line 2821, in cupy._core.core.array
  File "cupy/_core/core.pyx", line 2841, in cupy._core.core.array
  File "cupy/_core/core.pyx", line 3067, in cupy._core.core._array_default
  File "cupy/_core/core.pyx", line 176, in cupy._core.core.ndarray.__new__
    self._target(*self._args, **self._kwargs)
  File "/workspace/h1/RH/scripts/rh/day038_h1_3e10_gpu.py", line 569, in _chunk
    self._target(*self._args, **self._kwargs)
  File "/workspace/h1/RH/scripts/rh/day038_h1_3e10_gpu.py", line 569, in _chunk
  File "cupy/_core/core.pyx", line 282, in cupy._core.core._ndarray_base._init
Traceback (most recent call last):
    self._target(*self._args, **self._kwargs)  File "/usr/lib/python3.12/threading.py", line 1073, in _bootstrap_inner
  File "cupy/cuda/memory.pyx", line 904, in cupy.cuda.memory.alloc
  File "cupy/cuda/memory.pyx", line 1614, in cupy.cuda.memory.MemoryPool.malloc
  File "cupy/cuda/memory.pyx", line 1635, in cupy.cuda.memory.MemoryPool.malloc
  File "cupy/cuda/memory.pyx", line 1350, in cupy.cuda.memory.SingleDeviceMemoryPool.malloc
  File "cupy/cuda/memory.pyx", line 1376, in cupy.cuda.memory.SingleDeviceMemoryPool._malloc
  File "cupy/cuda/memory.pyx", line 1560, in cupy.cuda.memory.SingleDeviceMemoryPool._try_malloc
cupy.cuda.memory.OutOfMemoryError: Out of memory allocating 134,217,728 bytes (allocated so far: 402,653,184 bytes).
    sr, si, br, bi, s_ar, dm = slabfn(
                               ^^^^^^^
  File "/workspace/h1/RH/scripts/rh/day038_h1_3e10_gpu.py", line 443, in slab_budget_gpu
    cc = cp.asarray(c)
         ^^^^^^^^^^^^^
  File "/opt/venvs/cupy/lib/python3.12/site-packages/cupy/_creation/from_data.py", line 94, in asarray
    return _core.array(a, dtype, copy, order, blocking=blocking)
           ^^^^^^^^^^^^^^^^^^^^^^^^^^^^^^^^^^^^^^^^^^^^^^^^^^^^^
  File "cupy/_core/core.pyx", line 2821, in cupy._core.core.array
  File "cupy/_core/core.pyx", line 2841, in cupy._core.core.array
  File "cupy/_core/core.pyx", line 3067, in cupy._core.core._array_default
  File "cupy/_core/core.pyx", line 176, in cupy._core.core.ndarray.__new__
  File "cupy/_core/core.pyx", line 282, in cupy._core.core._ndarray_base._init
  File "cupy/cuda/memory.pyx", line 904, in cupy.cuda.memory.alloc
  File "cupy/cuda/memory.pyx", line 1614, in cupy.cuda.memory.MemoryPool.malloc
  File "cupy/cuda/memory.pyx", line 1635, in cupy.cuda.memory.MemoryPool.malloc
  File "cupy/cuda/memory.pyx", line 1350, in cupy.cuda.memory.SingleDeviceMemoryPool.malloc
  File "cupy/cuda/memory.pyx", line 1376, in cupy.cuda.memory.SingleDeviceMemoryPool._malloc
  File "cupy/cuda/memory.pyx", line 1560, in cupy.cuda.memory.SingleDeviceMemoryPool._try_malloc
cupy.cuda.memory.OutOfMemoryError: Out of memory allocating 134,217,728 bytes (allocated so far: 402,653,184 bytes).

  File "/workspace/h1/RH/scripts/rh/day038_h1_3e10_gpu.py", line 569, in _chunk
    sr, si, br, bi, s_ar, dm = slabfn(
                               ^^^^^^^
  File "/workspace/h1/RH/scripts/rh/day038_h1_3e10_gpu.py", line 444, in slab_budget_gpu
    g2 = cc * cc
         ~~~^~~~
  File "cupy/_core/core.pyx", line 1582, in cupy._core.core._ndarray_base.__mul__
  File "cupy/_core/_kernel.pyx", line 1374, in cupy._core._kernel.ufunc.__call__
  File "cupy/_core/_kernel.pyx", line 657, in cupy._core._kernel._get_out_args_from_optionals
  File "cupy/_core/core.pyx", line 3342, in cupy._core.core._ndarray_init
  File "cupy/_core/core.pyx", line 300, in cupy._core.core._ndarray_base._init_fast
  File "cupy/cuda/memory.pyx", line 904, in cupy.cuda.memory.alloc
  File "cupy/cuda/memory.pyx", line 1614, in cupy.cuda.memory.MemoryPool.malloc
  File "cupy/cuda/memory.pyx", line 1635, in cupy.cuda.memory.MemoryPool.malloc
  File "cupy/cuda/memory.pyx", line 1350, in cupy.cuda.memory.SingleDeviceMemoryPool.malloc
  File "cupy/cuda/memory.pyx", line 1376, in cupy.cuda.memory.SingleDeviceMemoryPool._malloc
  File "cupy/cuda/memory.pyx", line 1560, in cupy.cuda.memory.SingleDeviceMemoryPool._try_malloc
cupy.cuda.memory.OutOfMemoryError: Out of memory allocating 134,217,728 bytes (allocated so far: 536,870,912 bytes).
    sr, si, br, bi, s_ar, dm = slabfn(
                               ^^^^^^^
  File "/workspace/h1/RH/scripts/rh/day038_h1_3e10_gpu.py", line 443, in slab_budget_gpu
    cc = cp.asarray(c)
         ^^^^^^^^^^^^^
  File "/opt/venvs/cupy/lib/python3.12/site-packages/cupy/_creation/from_data.py", line 94, in asarray
    return _core.array(a, dtype, copy, order, blocking=blocking)
           ^^^^^^^^^^^^^^^^^^^^^^^^^^^^^^^^^^^^^^^^^^^^^^^^^^^^^
  File "cupy/_core/core.pyx", line 2821, in cupy._core.core.array
  File "cupy/_core/core.pyx", line 2841, in cupy._core.core.array
  File "cupy/_core/core.pyx", line 3067, in cupy._core.core._array_default
  File "cupy/_core/core.pyx", line 176, in cupy._core.core.ndarray.__new__
  File "cupy/_core/core.pyx", line 282, in cupy._core.core._ndarray_base._init
  File "cupy/cuda/memory.pyx", line 904, in cupy.cuda.memory.alloc
  File "cupy/cuda/memory.pyx", line 1614, in cupy.cuda.memory.MemoryPool.malloc
  File "cupy/cuda/memory.pyx", line 1635, in cupy.cuda.memory.MemoryPool.malloc
  File "cupy/cuda/memory.pyx", line 1350, in cupy.cuda.memory.SingleDeviceMemoryPool.malloc
  File "cupy/cuda/memory.pyx", line 1376, in cupy.cuda.memory.SingleDeviceMemoryPool._malloc
  File "cupy/cuda/memory.pyx", line 1560, in cupy.cuda.memory.SingleDeviceMemoryPool._try_malloc
cupy.cuda.memory.OutOfMemoryError: Out of memory allocating 134,217,728 bytes (allocated so far: 536,870,912 bytes).
    self.run()
  File "/usr/lib/python3.12/threading.py", line 1010, in run
    self._target(*self._args, **self._kwargs)
  File "/workspace/h1/RH/scripts/rh/day038_h1_3e10_gpu.py", line 569, in _chunk
    sr, si, br, bi, s_ar, dm = slabfn(
                               ^^^^^^^
  File "/workspace/h1/RH/scripts/rh/day038_h1_3e10_gpu.py", line 444, in slab_budget_gpu
    g2 = cc * cc
         ~~~^~~~
  File "cupy/_core/core.pyx", line 1582, in cupy._core.core._ndarray_base.__mul__
  File "cupy/_core/_kernel.pyx", line 1374, in cupy._core._kernel.ufunc.__call__
  File "cupy/_core/_kernel.pyx", line 657, in cupy._core._kernel._get_out_args_from_optionals
  File "cupy/_core/core.pyx", line 3342, in cupy._core.core._ndarray_init
  File "cupy/_core/core.pyx", line 300, in cupy._core.core._ndarray_base._init_fast
  File "cupy/cuda/memory.pyx", line 904, in cupy.cuda.memory.alloc
  File "cupy/cuda/memory.pyx", line 1614, in cupy.cuda.memory.MemoryPool.malloc
  File "cupy/cuda/memory.pyx", line 1635, in cupy.cuda.memory.MemoryPool.malloc
  File "cupy/cuda/memory.pyx", line 1350, in cupy.cuda.memory.SingleDeviceMemoryPool.malloc
  File "cupy/cuda/memory.pyx", line 1376, in cupy.cuda.memory.SingleDeviceMemoryPool._malloc
  File "cupy/cuda/memory.pyx", line 1560, in cupy.cuda.memory.SingleDeviceMemoryPool._try_malloc
cupy.cuda.memory.OutOfMemoryError: Out of memory allocating 134,217,728 bytes (allocated so far: 268,435,456 bytes).
point  job  (win  1,  k  -3,  x=1.025299294e+10)  WORKER  FAILED:  TypeError('cannot unpack non-iterable NoneType object')  --  done  points  are  checkpointed;  supervisor  resumes
Exception in thread Thread-250 (_chunk)Exception in thread Thread-249 (_chunk):
Traceback (most recent call last):
  File "/usr/lib/python3.12/threading.py", line 1073, in _bootstrap_inner
:
Traceback (most recent call last):
  File "/usr/lib/python3.12/threading.py", line 1073, in _bootstrap_inner
    self.run()
  File "/usr/lib/python3.12/threading.py", line 1010, in run
    self._target(*self._args, **self._kwargs)
  File "/workspace/h1/RH/scripts/rh/day038_h1_3e10_gpu.py", line 569, in _chunk
    sr, si, br, bi, s_ar, dm = slabfn(
                               ^^^^^^^
  File "/workspace/h1/RH/scripts/rh/day038_h1_3e10_gpu.py", line 445, in slab_budget_gpu
    A = g2 + 0.25
        ~~~^~~~~~
  File "cupy/_core/core.pyx", line 1570, in cupy._core.core._ndarray_base.__add__
  File "cupy/_core/core.pyx", line 2024, in cupy._core.core._ndarray_base.__array_ufunc__
  File "cupy/_core/_kernel.pyx", line 1374, in cupy._core._kernel.ufunc.__call__
  File "cupy/_core/_kernel.pyx", line 657, in cupy._core._kernel._get_out_args_from_optionals
  File "cupy/_core/core.pyx", line 3342, in cupy._core.core._ndarray_init
  File "cupy/_core/core.pyx", line 300, in cupy._core.core._ndarray_base._init_fast
  File "cupy/cuda/memory.pyx", line 904, in cupy.cuda.memory.alloc
  File "cupy/cuda/memory.pyx", line 1614, in cupy.cuda.memory.MemoryPool.malloc
  File "cupy/cuda/memory.pyx", line 1635, in cupy.cuda.memory.MemoryPool.malloc
  File "cupy/cuda/memory.pyx", line 1350, in cupy.cuda.memory.SingleDeviceMemoryPool.malloc
  File "cupy/cuda/memory.pyx", line 1376, in cupy.cuda.memory.SingleDeviceMemoryPool._malloc
  File "cupy/cuda/memory.pyx", line 1560, in cupy.cuda.memory.SingleDeviceMemoryPool._try_malloc
cupy.cuda.memory.OutOfMemoryError: Out of memory allocating 134,217,728 bytes (allocated so far: 536,870,912 bytes).
    self.run()
  File "/usr/lib/python3.12/threading.py", line 1010, in run
    self._target(*self._args, **self._kwargs)
  File "/workspace/h1/RH/scripts/rh/day038_h1_3e10_gpu.py", line 569, in _chunk
    sr, si, br, bi, s_ar, dm = slabfn(
                               ^^^^^^^
  File "/workspace/h1/RH/scripts/rh/day038_h1_3e10_gpu.py", line 443, in slab_budget_gpu
    cc = cp.asarray(c)
         ^^^^^^^^^^^^^
  File "/opt/venvs/cupy/lib/python3.12/site-packages/cupy/_creation/from_data.py", line 94, in asarray
    return _core.array(a, dtype, copy, order, blocking=blocking)
           ^^^^^^^^^^^^^^^^^^^^^^^^^^^^^^^^^^^^^^^^^^^^^^^^^^^^^
  File "cupy/_core/core.pyx", line 2821, in cupy._core.core.array
  File "cupy/_core/core.pyx", line 2841, in cupy._core.core.array
  File "cupy/_core/core.pyx", line 3067, in cupy._core.core._array_default
  File "cupy/_core/core.pyx", line 176, in cupy._core.core.ndarray.__new__
  File "cupy/_core/core.pyx", line 282, in cupy._core.core._ndarray_base._init
  File "cupy/cuda/memory.pyx", line 904, in cupy.cuda.memory.alloc
  File "cupy/cuda/memory.pyx", line 1614, in cupy.cuda.memory.MemoryPool.malloc
  File "cupy/cuda/memory.pyx", line 1635, in cupy.cuda.memory.MemoryPool.malloc
  File "cupy/cuda/memory.pyx", line 1350, in cupy.cuda.memory.SingleDeviceMemoryPool.malloc
  File "cupy/cuda/memory.pyx", line 1376, in cupy.cuda.memory.SingleDeviceMemoryPool._malloc
  File "cupy/cuda/memory.pyx", line 1560, in cupy.cuda.memory.SingleDeviceMemoryPool._try_malloc
cupy.cuda.memory.OutOfMemoryError: Out of memory allocating 134,217,728 bytes (allocated so far: 536,870,912 bytes).
Exception in thread Thread-253 (_chunk):
Traceback (most recent call last):
  File "/usr/lib/python3.12/threading.py", line 1073, in _bootstrap_inner
    self.run()
  File "/usr/lib/python3.12/threading.py", line 1010, in run
    self._target(*self._args, **self._kwargs)
  File "/workspace/h1/RH/scripts/rh/day038_h1_3e10_gpu.py", line 569, in _chunk
    sr, si, br, bi, s_ar, dm = slabfn(
                               ^^^^^^^
  File "/workspace/h1/RH/scripts/rh/day038_h1_3e10_gpu.py", line 444, in slab_budget_gpu
    g2 = cc * cc
         ~~~^~~~
  File "cupy/_core/core.pyx", line 1582, in cupy._core.core._ndarray_base.__mul__
  File "cupy/_core/_kernel.pyx", line 1374, in cupy._core._kernel.ufunc.__call__
  File "cupy/_core/_kernel.pyx", line 657, in cupy._core._kernel._get_out_args_from_optionals
  File "cupy/_core/core.pyx", line 3342, in cupy._core.core._ndarray_init
  File "cupy/_core/core.pyx", line 300, in cupy._core.core._ndarray_base._init_fast
  File "cupy/cuda/memory.pyx", line 904, in cupy.cuda.memory.alloc
  File "cupy/cuda/memory.pyx", line 1614, in cupy.cuda.memory.MemoryPool.malloc
  File "cupy/cuda/memory.pyx", line 1635, in cupy.cuda.memory.MemoryPool.malloc
  File "cupy/cuda/memory.pyx", line 1350, in cupy.cuda.memory.SingleDeviceMemoryPool.malloc
  File "cupy/cuda/memory.pyx", line 1376, in cupy.cuda.memory.SingleDeviceMemoryPool._malloc
  File "cupy/cuda/memory.pyx", line 1560, in cupy.cuda.memory.SingleDeviceMemoryPool._try_malloc
cupy.cuda.memory.OutOfMemoryError: Out of memory allocating 134,217,728 bytes (allocated so far: 268,435,456 bytes).
Exception in thread Thread-251 (_chunk):
Traceback (most recent call last):
  File "/usr/lib/python3.12/threading.py", line 1073, in _bootstrap_inner
    self.run()
  File "/usr/lib/python3.12/threading.py", line 1010, in run
    self._target(*self._args, **self._kwargs)
  File "/workspace/h1/RH/scripts/rh/day038_h1_3e10_gpu.py", line 569, in _chunk
    sr, si, br, bi, s_ar, dm = slabfn(
                               ^^^^^^^
  File "/workspace/h1/RH/scripts/rh/day038_h1_3e10_gpu.py", line 444, in slab_budget_gpu
    g2 = cc * cc
         ~~~^~~~
  File "cupy/_core/core.pyx", line 1582, in cupy._core.core._ndarray_base.__mul__
  File "cupy/_core/_kernel.pyx", line 1374, in cupy._core._kernel.ufunc.__call__
  File "cupy/_core/_kernel.pyx", line 657, in cupy._core._kernel._get_out_args_from_optionals
  File "cupy/_core/core.pyx", line 3342, in cupy._core.core._ndarray_init
  File "cupy/_core/core.pyx", line 300, in cupy._core.core._ndarray_base._init_fast
  File "cupy/cuda/memory.pyx", line 904, in cupy.cuda.memory.alloc
  File "cupy/cuda/memory.pyx", line 1614, in cupy.cuda.memory.MemoryPool.malloc
  File "cupy/cuda/memory.pyx", line 1635, in cupy.cuda.memory.MemoryPool.malloc
  File "cupy/cuda/memory.pyx", line 1350, in cupy.cuda.memory.SingleDeviceMemoryPool.malloc
  File "cupy/cuda/memory.pyx", line 1376, in cupy.cuda.memory.SingleDeviceMemoryPool._malloc
  File "cupy/cuda/memory.pyx", line 1560, in cupy.cuda.memory.SingleDeviceMemoryPool._try_malloc
cupy.cuda.memory.OutOfMemoryError: Out of memory allocating 134,217,728 bytes (allocated so far: 536,870,912 bytes).
Exception in thread Thread-252 (_chunk):
Traceback (most recent call last):
  File "/usr/lib/python3.12/threading.py", line 1073, in _bootstrap_inner
    self.run()
  File "/usr/lib/python3.12/threading.py", line 1010, in run
    self._target(*self._args, **self._kwargs)
  File "/workspace/h1/RH/scripts/rh/day038_h1_3e10_gpu.py", line 569, in _chunk
    sr, si, br, bi, s_ar, dm = slabfn(
                               ^^^^^^^
  File "/workspace/h1/RH/scripts/rh/day038_h1_3e10_gpu.py", line 444, in slab_budget_gpu
    g2 = cc * cc
         ~~~^~~~
  File "cupy/_core/core.pyx", line 1582, in cupy._core.core._ndarray_base.__mul__
  File "cupy/_core/_kernel.pyx", line 1374, in cupy._core._kernel.ufunc.__call__
  File "cupy/_core/_kernel.pyx", line 657, in cupy._core._kernel._get_out_args_from_optionals
  File "cupy/_core/core.pyx", line 3342, in cupy._core.core._ndarray_init
  File "cupy/_core/core.pyx", line 300, in cupy._core.core._ndarray_base._init_fast
  File "cupy/cuda/memory.pyx", line 904, in cupy.cuda.memory.alloc
  File "cupy/cuda/memory.pyx", line 1614, in cupy.cuda.memory.MemoryPool.malloc
  File "cupy/cuda/memory.pyx", line 1635, in cupy.cuda.memory.MemoryPool.malloc
  File "cupy/cuda/memory.pyx", line 1350, in cupy.cuda.memory.SingleDeviceMemoryPool.malloc
  File "cupy/cuda/memory.pyx", line 1376, in cupy.cuda.memory.SingleDeviceMemoryPool._malloc
  File "cupy/cuda/memory.pyx", line 1560, in cupy.cuda.memory.SingleDeviceMemoryPool._try_malloc
cupy.cuda.memory.OutOfMemoryError: Out of memory allocating 134,217,728 bytes (allocated so far: 536,870,912 bytes).
Exception in thread Thread-254 (_chunk):
Traceback (most recent call last):
  File "/usr/lib/python3.12/threading.py", line 1073, in _bootstrap_inner
    self.run()
  File "/usr/lib/python3.12/threading.py", line 1010, in run
    self._target(*self._args, **self._kwargs)
  File "/workspace/h1/RH/scripts/rh/day038_h1_3e10_gpu.py", line 569, in _chunk
    sr, si, br, bi, s_ar, dm = slabfn(
                               ^^^^^^^
  File "/workspace/h1/RH/scripts/rh/day038_h1_3e10_gpu.py", line 443, in slab_budget_gpu
    cc = cp.asarray(c)
         ^^^^^^^^^^^^^
  File "/opt/venvs/cupy/lib/python3.12/site-packages/cupy/_creation/from_data.py", line 94, in asarray
    return _core.array(a, dtype, copy, order, blocking=blocking)
           ^^^^^^^^^^^^^^^^^^^^^^^^^^^^^^^^^^^^^^^^^^^^^^^^^^^^^
  File "cupy/_core/core.pyx", line 2821, in cupy._core.core.array
  File "cupy/_core/core.pyx", line 2841, in cupy._core.core.array
  File "cupy/_core/core.pyx", line 3067, in cupy._core.core._array_default
  File "cupy/_core/core.pyx", line 176, in cupy._core.core.ndarray.__new__
  File "cupy/_core/core.pyx", line 282, in cupy._core.core._ndarray_base._init
  File "cupy/cuda/memory.pyx", line 904, in cupy.cuda.memory.alloc
  File "cupy/cuda/memory.pyx", line 1614, in cupy.cuda.memory.MemoryPool.malloc
  File "cupy/cuda/memory.pyx", line 1635, in cupy.cuda.memory.MemoryPool.malloc
  File "cupy/cuda/memory.pyx", line 1350, in cupy.cuda.memory.SingleDeviceMemoryPool.malloc
  File "cupy/cuda/memory.pyx", line 1376, in cupy.cuda.memory.SingleDeviceMemoryPool._malloc
  File "cupy/cuda/memory.pyx", line 1560, in cupy.cuda.memory.SingleDeviceMemoryPool._try_malloc
cupy.cuda.memory.OutOfMemoryError: Out of memory allocating 134,217,728 bytes (allocated so far: 268,435,456 bytes).
Exception in thread Thread-256 (_chunk):
Traceback (most recent call last):
  File "/usr/lib/python3.12/threading.py", line 1073, in _bootstrap_inner
    self.run()
  File "/usr/lib/python3.12/threading.py", line 1010, in run
    self._target(*self._args, **self._kwargs)
  File "/workspace/h1/RH/scripts/rh/day038_h1_3e10_gpu.py", line 569, in _chunk
    sr, si, br, bi, s_ar, dm = slabfn(
                               ^^^^^^^
  File "/workspace/h1/RH/scripts/rh/day038_h1_3e10_gpu.py", line 444, in slab_budget_gpu
    g2 = cc * cc
         ~~~^~~~
  File "cupy/_core/core.pyx", line 1582, in cupy._core.core._ndarray_base.__mul__
  File "cupy/_core/_kernel.pyx", line 1374, in cupy._core._kernel.ufunc.__call__
  File "cupy/_core/_kernel.pyx", line 657, in cupy._core._kernel._get_out_args_from_optionals
  File "cupy/_core/core.pyx", line 3342, in cupy._core.core._ndarray_init
  File "cupy/_core/core.pyx", line 300, in cupy._core.core._ndarray_base._init_fast
  File "cupy/cuda/memory.pyx", line 904, in cupy.cuda.memory.alloc
  File "cupy/cuda/memory.pyx", line 1614, in cupy.cuda.memory.MemoryPool.malloc
  File "cupy/cuda/memory.pyx", line 1635, in cupy.cuda.memory.MemoryPool.malloc
  File "cupy/cuda/memory.pyx", line 1350, in cupy.cuda.memory.SingleDeviceMemoryPool.malloc
  File "cupy/cuda/memory.pyx", line 1376, in cupy.cuda.memory.SingleDeviceMemoryPool._malloc
  File "cupy/cuda/memory.pyx", line 1560, in cupy.cuda.memory.SingleDeviceMemoryPool._try_malloc
cupy.cuda.memory.OutOfMemoryError: Out of memory allocating 134,217,728 bytes (allocated so far: 268,435,456 bytes).
Exception in thread Thread-255 (_chunk):
Traceback (most recent call last):
  File "/usr/lib/python3.12/threading.py", line 1073, in _bootstrap_inner
    self.run()
  File "/usr/lib/python3.12/threading.py", line 1010, in run
    self._target(*self._args, **self._kwargs)
  File "/workspace/h1/RH/scripts/rh/day038_h1_3e10_gpu.py", line 569, in _chunk
    sr, si, br, bi, s_ar, dm = slabfn(
                               ^^^^^^^
  File "/workspace/h1/RH/scripts/rh/day038_h1_3e10_gpu.py", line 445, in slab_budget_gpu
    A = g2 + 0.25
        ~~~^~~~~~
  File "cupy/_core/core.pyx", line 1570, in cupy._core.core._ndarray_base.__add__
  File "cupy/_core/core.pyx", line 2024, in cupy._core.core._ndarray_base.__array_ufunc__
  File "cupy/_core/_kernel.pyx", line 1374, in cupy._core._kernel.ufunc.__call__
  File "cupy/_core/_kernel.pyx", line 657, in cupy._core._kernel._get_out_args_from_optionals
  File "cupy/_core/core.pyx", line 3342, in cupy._core.core._ndarray_init
  File "cupy/_core/core.pyx", line 300, in cupy._core.core._ndarray_base._init_fast
  File "cupy/cuda/memory.pyx", line 904, in cupy.cuda.memory.alloc
  File "cupy/cuda/memory.pyx", line 1614, in cupy.cuda.memory.MemoryPool.malloc
  File "cupy/cuda/memory.pyx", line 1635, in cupy.cuda.memory.MemoryPool.malloc
  File "cupy/cuda/memory.pyx", line 1350, in cupy.cuda.memory.SingleDeviceMemoryPool.malloc
  File "cupy/cuda/memory.pyx", line 1376, in cupy.cuda.memory.SingleDeviceMemoryPool._malloc
  File "cupy/cuda/memory.pyx", line 1560, in cupy.cuda.memory.SingleDeviceMemoryPool._try_malloc
cupy.cuda.memory.OutOfMemoryError: Out of memory allocating 134,217,728 bytes (allocated so far: 268,435,456 bytes).
point  job  (win  1,  k  -2,  x=1.025299294e+10)  WORKER  FAILED:  TypeError('cannot unpack non-iterable NoneType object')  --  done  points  are  checkpointed;  supervisor  resumes
Exception in thread Thread-259 (_chunk):
Traceback (most recent call last):
  File "/usr/lib/python3.12/threading.py", line 1073, in _bootstrap_inner
Exception in thread Thread-263 (_chunk):
Exception in thread Thread-257 (_chunk):
Traceback (most recent call last):
  File "/usr/lib/python3.12/threading.py", line 1073, in _bootstrap_inner
    self.run()
  File "/usr/lib/python3.12/threading.py", line 1010, in run
    self._target(*self._args, **self._kwargs)
  File "/workspace/h1/RH/scripts/rh/day038_h1_3e10_gpu.py", line 569, in _chunk
    sr, si, br, bi, s_ar, dm = slabfn(
                               ^^^^^^^
  File "/workspace/h1/RH/scripts/rh/day038_h1_3e10_gpu.py", line 444, in slab_budget_gpu
    g2 = cc * cc
         ~~~^~~~
  File "cupy/_core/core.pyx", line 1582, in cupy._core.core._ndarray_base.__mul__
  File "cupy/_core/_kernel.pyx", line 1374, in cupy._core._kernel.ufunc.__call__
  File "cupy/_core/_kernel.pyx", line 657, in cupy._core._kernel._get_out_args_from_optionals
  File "cupy/_core/core.pyx", line 3342, in cupy._core.core._ndarray_init
  File "cupy/_core/core.pyx", line 300, in cupy._core.core._ndarray_base._init_fast
  File "cupy/cuda/memory.pyx", line 904, in cupy.cuda.memory.alloc
  File "cupy/cuda/memory.pyx", line 1614, in cupy.cuda.memory.MemoryPool.malloc
  File "cupy/cuda/memory.pyx", line 1635, in cupy.cuda.memory.MemoryPool.malloc
  File "cupy/cuda/memory.pyx", line 1350, in cupy.cuda.memory.SingleDeviceMemoryPool.malloc
  File "cupy/cuda/memory.pyx", line 1376, in cupy.cuda.memory.SingleDeviceMemoryPool._malloc
  File "cupy/cuda/memory.pyx", line 1560, in cupy.cuda.memory.SingleDeviceMemoryPool._try_malloc
cupy.cuda.memory.OutOfMemoryError: Out of memory allocating 134,217,728 bytes (allocated so far: 536,870,912 bytes).
Exception in thread Thread-264 (_chunk):
Traceback (most recent call last):
  File "/usr/lib/python3.12/threading.py", line 1073, in _bootstrap_inner
    self.run()
  File "/usr/lib/python3.12/threading.py", line 1010, in run
    self._target(*self._args, **self._kwargs)
  File "/workspace/h1/RH/scripts/rh/day038_h1_3e10_gpu.py", line 569, in _chunk
    sr, si, br, bi, s_ar, dm = slabfn(
                               ^^^^^^^
  File "/workspace/h1/RH/scripts/rh/day038_h1_3e10_gpu.py", line 443, in slab_budget_gpu
    cc = cp.asarray(c)
         ^^^^^^^^^^^^^
  File "/opt/venvs/cupy/lib/python3.12/site-packages/cupy/_creation/from_data.py", line 94, in asarray
    return _core.array(a, dtype, copy, order, blocking=blocking)
           ^^^^^^^^^^^^^^^^^^^^^^^^^^^^^^^^^^^^^^^^^^^^^^^^^^^^^
  File "cupy/_core/core.pyx", line 2821, in cupy._core.core.array
  File "cupy/_core/core.pyx", line 2841, in cupy._core.core.array
  File "cupy/_core/core.pyx", line 3067, in cupy._core.core._array_default
  File "cupy/_core/core.pyx", line 176, in cupy._core.core.ndarray.__new__
  File "cupy/_core/core.pyx", line 282, in cupy._core.core._ndarray_base._init
  File "cupy/cuda/memory.pyx", line 904, in cupy.cuda.memory.alloc
  File "cupy/cuda/memory.pyx", line 1614, in cupy.cuda.memory.MemoryPool.malloc
  File "cupy/cuda/memory.pyx", line 1635, in cupy.cuda.memory.MemoryPool.malloc
  File "cupy/cuda/memory.pyx", line 1350, in cupy.cuda.memory.SingleDeviceMemoryPool.malloc
  File "cupy/cuda/memory.pyx", line 1376, in cupy.cuda.memory.SingleDeviceMemoryPool._malloc
  File "cupy/cuda/memory.pyx", line 1560, in cupy.cuda.memory.SingleDeviceMemoryPool._try_malloc
cupy.cuda.memory.OutOfMemoryError: Out of memory allocating 134,217,728 bytes (allocated so far: 402,653,184 bytes).
Exception in thread Traceback (most recent call last):
  File "/usr/lib/python3.12/threading.py", line 1073, in _bootstrap_inner
    self.run()
  File "/usr/lib/python3.12/threading.py", line 1010, in run
    self._target(*self._args, **self._kwargs)
  File "/workspace/h1/RH/scripts/rh/day038_h1_3e10_gpu.py", line 569, in _chunk
    sr, si, br, bi, s_ar, dm = slabfn(
                               ^^^^^^^
  File "/workspace/h1/RH/scripts/rh/day038_h1_3e10_gpu.py", line 443, in slab_budget_gpu
    cc = cp.asarray(c)
         ^^^^^^^^^^^^^
  File "/opt/venvs/cupy/lib/python3.12/site-packages/cupy/_creation/from_data.py", line 94, in asarray
    return _core.array(a, dtype, copy, order, blocking=blocking)
           ^^^^^^^^^^^^^^^^^^^^^^^^^^^^^^^^^^^^^^^^^^^^^^^^^^^^^
  File "cupy/_core/core.pyx", line 2821, in cupy._core.core.array
  File "cupy/_core/core.pyx", line 2841, in cupy._core.core.array
  File "cupy/_core/core.pyx", line 3067, in cupy._core.core._array_default
  File "cupy/_core/core.pyx", line 176, in cupy._core.core.ndarray.__new__
  File "cupy/_core/core.pyx", line 282, in cupy._core.core._ndarray_base._init
  File "cupy/cuda/memory.pyx", line 904, in cupy.cuda.memory.alloc
  File "cupy/cuda/memory.pyx", line 1614, in cupy.cuda.memory.MemoryPool.malloc
  File "cupy/cuda/memory.pyx", line 1635, in cupy.cuda.memory.MemoryPool.malloc
  File "cupy/cuda/memory.pyx", line 1350, in cupy.cuda.memory.SingleDeviceMemoryPool.malloc
  File "cupy/cuda/memory.pyx", line 1376, in cupy.cuda.memory.SingleDeviceMemoryPool._malloc
  File "cupy/cuda/memory.pyx", line 1560, in cupy.cuda.memory.SingleDeviceMemoryPool._try_malloc
cupy.cuda.memory.OutOfMemoryError: Out of memory allocating 134,217,728 bytes (allocated so far: 671,088,640 bytes).
    self.run()
  File "/usr/lib/python3.12/threading.py", line 1010, in run
    self._target(*self._args, **self._kwargs)
  File "/workspace/h1/RH/scripts/rh/day038_h1_3e10_gpu.py", line 569, in _chunk
    sr, si, br, bi, s_ar, dm = slabfn(
                               ^^^^^^^
  File "/workspace/h1/RH/scripts/rh/day038_h1_3e10_gpu.py", line 443, in slab_budget_gpu
    cc = cp.asarray(c)
         ^^^^^^^^^^^^^
  File "/opt/venvs/cupy/lib/python3.12/site-packages/cupy/_creation/from_data.py", line 94, in asarray
    return _core.array(a, dtype, copy, order, blocking=blocking)
           ^^^^^^^^^^^^^^^^^^^^^^^^^^^^^^^^^^^^^^^^^^^^^^^^^^^^^
  File "cupy/_core/core.pyx", line 2821, in cupy._core.core.array
  File "cupy/_core/core.pyx", line 2841, in cupy._core.core.array
  File "cupy/_core/core.pyx", line 3067, in cupy._core.core._array_default
  File "cupy/_core/core.pyx", line 176, in cupy._core.core.ndarray.__new__
  File "cupy/_core/core.pyx", line 282, in cupy._core.core._ndarray_base._init
  File "cupy/cuda/memory.pyx", line 904, in cupy.cuda.memory.alloc
  File "cupy/cuda/memory.pyx", line 1614, in cupy.cuda.memory.MemoryPool.malloc
  File "cupy/cuda/memory.pyx", line 1635, in cupy.cuda.memory.MemoryPool.malloc
  File "cupy/cuda/memory.pyx", line 1350, in cupy.cuda.memory.SingleDeviceMemoryPool.malloc
  File "cupy/cuda/memory.pyx", line 1376, in cupy.cuda.memory.SingleDeviceMemoryPool._malloc
  File "cupy/cuda/memory.pyx", line 1560, in cupy.cuda.memory.SingleDeviceMemoryPool._try_malloc
cupy.cuda.memory.OutOfMemoryError: Out of memory allocating 134,217,728 bytes (allocated so far: 671,088,640 bytes).
Thread-258 (_chunk):
Traceback (most recent call last):
  File "/usr/lib/python3.12/threading.py", line 1073, in _bootstrap_inner
Exception in thread Thread-261 (_chunk):
Traceback (most recent call last):
  File "/usr/lib/python3.12/threading.py", line 1073, in _bootstrap_inner
    self.run()
  File "/usr/lib/python3.12/threading.py", line 1010, in run
    self._target(*self._args, **self._kwargs)
  File "/workspace/h1/RH/scripts/rh/day038_h1_3e10_gpu.py", line 569, in _chunk
    sr, si, br, bi, s_ar, dm = slabfn(
                               ^^^^^^^
  File "/workspace/h1/RH/scripts/rh/day038_h1_3e10_gpu.py", line 445, in slab_budget_gpu
    A = g2 + 0.25
        ~~~^~~~~~
  File "cupy/_core/core.pyx", line 1570, in cupy._core.core._ndarray_base.__add__
  File "cupy/_core/core.pyx", line 2024, in cupy._core.core._ndarray_base.__array_ufunc__
  File "cupy/_core/_kernel.pyx", line 1374, in cupy._core._kernel.ufunc.__call__
  File "cupy/_core/_kernel.pyx", line 657, in cupy._core._kernel._get_out_args_from_optionals
  File "cupy/_core/core.pyx", line 3342, in cupy._core.core._ndarray_init
  File "cupy/_core/core.pyx", line 300, in cupy._core.core._ndarray_base._init_fast
  File "cupy/cuda/memory.pyx", line 904, in cupy.cuda.memory.alloc
  File "cupy/cuda/memory.pyx", line 1614, in cupy.cuda.memory.MemoryPool.malloc
  File "cupy/cuda/memory.pyx", line 1635, in cupy.cuda.memory.MemoryPool.malloc
  File "cupy/cuda/memory.pyx", line 1350, in cupy.cuda.memory.SingleDeviceMemoryPool.malloc
  File "cupy/cuda/memory.pyx", line 1376, in cupy.cuda.memory.SingleDeviceMemoryPool._malloc
  File "cupy/cuda/memory.pyx", line 1560, in cupy.cuda.memory.SingleDeviceMemoryPool._try_malloc
cupy.cuda.memory.OutOfMemoryError: Out of memory allocating 134,217,728 bytes (allocated so far: 536,870,912 bytes).
    self.run()
  File "/usr/lib/python3.12/threading.py", line 1010, in run
    self._target(*self._args, **self._kwargs)
  File "/workspace/h1/RH/scripts/rh/day038_h1_3e10_gpu.py", line 569, in _chunk
    sr, si, br, bi, s_ar, dm = slabfn(
                               ^^^^^^^
  File "/workspace/h1/RH/scripts/rh/day038_h1_3e10_gpu.py", line 443, in slab_budget_gpu
    cc = cp.asarray(c)
         ^^^^^^^^^^^^^
  File "/opt/venvs/cupy/lib/python3.12/site-packages/cupy/_creation/from_data.py", line 94, in asarray
    return _core.array(a, dtype, copy, order, blocking=blocking)
           ^^^^^^^^^^^^^^^^^^^^^^^^^^^^^^^^^^^^^^^^^^^^^^^^^^^^^
  File "cupy/_core/core.pyx", line 2821, in cupy._core.core.array
  File "cupy/_core/core.pyx", line 2841, in cupy._core.core.array
  File "cupy/_core/core.pyx", line 3067, in cupy._core.core._array_default
  File "cupy/_core/core.pyx", line 176, in cupy._core.core.ndarray.__new__
  File "cupy/_core/core.pyx", line 282, in cupy._core.core._ndarray_base._init
  File "cupy/cuda/memory.pyx", line 904, in cupy.cuda.memory.alloc
  File "cupy/cuda/memory.pyx", line 1614, in cupy.cuda.memory.MemoryPool.malloc
  File "cupy/cuda/memory.pyx", line 1635, in cupy.cuda.memory.MemoryPool.malloc
  File "cupy/cuda/memory.pyx", line 1350, in cupy.cuda.memory.SingleDeviceMemoryPool.malloc
  File "cupy/cuda/memory.pyx", line 1376, in cupy.cuda.memory.SingleDeviceMemoryPool._malloc
  File "cupy/cuda/memory.pyx", line 1560, in cupy.cuda.memory.SingleDeviceMemoryPool._try_malloc
cupy.cuda.memory.OutOfMemoryError: Out of memory allocating 134,217,728 bytes (allocated so far: 268,435,456 bytes).
Exception in thread Thread-260 (_chunk):
Traceback (most recent call last):
  File "/usr/lib/python3.12/threading.py", line 1073, in _bootstrap_inner
    self.run()
  File "/usr/lib/python3.12/threading.py", line 1010, in run
    self._target(*self._args, **self._kwargs)
  File "/workspace/h1/RH/scripts/rh/day038_h1_3e10_gpu.py", line 569, in _chunk
    sr, si, br, bi, s_ar, dm = slabfn(
                               ^^^^^^^
  File "/workspace/h1/RH/scripts/rh/day038_h1_3e10_gpu.py", line 443, in slab_budget_gpu
    cc = cp.asarray(c)
         ^^^^^^^^^^^^^
  File "/opt/venvs/cupy/lib/python3.12/site-packages/cupy/_creation/from_data.py", line 94, in asarray
    return _core.array(a, dtype, copy, order, blocking=blocking)
           ^^^^^^^^^^^^^^^^^^^^^^^^^^^^^^^^^^^^^^^^^^^^^^^^^^^^^
  File "cupy/_core/core.pyx", line 2821, in cupy._core.core.array
  File "cupy/_core/core.pyx", line 2841, in cupy._core.core.array
  File "cupy/_core/core.pyx", line 3067, in cupy._core.core._array_default
  File "cupy/_core/core.pyx", line 176, in cupy._core.core.ndarray.__new__
  File "cupy/_core/core.pyx", line 282, in cupy._core.core._ndarray_base._init
  File "cupy/cuda/memory.pyx", line 904, in cupy.cuda.memory.alloc
  File "cupy/cuda/memory.pyx", line 1614, in cupy.cuda.memory.MemoryPool.malloc
  File "cupy/cuda/memory.pyx", line 1635, in cupy.cuda.memory.MemoryPool.malloc
  File "cupy/cuda/memory.pyx", line 1350, in cupy.cuda.memory.SingleDeviceMemoryPool.malloc
  File "cupy/cuda/memory.pyx", line 1376, in cupy.cuda.memory.SingleDeviceMemoryPool._malloc
  File "cupy/cuda/memory.pyx", line 1560, in cupy.cuda.memory.SingleDeviceMemoryPool._try_malloc
cupy.cuda.memory.OutOfMemoryError: Out of memory allocating 134,217,728 bytes (allocated so far: 402,653,184 bytes).
Exception in thread Thread-262 (_chunk):
Traceback (most recent call last):
  File "/usr/lib/python3.12/threading.py", line 1073, in _bootstrap_inner
    self.run()
  File "/usr/lib/python3.12/threading.py", line 1010, in run
    self._target(*self._args, **self._kwargs)
  File "/workspace/h1/RH/scripts/rh/day038_h1_3e10_gpu.py", line 569, in _chunk
    sr, si, br, bi, s_ar, dm = slabfn(
                               ^^^^^^^
  File "/workspace/h1/RH/scripts/rh/day038_h1_3e10_gpu.py", line 445, in slab_budget_gpu
    A = g2 + 0.25
        ~~~^~~~~~
  File "cupy/_core/core.pyx", line 1570, in cupy._core.core._ndarray_base.__add__
  File "cupy/_core/core.pyx", line 2024, in cupy._core.core._ndarray_base.__array_ufunc__
  File "cupy/_core/_kernel.pyx", line 1374, in cupy._core._kernel.ufunc.__call__
  File "cupy/_core/_kernel.pyx", line 657, in cupy._core._kernel._get_out_args_from_optionals
  File "cupy/_core/core.pyx", line 3342, in cupy._core.core._ndarray_init
  File "cupy/_core/core.pyx", line 300, in cupy._core.core._ndarray_base._init_fast
  File "cupy/cuda/memory.pyx", line 904, in cupy.cuda.memory.alloc
  File "cupy/cuda/memory.pyx", line 1614, in cupy.cuda.memory.MemoryPool.malloc
  File "cupy/cuda/memory.pyx", line 1635, in cupy.cuda.memory.MemoryPool.malloc
  File "cupy/cuda/memory.pyx", line 1350, in cupy.cuda.memory.SingleDeviceMemoryPool.malloc
  File "cupy/cuda/memory.pyx", line 1376, in cupy.cuda.memory.SingleDeviceMemoryPool._malloc
  File "cupy/cuda/memory.pyx", line 1560, in cupy.cuda.memory.SingleDeviceMemoryPool._try_malloc
cupy.cuda.memory.OutOfMemoryError: Out of memory allocating 134,217,728 bytes (allocated so far: 268,435,456 bytes).
point  job  (win  1,  k  -1,  x=1.025299294e+10)  WORKER  FAILED:  TypeError('cannot unpack non-iterable NoneType object')  --  done  points  are  checkpointed;  supervisor  resumes
Exception in thread Thread-265 (_chunk):
Traceback (most recent call last):
  File "/usr/lib/python3.12/threading.py", line 1073, in _bootstrap_inner
    self.run()
  File "/usr/lib/python3.12/threading.py", line 1010, in run
    self._target(*self._args, **self._kwargs)
  File "/workspace/h1/RH/scripts/rh/day038_h1_3e10_gpu.py", line 569, in _chunk
    sr, si, br, bi, s_ar, dm = slabfn(
                               ^^^^^^^
  File "/workspace/h1/RH/scripts/rh/day038_h1_3e10_gpu.py", line 445, in slab_budget_gpu
    A = g2 + 0.25
        ~~~^~~~~~
  File "cupy/_core/core.pyx", line 1570, in cupy._core.core._ndarray_base.__add__
  File "cupy/_core/core.pyx", line 2024, in cupy._core.core._ndarray_base.__array_ufunc__
  File "cupy/_core/_kernel.pyx", line 1374, in cupy._core._kernel.ufunc.__call__
  File "cupy/_core/_kernel.pyx", line 657, in cupy._core._kernel._get_out_args_from_optionals
  File "cupy/_core/core.pyx", line 3342, in cupy._core.core._ndarray_init
  File "cupy/_core/core.pyx", line 300, in cupy._core.core._ndarray_base._init_fast
  File "cupy/cuda/memory.pyx", line 904, in cupy.cuda.memory.alloc
  File "cupy/cuda/memory.pyx", line 1614, in cupy.cuda.memory.MemoryPool.malloc
  File "cupy/cuda/memory.pyx", line 1635, in cupy.cuda.memory.MemoryPool.malloc
  File "cupy/cuda/memory.pyx", line 1350, in cupy.cuda.memory.SingleDeviceMemoryPool.malloc
  File "cupy/cuda/memory.pyx", line 1376, in cupy.cuda.memory.SingleDeviceMemoryPool._malloc
  File "cupy/cuda/memory.pyx", line 1560, in cupy.cuda.memory.SingleDeviceMemoryPool._try_malloc
cupy.cuda.memory.OutOfMemoryError: Out of memory allocating 134,217,728 bytes (allocated so far: 268,435,456 bytes).
Exception in thread Thread-268 (_chunk):
Traceback (most recent call last):
  File "/usr/lib/python3.12/threading.py", line 1073, in _bootstrap_inner
    self.run()
  File "/usr/lib/python3.12/threading.py", line 1010, in run
    self._target(*self._args, **self._kwargs)
  File "/workspace/h1/RH/scripts/rh/day038_h1_3e10_gpu.py", line 569, in _chunk
    sr, si, br, bi, s_ar, dm = slabfn(
                               ^^^^^^^
  File "/workspace/h1/RH/scripts/rh/day038_h1_3e10_gpu.py", line 443, in slab_budget_gpu
    cc = cp.asarray(c)
         ^^^^^^^^^^^^^
  File "/opt/venvs/cupy/lib/python3.12/site-packages/cupy/_creation/from_data.py", line 94, in asarray
    return _core.array(a, dtype, copy, order, blocking=blocking)
           ^^^^^^^^^^^^^^^^^^^^^^^^^^^^^^^^^^^^^^^^^^^^^^^^^^^^^
  File "cupy/_core/core.pyx", line 2821, in cupy._core.core.array
  File "cupy/_core/core.pyx", line 2841, in cupy._core.core.array
  File "cupy/_core/core.pyx", line 3067, in cupy._core.core._array_default
  File "cupy/_core/core.pyx", line 176, in cupy._core.core.ndarray.__new__
  File "cupy/_core/core.pyx", line 282, in cupy._core.core._ndarray_base._init
  File "cupy/cuda/memory.pyx", line 904, in cupy.cuda.memory.alloc
  File "cupy/cuda/memory.pyx", line 1614, in cupy.cuda.memory.MemoryPool.malloc
  File "cupy/cuda/memory.pyx", line 1635, in cupy.cuda.memory.MemoryPool.malloc
  File "cupy/cuda/memory.pyx", line 1350, in cupy.cuda.memory.SingleDeviceMemoryPool.malloc
  File "cupy/cuda/memory.pyx", line 1376, in cupy.cuda.memory.SingleDeviceMemoryPool._malloc
  File "cupy/cuda/memory.pyx", line 1560, in cupy.cuda.memory.SingleDeviceMemoryPool._try_malloc
cupy.cuda.memory.OutOfMemoryError: Out of memory allocating 134,217,728 bytes (allocated so far: 671,088,640 bytes).
Exception in thread Thread-270 (_chunk):
Traceback (most recent call last):
  File "/usr/lib/python3.12/threading.py", line 1073, in _bootstrap_inner
    self.run()
  File "/usr/lib/python3.12/threading.py", line 1010, in run
    self._target(*self._args, **self._kwargs)
  File "/workspace/h1/RH/scripts/rh/day038_h1_3e10_gpu.py", line 569, in _chunk
    sr, si, br, bi, s_ar, dm = slabfn(
                               ^^^^^^^
  File "/workspace/h1/RH/scripts/rh/day038_h1_3e10_gpu.py", line 443, in slab_budget_gpu
    cc = cp.asarray(c)
         ^^^^^^^^^^^^^
  File "/opt/venvs/cupy/lib/python3.12/site-packages/cupy/_creation/from_data.py", line 94, in asarray
    return _core.array(a, dtype, copy, order, blocking=blocking)
           ^^^^^^^^^^^^^^^^^^^^^^^^^^^^^^^^^^^^^^^^^^^^^^^^^^^^^
  File "cupy/_core/core.pyx", line 2821, in cupy._core.core.array
  File "cupy/_core/core.pyx", line 2841, in cupy._core.core.array
  File "cupy/_core/core.pyx", line 3067, in cupy._core.core._array_default
  File "cupy/_core/core.pyx", line 176, in cupy._core.core.ndarray.__new__
  File "cupy/_core/core.pyx", line 282, in cupy._core.core._ndarray_base._init
  File "cupy/cuda/memory.pyx", line 904, in cupy.cuda.memory.alloc
  File "cupy/cuda/memory.pyx", line 1614, in cupy.cuda.memory.MemoryPool.malloc
  File "cupy/cuda/memory.pyx", line 1635, in cupy.cuda.memory.MemoryPool.malloc
  File "cupy/cuda/memory.pyx", line 1350, in cupy.cuda.memory.SingleDeviceMemoryPool.malloc
  File "cupy/cuda/memory.pyx", line 1376, in cupy.cuda.memory.SingleDeviceMemoryPool._malloc
  File "cupy/cuda/memory.pyx", line 1560, in cupy.cuda.memory.SingleDeviceMemoryPool._try_malloc
cupy.cuda.memory.OutOfMemoryError: Out of memory allocating 134,217,728 bytes (allocated so far: 805,306,368 bytes).
Exception in thread Thread-266 (_chunk):
Traceback (most recent call last):
  File "/usr/lib/python3.12/threading.py", line 1073, in _bootstrap_inner
    self.run()
  File "/usr/lib/python3.12/threading.py", line 1010, in run
    self._target(*self._args, **self._kwargs)
  File "/workspace/h1/RH/scripts/rh/day038_h1_3e10_gpu.py", line 569, in _chunk
    sr, si, br, bi, s_ar, dm = slabfn(
                               ^^^^^^^
  File "/workspace/h1/RH/scripts/rh/day038_h1_3e10_gpu.py", line 443, in slab_budget_gpu
    cc = cp.asarray(c)
         ^^^^^^^^^^^^^
  File "/opt/venvs/cupy/lib/python3.12/site-packages/cupy/_creation/from_data.py", line 94, in asarray
    return _core.array(a, dtype, copy, order, blocking=blocking)
           ^^^^^^^^^^^^^^^^^^^^^^^^^^^^^^^^^^^^^^^^^^^^^^^^^^^^^
  File "cupy/_core/core.pyx", line 2821, in cupy._core.core.array
  File "cupy/_core/core.pyx", line 2841, in cupy._core.core.array
  File "cupy/_core/core.pyx", line 3067, in cupy._core.core._array_default
  File "cupy/_core/core.pyx", line 176, in cupy._core.core.ndarray.__new__
  File "cupy/_core/core.pyx", line 282, in cupy._core.core._ndarray_base._init
  File "cupy/cuda/memory.pyx", line 904, in cupy.cuda.memory.alloc
  File "cupy/cuda/memory.pyx", line 1614, in cupy.cuda.memory.MemoryPool.malloc
  File "cupy/cuda/memory.pyx", line 1635, in cupy.cuda.memory.MemoryPool.malloc
  File "cupy/cuda/memory.pyx", line 1350, in cupy.cuda.memory.SingleDeviceMemoryPool.malloc
  File "cupy/cuda/memory.pyx", line 1376, in cupy.cuda.memory.SingleDeviceMemoryPool._malloc
  File "cupy/cuda/memory.pyx", line 1560, in cupy.cuda.memory.SingleDeviceMemoryPool._try_malloc
cupy.cuda.memory.OutOfMemoryError: Out of memory allocating 134,217,728 bytes (allocated so far: 671,088,640 bytes).
Exception in thread Thread-271 (_chunk):
Traceback (most recent call last):
  File "/usr/lib/python3.12/threading.py", line 1073, in _bootstrap_inner
    self.run()
  File "/usr/lib/python3.12/threading.py", line 1010, in run
    self._target(*self._args, **self._kwargs)
  File "/workspace/h1/RH/scripts/rh/day038_h1_3e10_gpu.py", line 569, in _chunk
    sr, si, br, bi, s_ar, dm = slabfn(
                               ^^^^^^^
  File "/workspace/h1/RH/scripts/rh/day038_h1_3e10_gpu.py", line 443, in slab_budget_gpu
    cc = cp.asarray(c)
         ^^^^^^^^^^^^^
  File "/opt/venvs/cupy/lib/python3.12/site-packages/cupy/_creation/from_data.py", line 94, in asarray
    return _core.array(a, dtype, copy, order, blocking=blocking)
           ^^^^^^^^^^^^^^^^^^^^^^^^^^^^^^^^^^^^^^^^^^^^^^^^^^^^^
  File "cupy/_core/core.pyx", line 2821, in cupy._core.core.array
  File "cupy/_core/core.pyx", line 2841, in cupy._core.core.array
  File "cupy/_core/core.pyx", line 3067, in cupy._core.core._array_default
  File "cupy/_core/core.pyx", line 176, in cupy._core.core.ndarray.__new__
  File "cupy/_core/core.pyx", line 282, in cupy._core.core._ndarray_base._init
  File "cupy/cuda/memory.pyx", line 904, in cupy.cuda.memory.alloc
  File "cupy/cuda/memory.pyx", line 1614, in cupy.cuda.memory.MemoryPool.malloc
  File "cupy/cuda/memory.pyx", line 1635, in cupy.cuda.memory.MemoryPool.malloc
  File "cupy/cuda/memory.pyx", line 1350, in cupy.cuda.memory.SingleDeviceMemoryPool.malloc
  File "cupy/cuda/memory.pyx", line 1376, in cupy.cuda.memory.SingleDeviceMemoryPool._malloc
  File "cupy/cuda/memory.pyx", line 1560, in cupy.cuda.memory.SingleDeviceMemoryPool._try_malloc
cupy.cuda.memory.OutOfMemoryError: Out of memory allocating 134,217,728 bytes (allocated so far: 536,870,912 bytes).
Exception in thread Thread-272 (_chunk):
Traceback (most recent call last):
  File "/usr/lib/python3.12/threading.py", line 1073, in _bootstrap_inner
    self.run()
  File "/usr/lib/python3.12/threading.py", line 1010, in run
    self._target(*self._args, **self._kwargs)
  File "/workspace/h1/RH/scripts/rh/day038_h1_3e10_gpu.py", line 569, in _chunk
    sr, si, br, bi, s_ar, dm = slabfn(
                               ^^^^^^^
  File "/workspace/h1/RH/scripts/rh/day038_h1_3e10_gpu.py", line 443, in slab_budget_gpu
    cc = cp.asarray(c)
         ^^^^^^^^^^^^^
  File "/opt/venvs/cupy/lib/python3.12/site-packages/cupy/_creation/from_data.py", line 94, in asarray
    return _core.array(a, dtype, copy, order, blocking=blocking)
           ^^^^^^^^^^^^^^^^^^^^^^^^^^^^^^^^^^^^^^^^^^^^^^^^^^^^^
  File "cupy/_core/core.pyx", line 2821, in cupy._core.core.array
  File "cupy/_core/core.pyx", line 2841, in cupy._core.core.array
  File "cupy/_core/core.pyx", line 3067, in cupy._core.core._array_default
  File "cupy/_core/core.pyx", line 176, in cupy._core.core.ndarray.__new__
  File "cupy/_core/core.pyx", line 282, in cupy._core.core._ndarray_base._init
  File "cupy/cuda/memory.pyx", line 904, in cupy.cuda.memory.alloc
  File "cupy/cuda/memory.pyx", line 1614, in cupy.cuda.memory.MemoryPool.malloc
  File "cupy/cuda/memory.pyx", line 1635, in cupy.cuda.memory.MemoryPool.malloc
  File "cupy/cuda/memory.pyx", line 1350, in cupy.cuda.memory.SingleDeviceMemoryPool.malloc
  File "cupy/cuda/memory.pyx", line 1376, in cupy.cuda.memory.SingleDeviceMemoryPool._malloc
  File "cupy/cuda/memory.pyx", line 1560, in cupy.cuda.memory.SingleDeviceMemoryPool._try_malloc
cupy.cuda.memory.OutOfMemoryError: Out of memory allocating 134,217,728 bytes (allocated so far: 402,653,184 bytes).
Exception in thread Thread-267 (_chunk):
Traceback (most recent call last):
  File "/usr/lib/python3.12/threading.py", line 1073, in _bootstrap_inner
    self.run()
  File "/usr/lib/python3.12/threading.py", line 1010, in run
    self._target(*self._args, **self._kwargs)
  File "/workspace/h1/RH/scripts/rh/day038_h1_3e10_gpu.py", line 569, in _chunk
    sr, si, br, bi, s_ar, dm = slabfn(
                               ^^^^^^^
  File "/workspace/h1/RH/scripts/rh/day038_h1_3e10_gpu.py", line 444, in slab_budget_gpu
    g2 = cc * cc
         ~~~^~~~
  File "cupy/_core/core.pyx", line 1582, in cupy._core.core._ndarray_base.__mul__
  File "cupy/_core/_kernel.pyx", line 1374, in cupy._core._kernel.ufunc.__call__
  File "cupy/_core/_kernel.pyx", line 657, in cupy._core._kernel._get_out_args_from_optionals
  File "cupy/_core/core.pyx", line 3342, in cupy._core.core._ndarray_init
  File "cupy/_core/core.pyx", line 300, in cupy._core.core._ndarray_base._init_fast
  File "cupy/cuda/memory.pyx", line 904, in cupy.cuda.memory.alloc
  File "cupy/cuda/memory.pyx", line 1614, in cupy.cuda.memory.MemoryPool.malloc
  File "cupy/cuda/memory.pyx", line 1635, in cupy.cuda.memory.MemoryPool.malloc
  File "cupy/cuda/memory.pyx", line 1350, in cupy.cuda.memory.SingleDeviceMemoryPool.malloc
  File "cupy/cuda/memory.pyx", line 1376, in cupy.cuda.memory.SingleDeviceMemoryPool._malloc
  File "cupy/cuda/memory.pyx", line 1560, in cupy.cuda.memory.SingleDeviceMemoryPool._try_malloc
cupy.cuda.memory.OutOfMemoryError: Out of memory allocating 134,217,728 bytes (allocated so far: 402,653,184 bytes).
Exception in thread Thread-269 (_chunk):
Traceback (most recent call last):
  File "/usr/lib/python3.12/threading.py", line 1073, in _bootstrap_inner
    self.run()
  File "/usr/lib/python3.12/threading.py", line 1010, in run
    self._target(*self._args, **self._kwargs)
  File "/workspace/h1/RH/scripts/rh/day038_h1_3e10_gpu.py", line 569, in _chunk
    sr, si, br, bi, s_ar, dm = slabfn(
                               ^^^^^^^
  File "/workspace/h1/RH/scripts/rh/day038_h1_3e10_gpu.py", line 444, in slab_budget_gpu
    g2 = cc * cc
         ~~~^~~~
  File "cupy/_core/core.pyx", line 1582, in cupy._core.core._ndarray_base.__mul__
  File "cupy/_core/_kernel.pyx", line 1374, in cupy._core._kernel.ufunc.__call__
  File "cupy/_core/_kernel.pyx", line 657, in cupy._core._kernel._get_out_args_from_optionals
  File "cupy/_core/core.pyx", line 3342, in cupy._core.core._ndarray_init
  File "cupy/_core/core.pyx", line 300, in cupy._core.core._ndarray_base._init_fast
  File "cupy/cuda/memory.pyx", line 904, in cupy.cuda.memory.alloc
  File "cupy/cuda/memory.pyx", line 1614, in cupy.cuda.memory.MemoryPool.malloc
  File "cupy/cuda/memory.pyx", line 1635, in cupy.cuda.memory.MemoryPool.malloc
  File "cupy/cuda/memory.pyx", line 1350, in cupy.cuda.memory.SingleDeviceMemoryPool.malloc
  File "cupy/cuda/memory.pyx", line 1376, in cupy.cuda.memory.SingleDeviceMemoryPool._malloc
  File "cupy/cuda/memory.pyx", line 1560, in cupy.cuda.memory.SingleDeviceMemoryPool._try_malloc
cupy.cuda.memory.OutOfMemoryError: Out of memory allocating 134,217,728 bytes (allocated so far: 268,435,456 bytes).
point  job  (win  1,  k  +1,  x=1.025299294e+10)  WORKER  FAILED:  TypeError('cannot unpack non-iterable NoneType object')  --  done  points  are  checkpointed;  supervisor  resumes
Exception in thread Thread-273 (_chunk):
Traceback (most recent call last):
  File "/usr/lib/python3.12/threading.py", line 1073, in _bootstrap_inner
    self.run()
  File "/usr/lib/python3.12/threading.py", line 1010, in run
    self._target(*self._args, **self._kwargs)
  File "/workspace/h1/RH/scripts/rh/day038_h1_3e10_gpu.py", line 569, in _chunk
    sr, si, br, bi, s_ar, dm = slabfn(
                               ^^^^^^^
  File "/workspace/h1/RH/scripts/rh/day038_h1_3e10_gpu.py", line 445, in slab_budget_gpu
    A = g2 + 0.25
        ~~~^~~~~~
  File "cupy/_core/core.pyx", line 1570, in cupy._core.core._ndarray_base.__add__
  File "cupy/_core/core.pyx", line 2024, in cupy._core.core._ndarray_base.__array_ufunc__
  File "cupy/_core/_kernel.pyx", line 1374, in cupy._core._kernel.ufunc.__call__
  File "cupy/_core/_kernel.pyx", line 657, in cupy._core._kernel._get_out_args_from_optionals
  File "cupy/_core/core.pyx", line 3342, in cupy._core.core._ndarray_init
  File "cupy/_core/core.pyx", line 300, in cupy._core.core._ndarray_base._init_fast
  File "cupy/cuda/memory.pyx", line 904, in cupy.cuda.memory.alloc
  File "cupy/cuda/memory.pyx", line 1614, in cupy.cuda.memory.MemoryPool.malloc
  File "cupy/cuda/memory.pyx", line 1635, in cupy.cuda.memory.MemoryPool.malloc
  File "cupy/cuda/memory.pyx", line 1350, in cupy.cuda.memory.SingleDeviceMemoryPool.malloc
  File "cupy/cuda/memory.pyx", line 1376, in cupy.cuda.memory.SingleDeviceMemoryPool._malloc
  File "cupy/cuda/memory.pyx", line 1560, in cupy.cuda.memory.SingleDeviceMemoryPool._try_malloc
cupy.cuda.memory.OutOfMemoryError: Out of memory allocating 134,217,728 bytes (allocated so far: 268,435,456 bytes).
Exception in thread Thread-275 (_chunk):
Exception in thread Thread-280 (_chunk):
Traceback (most recent call last):
  File "/usr/lib/python3.12/threading.py", line 1073, in _bootstrap_inner
    self.run()
  File "/usr/lib/python3.12/threading.py", line 1010, in run
    self._target(*self._args, **self._kwargs)
  File "/workspace/h1/RH/scripts/rh/day038_h1_3e10_gpu.py", line 569, in _chunk
    sr, si, br, bi, s_ar, dm = slabfn(
                               ^^^^^^^
  File "/workspace/h1/RH/scripts/rh/day038_h1_3e10_gpu.py", line 443, in slab_budget_gpu
    cc = cp.asarray(c)
         ^^^^^^^^^^^^^
  File "/opt/venvs/cupy/lib/python3.12/site-packages/cupy/_creation/from_data.py", line 94, in asarray
    return _core.array(a, dtype, copy, order, blocking=blocking)
           ^^^^^^^^^^^^^^^^^^^^^^^^^^^^^^^^^^^^^^^^^^^^^^^^^^^^^
  File "cupy/_core/core.pyx", line 2821, in cupy._core.core.array
  File "cupy/_core/core.pyx", line 2841, in cupy._core.core.array
  File "cupy/_core/core.pyx", line 3067, in cupy._core.core._array_default
  File "cupy/_core/core.pyx", line 176, in cupy._core.core.ndarray.__new__
  File "cupy/_core/core.pyx", line 282, in cupy._core.core._ndarray_base._init
  File "cupy/cuda/memory.pyx", line 904, in cupy.cuda.memory.alloc
  File "cupy/cuda/memory.pyx", line 1614, in cupy.cuda.memory.MemoryPool.malloc
  File "cupy/cuda/memory.pyx", line 1635, in cupy.cuda.memory.MemoryPool.malloc
  File "cupy/cuda/memory.pyx", line 1350, in cupy.cuda.memory.SingleDeviceMemoryPool.malloc
  File "cupy/cuda/memory.pyx", line 1376, in cupy.cuda.memory.SingleDeviceMemoryPool._malloc
  File "cupy/cuda/memory.pyx", line 1560, in cupy.cuda.memory.SingleDeviceMemoryPool._try_malloc
cupy.cuda.memory.OutOfMemoryError: Out of memory allocating 134,217,728 bytes (allocated so far: 671,088,640 bytes).
Exception in thread Exception in thread Traceback (most recent call last):
  File "/usr/lib/python3.12/threading.py", line 1073, in _bootstrap_inner
Exception in thread Thread-276 (_chunk):
Traceback (most recent call last):
Thread-278 (_chunk):
Traceback (most recent call last):
Exception in thread Thread-277 (_chunk)  File "/usr/lib/python3.12/threading.py", line 1073, in _bootstrap_inner
      File "/usr/lib/python3.12/threading.py", line 1073, in _bootstrap_inner
self.run():
Traceback (most recent call last):
  File "/usr/lib/python3.12/threading.py", line 1073, in _bootstrap_inner
    self.run()
  File "/usr/lib/python3.12/threading.py", line 1010, in run
    self._target(*self._args, **self._kwargs)
  File "/workspace/h1/RH/scripts/rh/day038_h1_3e10_gpu.py", line 569, in _chunk
    sr, si, br, bi, s_ar, dm = slabfn(
                               ^^^^^^^
  File "/workspace/h1/RH/scripts/rh/day038_h1_3e10_gpu.py", line 443, in slab_budget_gpu
    cc = cp.asarray(c)
         ^^^^^^^^^^^^^
  File "/opt/venvs/cupy/lib/python3.12/site-packages/cupy/_creation/from_data.py", line 94, in asarray
    return _core.array(a, dtype, copy, order, blocking=blocking)
           ^^^^^^^^^^^^^^^^^^^^^^^^^^^^^^^^^^^^^^^^^^^^^^^^^^^^^
  File "cupy/_core/core.pyx", line 2821, in cupy._core.core.array
  File "cupy/_core/core.pyx", line 2841, in cupy._core.core.array
  File "cupy/_core/core.pyx", line 3067, in cupy._core.core._array_default
  File "cupy/_core/core.pyx", line 176, in cupy._core.core.ndarray.__new__
  File "cupy/_core/core.pyx", line 282, in cupy._core.core._ndarray_base._init
  File "cupy/cuda/memory.pyx", line 904, in cupy.cuda.memory.alloc
  File "cupy/cuda/memory.pyx", line 1614, in cupy.cuda.memory.MemoryPool.malloc
  File "cupy/cuda/memory.pyx", line 1635, in cupy.cuda.memory.MemoryPool.malloc
  File "cupy/cuda/memory.pyx", line 1350, in cupy.cuda.memory.SingleDeviceMemoryPool.malloc
  File "cupy/cuda/memory.pyx", line 1376, in cupy.cuda.memory.SingleDeviceMemoryPool._malloc
  File "cupy/cuda/memory.pyx", line 1560, in cupy.cuda.memory.SingleDeviceMemoryPool._try_malloc
cupy.cuda.memory.OutOfMemoryError: Out of memory allocating 134,217,728 bytes (allocated so far: 671,088,640 bytes).

    Thread-279 (_chunk)  File "/usr/lib/python3.12/threading.py", line 1010, in run
self.run()
:
  File "/usr/lib/python3.12/threading.py", line 1010, in run
Traceback (most recent call last):
          File "/usr/lib/python3.12/threading.py", line 1073, in _bootstrap_inner
self.run()
  File "/usr/lib/python3.12/threading.py", line 1010, in run
self._target(*self._args, **self._kwargs)
      File "/workspace/h1/RH/scripts/rh/day038_h1_3e10_gpu.py", line 569, in _chunk
    self._target(*self._args, **self._kwargs)
  File "/workspace/h1/RH/scripts/rh/day038_h1_3e10_gpu.py", line 569, in _chunk
self.run()
  File "/usr/lib/python3.12/threading.py", line 1010, in run
    self._target(*self._args, **self._kwargs)
  File "/workspace/h1/RH/scripts/rh/day038_h1_3e10_gpu.py", line 569, in _chunk
        self._target(*self._args, **self._kwargs)sr, si, br, bi, s_ar, dm = slabfn(
    
    sr, si, br, bi, s_ar, dm = slabfn(sr, si, br, bi, s_ar, dm = slabfn(  File "/workspace/h1/RH/scripts/rh/day038_h1_3e10_gpu.py", line 569, in _chunk

  
                              sr, si, br, bi, s_ar, dm = slabfn(              
                                        ^^               ^^^^     ^^   ^   ^^ ^
  File "/workspace/h1/RH/scripts/rh/day038_h1_3e10_gpu.py", line 443, in slab_budget_gpu
^^  ^^   
^^^^^
  File "/workspace/h1/RH/scripts/rh/day038_h1_3e10_gpu.py", line 444, in slab_budget_gpu
   File "/workspace/h1/RH/scripts/rh/day038_h1_3e10_gpu.py", line 443, in slab_budget_gpu
             ^^^^cc = cp.asarray(c)
^     ^^
g2 = cc * cc  File "/workspace/h1/RH/scripts/rh/day038_h1_3e10_gpu.py", line 443, in slab_budget_gpu
  
            ^    cc = cp.asarray(c)^
   ~^^^^~^^^ ~^~~    ~     ^ cc = cp.asarray(c)^
^
^
  File "/opt/venvs/cupy/lib/python3.12/site-packages/cupy/_creation/from_data.py", line 94, in asarray
   File "cupy/_core/core.pyx", line 1582, in cupy._core.core._ndarray_base.__mul__
  ^^^      ^^^^^^ ^ ^^    ^return _core.array(a, dtype, copy, order, blocking=blocking)
 ^^  ^^^   ^    ^
  File "/opt/venvs/cupy/lib/python3.12/site-packages/cupy/_creation/from_data.py", line 94, in asarray
 ^^^^  File "cupy/_core/_kernel.pyx", line 1374, in cupy._core._kernel.ufunc.__call__
^^^^
  File "/opt/venvs/cupy/lib/python3.12/site-packages/cupy/_creation/from_data.py", line 94, in asarray
^^^^^^  File "cupy/_core/_kernel.pyx", line 657, in cupy._core._kernel._get_out_args_from_optionals
    ^return _core.array(a, dtype, copy, order, blocking=blocking)
 ^  File "cupy/_core/core.pyx", line 3342, in cupy._core.core._ndarray_init
    return _core.array(a, dtype, copy, order, blocking=blocking)
           ^^^^^^^^^^^^^^^^^^^^^^^^^^^^^^^^^^^^^^^^^^^^^^^^^^^^^
  File "cupy/_core/core.pyx", line 2821, in cupy._core.core.array
  File "cupy/_core/core.pyx", line 2841, in cupy._core.core.array
  File "cupy/_core/core.pyx", line 3067, in cupy._core.core._array_default
  File "cupy/_core/core.pyx", line 176, in cupy._core.core.ndarray.__new__
  File "cupy/_core/core.pyx", line 282, in cupy._core.core._ndarray_base._init
  File "cupy/cuda/memory.pyx", line 904, in cupy.cuda.memory.alloc
  File "cupy/cuda/memory.pyx", line 1614, in cupy.cuda.memory.MemoryPool.malloc
  File "cupy/cuda/memory.pyx", line 1635, in cupy.cuda.memory.MemoryPool.malloc
  File "cupy/cuda/memory.pyx", line 1350, in cupy.cuda.memory.SingleDeviceMemoryPool.malloc
  File "cupy/cuda/memory.pyx", line 1376, in cupy.cuda.memory.SingleDeviceMemoryPool._malloc
  File "cupy/cuda/memory.pyx", line 1560, in cupy.cuda.memory.SingleDeviceMemoryPool._try_malloc
cupy.cuda.memory.OutOfMemoryError: Out of memory allocating 134,217,728 bytes (allocated so far: 268,435,456 bytes).
  File "cupy/_core/core.pyx", line 300, in cupy._core.core._ndarray_base._init_fast
  File "cupy/cuda/memory.pyx", line 904, in cupy.cuda.memory.alloc
  File "cupy/cuda/memory.pyx", line 1614, in cupy.cuda.memory.MemoryPool.malloc
  File "cupy/cuda/memory.pyx", line 1635, in cupy.cuda.memory.MemoryPool.malloc
  File "cupy/cuda/memory.pyx", line 1350, in cupy.cuda.memory.SingleDeviceMemoryPool.malloc
  File "cupy/cuda/memory.pyx", line 1376, in cupy.cuda.memory.SingleDeviceMemoryPool._malloc
  File "cupy/cuda/memory.pyx", line 1560, in cupy.cuda.memory.SingleDeviceMemoryPool._try_malloc
cupy.cuda.memory.OutOfMemoryError: Out of memory allocating 134,217,728 bytes (allocated so far: 402,653,184 bytes).
 ^ ^^^^^^^^^^    ^^^^^^^^^^^^^^^^^^^^^^^^^^^^^^^^
  File "cupy/_core/core.pyx", line 2821, in cupy._core.core.array
  File "cupy/_core/core.pyx", line 2841, in cupy._core.core.array
  File "cupy/_core/core.pyx", line 3067, in cupy._core.core._array_default
  File "cupy/_core/core.pyx", line 176, in cupy._core.core.ndarray.__new__
  File "cupy/_core/core.pyx", line 282, in cupy._core.core._ndarray_base._init
  File "cupy/cuda/memory.pyx", line 904, in cupy.cuda.memory.alloc
  File "cupy/cuda/memory.pyx", line 1614, in cupy.cuda.memory.MemoryPool.malloc
  File "cupy/cuda/memory.pyx", line 1635, in cupy.cuda.memory.MemoryPool.malloc
  File "cupy/cuda/memory.pyx", line 1350, in cupy.cuda.memory.SingleDeviceMemoryPool.malloc
  File "cupy/cuda/memory.pyx", line 1376, in cupy.cuda.memory.SingleDeviceMemoryPool._malloc
  File "cupy/cuda/memory.pyx", line 1560, in cupy.cuda.memory.SingleDeviceMemoryPool._try_malloc
cupy.cuda.memory.OutOfMemoryError: Out of memory allocating 134,217,728 bytes (allocated so far: 536,870,912 bytes).
    ^^^^^^^^^^^^^^^^^^^^^^^^^^^^^^^^^^^^^^^^^^^^^^^^^^^^^
  File "cupy/_core/core.pyx", line 2821, in cupy._core.core.array
  File "cupy/_core/core.pyx", line 2841, in cupy._core.core.array
  File "cupy/_core/core.pyx", line 3067, in cupy._core.core._array_default
  File "cupy/_core/core.pyx", line 176, in cupy._core.core.ndarray.__new__
  File "cupy/_core/core.pyx", line 282, in cupy._core.core._ndarray_base._init
  File "cupy/cuda/memory.pyx", line 904, in cupy.cuda.memory.alloc
  File "cupy/cuda/memory.pyx", line 1614, in cupy.cuda.memory.MemoryPool.malloc
  File "cupy/cuda/memory.pyx", line 1635, in cupy.cuda.memory.MemoryPool.malloc
  File "cupy/cuda/memory.pyx", line 1350, in cupy.cuda.memory.SingleDeviceMemoryPool.malloc
  File "cupy/cuda/memory.pyx", line 1376, in cupy.cuda.memory.SingleDeviceMemoryPool._malloc
  File "cupy/cuda/memory.pyx", line 1560, in cupy.cuda.memory.SingleDeviceMemoryPool._try_malloc
cupy.cuda.memory.OutOfMemoryError: Out of memory allocating 134,217,728 bytes (allocated so far: 805,306,368 bytes).
Exception in thread Thread-274 (_chunk):
Traceback (most recent call last):
  File "/usr/lib/python3.12/threading.py", line 1073, in _bootstrap_inner
    self.run()
  File "/usr/lib/python3.12/threading.py", line 1010, in run
    self._target(*self._args, **self._kwargs)
  File "/workspace/h1/RH/scripts/rh/day038_h1_3e10_gpu.py", line 569, in _chunk
    sr, si, br, bi, s_ar, dm = slabfn(
                               ^^^^^^^
  File "/workspace/h1/RH/scripts/rh/day038_h1_3e10_gpu.py", line 444, in slab_budget_gpu
    g2 = cc * cc
         ~~~^~~~
  File "cupy/_core/core.pyx", line 1582, in cupy._core.core._ndarray_base.__mul__
  File "cupy/_core/_kernel.pyx", line 1374, in cupy._core._kernel.ufunc.__call__
  File "cupy/_core/_kernel.pyx", line 657, in cupy._core._kernel._get_out_args_from_optionals
  File "cupy/_core/core.pyx", line 3342, in cupy._core.core._ndarray_init
  File "cupy/_core/core.pyx", line 300, in cupy._core.core._ndarray_base._init_fast
  File "cupy/cuda/memory.pyx", line 904, in cupy.cuda.memory.alloc
  File "cupy/cuda/memory.pyx", line 1614, in cupy.cuda.memory.MemoryPool.malloc
  File "cupy/cuda/memory.pyx", line 1635, in cupy.cuda.memory.MemoryPool.malloc
  File "cupy/cuda/memory.pyx", line 1350, in cupy.cuda.memory.SingleDeviceMemoryPool.malloc
  File "cupy/cuda/memory.pyx", line 1376, in cupy.cuda.memory.SingleDeviceMemoryPool._malloc
  File "cupy/cuda/memory.pyx", line 1560, in cupy.cuda.memory.SingleDeviceMemoryPool._try_malloc
cupy.cuda.memory.OutOfMemoryError: Out of memory allocating 134,217,728 bytes (allocated so far: 268,435,456 bytes).
point  job  (win  1,  k  +2,  x=1.025299294e+10)  WORKER  FAILED:  TypeError('cannot unpack non-iterable NoneType object')  --  done  points  are  checkpointed;  supervisor  resumes
Exception in thread Thread-281 (_chunk):
Traceback (most recent call last):
  File "/usr/lib/python3.12/threading.py", line 1073, in _bootstrap_inner
    self.run()
  File "/usr/lib/python3.12/threading.py", line 1010, in run
    self._target(*self._args, **self._kwargs)
  File "/workspace/h1/RH/scripts/rh/day038_h1_3e10_gpu.py", line 569, in _chunk
    sr, si, br, bi, s_ar, dm = slabfn(
                               ^^^^^^^
  File "/workspace/h1/RH/scripts/rh/day038_h1_3e10_gpu.py", line 445, in slab_budget_gpu
    A = g2 + 0.25
        ~~~^~~~~~
  File "cupy/_core/core.pyx", line 1570, in cupy._core.core._ndarray_base.__add__
  File "cupy/_core/core.pyx", line 2024, in cupy._core.core._ndarray_base.__array_ufunc__
  File "cupy/_core/_kernel.pyx", line 1374, in cupy._core._kernel.ufunc.__call__
  File "cupy/_core/_kernel.pyx", line 657, in cupy._core._kernel._get_out_args_from_optionals
  File "cupy/_core/core.pyx", line 3342, in cupy._core.core._ndarray_init
  File "cupy/_core/core.pyx", line 300, in cupy._core.core._ndarray_base._init_fast
  File "cupy/cuda/memory.pyx", line 904, in cupy.cuda.memory.alloc
  File "cupy/cuda/memory.pyx", line 1614, in cupy.cuda.memory.MemoryPool.malloc
  File "cupy/cuda/memory.pyx", line 1635, in cupy.cuda.memory.MemoryPool.malloc
  File "cupy/cuda/memory.pyx", line 1350, in cupy.cuda.memory.SingleDeviceMemoryPool.malloc
  File "cupy/cuda/memory.pyx", line 1376, in cupy.cuda.memory.SingleDeviceMemoryPool._malloc
  File "cupy/cuda/memory.pyx", line 1560, in cupy.cuda.memory.SingleDeviceMemoryPool._try_malloc
cupy.cuda.memory.OutOfMemoryError: Out of memory allocating 134,217,728 bytes (allocated so far: 268,435,456 bytes).
Exception in thread Thread-284 (_chunk):
Traceback (most recent call last):
  File "/usr/lib/python3.12/threading.py", line 1073, in _bootstrap_inner
Exception in thread Thread-283 (_chunk)Exception in thread Thread-287 (_chunk):
Traceback (most recent call last):
Exception in thread Thread-286 (_chunk):
Traceback (most recent call last):
  File "/usr/lib/python3.12/threading.py", line 1073, in _bootstrap_inner
  File "/usr/lib/python3.12/threading.py", line 1073, in _bootstrap_inner
    self.run()
  File "/usr/lib/python3.12/threading.py", line 1010, in run
    self._target(*self._args, **self._kwargs)
  File "/workspace/h1/RH/scripts/rh/day038_h1_3e10_gpu.py", line 569, in _chunk
    sr, si, br, bi, s_ar, dm = slabfn(
                               ^^^^^^^
  File "/workspace/h1/RH/scripts/rh/day038_h1_3e10_gpu.py", line 443, in slab_budget_gpu
    cc = cp.asarray(c)
         ^^^^^^^^^^^^^
  File "/opt/venvs/cupy/lib/python3.12/site-packages/cupy/_creation/from_data.py", line 94, in asarray
    return _core.array(a, dtype, copy, order, blocking=blocking)
           ^^^^^^^^^^^^^^^^^^^^^^^^^^^^^^^^^^^^^^^^^^^^^^^^^^^^^
  File "cupy/_core/core.pyx", line 2821, in cupy._core.core.array
  File "cupy/_core/core.pyx", line 2841, in cupy._core.core.array
  File "cupy/_core/core.pyx", line 3067, in cupy._core.core._array_default
  File "cupy/_core/core.pyx", line 176, in cupy._core.core.ndarray.__new__
  File "cupy/_core/core.pyx", line 282, in cupy._core.core._ndarray_base._init
  File "cupy/cuda/memory.pyx", line 904, in cupy.cuda.memory.alloc
  File "cupy/cuda/memory.pyx", line 1614, in cupy.cuda.memory.MemoryPool.malloc
  File "cupy/cuda/memory.pyx", line 1635, in cupy.cuda.memory.MemoryPool.malloc
  File "cupy/cuda/memory.pyx", line 1350, in cupy.cuda.memory.SingleDeviceMemoryPool.malloc
  File "cupy/cuda/memory.pyx", line 1376, in cupy.cuda.memory.SingleDeviceMemoryPool._malloc
  File "cupy/cuda/memory.pyx", line 1560, in cupy.cuda.memory.SingleDeviceMemoryPool._try_malloc
cupy.cuda.memory.OutOfMemoryError: Out of memory allocating 134,217,728 bytes (allocated so far: 536,870,912 bytes).
    self.run()
  File "/usr/lib/python3.12/threading.py", line 1010, in run
    self.run()
  File "/usr/lib/python3.12/threading.py", line 1010, in run
    self._target(*self._args, **self._kwargs)
  File "/workspace/h1/RH/scripts/rh/day038_h1_3e10_gpu.py", line 569, in _chunk
    sr, si, br, bi, s_ar, dm = slabfn(
                               ^^^^^^^
  File "/workspace/h1/RH/scripts/rh/day038_h1_3e10_gpu.py", line 444, in slab_budget_gpu
    g2 = cc * cc
         ~~~^~~~
  File "cupy/_core/core.pyx", line 1582, in cupy._core.core._ndarray_base.__mul__
  File "cupy/_core/_kernel.pyx", line 1374, in cupy._core._kernel.ufunc.__call__
  File "cupy/_core/_kernel.pyx", line 657, in cupy._core._kernel._get_out_args_from_optionals
  File "cupy/_core/core.pyx", line 3342, in cupy._core.core._ndarray_init
  File "cupy/_core/core.pyx", line 300, in cupy._core.core._ndarray_base._init_fast
  File "cupy/cuda/memory.pyx", line 904, in cupy.cuda.memory.alloc
  File "cupy/cuda/memory.pyx", line 1614, in cupy.cuda.memory.MemoryPool.malloc
  File "cupy/cuda/memory.pyx", line 1635, in cupy.cuda.memory.MemoryPool.malloc
  File "cupy/cuda/memory.pyx", line 1350, in cupy.cuda.memory.SingleDeviceMemoryPool.malloc
  File "cupy/cuda/memory.pyx", line 1376, in cupy.cuda.memory.SingleDeviceMemoryPool._malloc
  File "cupy/cuda/memory.pyx", line 1560, in cupy.cuda.memory.SingleDeviceMemoryPool._try_malloc
cupy.cuda.memory.OutOfMemoryError: Out of memory allocating 134,217,728 bytes (allocated so far: 671,088,640 bytes).
    self._target(*self._args, **self._kwargs)
  File "/workspace/h1/RH/scripts/rh/day038_h1_3e10_gpu.py", line 569, in _chunk
    sr, si, br, bi, s_ar, dm = slabfn(
                               ^^^^^^^
  File "/workspace/h1/RH/scripts/rh/day038_h1_3e10_gpu.py", line 443, in slab_budget_gpu
    cc = cp.asarray(c)
         ^^^^^^^^^^^^^
  File "/opt/venvs/cupy/lib/python3.12/site-packages/cupy/_creation/from_data.py", line 94, in asarray
    return _core.array(a, dtype, copy, order, blocking=blocking)
           ^^^^^^^^^^^^^^^^^^^^^^^^^^^^^^^^^^^^^^^^^^^^^^^^^^^^^
  File "cupy/_core/core.pyx", line 2821, in cupy._core.core.array
Exception in thread Thread-288 (_chunk):
Traceback (most recent call last):
  File "/usr/lib/python3.12/threading.py", line 1073, in _bootstrap_inner
    self.run()
  File "/usr/lib/python3.12/threading.py", line 1010, in run
    self._target(*self._args, **self._kwargs)
  File "/workspace/h1/RH/scripts/rh/day038_h1_3e10_gpu.py", line 569, in _chunk
    sr, si, br, bi, s_ar, dm = slabfn(
                               ^^^^^^^
  File "/workspace/h1/RH/scripts/rh/day038_h1_3e10_gpu.py", line 443, in slab_budget_gpu
    cc = cp.asarray(c)
         ^^^^^^^^^^^^^
  File "/opt/venvs/cupy/lib/python3.12/site-packages/cupy/_creation/from_data.py", line 94, in asarray
    return _core.array(a, dtype, copy, order, blocking=blocking)
           ^^^^^^^^^^^^^^^^^^^^^^^^^^^^^^^^^^^^^^^^^^^^^^^^^^^^^
  File "cupy/_core/core.pyx", line 2821, in cupy._core.core.array
  File "cupy/_core/core.pyx", line 2841, in cupy._core.core.array
  File "cupy/_core/core.pyx", line 3067, in cupy._core.core._array_default
  File "cupy/_core/core.pyx", line 176, in cupy._core.core.ndarray.__new__
  File "cupy/_core/core.pyx", line 282, in cupy._core.core._ndarray_base._init
  File "cupy/cuda/memory.pyx", line 904, in cupy.cuda.memory.alloc
  File "cupy/cuda/memory.pyx", line 1614, in cupy.cuda.memory.MemoryPool.malloc
  File "cupy/cuda/memory.pyx", line 1635, in cupy.cuda.memory.MemoryPool.malloc
  File "cupy/cuda/memory.pyx", line 1350, in cupy.cuda.memory.SingleDeviceMemoryPool.malloc
  File "cupy/cuda/memory.pyx", line 1376, in cupy.cuda.memory.SingleDeviceMemoryPool._malloc
  File "cupy/cuda/memory.pyx", line 1560, in cupy.cuda.memory.SingleDeviceMemoryPool._try_malloc
cupy.cuda.memory.OutOfMemoryError: Out of memory allocating 134,217,728 bytes (allocated so far: 402,653,184 bytes).
  File "cupy/_core/core.pyx", line 2841, in cupy._core.core.array
  File "cupy/_core/core.pyx", line 3067, in cupy._core.core._array_default
  File "cupy/_core/core.pyx", line 176, in cupy._core.core.ndarray.__new__
  File "cupy/_core/core.pyx", line 282, in cupy._core.core._ndarray_base._init
  File "cupy/cuda/memory.pyx", line 904, in cupy.cuda.memory.alloc
  File "cupy/cuda/memory.pyx", line 1614, in cupy.cuda.memory.MemoryPool.malloc
  File "cupy/cuda/memory.pyx", line 1635, in cupy.cuda.memory.MemoryPool.malloc
  File "cupy/cuda/memory.pyx", line 1350, in cupy.cuda.memory.SingleDeviceMemoryPool.malloc
  File "cupy/cuda/memory.pyx", line 1376, in cupy.cuda.memory.SingleDeviceMemoryPool._malloc
  File "cupy/cuda/memory.pyx", line 1560, in cupy.cuda.memory.SingleDeviceMemoryPool._try_malloc
cupy.cuda.memory.OutOfMemoryError: Out of memory allocating 134,217,728 bytes (allocated so far: 805,306,368 bytes).
:
Traceback (most recent call last):
  File "/usr/lib/python3.12/threading.py", line 1073, in _bootstrap_inner
    self.run()
  File "/usr/lib/python3.12/threading.py", line 1010, in run
    self._target(*self._args, **self._kwargs)
  File "/workspace/h1/RH/scripts/rh/day038_h1_3e10_gpu.py", line 569, in _chunk
    sr, si, br, bi, s_ar, dm = slabfn(
                               ^^^^^^^
  File "/workspace/h1/RH/scripts/rh/day038_h1_3e10_gpu.py", line 443, in slab_budget_gpu
    cc = cp.asarray(c)
         ^^^^^^^^^^^^^
  File "/opt/venvs/cupy/lib/python3.12/site-packages/cupy/_creation/from_data.py", line 94, in asarray
    return _core.array(a, dtype, copy, order, blocking=blocking)
           ^^^^^^^^^^^^^^^^^^^^^^^^^^^^^^^^^^^^^^^^^^^^^^^^^^^^^
  File "cupy/_core/core.pyx", line 2821, in cupy._core.core.array
  File "cupy/_core/core.pyx", line 2841, in cupy._core.core.array
  File "cupy/_core/core.pyx", line 3067, in cupy._core.core._array_default
  File "cupy/_core/core.pyx", line 176, in cupy._core.core.ndarray.__new__
  File "cupy/_core/core.pyx", line 282, in cupy._core.core._ndarray_base._init
  File "cupy/cuda/memory.pyx", line 904, in cupy.cuda.memory.alloc
  File "cupy/cuda/memory.pyx", line 1614, in cupy.cuda.memory.MemoryPool.malloc
  File "cupy/cuda/memory.pyx", line 1635, in cupy.cuda.memory.MemoryPool.malloc
  File "cupy/cuda/memory.pyx", line 1350, in cupy.cuda.memory.SingleDeviceMemoryPool.malloc
  File "cupy/cuda/memory.pyx", line 1376, in cupy.cuda.memory.SingleDeviceMemoryPool._malloc
  File "cupy/cuda/memory.pyx", line 1560, in cupy.cuda.memory.SingleDeviceMemoryPool._try_malloc
cupy.cuda.memory.OutOfMemoryError: Out of memory allocating 134,217,728 bytes (allocated so far: 671,088,640 bytes).
Exception in thread Thread-285 (_chunk):
Traceback (most recent call last):
  File "/usr/lib/python3.12/threading.py", line 1073, in _bootstrap_inner
    self.run()
  File "/usr/lib/python3.12/threading.py", line 1010, in run
    self._target(*self._args, **self._kwargs)
  File "/workspace/h1/RH/scripts/rh/day038_h1_3e10_gpu.py", line 569, in _chunk
    sr, si, br, bi, s_ar, dm = slabfn(
                               ^^^^^^^
  File "/workspace/h1/RH/scripts/rh/day038_h1_3e10_gpu.py", line 443, in slab_budget_gpu
    cc = cp.asarray(c)
         ^^^^^^^^^^^^^
  File "/opt/venvs/cupy/lib/python3.12/site-packages/cupy/_creation/from_data.py", line 94, in asarray
    return _core.array(a, dtype, copy, order, blocking=blocking)
           ^^^^^^^^^^^^^^^^^^^^^^^^^^^^^^^^^^^^^^^^^^^^^^^^^^^^^
  File "cupy/_core/core.pyx", line 2821, in cupy._core.core.array
  File "cupy/_core/core.pyx", line 2841, in cupy._core.core.array
  File "cupy/_core/core.pyx", line 3067, in cupy._core.core._array_default
  File "cupy/_core/core.pyx", line 176, in cupy._core.core.ndarray.__new__
  File "cupy/_core/core.pyx", line 282, in cupy._core.core._ndarray_base._init
  File "cupy/cuda/memory.pyx", line 904, in cupy.cuda.memory.alloc
  File "cupy/cuda/memory.pyx", line 1614, in cupy.cuda.memory.MemoryPool.malloc
  File "cupy/cuda/memory.pyx", line 1635, in cupy.cuda.memory.MemoryPool.malloc
  File "cupy/cuda/memory.pyx", line 1350, in cupy.cuda.memory.SingleDeviceMemoryPool.malloc
  File "cupy/cuda/memory.pyx", line 1376, in cupy.cuda.memory.SingleDeviceMemoryPool._malloc
  File "cupy/cuda/memory.pyx", line 1560, in cupy.cuda.memory.SingleDeviceMemoryPool._try_malloc
cupy.cuda.memory.OutOfMemoryError: Out of memory allocating 134,217,728 bytes (allocated so far: 402,653,184 bytes).
Exception in thread Thread-282 (_chunk):
Traceback (most recent call last):
  File "/usr/lib/python3.12/threading.py", line 1073, in _bootstrap_inner
    self.run()
  File "/usr/lib/python3.12/threading.py", line 1010, in run
    self._target(*self._args, **self._kwargs)
  File "/workspace/h1/RH/scripts/rh/day038_h1_3e10_gpu.py", line 569, in _chunk
    sr, si, br, bi, s_ar, dm = slabfn(
                               ^^^^^^^
  File "/workspace/h1/RH/scripts/rh/day038_h1_3e10_gpu.py", line 445, in slab_budget_gpu
    A = g2 + 0.25
        ~~~^~~~~~
  File "cupy/_core/core.pyx", line 1570, in cupy._core.core._ndarray_base.__add__
  File "cupy/_core/core.pyx", line 2024, in cupy._core.core._ndarray_base.__array_ufunc__
  File "cupy/_core/_kernel.pyx", line 1374, in cupy._core._kernel.ufunc.__call__
  File "cupy/_core/_kernel.pyx", line 657, in cupy._core._kernel._get_out_args_from_optionals
  File "cupy/_core/core.pyx", line 3342, in cupy._core.core._ndarray_init
  File "cupy/_core/core.pyx", line 300, in cupy._core.core._ndarray_base._init_fast
  File "cupy/cuda/memory.pyx", line 904, in cupy.cuda.memory.alloc
  File "cupy/cuda/memory.pyx", line 1614, in cupy.cuda.memory.MemoryPool.malloc
  File "cupy/cuda/memory.pyx", line 1635, in cupy.cuda.memory.MemoryPool.malloc
  File "cupy/cuda/memory.pyx", line 1350, in cupy.cuda.memory.SingleDeviceMemoryPool.malloc
  File "cupy/cuda/memory.pyx", line 1376, in cupy.cuda.memory.SingleDeviceMemoryPool._malloc
  File "cupy/cuda/memory.pyx", line 1560, in cupy.cuda.memory.SingleDeviceMemoryPool._try_malloc
cupy.cuda.memory.OutOfMemoryError: Out of memory allocating 134,217,728 bytes (allocated so far: 268,435,456 bytes).
point  job  (win  1,  k  +3,  x=1.025299294e+10)  WORKER  FAILED:  TypeError('cannot unpack non-iterable NoneType object')  --  done  points  are  checkpointed;  supervisor  resumes
Exception in thread Thread-291 (_chunk):
Traceback (most recent call last):
  File "/usr/lib/python3.12/threading.py", line 1073, in _bootstrap_inner
    self.run()
  File "/usr/lib/python3.12/threading.py", line 1010, in run
    self._target(*self._args, **self._kwargs)
  File "/workspace/h1/RH/scripts/rh/day038_h1_3e10_gpu.py", line 569, in _chunk
    sr, si, br, bi, s_ar, dm = slabfn(
                               ^^^^^^^
  File "/workspace/h1/RH/scripts/rh/day038_h1_3e10_gpu.py", line 443, in slab_budget_gpu
    cc = cp.asarray(c)
         ^^^^^^^^^^^^^
  File "/opt/venvs/cupy/lib/python3.12/site-packages/cupy/_creation/from_data.py", line 94, in asarray
    return _core.array(a, dtype, copy, order, blocking=blocking)
           ^^^^^^^^^^^^^^^^^^^^^^^^^^^^^^^^^^^^^^^^^^^^^^^^^^^^^
  File "cupy/_core/core.pyx", line 2821, in cupy._core.core.array
  File "cupy/_core/core.pyx", line 2841, in cupy._core.core.array
  File "cupy/_core/core.pyx", line 3067, in cupy._core.core._array_default
  File "cupy/_core/core.pyx", line 176, in cupy._core.core.ndarray.__new__
  File "cupy/_core/core.pyx", line 282, in cupy._core.core._ndarray_base._init
  File "cupy/cuda/memory.pyx", line 904, in cupy.cuda.memory.alloc
  File "cupy/cuda/memory.pyx", line 1614, in cupy.cuda.memory.MemoryPool.malloc
  File "cupy/cuda/memory.pyx", line 1635, in cupy.cuda.memory.MemoryPool.malloc
  File "cupy/cuda/memory.pyx", line 1350, in cupy.cuda.memory.SingleDeviceMemoryPool.malloc
  File "cupy/cuda/memory.pyx", line 1376, in cupy.cuda.memory.SingleDeviceMemoryPool._malloc
  File "cupy/cuda/memory.pyx", line 1560, in cupy.cuda.memory.SingleDeviceMemoryPool._try_malloc
cupy.cuda.memory.OutOfMemoryError: Out of memory allocating 134,217,728 bytes (allocated so far: 671,088,640 bytes).
Exception in thread Thread-289 (_chunk):
Exception in thread Thread-290 (_chunk):
Traceback (most recent call last):
  File "/usr/lib/python3.12/threading.py", line 1073, in _bootstrap_inner
    self.run()
  File "/usr/lib/python3.12/threading.py", line 1010, in run
    self._target(*self._args, **self._kwargs)
  File "/workspace/h1/RH/scripts/rh/day038_h1_3e10_gpu.py", line 569, in _chunk
    sr, si, br, bi, s_ar, dm = slabfn(
                               ^^^^^^^
  File "/workspace/h1/RH/scripts/rh/day038_h1_3e10_gpu.py", line 444, in slab_budget_gpu
    g2 = cc * cc
         ~~~^~~~
  File "cupy/_core/core.pyx", line 1582, in cupy._core.core._ndarray_base.__mul__
  File "cupy/_core/_kernel.pyx", line 1374, in cupy._core._kernel.ufunc.__call__
  File "cupy/_core/_kernel.pyx", line 657, in cupy._core._kernel._get_out_args_from_optionals
  File "cupy/_core/core.pyx", line 3342, in cupy._core.core._ndarray_init
  File "cupy/_core/core.pyx", line 300, in cupy._core.core._ndarray_base._init_fast
  File "cupy/cuda/memory.pyx", line 904, in cupy.cuda.memory.alloc
  File "cupy/cuda/memory.pyx", line 1614, in cupy.cuda.memory.MemoryPool.malloc
  File "cupy/cuda/memory.pyx", line 1635, in cupy.cuda.memory.MemoryPool.malloc
  File "cupy/cuda/memory.pyx", line 1350, in cupy.cuda.memory.SingleDeviceMemoryPool.malloc
  File "cupy/cuda/memory.pyx", line 1376, in cupy.cuda.memory.SingleDeviceMemoryPool._malloc
  File "cupy/cuda/memory.pyx", line 1560, in cupy.cuda.memory.SingleDeviceMemoryPool._try_malloc
cupy.cuda.memory.OutOfMemoryError: Out of memory allocating 134,217,728 bytes (allocated so far: 805,306,368 bytes).
Exception in thread Thread-296 (_chunk):
Traceback (most recent call last):
  File "/usr/lib/python3.12/threading.py", line 1073, in _bootstrap_inner
    self.run()
  File "/usr/lib/python3.12/threading.py", line 1010, in run
    self._target(*self._args, **self._kwargs)
  File "/workspace/h1/RH/scripts/rh/day038_h1_3e10_gpu.py", line 569, in _chunk
    sr, si, br, bi, s_ar, dm = slabfn(
                               ^^^^^^^
  File "/workspace/h1/RH/scripts/rh/day038_h1_3e10_gpu.py", line 444, in slab_budget_gpu
    g2 = cc * cc
         ~~~^~~~
  File "cupy/_core/core.pyx", line 1582, in cupy._core.core._ndarray_base.__mul__
  File "cupy/_core/_kernel.pyx", line 1374, in cupy._core._kernel.ufunc.__call__
  File "cupy/_core/_kernel.pyx", line 657, in cupy._core._kernel._get_out_args_from_optionals
  File "cupy/_core/core.pyx", line 3342, in cupy._core.core._ndarray_init
  File "cupy/_core/core.pyx", line 300, in cupy._core.core._ndarray_base._init_fast
  File "cupy/cuda/memory.pyx", line 904, in cupy.cuda.memory.alloc
  File "cupy/cuda/memory.pyx", line 1614, in cupy.cuda.memory.MemoryPool.malloc
  File "cupy/cuda/memory.pyx", line 1635, in cupy.cuda.memory.MemoryPool.malloc
  File "cupy/cuda/memory.pyx", line 1350, in cupy.cuda.memory.SingleDeviceMemoryPool.malloc
  File "cupy/cuda/memory.pyx", line 1376, in cupy.cuda.memory.SingleDeviceMemoryPool._malloc
  File "cupy/cuda/memory.pyx", line 1560, in cupy.cuda.memory.SingleDeviceMemoryPool._try_malloc
cupy.cuda.memory.OutOfMemoryError: Out of memory allocating 134,217,728 bytes (allocated so far: 671,088,640 bytes).
Traceback (most recent call last):
Exception in thread   File "/usr/lib/python3.12/threading.py", line 1073, in _bootstrap_inner
    self.run()
  File "/usr/lib/python3.12/threading.py", line 1010, in run
Thread-292 (_chunk)    self._target(*self._args, **self._kwargs)
  File "/workspace/h1/RH/scripts/rh/day038_h1_3e10_gpu.py", line 569, in _chunk
:
Traceback (most recent call last):
  File "/usr/lib/python3.12/threading.py", line 1073, in _bootstrap_inner
    sr, si, br, bi, s_ar, dm = slabfn(
             Exception in thread  Thread-295 (_chunk) :
Traceback (most recent call last):
  File "/usr/lib/python3.12/threading.py", line 1073, in _bootstrap_inner
self.run()
  File "/usr/lib/python3.12/threading.py", line 1010, in run
  Exception in thread     self._target(*self._args, **self._kwargs)
  File "/workspace/h1/RH/scripts/rh/day038_h1_3e10_gpu.py", line 569, in _chunk
 Thread-294 (_chunk):
Traceback (most recent call last):
  File "/usr/lib/python3.12/threading.py", line 1073, in _bootstrap_inner
          self.run()     sr, si, br, bi, s_ar, dm = slabfn(
                               ^^^^^^^
  File "/workspace/h1/RH/scripts/rh/day038_h1_3e10_gpu.py", line 443, in slab_budget_gpu
    cc = cp.asarray(c)
         ^^^^^^^^^^^^^
  File "/opt/venvs/cupy/lib/python3.12/site-packages/cupy/_creation/from_data.py", line 94, in asarray
    return _core.array(a, dtype, copy, order, blocking=blocking)
           ^^^^^^^^^^^^^^^^^^^^^^^^^^^^^^^^^^^^^^^^^^^^^^^^^^^^^
  File "cupy/_core/core.pyx", line 2821, in cupy._core.core.array
  File "cupy/_core/core.pyx", line 2841, in cupy._core.core.array
  File "cupy/_core/core.pyx", line 3067, in cupy._core.core._array_default
  File "cupy/_core/core.pyx", line 176, in cupy._core.core.ndarray.__new__
  File "cupy/_core/core.pyx", line 282, in cupy._core.core._ndarray_base._init
  File "cupy/cuda/memory.pyx", line 904, in cupy.cuda.memory.alloc
  File "cupy/cuda/memory.pyx", line 1614, in cupy.cuda.memory.MemoryPool.malloc
  File "cupy/cuda/memory.pyx", line 1635, in cupy.cuda.memory.MemoryPool.malloc
  File "cupy/cuda/memory.pyx", line 1350, in cupy.cuda.memory.SingleDeviceMemoryPool.malloc
  File "cupy/cuda/memory.pyx", line 1376, in cupy.cuda.memory.SingleDeviceMemoryPool._malloc
  File "cupy/cuda/memory.pyx", line 1560, in cupy.cuda.memory.SingleDeviceMemoryPool._try_malloc
cupy.cuda.memory.OutOfMemoryError: Out of memory allocating 134,217,728 bytes (allocated so far: 536,870,912 bytes).
    self.run()
  File "/usr/lib/python3.12/threading.py", line 1010, in run
    self._target(*self._args, **self._kwargs)
  File "/workspace/h1/RH/scripts/rh/day038_h1_3e10_gpu.py", line 569, in _chunk
    sr, si, br, bi, s_ar, dm = slabfn(
                               ^^^^^^^
  File "/workspace/h1/RH/scripts/rh/day038_h1_3e10_gpu.py", line 444, in slab_budget_gpu
    g2 = cc * cc
         ~~~^~~~
  File "cupy/_core/core.pyx", line 1582, in cupy._core.core._ndarray_base.__mul__
  File "cupy/_core/_kernel.pyx", line 1374, in cupy._core._kernel.ufunc.__call__
  File "cupy/_core/_kernel.pyx", line 657, in cupy._core._kernel._get_out_args_from_optionals
  File "cupy/_core/core.pyx", line 3342, in cupy._core.core._ndarray_init
  File "cupy/_core/core.pyx", line 300, in cupy._core.core._ndarray_base._init_fast
  File "cupy/cuda/memory.pyx", line 904, in cupy.cuda.memory.alloc
  File "cupy/cuda/memory.pyx", line 1614, in cupy.cuda.memory.MemoryPool.malloc
  File "cupy/cuda/memory.pyx", line 1635, in cupy.cuda.memory.MemoryPool.malloc
  File "cupy/cuda/memory.pyx", line 1350, in cupy.cuda.memory.SingleDeviceMemoryPool.malloc
  File "cupy/cuda/memory.pyx", line 1376, in cupy.cuda.memory.SingleDeviceMemoryPool._malloc
  File "cupy/cuda/memory.pyx", line 1560, in cupy.cuda.memory.SingleDeviceMemoryPool._try_malloc
cupy.cuda.memory.OutOfMemoryError: Out of memory allocating 134,217,728 bytes (allocated so far: 268,435,456 bytes).

  File "/usr/lib/python3.12/threading.py", line 1010, in run
    self._target(*self._args, **self._kwargs)
  File "/workspace/h1/RH/scripts/rh/day038_h1_3e10_gpu.py", line 569, in _chunk
    sr, si, br, bi, s_ar, dm = slabfn(
                               ^^^^^^^
  File "/workspace/h1/RH/scripts/rh/day038_h1_3e10_gpu.py", line 443, in slab_budget_gpu
    cc = cp.asarray(c)
         ^^^^^^^^^^^^^
  File "/opt/venvs/cupy/lib/python3.12/site-packages/cupy/_creation/from_data.py", line 94, in asarray
    return _core.array(a, dtype, copy, order, blocking=blocking)
           ^^^^^^^^^^^^^^^^^^^^^^^^^^^^^^^^^^^^^^^^^^^^^^^^^^^^^
  File "cupy/_core/core.pyx", line 2821, in cupy._core.core.array
  File "cupy/_core/core.pyx", line 2841, in cupy._core.core.array
  File "cupy/_core/core.pyx", line 3067, in cupy._core.core._array_default
  File "cupy/_core/core.pyx", line 176, in cupy._core.core.ndarray.__new__
  File "cupy/_core/core.pyx", line 282, in cupy._core.core._ndarray_base._init
  File "cupy/cuda/memory.pyx", line 904, in cupy.cuda.memory.alloc
  File "cupy/cuda/memory.pyx", line 1614, in cupy.cuda.memory.MemoryPool.malloc
  File "cupy/cuda/memory.pyx", line 1635, in cupy.cuda.memory.MemoryPool.malloc
  File "cupy/cuda/memory.pyx", line 1350, in cupy.cuda.memory.SingleDeviceMemoryPool.malloc
  File "cupy/cuda/memory.pyx", line 1376, in cupy.cuda.memory.SingleDeviceMemoryPool._malloc
  File "cupy/cuda/memory.pyx", line 1560, in cupy.cuda.memory.SingleDeviceMemoryPool._try_malloc
cupy.cuda.memory.OutOfMemoryError: Out of memory allocating 134,217,728 bytes (allocated so far: 402,653,184 bytes).
          ^^^^^^^
  File "/workspace/h1/RH/scripts/rh/day038_h1_3e10_gpu.py", line 443, in slab_budget_gpu
    cc = cp.asarray(c)
         ^^^^^^^^^^^^^
  File "/opt/venvs/cupy/lib/python3.12/site-packages/cupy/_creation/from_data.py", line 94, in asarray
    return _core.array(a, dtype, copy, order, blocking=blocking)
           ^^^^^^^^^^^^^^^^^^^^^^^^^^^^^^^^^^^^^^^^^^^^^^^^^^^^^
  File "cupy/_core/core.pyx", line 2821, in cupy._core.core.array
  File "cupy/_core/core.pyx", line 2841, in cupy._core.core.array
  File "cupy/_core/core.pyx", line 3067, in cupy._core.core._array_default
  File "cupy/_core/core.pyx", line 176, in cupy._core.core.ndarray.__new__
  File "cupy/_core/core.pyx", line 282, in cupy._core.core._ndarray_base._init
  File "cupy/cuda/memory.pyx", line 904, in cupy.cuda.memory.alloc
  File "cupy/cuda/memory.pyx", line 1614, in cupy.cuda.memory.MemoryPool.malloc
  File "cupy/cuda/memory.pyx", line 1635, in cupy.cuda.memory.MemoryPool.malloc
  File "cupy/cuda/memory.pyx", line 1350, in cupy.cuda.memory.SingleDeviceMemoryPool.malloc
  File "cupy/cuda/memory.pyx", line 1376, in cupy.cuda.memory.SingleDeviceMemoryPool._malloc
  File "cupy/cuda/memory.pyx", line 1560, in cupy.cuda.memory.SingleDeviceMemoryPool._try_malloc
cupy.cuda.memory.OutOfMemoryError: Out of memory allocating 134,217,728 bytes (allocated so far: 671,088,640 bytes).
Exception in thread Thread-293 (_chunk):
Traceback (most recent call last):
  File "/usr/lib/python3.12/threading.py", line 1073, in _bootstrap_inner
    self.run()
  File "/usr/lib/python3.12/threading.py", line 1010, in run
    self._target(*self._args, **self._kwargs)
  File "/workspace/h1/RH/scripts/rh/day038_h1_3e10_gpu.py", line 569, in _chunk
    sr, si, br, bi, s_ar, dm = slabfn(
                               ^^^^^^^
  File "/workspace/h1/RH/scripts/rh/day038_h1_3e10_gpu.py", line 444, in slab_budget_gpu
    g2 = cc * cc
         ~~~^~~~
  File "cupy/_core/core.pyx", line 1582, in cupy._core.core._ndarray_base.__mul__
  File "cupy/_core/_kernel.pyx", line 1374, in cupy._core._kernel.ufunc.__call__
  File "cupy/_core/_kernel.pyx", line 657, in cupy._core._kernel._get_out_args_from_optionals
  File "cupy/_core/core.pyx", line 3342, in cupy._core.core._ndarray_init
  File "cupy/_core/core.pyx", line 300, in cupy._core.core._ndarray_base._init_fast
  File "cupy/cuda/memory.pyx", line 904, in cupy.cuda.memory.alloc
  File "cupy/cuda/memory.pyx", line 1614, in cupy.cuda.memory.MemoryPool.malloc
  File "cupy/cuda/memory.pyx", line 1635, in cupy.cuda.memory.MemoryPool.malloc
  File "cupy/cuda/memory.pyx", line 1350, in cupy.cuda.memory.SingleDeviceMemoryPool.malloc
  File "cupy/cuda/memory.pyx", line 1376, in cupy.cuda.memory.SingleDeviceMemoryPool._malloc
  File "cupy/cuda/memory.pyx", line 1560, in cupy.cuda.memory.SingleDeviceMemoryPool._try_malloc
cupy.cuda.memory.OutOfMemoryError: Out of memory allocating 134,217,728 bytes (allocated so far: 268,435,456 bytes).
point  job  (win  1,  k  +4,  x=1.025299294e+10)  WORKER  FAILED:  TypeError('cannot unpack non-iterable NoneType object')  --  done  points  are  checkpointed;  supervisor  resumes
Exception in thread Thread-297 (_chunk):
Traceback (most recent call last):
  File "/usr/lib/python3.12/threading.py", line 1073, in _bootstrap_inner
    self.run()
  File "/usr/lib/python3.12/threading.py", line 1010, in run
    self._target(*self._args, **self._kwargs)
  File "/workspace/h1/RH/scripts/rh/day038_h1_3e10_gpu.py", line 569, in _chunk
    sr, si, br, bi, s_ar, dm = slabfn(
                               ^^^^^^^
  File "/workspace/h1/RH/scripts/rh/day038_h1_3e10_gpu.py", line 445, in slab_budget_gpu
    A = g2 + 0.25
        ~~~^~~~~~
  File "cupy/_core/core.pyx", line 1570, in cupy._core.core._ndarray_base.__add__
  File "cupy/_core/core.pyx", line 2024, in cupy._core.core._ndarray_base.__array_ufunc__
  File "cupy/_core/_kernel.pyx", line 1374, in cupy._core._kernel.ufunc.__call__
  File "cupy/_core/_kernel.pyx", line 657, in cupy._core._kernel._get_out_args_from_optionals
  File "cupy/_core/core.pyx", line 3342, in cupy._core.core._ndarray_init
  File "cupy/_core/core.pyx", line 300, in cupy._core.core._ndarray_base._init_fast
  File "cupy/cuda/memory.pyx", line 904, in cupy.cuda.memory.alloc
  File "cupy/cuda/memory.pyx", line 1614, in cupy.cuda.memory.MemoryPool.malloc
  File "cupy/cuda/memory.pyx", line 1635, in cupy.cuda.memory.MemoryPool.malloc
  File "cupy/cuda/memory.pyx", line 1350, in cupy.cuda.memory.SingleDeviceMemoryPool.malloc
  File "cupy/cuda/memory.pyx", line 1376, in cupy.cuda.memory.SingleDeviceMemoryPool._malloc
  File "cupy/cuda/memory.pyx", line 1560, in cupy.cuda.memory.SingleDeviceMemoryPool._try_malloc
cupy.cuda.memory.OutOfMemoryError: Out of memory allocating 134,217,728 bytes (allocated so far: 268,435,456 bytes).
Exception in thread Exception in thread Thread-304 (_chunk):
Traceback (most recent call last):
  File "/usr/lib/python3.12/threading.py", line 1073, in _bootstrap_inner
Thread-298 (_chunk):
Traceback (most recent call last):
  File "/usr/lib/python3.12/threading.py", line 1073, in _bootstrap_inner
    self.run()
  File "/usr/lib/python3.12/threading.py", line 1010, in run
    self._target(*self._args, **self._kwargs)
  File "/workspace/h1/RH/scripts/rh/day038_h1_3e10_gpu.py", line 569, in _chunk
    sr, si, br, bi, s_ar, dm = slabfn(
                               ^^^^^^^
  File "/workspace/h1/RH/scripts/rh/day038_h1_3e10_gpu.py", line 443, in slab_budget_gpu
    cc = cp.asarray(c)
         ^^^^^^^^^^^^^
  File "/opt/venvs/cupy/lib/python3.12/site-packages/cupy/_creation/from_data.py", line 94, in asarray
    return _core.array(a, dtype, copy, order, blocking=blocking)
           ^^^^^^^^^^^^^^^^^^^^^^^^^^^^^^^^^^^^^^^^^^^^^^^^^^^^^
  File "cupy/_core/core.pyx", line 2821, in cupy._core.core.array
  File "cupy/_core/core.pyx", line 2841, in cupy._core.core.array
  File "cupy/_core/core.pyx", line 3067, in cupy._core.core._array_default
  File "cupy/_core/core.pyx", line 176, in cupy._core.core.ndarray.__new__
  File "cupy/_core/core.pyx", line 282, in cupy._core.core._ndarray_base._init
  File "cupy/cuda/memory.pyx", line 904, in cupy.cuda.memory.alloc
  File "cupy/cuda/memory.pyx", line 1614, in cupy.cuda.memory.MemoryPool.malloc
  File "cupy/cuda/memory.pyx", line 1635, in cupy.cuda.memory.MemoryPool.malloc
  File "cupy/cuda/memory.pyx", line 1350, in cupy.cuda.memory.SingleDeviceMemoryPool.malloc
  File "cupy/cuda/memory.pyx", line 1376, in cupy.cuda.memory.SingleDeviceMemoryPool._malloc
  File "cupy/cuda/memory.pyx", line 1560, in cupy.cuda.memory.SingleDeviceMemoryPool._try_malloc
cupy.cuda.memory.OutOfMemoryError: Out of memory allocating 134,217,728 bytes (allocated so far: 671,088,640 bytes).
Exception in thread Thread-299 (_chunk):
Traceback (most recent call last):
  File "/usr/lib/python3.12/threading.py", line 1073, in _bootstrap_inner
    self.run()
  File "/usr/lib/python3.12/threading.py", line 1010, in run
    self._target(*self._args, **self._kwargs)
  File "/workspace/h1/RH/scripts/rh/day038_h1_3e10_gpu.py", line 569, in _chunk
    sr, si, br, bi, s_ar, dm = slabfn(
                               ^^^^^^^
  File "/workspace/h1/RH/scripts/rh/day038_h1_3e10_gpu.py", line 443, in slab_budget_gpu
    cc = cp.asarray(c)
         ^^^^^^^^^^^^^
  File "/opt/venvs/cupy/lib/python3.12/site-packages/cupy/_creation/from_data.py", line 94, in asarray
    return _core.array(a, dtype, copy, order, blocking=blocking)
           ^^^^^^^^^^^^^^^^^^^^^^^^^^^^^^^^^^^^^^^^^^^^^^^^^^^^^
  File "cupy/_core/core.pyx", line 2821, in cupy._core.core.array
  File "cupy/_core/core.pyx", line 2841, in cupy._core.core.array
  File "cupy/_core/core.pyx", line 3067, in cupy._core.core._array_default
  File "cupy/_core/core.pyx", line 176, in cupy._core.core.ndarray.__new__
  File "cupy/_core/core.pyx", line 282, in cupy._core.core._ndarray_base._init
  File "cupy/cuda/memory.pyx", line 904, in cupy.cuda.memory.alloc
  File "cupy/cuda/memory.pyx", line 1614, in cupy.cuda.memory.MemoryPool.malloc
  File "cupy/cuda/memory.pyx", line 1635, in cupy.cuda.memory.MemoryPool.malloc
  File "cupy/cuda/memory.pyx", line 1350, in cupy.cuda.memory.SingleDeviceMemoryPool.malloc
  File "cupy/cuda/memory.pyx", line 1376, in cupy.cuda.memory.SingleDeviceMemoryPool._malloc
  File "cupy/cuda/memory.pyx", line 1560, in cupy.cuda.memory.SingleDeviceMemoryPool._try_malloc
cupy.cuda.memory.OutOfMemoryError: Out of memory allocating 134,217,728 bytes (allocated so far: 536,870,912 bytes).
    self.run()
  File "/usr/lib/python3.12/threading.py", line 1010, in run
    self._target(*self._args, **self._kwargs)
  File "/workspace/h1/RH/scripts/rh/day038_h1_3e10_gpu.py", line 569, in _chunk
    sr, si, br, bi, s_ar, dm = slabfn(
                               ^^^^^^^
  File "/workspace/h1/RH/scripts/rh/day038_h1_3e10_gpu.py", line 443, in slab_budget_gpu
    cc = cp.asarray(c)
         ^^^^^^^^^^^^^
  File "/opt/venvs/cupy/lib/python3.12/site-packages/cupy/_creation/from_data.py", line 94, in asarray
    return _core.array(a, dtype, copy, order, blocking=blocking)
           ^^^^^^^^^^^^^^^^^^^^^^^^^^^^^^^^^^^^^^^^^^^^^^^^^^^^^
  File "cupy/_core/core.pyx", line 2821, in cupy._core.core.array
  File "cupy/_core/core.pyx", line 2841, in cupy._core.core.array
  File "cupy/_core/core.pyx", line 3067, in cupy._core.core._array_default
  File "cupy/_core/core.pyx", line 176, in cupy._core.core.ndarray.__new__
  File "cupy/_core/core.pyx", line 282, in cupy._core.core._ndarray_base._init
  File "cupy/cuda/memory.pyx", line 904, in cupy.cuda.memory.alloc
  File "cupy/cuda/memory.pyx", line 1614, in cupy.cuda.memory.MemoryPool.malloc
  File "cupy/cuda/memory.pyx", line 1635, in cupy.cuda.memory.MemoryPool.malloc
  File "cupy/cuda/memory.pyx", line 1350, in cupy.cuda.memory.SingleDeviceMemoryPool.malloc
  File "cupy/cuda/memory.pyx", line 1376, in cupy.cuda.memory.SingleDeviceMemoryPool._malloc
  File "cupy/cuda/memory.pyx", line 1560, in cupy.cuda.memory.SingleDeviceMemoryPool._try_malloc
cupy.cuda.memory.OutOfMemoryError: Out of memory allocating 134,217,728 bytes (allocated so far: 805,306,368 bytes).
Exception in thread Thread-300 (_chunk):
Traceback (most recent call last):
  File "/usr/lib/python3.12/threading.py", line 1073, in _bootstrap_inner
    self.run()
  File "/usr/lib/python3.12/threading.py", line 1010, in run
    self._target(*self._args, **self._kwargs)
  File "/workspace/h1/RH/scripts/rh/day038_h1_3e10_gpu.py", line 569, in _chunk
    sr, si, br, bi, s_ar, dm = slabfn(
                               ^^^^^^^
  File "/workspace/h1/RH/scripts/rh/day038_h1_3e10_gpu.py", line 443, in slab_budget_gpu
    cc = cp.asarray(c)
         ^^^^^^^^^^^^^
  File "/opt/venvs/cupy/lib/python3.12/site-packages/cupy/_creation/from_data.py", line 94, in asarray
    return _core.array(a, dtype, copy, order, blocking=blocking)
           ^^^^^^^^^^^^^^^^^^^^^^^^^^^^^^^^^^^^^^^^^^^^^^^^^^^^^
  File "cupy/_core/core.pyx", line 2821, in cupy._core.core.array
  File "cupy/_core/core.pyx", line 2841, in cupy._core.core.array
  File "cupy/_core/core.pyx", line 3067, in cupy._core.core._array_default
  File "cupy/_core/core.pyx", line 176, in cupy._core.core.ndarray.__new__
  File "cupy/_core/core.pyx", line 282, in cupy._core.core._ndarray_base._init
  File "cupy/cuda/memory.pyx", line 904, in cupy.cuda.memory.alloc
  File "cupy/cuda/memory.pyx", line 1614, in cupy.cuda.memory.MemoryPool.malloc
  File "cupy/cuda/memory.pyx", line 1635, in cupy.cuda.memory.MemoryPool.malloc
  File "cupy/cuda/memory.pyx", line 1350, in cupy.cuda.memory.SingleDeviceMemoryPool.malloc
  File "cupy/cuda/memory.pyx", line 1376, in cupy.cuda.memory.SingleDeviceMemoryPool._malloc
  File "cupy/cuda/memory.pyx", line 1560, in cupy.cuda.memory.SingleDeviceMemoryPool._try_malloc
cupy.cuda.memory.OutOfMemoryError: Out of memory allocating 134,217,728 bytes (allocated so far: 402,653,184 bytes).
Exception in thread Thread-303 (_chunk):
Traceback (most recent call last):
  File "/usr/lib/python3.12/threading.py", line 1073, in _bootstrap_inner
    self.run()
  File "/usr/lib/python3.12/threading.py", line 1010, in run
    self._target(*self._args, **self._kwargs)
  File "/workspace/h1/RH/scripts/rh/day038_h1_3e10_gpu.py", line 569, in _chunk
    sr, si, br, bi, s_ar, dm = slabfn(
                               ^^^^^^^
  File "/workspace/h1/RH/scripts/rh/day038_h1_3e10_gpu.py", line 443, in slab_budget_gpu
    cc = cp.asarray(c)
         ^^^^^^^^^^^^^
  File "/opt/venvs/cupy/lib/python3.12/site-packages/cupy/_creation/from_data.py", line 94, in asarray
    return _core.array(a, dtype, copy, order, blocking=blocking)
           ^^^^^^^^^^^^^^^^^^^^^^^^^^^^^^^^^^^^^^^^^^^^^^^^^^^^^
  File "cupy/_core/core.pyx", line 2821, in cupy._core.core.array
  File "cupy/_core/core.pyx", line 2841, in cupy._core.core.array
  File "cupy/_core/core.pyx", line 3067, in cupy._core.core._array_default
  File "cupy/_core/core.pyx", line 176, in cupy._core.core.ndarray.__new__
  File "cupy/_core/core.pyx", line 282, in cupy._core.core._ndarray_base._init
  File "cupy/cuda/memory.pyx", line 904, in cupy.cuda.memory.alloc
  File "cupy/cuda/memory.pyx", line 1614, in cupy.cuda.memory.MemoryPool.malloc
  File "cupy/cuda/memory.pyx", line 1635, in cupy.cuda.memory.MemoryPool.malloc
  File "cupy/cuda/memory.pyx", line 1350, in cupy.cuda.memory.SingleDeviceMemoryPool.malloc
  File "cupy/cuda/memory.pyx", line 1376, in cupy.cuda.memory.SingleDeviceMemoryPool._malloc
  File "cupy/cuda/memory.pyx", line 1560, in cupy.cuda.memory.SingleDeviceMemoryPool._try_malloc
cupy.cuda.memory.OutOfMemoryError: Out of memory allocating 134,217,728 bytes (allocated so far: 402,653,184 bytes).
Exception in thread Thread-302 (_chunk):
Traceback (most recent call last):
  File "/usr/lib/python3.12/threading.py", line 1073, in _bootstrap_inner
    self.run()
  File "/usr/lib/python3.12/threading.py", line 1010, in run
    self._target(*self._args, **self._kwargs)
  File "/workspace/h1/RH/scripts/rh/day038_h1_3e10_gpu.py", line 569, in _chunk
    sr, si, br, bi, s_ar, dm = slabfn(
                               ^^^^^^^
  File "/workspace/h1/RH/scripts/rh/day038_h1_3e10_gpu.py", line 444, in slab_budget_gpu
    g2 = cc * cc
         ~~~^~~~
  File "cupy/_core/core.pyx", line 1582, in cupy._core.core._ndarray_base.__mul__
  File "cupy/_core/_kernel.pyx", line 1374, in cupy._core._kernel.ufunc.__call__
  File "cupy/_core/_kernel.pyx", line 657, in cupy._core._kernel._get_out_args_from_optionals
  File "cupy/_core/core.pyx", line 3342, in cupy._core.core._ndarray_init
  File "cupy/_core/core.pyx", line 300, in cupy._core.core._ndarray_base._init_fast
  File "cupy/cuda/memory.pyx", line 904, in cupy.cuda.memory.alloc
  File "cupy/cuda/memory.pyx", line 1614, in cupy.cuda.memory.MemoryPool.malloc
  File "cupy/cuda/memory.pyx", line 1635, in cupy.cuda.memory.MemoryPool.malloc
  File "cupy/cuda/memory.pyx", line 1350, in cupy.cuda.memory.SingleDeviceMemoryPool.malloc
  File "cupy/cuda/memory.pyx", line 1376, in cupy.cuda.memory.SingleDeviceMemoryPool._malloc
  File "cupy/cuda/memory.pyx", line 1560, in cupy.cuda.memory.SingleDeviceMemoryPool._try_malloc
cupy.cuda.memory.OutOfMemoryError: Out of memory allocating 134,217,728 bytes (allocated so far: 402,653,184 bytes).
Exception in thread Thread-301 (_chunk):
Traceback (most recent call last):
  File "/usr/lib/python3.12/threading.py", line 1073, in _bootstrap_inner
    self.run()
  File "/usr/lib/python3.12/threading.py", line 1010, in run
    self._target(*self._args, **self._kwargs)
  File "/workspace/h1/RH/scripts/rh/day038_h1_3e10_gpu.py", line 569, in _chunk
    sr, si, br, bi, s_ar, dm = slabfn(
                               ^^^^^^^
  File "/workspace/h1/RH/scripts/rh/day038_h1_3e10_gpu.py", line 444, in slab_budget_gpu
    g2 = cc * cc
         ~~~^~~~
  File "cupy/_core/core.pyx", line 1582, in cupy._core.core._ndarray_base.__mul__
  File "cupy/_core/_kernel.pyx", line 1374, in cupy._core._kernel.ufunc.__call__
  File "cupy/_core/_kernel.pyx", line 657, in cupy._core._kernel._get_out_args_from_optionals
  File "cupy/_core/core.pyx", line 3342, in cupy._core.core._ndarray_init
  File "cupy/_core/core.pyx", line 300, in cupy._core.core._ndarray_base._init_fast
  File "cupy/cuda/memory.pyx", line 904, in cupy.cuda.memory.alloc
  File "cupy/cuda/memory.pyx", line 1614, in cupy.cuda.memory.MemoryPool.malloc
  File "cupy/cuda/memory.pyx", line 1635, in cupy.cuda.memory.MemoryPool.malloc
  File "cupy/cuda/memory.pyx", line 1350, in cupy.cuda.memory.SingleDeviceMemoryPool.malloc
  File "cupy/cuda/memory.pyx", line 1376, in cupy.cuda.memory.SingleDeviceMemoryPool._malloc
  File "cupy/cuda/memory.pyx", line 1560, in cupy.cuda.memory.SingleDeviceMemoryPool._try_malloc
cupy.cuda.memory.OutOfMemoryError: Out of memory allocating 134,217,728 bytes (allocated so far: 268,435,456 bytes).
point  job  (win  1,  k  +5,  x=1.025299294e+10)  WORKER  FAILED:  TypeError('cannot unpack non-iterable NoneType object')  --  done  points  are  checkpointed;  supervisor  resumes
Exception in thread Thread-305 (_chunk):
Traceback (most recent call last):
  File "/usr/lib/python3.12/threading.py", line 1073, in _bootstrap_inner
    self.run()
  File "/usr/lib/python3.12/threading.py", line 1010, in run
    self._target(*self._args, **self._kwargs)
  File "/workspace/h1/RH/scripts/rh/day038_h1_3e10_gpu.py", line 569, in _chunk
    sr, si, br, bi, s_ar, dm = slabfn(
                               ^^^^^^^
  File "/workspace/h1/RH/scripts/rh/day038_h1_3e10_gpu.py", line 445, in slab_budget_gpu
    A = g2 + 0.25
        ~~~^~~~~~
  File "cupy/_core/core.pyx", line 1570, in cupy._core.core._ndarray_base.__add__
  File "cupy/_core/core.pyx", line 2024, in cupy._core.core._ndarray_base.__array_ufunc__
  File "cupy/_core/_kernel.pyx", line 1374, in cupy._core._kernel.ufunc.__call__
  File "cupy/_core/_kernel.pyx", line 657, in cupy._core._kernel._get_out_args_from_optionals
  File "cupy/_core/core.pyx", line 3342, in cupy._core.core._ndarray_init
  File "cupy/_core/core.pyx", line 300, in cupy._core.core._ndarray_base._init_fast
  File "cupy/cuda/memory.pyx", line 904, in cupy.cuda.memory.alloc
  File "cupy/cuda/memory.pyx", line 1614, in cupy.cuda.memory.MemoryPool.malloc
  File "cupy/cuda/memory.pyx", line 1635, in cupy.cuda.memory.MemoryPool.malloc
  File "cupy/cuda/memory.pyx", line 1350, in cupy.cuda.memory.SingleDeviceMemoryPool.malloc
  File "cupy/cuda/memory.pyx", line 1376, in cupy.cuda.memory.SingleDeviceMemoryPool._malloc
  File "cupy/cuda/memory.pyx", line 1560, in cupy.cuda.memory.SingleDeviceMemoryPool._try_malloc
cupy.cuda.memory.OutOfMemoryError: Out of memory allocating 134,217,728 bytes (allocated so far: 268,435,456 bytes).
Exception in thread Thread-307 (_chunk):
Traceback (most recent call last):
  File "/usr/lib/python3.12/threading.py", line 1073, in _bootstrap_inner
    self.run()
  File "/usr/lib/python3.12/threading.py", line 1010, in run
    self._target(*self._args, **self._kwargs)
  File "/workspace/h1/RH/scripts/rh/day038_h1_3e10_gpu.py", line 569, in _chunk
    sr, si, br, bi, s_ar, dm = slabfn(
                               ^^^^^^^
  File "/workspace/h1/RH/scripts/rh/day038_h1_3e10_gpu.py", line 443, in slab_budget_gpu
    cc = cp.asarray(c)
         ^^^^^^^^^^^^^
  File "/opt/venvs/cupy/lib/python3.12/site-packages/cupy/_creation/from_data.py", line 94, in asarray
    return _core.array(a, dtype, copy, order, blocking=blocking)
           ^^^^^^^^^^^^^^^^^^^^^^^^^^^^^^^^^^^^^^^^^^^^^^^^^^^^^
  File "cupy/_core/core.pyx", line 2821, in cupy._core.core.array
  File "cupy/_core/core.pyx", line 2841, in cupy._core.core.array
  File "cupy/_core/core.pyx", line 3067, in cupy._core.core._array_default
  File "cupy/_core/core.pyx", line 176, in cupy._core.core.ndarray.__new__
  File "cupy/_core/core.pyx", line 282, in cupy._core.core._ndarray_base._init
  File "cupy/cuda/memory.pyx", line 904, in cupy.cuda.memory.alloc
  File "cupy/cuda/memory.pyx", line 1614, in cupy.cuda.memory.MemoryPool.malloc
  File "cupy/cuda/memory.pyx", line 1635, in cupy.cuda.memory.MemoryPool.malloc
  File "cupy/cuda/memory.pyx", line 1350, in cupy.cuda.memory.SingleDeviceMemoryPool.malloc
  File "cupy/cuda/memory.pyx", line 1376, in cupy.cuda.memory.SingleDeviceMemoryPool._malloc
  File "cupy/cuda/memory.pyx", line 1560, in cupy.cuda.memory.SingleDeviceMemoryPool._try_malloc
cupy.cuda.memory.OutOfMemoryError: Out of memory allocating 134,217,728 bytes (allocated so far: 268,435,456 bytes).
Exception in thread Exception in thread Thread-309 (_chunk):
Traceback (most recent call last):
  File "/usr/lib/python3.12/threading.py", line 1073, in _bootstrap_inner
    self.run()
  File "/usr/lib/python3.12/threading.py", line 1010, in run
    self._target(*self._args, **self._kwargs)
  File "/workspace/h1/RH/scripts/rh/day038_h1_3e10_gpu.py", line 569, in _chunk
    sr, si, br, bi, s_ar, dm = slabfn(
                               ^^^^^^^
  File "/workspace/h1/RH/scripts/rh/day038_h1_3e10_gpu.py", line 443, in slab_budget_gpu
    cc = cp.asarray(c)
         ^^^^^^^^^^^^^
  File "/opt/venvs/cupy/lib/python3.12/site-packages/cupy/_creation/from_data.py", line 94, in asarray
    return _core.array(a, dtype, copy, order, blocking=blocking)
           ^^^^^^^^^^^^^^^^^^^^^^^^^^^^^^^^^^^^^^^^^^^^^^^^^^^^^
  File "cupy/_core/core.pyx", line 2821, in cupy._core.core.array
  File "cupy/_core/core.pyx", line 2841, in cupy._core.core.array
  File "cupy/_core/core.pyx", line 3067, in cupy._core.core._array_default
  File "cupy/_core/core.pyx", line 176, in cupy._core.core.ndarray.__new__
  File "cupy/_core/core.pyx", line 282, in cupy._core.core._ndarray_base._init
  File "cupy/cuda/memory.pyx", line 904, in cupy.cuda.memory.alloc
  File "cupy/cuda/memory.pyx", line 1614, in cupy.cuda.memory.MemoryPool.malloc
  File "cupy/cuda/memory.pyx", line 1635, in cupy.cuda.memory.MemoryPool.malloc
  File "cupy/cuda/memory.pyx", line 1350, in cupy.cuda.memory.SingleDeviceMemoryPool.malloc
  File "cupy/cuda/memory.pyx", line 1376, in cupy.cuda.memory.SingleDeviceMemoryPool._malloc
  File "cupy/cuda/memory.pyx", line 1560, in cupy.cuda.memory.SingleDeviceMemoryPool._try_malloc
cupy.cuda.memory.OutOfMemoryError: Out of memory allocating 134,217,728 bytes (allocated so far: 671,088,640 bytes).
Exception in thread Thread-308 (_chunk):
Traceback (most recent call last):
  File "/usr/lib/python3.12/threading.py", line 1073, in _bootstrap_inner
    self.run()
  File "/usr/lib/python3.12/threading.py", line 1010, in run
    self._target(*self._args, **self._kwargs)
  File "/workspace/h1/RH/scripts/rh/day038_h1_3e10_gpu.py", line 569, in _chunk
    sr, si, br, bi, s_ar, dm = slabfn(
                               ^^^^^^^
  File "/workspace/h1/RH/scripts/rh/day038_h1_3e10_gpu.py", line 444, in slab_budget_gpu
    g2 = cc * cc
         ~~~^~~~
  File "cupy/_core/core.pyx", line 1582, in cupy._core.core._ndarray_base.__mul__
  File "cupy/_core/_kernel.pyx", line 1374, in cupy._core._kernel.ufunc.__call__
  File "cupy/_core/_kernel.pyx", line 657, in cupy._core._kernel._get_out_args_from_optionals
  File "cupy/_core/core.pyx", line 3342, in cupy._core.core._ndarray_init
  File "cupy/_core/core.pyx", line 300, in cupy._core.core._ndarray_base._init_fast
  File "cupy/cuda/memory.pyx", line 904, in cupy.cuda.memory.alloc
  File "cupy/cuda/memory.pyx", line 1614, in cupy.cuda.memory.MemoryPool.malloc
  File "cupy/cuda/memory.pyx", line 1635, in cupy.cuda.memory.MemoryPool.malloc
  File "cupy/cuda/memory.pyx", line 1350, in cupy.cuda.memory.SingleDeviceMemoryPool.malloc
  File "cupy/cuda/memory.pyx", line 1376, in cupy.cuda.memory.SingleDeviceMemoryPool._malloc
  File "cupy/cuda/memory.pyx", line 1560, in cupy.cuda.memory.SingleDeviceMemoryPool._try_malloc
cupy.cuda.memory.OutOfMemoryError: Out of memory allocating 134,217,728 bytes (allocated so far: 536,870,912 bytes).
Thread-312 (_chunk):
Traceback (most recent call last):
  File "/usr/lib/python3.12/threading.py", line 1073, in _bootstrap_inner
    self.run()
  File "/usr/lib/python3.12/threading.py", line 1010, in run
    self._target(*self._args, **self._kwargs)
  File "/workspace/h1/RH/scripts/rh/day038_h1_3e10_gpu.py", line 569, in _chunk
    sr, si, br, bi, s_ar, dm = slabfn(
                               ^^^^^^^
  File "/workspace/h1/RH/scripts/rh/day038_h1_3e10_gpu.py", line 443, in slab_budget_gpu
    cc = cp.asarray(c)
         ^^^^^^^^^^^^^
  File "/opt/venvs/cupy/lib/python3.12/site-packages/cupy/_creation/from_data.py", line 94, in asarray
    return _core.array(a, dtype, copy, order, blocking=blocking)
           ^^^^^^^^^^^^^^^^^^^^^^^^^^^^^^^^^^^^^^^^^^^^^^^^^^^^^
  File "cupy/_core/core.pyx", line 2821, in cupy._core.core.array
  File "cupy/_core/core.pyx", line 2841, in cupy._core.core.array
  File "cupy/_core/core.pyx", line 3067, in cupy._core.core._array_default
  File "cupy/_core/core.pyx", line 176, in cupy._core.core.ndarray.__new__
  File "cupy/_core/core.pyx", line 282, in cupy._core.core._ndarray_base._init
  File "cupy/cuda/memory.pyx", line 904, in cupy.cuda.memory.alloc
  File "cupy/cuda/memory.pyx", line 1614, in cupy.cuda.memory.MemoryPool.malloc
  File "cupy/cuda/memory.pyx", line 1635, in cupy.cuda.memory.MemoryPool.malloc
  File "cupy/cuda/memory.pyx", line 1350, in cupy.cuda.memory.SingleDeviceMemoryPool.malloc
  File "cupy/cuda/memory.pyx", line 1376, in cupy.cuda.memory.SingleDeviceMemoryPool._malloc
  File "cupy/cuda/memory.pyx", line 1560, in cupy.cuda.memory.SingleDeviceMemoryPool._try_malloc
cupy.cuda.memory.OutOfMemoryError: Out of memory allocating 134,217,728 bytes (allocated so far: 805,306,368 bytes).
Exception in thread Thread-310 (_chunk):
Traceback (most recent call last):
  File "/usr/lib/python3.12/threading.py", line 1073, in _bootstrap_inner
    self.run()
  File "/usr/lib/python3.12/threading.py", line 1010, in run
    self._target(*self._args, **self._kwargs)
  File "/workspace/h1/RH/scripts/rh/day038_h1_3e10_gpu.py", line 569, in _chunk
    sr, si, br, bi, s_ar, dm = slabfn(
                               ^^^^^^^
  File "/workspace/h1/RH/scripts/rh/day038_h1_3e10_gpu.py", line 443, in slab_budget_gpu
    cc = cp.asarray(c)
         ^^^^^^^^^^^^^
  File "/opt/venvs/cupy/lib/python3.12/site-packages/cupy/_creation/from_data.py", line 94, in asarray
    return _core.array(a, dtype, copy, order, blocking=blocking)
           ^^^^^^^^^^^^^^^^^^^^^^^^^^^^^^^^^^^^^^^^^^^^^^^^^^^^^
  File "cupy/_core/core.pyx", line 2821, in cupy._core.core.array
  File "cupy/_core/core.pyx", line 2841, in cupy._core.core.array
  File "cupy/_core/core.pyx", line 3067, in cupy._core.core._array_default
  File "cupy/_core/core.pyx", line 176, in cupy._core.core.ndarray.__new__
  File "cupy/_core/core.pyx", line 282, in cupy._core.core._ndarray_base._init
  File "cupy/cuda/memory.pyx", line 904, in cupy.cuda.memory.alloc
  File "cupy/cuda/memory.pyx", line 1614, in cupy.cuda.memory.MemoryPool.malloc
  File "cupy/cuda/memory.pyx", line 1635, in cupy.cuda.memory.MemoryPool.malloc
  File "cupy/cuda/memory.pyx", line 1350, in cupy.cuda.memory.SingleDeviceMemoryPool.malloc
  File "cupy/cuda/memory.pyx", line 1376, in cupy.cuda.memory.SingleDeviceMemoryPool._malloc
  File "cupy/cuda/memory.pyx", line 1560, in cupy.cuda.memory.SingleDeviceMemoryPool._try_malloc
cupy.cuda.memory.OutOfMemoryError: Out of memory allocating 134,217,728 bytes (allocated so far: 402,653,184 bytes).
Exception in thread Thread-306 (_chunk):
Traceback (most recent call last):
  File "/usr/lib/python3.12/threading.py", line 1073, in _bootstrap_inner
    self.run()
  File "/usr/lib/python3.12/threading.py", line 1010, in run
    self._target(*self._args, **self._kwargs)
  File "/workspace/h1/RH/scripts/rh/day038_h1_3e10_gpu.py", line 569, in _chunk
    sr, si, br, bi, s_ar, dm = slabfn(
                               ^^^^^^^
  File "/workspace/h1/RH/scripts/rh/day038_h1_3e10_gpu.py", line 444, in slab_budget_gpu
    g2 = cc * cc
         ~~~^~~~
  File "cupy/_core/core.pyx", line 1582, in cupy._core.core._ndarray_base.__mul__
  File "cupy/_core/_kernel.pyx", line 1374, in cupy._core._kernel.ufunc.__call__
  File "cupy/_core/_kernel.pyx", line 657, in cupy._core._kernel._get_out_args_from_optionals
  File "cupy/_core/core.pyx", line 3342, in cupy._core.core._ndarray_init
  File "cupy/_core/core.pyx", line 300, in cupy._core.core._ndarray_base._init_fast
  File "cupy/cuda/memory.pyx", line 904, in cupy.cuda.memory.alloc
  File "cupy/cuda/memory.pyx", line 1614, in cupy.cuda.memory.MemoryPool.malloc
  File "cupy/cuda/memory.pyx", line 1635, in cupy.cuda.memory.MemoryPool.malloc
  File "cupy/cuda/memory.pyx", line 1350, in cupy.cuda.memory.SingleDeviceMemoryPool.malloc
  File "cupy/cuda/memory.pyx", line 1376, in cupy.cuda.memory.SingleDeviceMemoryPool._malloc
  File "cupy/cuda/memory.pyx", line 1560, in cupy.cuda.memory.SingleDeviceMemoryPool._try_malloc
cupy.cuda.memory.OutOfMemoryError: Out of memory allocating 134,217,728 bytes (allocated so far: 268,435,456 bytes).
Exception in thread Thread-311 (_chunk):
Traceback (most recent call last):
  File "/usr/lib/python3.12/threading.py", line 1073, in _bootstrap_inner
    self.run()
  File "/usr/lib/python3.12/threading.py", line 1010, in run
    self._target(*self._args, **self._kwargs)
  File "/workspace/h1/RH/scripts/rh/day038_h1_3e10_gpu.py", line 569, in _chunk
    sr, si, br, bi, s_ar, dm = slabfn(
                               ^^^^^^^
  File "/workspace/h1/RH/scripts/rh/day038_h1_3e10_gpu.py", line 445, in slab_budget_gpu
    A = g2 + 0.25
        ~~~^~~~~~
  File "cupy/_core/core.pyx", line 1570, in cupy._core.core._ndarray_base.__add__
  File "cupy/_core/core.pyx", line 2024, in cupy._core.core._ndarray_base.__array_ufunc__
  File "cupy/_core/_kernel.pyx", line 1374, in cupy._core._kernel.ufunc.__call__
  File "cupy/_core/_kernel.pyx", line 657, in cupy._core._kernel._get_out_args_from_optionals
  File "cupy/_core/core.pyx", line 3342, in cupy._core.core._ndarray_init
  File "cupy/_core/core.pyx", line 300, in cupy._core.core._ndarray_base._init_fast
  File "cupy/cuda/memory.pyx", line 904, in cupy.cuda.memory.alloc
  File "cupy/cuda/memory.pyx", line 1614, in cupy.cuda.memory.MemoryPool.malloc
  File "cupy/cuda/memory.pyx", line 1635, in cupy.cuda.memory.MemoryPool.malloc
  File "cupy/cuda/memory.pyx", line 1350, in cupy.cuda.memory.SingleDeviceMemoryPool.malloc
  File "cupy/cuda/memory.pyx", line 1376, in cupy.cuda.memory.SingleDeviceMemoryPool._malloc
  File "cupy/cuda/memory.pyx", line 1560, in cupy.cuda.memory.SingleDeviceMemoryPool._try_malloc
cupy.cuda.memory.OutOfMemoryError: Out of memory allocating 134,217,728 bytes (allocated so far: 268,435,456 bytes).
point  job  (win  1,  k  +6,  x=1.025299294e+10)  WORKER  FAILED:  TypeError('cannot unpack non-iterable NoneType object')  --  done  points  are  checkpointed;  supervisor  resumes
Exception in thread Thread-313 (_chunk):
Traceback (most recent call last):
  File "/usr/lib/python3.12/threading.py", line 1073, in _bootstrap_inner
    self.run()
  File "/usr/lib/python3.12/threading.py", line 1010, in run
    self._target(*self._args, **self._kwargs)
  File "/workspace/h1/RH/scripts/rh/day038_h1_3e10_gpu.py", line 569, in _chunk
    sr, si, br, bi, s_ar, dm = slabfn(
                               ^^^^^^^
  File "/workspace/h1/RH/scripts/rh/day038_h1_3e10_gpu.py", line 445, in slab_budget_gpu
    A = g2 + 0.25
        ~~~^~~~~~
  File "cupy/_core/core.pyx", line 1570, in cupy._core.core._ndarray_base.__add__
  File "cupy/_core/core.pyx", line 2024, in cupy._core.core._ndarray_base.__array_ufunc__
  File "cupy/_core/_kernel.pyx", line 1374, in cupy._core._kernel.ufunc.__call__
  File "cupy/_core/_kernel.pyx", line 657, in cupy._core._kernel._get_out_args_from_optionals
  File "cupy/_core/core.pyx", line 3342, in cupy._core.core._ndarray_init
  File "cupy/_core/core.pyx", line 300, in cupy._core.core._ndarray_base._init_fast
  File "cupy/cuda/memory.pyx", line 904, in cupy.cuda.memory.alloc
  File "cupy/cuda/memory.pyx", line 1614, in cupy.cuda.memory.MemoryPool.malloc
  File "cupy/cuda/memory.pyx", line 1635, in cupy.cuda.memory.MemoryPool.malloc
  File "cupy/cuda/memory.pyx", line 1350, in cupy.cuda.memory.SingleDeviceMemoryPool.malloc
  File "cupy/cuda/memory.pyx", line 1376, in cupy.cuda.memory.SingleDeviceMemoryPool._malloc
  File "cupy/cuda/memory.pyx", line 1560, in cupy.cuda.memory.SingleDeviceMemoryPool._try_malloc
cupy.cuda.memory.OutOfMemoryError: Out of memory allocating 134,217,728 bytes (allocated so far: 402,653,184 bytes).
Exception in thread Thread-314 (_chunk):
Traceback (most recent call last):
  File "/usr/lib/python3.12/threading.py", line 1073, in _bootstrap_inner
    self.run()
  File "/usr/lib/python3.12/threading.py", line 1010, in run
    self._target(*self._args, **self._kwargs)
  File "/workspace/h1/RH/scripts/rh/day038_h1_3e10_gpu.py", line 569, in _chunk
    sr, si, br, bi, s_ar, dm = slabfn(
                               ^^^^^^^
  File "/workspace/h1/RH/scripts/rh/day038_h1_3e10_gpu.py", line 445, in slab_budget_gpu
    A = g2 + 0.25
        ~~~^~~~~~
  File "cupy/_core/core.pyx", line 1570, in cupy._core.core._ndarray_base.__add__
  File "cupy/_core/core.pyx", line 2024, in cupy._core.core._ndarray_base.__array_ufunc__
  File "cupy/_core/_kernel.pyx", line 1374, in cupy._core._kernel.ufunc.__call__
  File "cupy/_core/_kernel.pyx", line 657, in cupy._core._kernel._get_out_args_from_optionals
  File "cupy/_core/core.pyx", line 3342, in cupy._core.core._ndarray_init
  File "cupy/_core/core.pyx", line 300, in cupy._core.core._ndarray_base._init_fast
  File "cupy/cuda/memory.pyx", line 904, in cupy.cuda.memory.alloc
  File "cupy/cuda/memory.pyx", line 1614, in cupy.cuda.memory.MemoryPool.malloc
  File "cupy/cuda/memory.pyx", line 1635, in cupy.cuda.memory.MemoryPool.malloc
  File "cupy/cuda/memory.pyx", line 1350, in cupy.cuda.memory.SingleDeviceMemoryPool.malloc
  File "cupy/cuda/memory.pyx", line 1376, in cupy.cuda.memory.SingleDeviceMemoryPool._malloc
  File "cupy/cuda/memory.pyx", line 1560, in cupy.cuda.memory.SingleDeviceMemoryPool._try_malloc
cupy.cuda.memory.OutOfMemoryError: Out of memory allocating 134,217,728 bytes (allocated so far: 268,435,456 bytes).
Exception in thread Exception in thread Thread-320 (_chunk):
Thread-316 (_chunk)Traceback (most recent call last):
:
Traceback (most recent call last):
  File "/usr/lib/python3.12/threading.py", line 1073, in _bootstrap_inner
  File "/usr/lib/python3.12/threading.py", line 1073, in _bootstrap_inner
Exception in thread Thread-318 (_chunk):
Traceback (most recent call last):
  File "/usr/lib/python3.12/threading.py", line 1073, in _bootstrap_inner
    self.run()
  File "/usr/lib/python3.12/threading.py", line 1010, in run
    self._target(*self._args, **self._kwargs)
  File "/workspace/h1/RH/scripts/rh/day038_h1_3e10_gpu.py", line 569, in _chunk
    sr, si, br, bi, s_ar, dm = slabfn(
                               ^^^^^^^
  File "/workspace/h1/RH/scripts/rh/day038_h1_3e10_gpu.py", line 443, in slab_budget_gpu
    cc = cp.asarray(c)
         ^^^^^^^^^^^^^
  File "/opt/venvs/cupy/lib/python3.12/site-packages/cupy/_creation/from_data.py", line 94, in asarray
    return _core.array(a, dtype, copy, order, blocking=blocking)
           ^^^^^^^^^^^^^^^^^^^^^^^^^^^^^^^^^^^^^^^^^^^^^^^^^^^^^
  File "cupy/_core/core.pyx", line 2821, in cupy._core.core.array
  File "cupy/_core/core.pyx", line 2841, in cupy._core.core.array
  File "cupy/_core/core.pyx", line 3067, in cupy._core.core._array_default
  File "cupy/_core/core.pyx", line 176, in cupy._core.core.ndarray.__new__
  File "cupy/_core/core.pyx", line 282, in cupy._core.core._ndarray_base._init
  File "cupy/cuda/memory.pyx", line 904, in cupy.cuda.memory.alloc
  File "cupy/cuda/memory.pyx", line 1614, in cupy.cuda.memory.MemoryPool.malloc
  File "cupy/cuda/memory.pyx", line 1635, in cupy.cuda.memory.MemoryPool.malloc
  File "cupy/cuda/memory.pyx", line 1350, in cupy.cuda.memory.SingleDeviceMemoryPool.malloc
  File "cupy/cuda/memory.pyx", line 1376, in cupy.cuda.memory.SingleDeviceMemoryPool._malloc
  File "cupy/cuda/memory.pyx", line 1560, in cupy.cuda.memory.SingleDeviceMemoryPool._try_malloc
cupy.cuda.memory.OutOfMemoryError: Out of memory allocating 134,217,728 bytes (allocated so far: 536,870,912 bytes).
Exception in thread Thread-315 (_chunk):
Traceback (most recent call last):
  File "/usr/lib/python3.12/threading.py", line 1073, in _bootstrap_inner
    self.run()
  File "/usr/lib/python3.12/threading.py", line 1010, in run
    self._target(*self._args, **self._kwargs)
  File "/workspace/h1/RH/scripts/rh/day038_h1_3e10_gpu.py", line 569, in _chunk
    sr, si, br, bi, s_ar, dm = slabfn(
                               ^^^^^^^
  File "/workspace/h1/RH/scripts/rh/day038_h1_3e10_gpu.py", line 443, in slab_budget_gpu
    cc = cp.asarray(c)
         ^^^^^^^^^^^^^
  File "/opt/venvs/cupy/lib/python3.12/site-packages/cupy/_creation/from_data.py", line 94, in asarray
    return _core.array(a, dtype, copy, order, blocking=blocking)
           ^^^^^^^^^^^^^^^^^^^^^^^^^^^^^^^^^^^^^^^^^^^^^^^^^^^^^
  File "cupy/_core/core.pyx", line 2821, in cupy._core.core.array
  File "cupy/_core/core.pyx", line 2841, in cupy._core.core.array
  File "cupy/_core/core.pyx", line 3067, in cupy._core.core._array_default
  File "cupy/_core/core.pyx", line 176, in cupy._core.core.ndarray.__new__
  File "cupy/_core/core.pyx", line 282, in cupy._core.core._ndarray_base._init
  File "cupy/cuda/memory.pyx", line 904, in cupy.cuda.memory.alloc
  File "cupy/cuda/memory.pyx", line 1614, in cupy.cuda.memory.MemoryPool.malloc
  File "cupy/cuda/memory.pyx", line 1635, in cupy.cuda.memory.MemoryPool.malloc
  File "cupy/cuda/memory.pyx", line 1350, in cupy.cuda.memory.SingleDeviceMemoryPool.malloc
  File "cupy/cuda/memory.pyx", line 1376, in cupy.cuda.memory.SingleDeviceMemoryPool._malloc
  File "cupy/cuda/memory.pyx", line 1560, in cupy.cuda.memory.SingleDeviceMemoryPool._try_malloc
cupy.cuda.memory.OutOfMemoryError: Out of memory allocating 134,217,728 bytes (allocated so far: 536,870,912 bytes).
Exception in thread Thread-319 (_chunk):
Traceback (most recent call last):
  File "/usr/lib/python3.12/threading.py", line 1073, in _bootstrap_inner
    self.run()
  File "/usr/lib/python3.12/threading.py", line 1010, in run
    self._target(*self._args, **self._kwargs)
  File "/workspace/h1/RH/scripts/rh/day038_h1_3e10_gpu.py", line 569, in _chunk
    sr, si, br, bi, s_ar, dm = slabfn(
                               ^^^^^^^
  File "/workspace/h1/RH/scripts/rh/day038_h1_3e10_gpu.py", line 444, in slab_budget_gpu
    g2 = cc * cc
         ~~~^~~~
  File "cupy/_core/core.pyx", line 1582, in cupy._core.core._ndarray_base.__mul__
  File "cupy/_core/_kernel.pyx", line 1374, in cupy._core._kernel.ufunc.__call__
  File "cupy/_core/_kernel.pyx", line 657, in cupy._core._kernel._get_out_args_from_optionals
  File "cupy/_core/core.pyx", line 3342, in cupy._core.core._ndarray_init
  File "cupy/_core/core.pyx", line 300, in cupy._core.core._ndarray_base._init_fast
  File "cupy/cuda/memory.pyx", line 904, in cupy.cuda.memory.alloc
  File "cupy/cuda/memory.pyx", line 1614, in cupy.cuda.memory.MemoryPool.malloc
  File "cupy/cuda/memory.pyx", line 1635, in cupy.cuda.memory.MemoryPool.malloc
  File "cupy/cuda/memory.pyx", line 1350, in cupy.cuda.memory.SingleDeviceMemoryPool.malloc
  File "cupy/cuda/memory.pyx", line 1376, in cupy.cuda.memory.SingleDeviceMemoryPool._malloc
  File "cupy/cuda/memory.pyx", line 1560, in cupy.cuda.memory.SingleDeviceMemoryPool._try_malloc
cupy.cuda.memory.OutOfMemoryError: Out of memory allocating 134,217,728 bytes (allocated so far: 402,653,184 bytes).
    self.run()
  File "/usr/lib/python3.12/threading.py", line 1010, in run
    self._target(*self._args, **self._kwargs)
  File "/workspace/h1/RH/scripts/rh/day038_h1_3e10_gpu.py", line 569, in _chunk
    sr, si, br, bi, s_ar, dm = slabfn(
                               ^^^^^^^
  File "/workspace/h1/RH/scripts/rh/day038_h1_3e10_gpu.py", line 443, in slab_budget_gpu
    cc = cp.asarray(c)
         ^^^^^^^^^^^^^
  File "/opt/venvs/cupy/lib/python3.12/site-packages/cupy/_creation/from_data.py", line 94, in asarray
    return _core.array(a, dtype, copy, order, blocking=blocking)
           ^^^^^^^^^^^^^^^^^^^^^^^^^^^^^^^^^^^^^^^^^^^^^^^^^^^^^
  File "cupy/_core/core.pyx", line 2821, in cupy._core.core.array
  File "cupy/_core/core.pyx", line 2841, in cupy._core.core.array
  File "cupy/_core/core.pyx", line 3067, in cupy._core.core._array_default
  File "cupy/_core/core.pyx", line 176, in cupy._core.core.ndarray.__new__
  File "cupy/_core/core.pyx", line 282, in cupy._core.core._ndarray_base._init
  File "cupy/cuda/memory.pyx", line 904, in cupy.cuda.memory.alloc
  File "cupy/cuda/memory.pyx", line 1614, in cupy.cuda.memory.MemoryPool.malloc
  File "cupy/cuda/memory.pyx", line 1635, in cupy.cuda.memory.MemoryPool.malloc
  File "cupy/cuda/memory.pyx", line 1350, in cupy.cuda.memory.SingleDeviceMemoryPool.malloc
  File "cupy/cuda/memory.pyx", line 1376, in cupy.cuda.memory.SingleDeviceMemoryPool._malloc
  File "cupy/cuda/memory.pyx", line 1560, in cupy.cuda.memory.SingleDeviceMemoryPool._try_malloc
cupy.cuda.memory.OutOfMemoryError: Out of memory allocating 134,217,728 bytes (allocated so far: 671,088,640 bytes).
    self.run()
  File "/usr/lib/python3.12/threading.py", line 1010, in run
    self._target(*self._args, **self._kwargs)
  File "/workspace/h1/RH/scripts/rh/day038_h1_3e10_gpu.py", line 569, in _chunk
    sr, si, br, bi, s_ar, dm = slabfn(
                               ^^^^^^^
  File "/workspace/h1/RH/scripts/rh/day038_h1_3e10_gpu.py", line 443, in slab_budget_gpu
    cc = cp.asarray(c)
         ^^^^^^^^^^^^^
  File "/opt/venvs/cupy/lib/python3.12/site-packages/cupy/_creation/from_data.py", line 94, in asarray
    return _core.array(a, dtype, copy, order, blocking=blocking)
           ^^^^^^^^^^^^^^^^^^^^^^^^^^^^^^^^^^^^^^^^^^^^^^^^^^^^^
  File "cupy/_core/core.pyx", line 2821, in cupy._core.core.array
  File "cupy/_core/core.pyx", line 2841, in cupy._core.core.array
  File "cupy/_core/core.pyx", line 3067, in cupy._core.core._array_default
  File "cupy/_core/core.pyx", line 176, in cupy._core.core.ndarray.__new__
  File "cupy/_core/core.pyx", line 282, in cupy._core.core._ndarray_base._init
  File "cupy/cuda/memory.pyx", line 904, in cupy.cuda.memory.alloc
  File "cupy/cuda/memory.pyx", line 1614, in cupy.cuda.memory.MemoryPool.malloc
  File "cupy/cuda/memory.pyx", line 1635, in cupy.cuda.memory.MemoryPool.malloc
  File "cupy/cuda/memory.pyx", line 1350, in cupy.cuda.memory.SingleDeviceMemoryPool.malloc
  File "cupy/cuda/memory.pyx", line 1376, in cupy.cuda.memory.SingleDeviceMemoryPool._malloc
  File "cupy/cuda/memory.pyx", line 1560, in cupy.cuda.memory.SingleDeviceMemoryPool._try_malloc
cupy.cuda.memory.OutOfMemoryError: Out of memory allocating 134,217,728 bytes (allocated so far: 805,306,368 bytes).
Exception in thread Thread-317 (_chunk):
Traceback (most recent call last):
  File "/usr/lib/python3.12/threading.py", line 1073, in _bootstrap_inner
    self.run()
  File "/usr/lib/python3.12/threading.py", line 1010, in run
    self._target(*self._args, **self._kwargs)
  File "/workspace/h1/RH/scripts/rh/day038_h1_3e10_gpu.py", line 569, in _chunk
    sr, si, br, bi, s_ar, dm = slabfn(
                               ^^^^^^^
  File "/workspace/h1/RH/scripts/rh/day038_h1_3e10_gpu.py", line 444, in slab_budget_gpu
    g2 = cc * cc
         ~~~^~~~
  File "cupy/_core/core.pyx", line 1582, in cupy._core.core._ndarray_base.__mul__
  File "cupy/_core/_kernel.pyx", line 1374, in cupy._core._kernel.ufunc.__call__
  File "cupy/_core/_kernel.pyx", line 657, in cupy._core._kernel._get_out_args_from_optionals
  File "cupy/_core/core.pyx", line 3342, in cupy._core.core._ndarray_init
  File "cupy/_core/core.pyx", line 300, in cupy._core.core._ndarray_base._init_fast
  File "cupy/cuda/memory.pyx", line 904, in cupy.cuda.memory.alloc
  File "cupy/cuda/memory.pyx", line 1614, in cupy.cuda.memory.MemoryPool.malloc
  File "cupy/cuda/memory.pyx", line 1635, in cupy.cuda.memory.MemoryPool.malloc
  File "cupy/cuda/memory.pyx", line 1350, in cupy.cuda.memory.SingleDeviceMemoryPool.malloc
  File "cupy/cuda/memory.pyx", line 1376, in cupy.cuda.memory.SingleDeviceMemoryPool._malloc
  File "cupy/cuda/memory.pyx", line 1560, in cupy.cuda.memory.SingleDeviceMemoryPool._try_malloc
cupy.cuda.memory.OutOfMemoryError: Out of memory allocating 134,217,728 bytes (allocated so far: 268,435,456 bytes).
point  job  (win  1,  k  +7,  x=1.025299294e+10)  WORKER  FAILED:  TypeError('cannot unpack non-iterable NoneType object')  --  done  points  are  checkpointed;  supervisor  resumes
Exception in thread Thread-321 (_chunk):
Traceback (most recent call last):
  File "/usr/lib/python3.12/threading.py", line 1073, in _bootstrap_inner
    self.run()
  File "/usr/lib/python3.12/threading.py", line 1010, in run
    self._target(*self._args, **self._kwargs)
  File "/workspace/h1/RH/scripts/rh/day038_h1_3e10_gpu.py", line 569, in _chunk
    sr, si, br, bi, s_ar, dm = slabfn(
                               ^^^^^^^
  File "/workspace/h1/RH/scripts/rh/day038_h1_3e10_gpu.py", line 445, in slab_budget_gpu
    A = g2 + 0.25
        ~~~^~~~~~
  File "cupy/_core/core.pyx", line 1570, in cupy._core.core._ndarray_base.__add__
  File "cupy/_core/core.pyx", line 2024, in cupy._core.core._ndarray_base.__array_ufunc__
  File "cupy/_core/_kernel.pyx", line 1374, in cupy._core._kernel.ufunc.__call__
  File "cupy/_core/_kernel.pyx", line 657, in cupy._core._kernel._get_out_args_from_optionals
  File "cupy/_core/core.pyx", line 3342, in cupy._core.core._ndarray_init
  File "cupy/_core/core.pyx", line 300, in cupy._core.core._ndarray_base._init_fast
  File "cupy/cuda/memory.pyx", line 904, in cupy.cuda.memory.alloc
  File "cupy/cuda/memory.pyx", line 1614, in cupy.cuda.memory.MemoryPool.malloc
  File "cupy/cuda/memory.pyx", line 1635, in cupy.cuda.memory.MemoryPool.malloc
  File "cupy/cuda/memory.pyx", line 1350, in cupy.cuda.memory.SingleDeviceMemoryPool.malloc
  File "cupy/cuda/memory.pyx", line 1376, in cupy.cuda.memory.SingleDeviceMemoryPool._malloc
  File "cupy/cuda/memory.pyx", line 1560, in cupy.cuda.memory.SingleDeviceMemoryPool._try_malloc
cupy.cuda.memory.OutOfMemoryError: Out of memory allocating 134,217,728 bytes (allocated so far: 268,435,456 bytes).
  ...t=9.494e+09 tail sweep 8% (500 pieces, 8 threads)
Exception in thread Thread-326 (_chunk):
Traceback (most recent call last):
  File "/usr/lib/python3.12/threading.py", line 1073, in _bootstrap_inner
    self.run()
  File "/usr/lib/python3.12/threading.py", line 1010, in run
    self._target(*self._args, **self._kwargs)
  File "/workspace/h1/RH/scripts/rh/day038_h1_3e10_gpu.py", line 569, in _chunk
    sr, si, br, bi, s_ar, dm = slabfn(
                               ^^^^^^^
  File "/workspace/h1/RH/scripts/rh/day038_h1_3e10_gpu.py", line 444, in slab_budget_gpu
    g2 = cc * cc
         ~~~^~~~
  File "cupy/_core/core.pyx", line 1582, in cupy._core.core._ndarray_base.__mul__
  File "cupy/_core/_kernel.pyx", line 1374, in cupy._core._kernel.ufunc.__call__
  File "cupy/_core/_kernel.pyx", line 657, in cupy._core._kernel._get_out_args_from_optionals
  File "cupy/_core/core.pyx", line 3342, in cupy._core.core._ndarray_init
  File "cupy/_core/core.pyx", line 300, in cupy._core.core._ndarray_base._init_fast
  File "cupy/cuda/memory.pyx", line 904, in cupy.cuda.memory.alloc
  File "cupy/cuda/memory.pyx", line 1614, in cupy.cuda.memory.MemoryPool.malloc
  File "cupy/cuda/memory.pyx", line 1635, in cupy.cuda.memory.MemoryPool.malloc
  File "cupy/cuda/memory.pyx", line 1350, in cupy.cuda.memory.SingleDeviceMemoryPool.malloc
  File "cupy/cuda/memory.pyx", line 1376, in cupy.cuda.memory.SingleDeviceMemoryPool._malloc
  File "cupy/cuda/memory.pyx", line 1560, in cupy.cuda.memory.SingleDeviceMemoryPool._try_malloc
cupy.cuda.memory.OutOfMemoryError: Out of memory allocating 134,217,728 bytes (allocated so far: 805,306,368 bytes).
Exception in thread Exception in thread Thread-323 (_chunk):
Traceback (most recent call last):
  File "/usr/lib/python3.12/threading.py", line 1073, in _bootstrap_inner
    self.run()
  File "/usr/lib/python3.12/threading.py", line 1010, in run
    self._target(*self._args, **self._kwargs)
  File "/workspace/h1/RH/scripts/rh/day038_h1_3e10_gpu.py", line 569, in _chunk
    sr, si, br, bi, s_ar, dm = slabfn(
                               ^^^^^^^
  File "/workspace/h1/RH/scripts/rh/day038_h1_3e10_gpu.py", line 443, in slab_budget_gpu
    cc = cp.asarray(c)
         ^^^^^^^^^^^^^
  File "/opt/venvs/cupy/lib/python3.12/site-packages/cupy/_creation/from_data.py", line 94, in asarray
    return _core.array(a, dtype, copy, order, blocking=blocking)
           ^^^^^^^^^^^^^^^^^^^^^^^^^^^^^^^^^^^^^^^^^^^^^^^^^^^^^
  File "cupy/_core/core.pyx", line 2821, in cupy._core.core.array
  File "cupy/_core/core.pyx", line 2841, in cupy._core.core.array
  File "cupy/_core/core.pyx", line 3067, in cupy._core.core._array_default
  File "cupy/_core/core.pyx", line 176, in cupy._core.core.ndarray.__new__
  File "cupy/_core/core.pyx", line 282, in cupy._core.core._ndarray_base._init
  File "cupy/cuda/memory.pyx", line 904, in cupy.cuda.memory.alloc
  File "cupy/cuda/memory.pyx", line 1614, in cupy.cuda.memory.MemoryPool.malloc
  File "cupy/cuda/memory.pyx", line 1635, in cupy.cuda.memory.MemoryPool.malloc
  File "cupy/cuda/memory.pyx", line 1350, in cupy.cuda.memory.SingleDeviceMemoryPool.malloc
  File "cupy/cuda/memory.pyx", line 1376, in cupy.cuda.memory.SingleDeviceMemoryPool._malloc
  File "cupy/cuda/memory.pyx", line 1560, in cupy.cuda.memory.SingleDeviceMemoryPool._try_malloc
cupy.cuda.memory.OutOfMemoryError: Out of memory allocating 134,217,728 bytes (allocated so far: 536,870,912 bytes).
Thread-327 (_chunk):
Traceback (most recent call last):
  File "/usr/lib/python3.12/threading.py", line 1073, in _bootstrap_inner
    self.run()
  File "/usr/lib/python3.12/threading.py", line 1010, in run
    self._target(*self._args, **self._kwargs)
  File "/workspace/h1/RH/scripts/rh/day038_h1_3e10_gpu.py", line 569, in _chunk
    sr, si, br, bi, s_ar, dm = slabfn(
                               ^^^^^^^
  File "/workspace/h1/RH/scripts/rh/day038_h1_3e10_gpu.py", line 443, in slab_budget_gpu
    cc = cp.asarray(c)
         ^^^^^^^^^^^^^
  File "/opt/venvs/cupy/lib/python3.12/site-packages/cupy/_creation/from_data.py", line 94, in asarray
    return _core.array(a, dtype, copy, order, blocking=blocking)
           ^^^^^^^^^^^^^^^^^^^^^^^^^^^^^^^^^^^^^^^^^^^^^^^^^^^^^
  File "cupy/_core/core.pyx", line 2821, in cupy._core.core.array
  File "cupy/_core/core.pyx", line 2841, in cupy._core.core.array
  File "cupy/_core/core.pyx", line 3067, in cupy._core.core._array_default
  File "cupy/_core/core.pyx", line 176, in cupy._core.core.ndarray.__new__
  File "cupy/_core/core.pyx", line 282, in cupy._core.core._ndarray_base._init
  File "cupy/cuda/memory.pyx", line 904, in cupy.cuda.memory.alloc
  File "cupy/cuda/memory.pyx", line 1614, in cupy.cuda.memory.MemoryPool.malloc
  File "cupy/cuda/memory.pyx", line 1635, in cupy.cuda.memory.MemoryPool.malloc
  File "cupy/cuda/memory.pyx", line 1350, in cupy.cuda.memory.SingleDeviceMemoryPool.malloc
  File "cupy/cuda/memory.pyx", line 1376, in cupy.cuda.memory.SingleDeviceMemoryPool._malloc
  File "cupy/cuda/memory.pyx", line 1560, in cupy.cuda.memory.SingleDeviceMemoryPool._try_malloc
cupy.cuda.memory.OutOfMemoryError: Out of memory allocating 134,217,728 bytes (allocated so far: 671,088,640 bytes).
Exception in thread Thread-322 (_chunk):
Traceback (most recent call last):
  File "/usr/lib/python3.12/threading.py", line 1073, in _bootstrap_inner
    self.run()
  File "/usr/lib/python3.12/threading.py", line 1010, in run
    self._target(*self._args, **self._kwargs)
  File "/workspace/h1/RH/scripts/rh/day038_h1_3e10_gpu.py", line 569, in _chunk
    sr, si, br, bi, s_ar, dm = slabfn(
                               ^^^^^^^
  File "/workspace/h1/RH/scripts/rh/day038_h1_3e10_gpu.py", line 444, in slab_budget_gpu
    g2 = cc * cc
         ~~~^~~~
  File "cupy/_core/core.pyx", line 1582, in cupy._core.core._ndarray_base.__mul__
  File "cupy/_core/_kernel.pyx", line 1374, in cupy._core._kernel.ufunc.__call__
  File "cupy/_core/_kernel.pyx", line 657, in cupy._core._kernel._get_out_args_from_optionals
  File "cupy/_core/core.pyx", line 3342, in cupy._core.core._ndarray_init
  File "cupy/_core/core.pyx", line 300, in cupy._core.core._ndarray_base._init_fast
  File "cupy/cuda/memory.pyx", line 904, in cupy.cuda.memory.alloc
  File "cupy/cuda/memory.pyx", line 1614, in cupy.cuda.memory.MemoryPool.malloc
  File "cupy/cuda/memory.pyx", line 1635, in cupy.cuda.memory.MemoryPool.malloc
  File "cupy/cuda/memory.pyx", line 1350, in cupy.cuda.memory.SingleDeviceMemoryPool.malloc
  File "cupy/cuda/memory.pyx", line 1376, in cupy.cuda.memory.SingleDeviceMemoryPool._malloc
  File "cupy/cuda/memory.pyx", line 1560, in cupy.cuda.memory.SingleDeviceMemoryPool._try_malloc
cupy.cuda.memory.OutOfMemoryError: Out of memory allocating 134,217,728 bytes (allocated so far: 402,653,184 bytes).
Exception in thread Thread-324 (_chunk):
Traceback (most recent call last):
  File "/usr/lib/python3.12/threading.py", line 1073, in _bootstrap_inner
    self.run()
  File "/usr/lib/python3.12/threading.py", line 1010, in run
Exception in thread Thread-328 (_chunk):
Traceback (most recent call last):
  File "/usr/lib/python3.12/threading.py", line 1073, in _bootstrap_inner
    self.run()
  File "/usr/lib/python3.12/threading.py", line 1010, in run
    self._target(*self._args, **self._kwargs)
  File "/workspace/h1/RH/scripts/rh/day038_h1_3e10_gpu.py", line 569, in _chunk
    sr, si, br, bi, s_ar, dm = slabfn(
                               ^^^^^^^
  File "/workspace/h1/RH/scripts/rh/day038_h1_3e10_gpu.py", line 444, in slab_budget_gpu
    g2 = cc * cc
         ~~~^~~~
  File "cupy/_core/core.pyx", line 1582, in cupy._core.core._ndarray_base.__mul__
  File "cupy/_core/_kernel.pyx", line 1374, in cupy._core._kernel.ufunc.__call__
  File "cupy/_core/_kernel.pyx", line 657, in cupy._core._kernel._get_out_args_from_optionals
  File "cupy/_core/core.pyx", line 3342, in cupy._core.core._ndarray_init
  File "cupy/_core/core.pyx", line 300, in cupy._core.core._ndarray_base._init_fast
  File "cupy/cuda/memory.pyx", line 904, in cupy.cuda.memory.alloc
  File "cupy/cuda/memory.pyx", line 1614, in cupy.cuda.memory.MemoryPool.malloc
  File "cupy/cuda/memory.pyx", line 1635, in cupy.cuda.memory.MemoryPool.malloc
  File "cupy/cuda/memory.pyx", line 1350, in cupy.cuda.memory.SingleDeviceMemoryPool.malloc
  File "cupy/cuda/memory.pyx", line 1376, in cupy.cuda.memory.SingleDeviceMemoryPool._malloc
  File "cupy/cuda/memory.pyx", line 1560, in cupy.cuda.memory.SingleDeviceMemoryPool._try_malloc
cupy.cuda.memory.OutOfMemoryError: Out of memory allocating 134,217,728 bytes (allocated so far: 402,653,184 bytes).
    self._target(*self._args, **self._kwargs)
  File "/workspace/h1/RH/scripts/rh/day038_h1_3e10_gpu.py", line 569, in _chunk
    sr, si, br, bi, s_ar, dm = slabfn(
                               ^^^^^^^
  File "/workspace/h1/RH/scripts/rh/day038_h1_3e10_gpu.py", line 443, in slab_budget_gpu
    cc = cp.asarray(c)
         ^^^^^^^^^^^^^
  File "/opt/venvs/cupy/lib/python3.12/site-packages/cupy/_creation/from_data.py", line 94, in asarray
    return _core.array(a, dtype, copy, order, blocking=blocking)
           ^^^^^^^^^^^^^^^^^^^^^^^^^^^^^^^^^^^^^^^^^^^^^^^^^^^^^
  File "cupy/_core/core.pyx", line 2821, in cupy._core.core.array
  File "cupy/_core/core.pyx", line 2841, in cupy._core.core.array
  File "cupy/_core/core.pyx", line 3067, in cupy._core.core._array_default
  File "cupy/_core/core.pyx", line 176, in cupy._core.core.ndarray.__new__
  File "cupy/_core/core.pyx", line 282, in cupy._core.core._ndarray_base._init
  File "cupy/cuda/memory.pyx", line 904, in cupy.cuda.memory.alloc
  File "cupy/cuda/memory.pyx", line 1614, in cupy.cuda.memory.MemoryPool.malloc
  File "cupy/cuda/memory.pyx", line 1635, in cupy.cuda.memory.MemoryPool.malloc
  File "cupy/cuda/memory.pyx", line 1350, in cupy.cuda.memory.SingleDeviceMemoryPool.malloc
  File "cupy/cuda/memory.pyx", line 1376, in cupy.cuda.memory.SingleDeviceMemoryPool._malloc
  File "cupy/cuda/memory.pyx", line 1560, in cupy.cuda.memory.SingleDeviceMemoryPool._try_malloc
cupy.cuda.memory.OutOfMemoryError: Out of memory allocating 134,217,728 bytes (allocated so far: 402,653,184 bytes).
Exception in thread Thread-325 (_chunk):
Traceback (most recent call last):
  File "/usr/lib/python3.12/threading.py", line 1073, in _bootstrap_inner
    self.run()
  File "/usr/lib/python3.12/threading.py", line 1010, in run
    self._target(*self._args, **self._kwargs)
  File "/workspace/h1/RH/scripts/rh/day038_h1_3e10_gpu.py", line 569, in _chunk
    sr, si, br, bi, s_ar, dm = slabfn(
                               ^^^^^^^
  File "/workspace/h1/RH/scripts/rh/day038_h1_3e10_gpu.py", line 444, in slab_budget_gpu
    g2 = cc * cc
         ~~~^~~~
  File "cupy/_core/core.pyx", line 1582, in cupy._core.core._ndarray_base.__mul__
  File "cupy/_core/_kernel.pyx", line 1374, in cupy._core._kernel.ufunc.__call__
  File "cupy/_core/_kernel.pyx", line 657, in cupy._core._kernel._get_out_args_from_optionals
  File "cupy/_core/core.pyx", line 3342, in cupy._core.core._ndarray_init
  File "cupy/_core/core.pyx", line 300, in cupy._core.core._ndarray_base._init_fast
  File "cupy/cuda/memory.pyx", line 904, in cupy.cuda.memory.alloc
  File "cupy/cuda/memory.pyx", line 1614, in cupy.cuda.memory.MemoryPool.malloc
  File "cupy/cuda/memory.pyx", line 1635, in cupy.cuda.memory.MemoryPool.malloc
  File "cupy/cuda/memory.pyx", line 1350, in cupy.cuda.memory.SingleDeviceMemoryPool.malloc
  File "cupy/cuda/memory.pyx", line 1376, in cupy.cuda.memory.SingleDeviceMemoryPool._malloc
  File "cupy/cuda/memory.pyx", line 1560, in cupy.cuda.memory.SingleDeviceMemoryPool._try_malloc
cupy.cuda.memory.OutOfMemoryError: Out of memory allocating 134,217,728 bytes (allocated so far: 268,435,456 bytes).
point  job  (win  1,  k  +8,  x=1.025299294e+10)  WORKER  FAILED:  TypeError('cannot unpack non-iterable NoneType object')  --  done  points  are  checkpointed;  supervisor  resumes
Exception in thread Thread-329 (_chunk):
Traceback (most recent call last):
  File "/usr/lib/python3.12/threading.py", line 1073, in _bootstrap_inner
    self.run()
  File "/usr/lib/python3.12/threading.py", line 1010, in run
    self._target(*self._args, **self._kwargs)
  File "/workspace/h1/RH/scripts/rh/day038_h1_3e10_gpu.py", line 569, in _chunk
    sr, si, br, bi, s_ar, dm = slabfn(
                               ^^^^^^^
  File "/workspace/h1/RH/scripts/rh/day038_h1_3e10_gpu.py", line 445, in slab_budget_gpu
    A = g2 + 0.25
        ~~~^~~~~~
  File "cupy/_core/core.pyx", line 1570, in cupy._core.core._ndarray_base.__add__
  File "cupy/_core/core.pyx", line 2024, in cupy._core.core._ndarray_base.__array_ufunc__
  File "cupy/_core/_kernel.pyx", line 1374, in cupy._core._kernel.ufunc.__call__
  File "cupy/_core/_kernel.pyx", line 657, in cupy._core._kernel._get_out_args_from_optionals
  File "cupy/_core/core.pyx", line 3342, in cupy._core.core._ndarray_init
  File "cupy/_core/core.pyx", line 300, in cupy._core.core._ndarray_base._init_fast
  File "cupy/cuda/memory.pyx", line 904, in cupy.cuda.memory.alloc
  File "cupy/cuda/memory.pyx", line 1614, in cupy.cuda.memory.MemoryPool.malloc
  File "cupy/cuda/memory.pyx", line 1635, in cupy.cuda.memory.MemoryPool.malloc
  File "cupy/cuda/memory.pyx", line 1350, in cupy.cuda.memory.SingleDeviceMemoryPool.malloc
  File "cupy/cuda/memory.pyx", line 1376, in cupy.cuda.memory.SingleDeviceMemoryPool._malloc
  File "cupy/cuda/memory.pyx", line 1560, in cupy.cuda.memory.SingleDeviceMemoryPool._try_malloc
cupy.cuda.memory.OutOfMemoryError: Out of memory allocating 134,217,728 bytes (allocated so far: 268,435,456 bytes).
Exception in thread Thread-336 (_chunk):
Traceback (most recent call last):
  File "/usr/lib/python3.12/threading.py", line 1073, in _bootstrap_inner
    self.run()
  File "/usr/lib/python3.12/threading.py", line 1010, in run
    self._target(*self._args, **self._kwargs)
  File "/workspace/h1/RH/scripts/rh/day038_h1_3e10_gpu.py", line 569, in _chunk
    sr, si, br, bi, s_ar, dm = slabfn(
                               ^^^^^^^
  File "/workspace/h1/RH/scripts/rh/day038_h1_3e10_gpu.py", line 443, in slab_budget_gpu
    cc = cp.asarray(c)
         ^^^^^^^^^^^^^
  File "/opt/venvs/cupy/lib/python3.12/site-packages/cupy/_creation/from_data.py", line 94, in asarray
    return _core.array(a, dtype, copy, order, blocking=blocking)
           ^^^^^^^^^^^^^^^^^^^^^^^^^^^^^^^^^^^^^^^^^^^^^^^^^^^^^
  File "cupy/_core/core.pyx", line 2821, in cupy._core.core.array
  File "cupy/_core/core.pyx", line 2841, in cupy._core.core.array
  File "cupy/_core/core.pyx", line 3067, in cupy._core.core._array_default
  File "cupy/_core/core.pyx", line 176, in cupy._core.core.ndarray.__new__
  File "cupy/_core/core.pyx", line 282, in cupy._core.core._ndarray_base._init
  File "cupy/cuda/memory.pyx", line 904, in cupy.cuda.memory.alloc
  File "cupy/cuda/memory.pyx", line 1614, in cupy.cuda.memory.MemoryPool.malloc
  File "cupy/cuda/memory.pyx", line 1635, in cupy.cuda.memory.MemoryPool.malloc
  File "cupy/cuda/memory.pyx", line 1350, in cupy.cuda.memory.SingleDeviceMemoryPool.malloc
  File "cupy/cuda/memory.pyx", line 1376, in cupy.cuda.memory.SingleDeviceMemoryPool._malloc
  File "cupy/cuda/memory.pyx", line 1560, in cupy.cuda.memory.SingleDeviceMemoryPool._try_malloc
cupy.cuda.memory.OutOfMemoryError: Out of memory allocating 134,217,728 bytes (allocated so far: 671,088,640 bytes).
Exception in thread Thread-332 (_chunk):
Traceback (most recent call last):
  File "/usr/lib/python3.12/threading.py", line 1073, in _bootstrap_inner
    self.run()
  File "/usr/lib/python3.12/threading.py", line 1010, in run
    self._target(*self._args, **self._kwargs)
  File "/workspace/h1/RH/scripts/rh/day038_h1_3e10_gpu.py", line 569, in _chunk
    sr, si, br, bi, s_ar, dm = slabfn(
                               ^^^^^^^
  File "/workspace/h1/RH/scripts/rh/day038_h1_3e10_gpu.py", line 443, in slab_budget_gpu
    cc = cp.asarray(c)
         ^^^^^^^^^^^^^
  File "/opt/venvs/cupy/lib/python3.12/site-packages/cupy/_creation/from_data.py", line 94, in asarray
    return _core.array(a, dtype, copy, order, blocking=blocking)
           ^^^^^^^^^^^^^^^^^^^^^^^^^^^^^^^^^^^^^^^^^^^^^^^^^^^^^
  File "cupy/_core/core.pyx", line 2821, in cupy._core.core.array
  File "cupy/_core/core.pyx", line 2841, in cupy._core.core.array
  File "cupy/_core/core.pyx", line 3067, in cupy._core.core._array_default
  File "cupy/_core/core.pyx", line 176, in cupy._core.core.ndarray.__new__
  File "cupy/_core/core.pyx", line 282, in cupy._core.core._ndarray_base._init
  File "cupy/cuda/memory.pyx", line 904, in cupy.cuda.memory.alloc
  File "cupy/cuda/memory.pyx", line 1614, in cupy.cuda.memory.MemoryPool.malloc
  File "cupy/cuda/memory.pyx", line 1635, in cupy.cuda.memory.MemoryPool.malloc
  File "cupy/cuda/memory.pyx", line 1350, in cupy.cuda.memory.SingleDeviceMemoryPool.malloc
  File "cupy/cuda/memory.pyx", line 1376, in cupy.cuda.memory.SingleDeviceMemoryPool._malloc
  File "cupy/cuda/memory.pyx", line 1560, in cupy.cuda.memory.SingleDeviceMemoryPool._try_malloc
cupy.cuda.memory.OutOfMemoryError: Out of memory allocating 134,217,728 bytes (allocated so far: 805,306,368 bytes).
Exception in thread Thread-334 (_chunk):
Traceback (most recent call last):
  File "/usr/lib/python3.12/threading.py", line 1073, in _bootstrap_inner
    self.run()
  File "/usr/lib/python3.12/threading.py", line 1010, in run
    self._target(*self._args, **self._kwargs)
  File "/workspace/h1/RH/scripts/rh/day038_h1_3e10_gpu.py", line 569, in _chunk
    sr, si, br, bi, s_ar, dm = slabfn(
                               ^^^^^^^
  File "/workspace/h1/RH/scripts/rh/day038_h1_3e10_gpu.py", line 443, in slab_budget_gpu
    cc = cp.asarray(c)
         ^^^^^^^^^^^^^
  File "/opt/venvs/cupy/lib/python3.12/site-packages/cupy/_creation/from_data.py", line 94, in asarray
    return _core.array(a, dtype, copy, order, blocking=blocking)
           ^^^^^^^^^^^^^^^^^^^^^^^^^^^^^^^^^^^^^^^^^^^^^^^^^^^^^
  File "cupy/_core/core.pyx", line 2821, in cupy._core.core.array
  File "cupy/_core/core.pyx", line 2841, in cupy._core.core.array
  File "cupy/_core/core.pyx", line 3067, in cupy._core.core._array_default
  File "cupy/_core/core.pyx", line 176, in cupy._core.core.ndarray.__new__
  File "cupy/_core/core.pyx", line 282, in cupy._core.core._ndarray_base._init
  File "cupy/cuda/memory.pyx", line 904, in cupy.cuda.memory.alloc
  File "cupy/cuda/memory.pyx", line 1614, in cupy.cuda.memory.MemoryPool.malloc
  File "cupy/cuda/memory.pyx", line 1635, in cupy.cuda.memory.MemoryPool.malloc
  File "cupy/cuda/memory.pyx", line 1350, in cupy.cuda.memory.SingleDeviceMemoryPool.malloc
  File "cupy/cuda/memory.pyx", line 1376, in cupy.cuda.memory.SingleDeviceMemoryPool._malloc
  File "cupy/cuda/memory.pyx", line 1560, in cupy.cuda.memory.SingleDeviceMemoryPool._try_malloc
cupy.cuda.memory.OutOfMemoryError: Out of memory allocating 134,217,728 bytes (allocated so far: 805,306,368 bytes).
Exception in thread Thread-330 (_chunk):
Traceback (most recent call last):
  File "/usr/lib/python3.12/threading.py", line 1073, in _bootstrap_inner
    self.run()
  File "/usr/lib/python3.12/threading.py", line 1010, in run
    self._target(*self._args, **self._kwargs)
  File "/workspace/h1/RH/scripts/rh/day038_h1_3e10_gpu.py", line 569, in _chunk
    sr, si, br, bi, s_ar, dm = slabfn(
                               ^^^^^^^
  File "/workspace/h1/RH/scripts/rh/day038_h1_3e10_gpu.py", line 444, in slab_budget_gpu
    g2 = cc * cc
         ~~~^~~~
  File "cupy/_core/core.pyx", line 1582, in cupy._core.core._ndarray_base.__mul__
  File "cupy/_core/_kernel.pyx", line 1374, in cupy._core._kernel.ufunc.__call__
  File "cupy/_core/_kernel.pyx", line 657, in cupy._core._kernel._get_out_args_from_optionals
  File "cupy/_core/core.pyx", line 3342, in cupy._core.core._ndarray_init
  File "cupy/_core/core.pyx", line 300, in cupy._core.core._ndarray_base._init_fast
  File "cupy/cuda/memory.pyx", line 904, in cupy.cuda.memory.alloc
  File "cupy/cuda/memory.pyx", line 1614, in cupy.cuda.memory.MemoryPool.malloc
  File "cupy/cuda/memory.pyx", line 1635, in cupy.cuda.memory.MemoryPool.malloc
  File "cupy/cuda/memory.pyx", line 1350, in cupy.cuda.memory.SingleDeviceMemoryPool.malloc
  File "cupy/cuda/memory.pyx", line 1376, in cupy.cuda.memory.SingleDeviceMemoryPool._malloc
  File "cupy/cuda/memory.pyx", line 1560, in cupy.cuda.memory.SingleDeviceMemoryPool._try_malloc
cupy.cuda.memory.OutOfMemoryError: Out of memory allocating 134,217,728 bytes (allocated so far: 671,088,640 bytes).
Exception in thread Thread-335 (_chunk):
Traceback (most recent call last):
  File "/usr/lib/python3.12/threading.py", line 1073, in _bootstrap_inner
    self.run()
  File "/usr/lib/python3.12/threading.py", line 1010, in run
    self._target(*self._args, **self._kwargs)
  File "/workspace/h1/RH/scripts/rh/day038_h1_3e10_gpu.py", line 569, in _chunk
    sr, si, br, bi, s_ar, dm = slabfn(
                               ^^^^^^^
  File "/workspace/h1/RH/scripts/rh/day038_h1_3e10_gpu.py", line 443, in slab_budget_gpu
    cc = cp.asarray(c)
         ^^^^^^^^^^^^^
  File "/opt/venvs/cupy/lib/python3.12/site-packages/cupy/_creation/from_data.py", line 94, in asarray
    return _core.array(a, dtype, copy, order, blocking=blocking)
           ^^^^^^^^^^^^^^^^^^^^^^^^^^^^^^^^^^^^^^^^^^^^^^^^^^^^^
  File "cupy/_core/core.pyx", line 2821, in cupy._core.core.array
  File "cupy/_core/core.pyx", line 2841, in cupy._core.core.array
  File "cupy/_core/core.pyx", line 3067, in cupy._core.core._array_default
  File "cupy/_core/core.pyx", line 176, in cupy._core.core.ndarray.__new__
  File "cupy/_core/core.pyx", line 282, in cupy._core.core._ndarray_base._init
  File "cupy/cuda/memory.pyx", line 904, in cupy.cuda.memory.alloc
  File "cupy/cuda/memory.pyx", line 1614, in cupy.cuda.memory.MemoryPool.malloc
  File "cupy/cuda/memory.pyx", line 1635, in cupy.cuda.memory.MemoryPool.malloc
  File "cupy/cuda/memory.pyx", line 1350, in cupy.cuda.memory.SingleDeviceMemoryPool.malloc
  File "cupy/cuda/memory.pyx", line 1376, in cupy.cuda.memory.SingleDeviceMemoryPool._malloc
  File "cupy/cuda/memory.pyx", line 1560, in cupy.cuda.memory.SingleDeviceMemoryPool._try_malloc
cupy.cuda.memory.OutOfMemoryError: Out of memory allocating 134,217,728 bytes (allocated so far: 536,870,912 bytes).
Exception in thread Thread-331 (_chunk):
Traceback (most recent call last):
  File "/usr/lib/python3.12/threading.py", line 1073, in _bootstrap_inner
    self.run()
  File "/usr/lib/python3.12/threading.py", line 1010, in run
    self._target(*self._args, **self._kwargs)
  File "/workspace/h1/RH/scripts/rh/day038_h1_3e10_gpu.py", line 569, in _chunk
    sr, si, br, bi, s_ar, dm = slabfn(
                               ^^^^^^^
  File "/workspace/h1/RH/scripts/rh/day038_h1_3e10_gpu.py", line 444, in slab_budget_gpu
    g2 = cc * cc
         ~~~^~~~
  File "cupy/_core/core.pyx", line 1582, in cupy._core.core._ndarray_base.__mul__
  File "cupy/_core/_kernel.pyx", line 1374, in cupy._core._kernel.ufunc.__call__
  File "cupy/_core/_kernel.pyx", line 657, in cupy._core._kernel._get_out_args_from_optionals
  File "cupy/_core/core.pyx", line 3342, in cupy._core.core._ndarray_init
  File "cupy/_core/core.pyx", line 300, in cupy._core.core._ndarray_base._init_fast
  File "cupy/cuda/memory.pyx", line 904, in cupy.cuda.memory.alloc
  File "cupy/cuda/memory.pyx", line 1614, in cupy.cuda.memory.MemoryPool.malloc
  File "cupy/cuda/memory.pyx", line 1635, in cupy.cuda.memory.MemoryPool.malloc
  File "cupy/cuda/memory.pyx", line 1350, in cupy.cuda.memory.SingleDeviceMemoryPool.malloc
  File "cupy/cuda/memory.pyx", line 1376, in cupy.cuda.memory.SingleDeviceMemoryPool._malloc
  File "cupy/cuda/memory.pyx", line 1560, in cupy.cuda.memory.SingleDeviceMemoryPool._try_malloc
cupy.cuda.memory.OutOfMemoryError: Out of memory allocating 134,217,728 bytes (allocated so far: 268,435,456 bytes).
Exception in thread Thread-333 (_chunk):
Traceback (most recent call last):
  File "/usr/lib/python3.12/threading.py", line 1073, in _bootstrap_inner
    self.run()
  File "/usr/lib/python3.12/threading.py", line 1010, in run
    self._target(*self._args, **self._kwargs)
  File "/workspace/h1/RH/scripts/rh/day038_h1_3e10_gpu.py", line 569, in _chunk
    sr, si, br, bi, s_ar, dm = slabfn(
                               ^^^^^^^
  File "/workspace/h1/RH/scripts/rh/day038_h1_3e10_gpu.py", line 445, in slab_budget_gpu
    A = g2 + 0.25
        ~~~^~~~~~
  File "cupy/_core/core.pyx", line 1570, in cupy._core.core._ndarray_base.__add__
  File "cupy/_core/core.pyx", line 2024, in cupy._core.core._ndarray_base.__array_ufunc__
  File "cupy/_core/_kernel.pyx", line 1374, in cupy._core._kernel.ufunc.__call__
  File "cupy/_core/_kernel.pyx", line 657, in cupy._core._kernel._get_out_args_from_optionals
  File "cupy/_core/core.pyx", line 3342, in cupy._core.core._ndarray_init
  File "cupy/_core/core.pyx", line 300, in cupy._core.core._ndarray_base._init_fast
  File "cupy/cuda/memory.pyx", line 904, in cupy.cuda.memory.alloc
  File "cupy/cuda/memory.pyx", line 1614, in cupy.cuda.memory.MemoryPool.malloc
  File "cupy/cuda/memory.pyx", line 1635, in cupy.cuda.memory.MemoryPool.malloc
  File "cupy/cuda/memory.pyx", line 1350, in cupy.cuda.memory.SingleDeviceMemoryPool.malloc
  File "cupy/cuda/memory.pyx", line 1376, in cupy.cuda.memory.SingleDeviceMemoryPool._malloc
  File "cupy/cuda/memory.pyx", line 1560, in cupy.cuda.memory.SingleDeviceMemoryPool._try_malloc
cupy.cuda.memory.OutOfMemoryError: Out of memory allocating 134,217,728 bytes (allocated so far: 268,435,456 bytes).
point  job  (win  1,  k  +9,  x=1.025299294e+10)  WORKER  FAILED:  TypeError('cannot unpack non-iterable NoneType object')  --  done  points  are  checkpointed;  supervisor  resumes
Exception in thread Thread-337 (_chunk):
Traceback (most recent call last):
  File "/usr/lib/python3.12/threading.py", line 1073, in _bootstrap_inner
    self.run()
  File "/usr/lib/python3.12/threading.py", line 1010, in run
    self._target(*self._args, **self._kwargs)
  File "/workspace/h1/RH/scripts/rh/day038_h1_3e10_gpu.py", line 569, in _chunk
    sr, si, br, bi, s_ar, dm = slabfn(
                               ^^^^^^^
  File "/workspace/h1/RH/scripts/rh/day038_h1_3e10_gpu.py", line 445, in slab_budget_gpu
    A = g2 + 0.25
        ~~~^~~~~~
  File "cupy/_core/core.pyx", line 1570, in cupy._core.core._ndarray_base.__add__
  File "cupy/_core/core.pyx", line 2024, in cupy._core.core._ndarray_base.__array_ufunc__
  File "cupy/_core/_kernel.pyx", line 1374, in cupy._core._kernel.ufunc.__call__
  File "cupy/_core/_kernel.pyx", line 657, in cupy._core._kernel._get_out_args_from_optionals
  File "cupy/_core/core.pyx", line 3342, in cupy._core.core._ndarray_init
  File "cupy/_core/core.pyx", line 300, in cupy._core.core._ndarray_base._init_fast
  File "cupy/cuda/memory.pyx", line 904, in cupy.cuda.memory.alloc
  File "cupy/cuda/memory.pyx", line 1614, in cupy.cuda.memory.MemoryPool.malloc
  File "cupy/cuda/memory.pyx", line 1635, in cupy.cuda.memory.MemoryPool.malloc
  File "cupy/cuda/memory.pyx", line 1350, in cupy.cuda.memory.SingleDeviceMemoryPool.malloc
  File "cupy/cuda/memory.pyx", line 1376, in cupy.cuda.memory.SingleDeviceMemoryPool._malloc
  File "cupy/cuda/memory.pyx", line 1560, in cupy.cuda.memory.SingleDeviceMemoryPool._try_malloc
cupy.cuda.memory.OutOfMemoryError: Out of memory allocating 134,217,728 bytes (allocated so far: 268,435,456 bytes).
Exception in thread Thread-338 (_chunk):
Traceback (most recent call last):
  File "/usr/lib/python3.12/threading.py", line 1073, in _bootstrap_inner
    self.run()
  File "/usr/lib/python3.12/threading.py", line 1010, in run
    self._target(*self._args, **self._kwargs)
  File "/workspace/h1/RH/scripts/rh/day038_h1_3e10_gpu.py", line 569, in _chunk
    sr, si, br, bi, s_ar, dm = slabfn(
                               ^^^^^^^
  File "/workspace/h1/RH/scripts/rh/day038_h1_3e10_gpu.py", line 444, in slab_budget_gpu
    g2 = cc * cc
         ~~~^~~~
  File "cupy/_core/core.pyx", line 1582, in cupy._core.core._ndarray_base.__mul__
  File "cupy/_core/_kernel.pyx", line 1374, in cupy._core._kernel.ufunc.__call__
  File "cupy/_core/_kernel.pyx", line 657, in cupy._core._kernel._get_out_args_from_optionals
  File "cupy/_core/core.pyx", line 3342, in cupy._core.core._ndarray_init
  File "cupy/_core/core.pyx", line 300, in cupy._core.core._ndarray_base._init_fast
  File "cupy/cuda/memory.pyx", line 904, in cupy.cuda.memory.alloc
  File "cupy/cuda/memory.pyx", line 1614, in cupy.cuda.memory.MemoryPool.malloc
  File "cupy/cuda/memory.pyx", line 1635, in cupy.cuda.memory.MemoryPool.malloc
  File "cupy/cuda/memory.pyx", line 1350, in cupy.cuda.memory.SingleDeviceMemoryPool.malloc
  File "cupy/cuda/memory.pyx", line 1376, in cupy.cuda.memory.SingleDeviceMemoryPool._malloc
  File "cupy/cuda/memory.pyx", line 1560, in cupy.cuda.memory.SingleDeviceMemoryPool._try_malloc
cupy.cuda.memory.OutOfMemoryError: Out of memory allocating 134,217,728 bytes (allocated so far: 268,435,456 bytes).
Exception in thread Thread-344 (_chunk):
Traceback (most recent call last):
  File "/usr/lib/python3.12/threading.py", line 1073, in _bootstrap_inner
Exception in thread Thread-341 (_chunk):
Traceback (most recent call last):
      File "/usr/lib/python3.12/threading.py", line 1073, in _bootstrap_inner
self.run()
  File "/usr/lib/python3.12/threading.py", line 1010, in run
    self.run()
  File "/usr/lib/python3.12/threading.py", line 1010, in run
    self._target(*self._args, **self._kwargs)
  File "/workspace/h1/RH/scripts/rh/day038_h1_3e10_gpu.py", line 569, in _chunk
    sr, si, br, bi, s_ar, dm = slabfn(
                               ^^^^^^^
  File "/workspace/h1/RH/scripts/rh/day038_h1_3e10_gpu.py", line 443, in slab_budget_gpu
    cc = cp.asarray(c)
         ^^^^^^^^^^^^^
  File "/opt/venvs/cupy/lib/python3.12/site-packages/cupy/_creation/from_data.py", line 94, in asarray
    return _core.array(a, dtype, copy, order, blocking=blocking)
           ^^^^^^^^^^^^^^^^^^^^^^^^^^^^^^^^^^^^^^^^^^^^^^^^^^^^^
  File "cupy/_core/core.pyx", line 2821, in cupy._core.core.array
  File "cupy/_core/core.pyx", line 2841, in cupy._core.core.array
  File "cupy/_core/core.pyx", line 3067, in cupy._core.core._array_default
  File "cupy/_core/core.pyx", line 176, in cupy._core.core.ndarray.__new__
  File "cupy/_core/core.pyx", line 282, in cupy._core.core._ndarray_base._init
  File "cupy/cuda/memory.pyx", line 904, in cupy.cuda.memory.alloc
  File "cupy/cuda/memory.pyx", line 1614, in cupy.cuda.memory.MemoryPool.malloc
  File "cupy/cuda/memory.pyx", line 1635, in cupy.cuda.memory.MemoryPool.malloc
  File "cupy/cuda/memory.pyx", line 1350, in cupy.cuda.memory.SingleDeviceMemoryPool.malloc
  File "cupy/cuda/memory.pyx", line 1376, in cupy.cuda.memory.SingleDeviceMemoryPool._malloc
  File "cupy/cuda/memory.pyx", line 1560, in cupy.cuda.memory.SingleDeviceMemoryPool._try_malloc
cupy.cuda.memory.OutOfMemoryError: Out of memory allocating 134,217,728 bytes (allocated so far: 671,088,640 bytes).
    self._target(*self._args, **self._kwargs)
  File "/workspace/h1/RH/scripts/rh/day038_h1_3e10_gpu.py", line 569, in _chunk
    sr, si, br, bi, s_ar, dm = slabfn(
                               ^^^^^^^
  File "/workspace/h1/RH/scripts/rh/day038_h1_3e10_gpu.py", line 444, in slab_budget_gpu
    g2 = cc * cc
         ~~~^~~~
  File "cupy/_core/core.pyx", line 1582, in cupy._core.core._ndarray_base.__mul__
  File "cupy/_core/_kernel.pyx", line 1374, in cupy._core._kernel.ufunc.__call__
  File "cupy/_core/_kernel.pyx", line 657, in cupy._core._kernel._get_out_args_from_optionals
  File "cupy/_core/core.pyx", line 3342, in cupy._core.core._ndarray_init
  File "cupy/_core/core.pyx", line 300, in cupy._core.core._ndarray_base._init_fast
  File "cupy/cuda/memory.pyx", line 904, in cupy.cuda.memory.alloc
  File "cupy/cuda/memory.pyx", line 1614, in cupy.cuda.memory.MemoryPool.malloc
  File "cupy/cuda/memory.pyx", line 1635, in cupy.cuda.memory.MemoryPool.malloc
  File "cupy/cuda/memory.pyx", line 1350, in cupy.cuda.memory.SingleDeviceMemoryPool.malloc
  File "cupy/cuda/memory.pyx", line 1376, in cupy.cuda.memory.SingleDeviceMemoryPool._malloc
  File "cupy/cuda/memory.pyx", line 1560, in cupy.cuda.memory.SingleDeviceMemoryPool._try_malloc
cupy.cuda.memory.OutOfMemoryError: Out of memory allocating 134,217,728 bytes (allocated so far: 805,306,368 bytes).
Exception in thread Thread-339 (_chunk):
Traceback (most recent call last):
  File "/usr/lib/python3.12/threading.py", line 1073, in _bootstrap_inner
    self.run()
  File "/usr/lib/python3.12/threading.py", line 1010, in run
    self._target(*self._args, **self._kwargs)
  File "/workspace/h1/RH/scripts/rh/day038_h1_3e10_gpu.py", line 569, in _chunk
    sr, si, br, bi, s_ar, dm = slabfn(
                               ^^^^^^^
  File "/workspace/h1/RH/scripts/rh/day038_h1_3e10_gpu.py", line 443, in slab_budget_gpu
    cc = cp.asarray(c)
         ^^^^^^^^^^^^^
  File "/opt/venvs/cupy/lib/python3.12/site-packages/cupy/_creation/from_data.py", line 94, in asarray
    return _core.array(a, dtype, copy, order, blocking=blocking)
           ^^^^^^^^^^^^^^^^^^^^^^^^^^^^^^^^^^^^^^^^^^^^^^^^^^^^^
  File "cupy/_core/core.pyx", line 2821, in cupy._core.core.array
  File "cupy/_core/core.pyx", line 2841, in cupy._core.core.array
  File "cupy/_core/core.pyx", line 3067, in cupy._core.core._array_default
  File "cupy/_core/core.pyx", line 176, in cupy._core.core.ndarray.__new__
  File "cupy/_core/core.pyx", line 282, in cupy._core.core._ndarray_base._init
  File "cupy/cuda/memory.pyx", line 904, in cupy.cuda.memory.alloc
  File "cupy/cuda/memory.pyx", line 1614, in cupy.cuda.memory.MemoryPool.malloc
  File "cupy/cuda/memory.pyx", line 1635, in cupy.cuda.memory.MemoryPool.malloc
  File "cupy/cuda/memory.pyx", line 1350, in cupy.cuda.memory.SingleDeviceMemoryPool.malloc
  File "cupy/cuda/memory.pyx", line 1376, in cupy.cuda.memory.SingleDeviceMemoryPool._malloc
  File "cupy/cuda/memory.pyx", line 1560, in cupy.cuda.memory.SingleDeviceMemoryPool._try_malloc
cupy.cuda.memory.OutOfMemoryError: Out of memory allocating 134,217,728 bytes (allocated so far: 671,088,640 bytes).
Exception in thread Thread-342 (_chunk):
Traceback (most recent call last):
  File "/usr/lib/python3.12/threading.py", line 1073, in _bootstrap_inner
    self.run()
  File "/usr/lib/python3.12/threading.py", line 1010, in run
    self._target(*self._args, **self._kwargs)
  File "/workspace/h1/RH/scripts/rh/day038_h1_3e10_gpu.py", line 569, in _chunk
    sr, si, br, bi, s_ar, dm = slabfn(
                               ^^^^^^^
  File "/workspace/h1/RH/scripts/rh/day038_h1_3e10_gpu.py", line 443, in slab_budget_gpu
    cc = cp.asarray(c)
         ^^^^^^^^^^^^^
  File "/opt/venvs/cupy/lib/python3.12/site-packages/cupy/_creation/from_data.py", line 94, in asarray
    return _core.array(a, dtype, copy, order, blocking=blocking)
           ^^^^^^^^^^^^^^^^^^^^^^^^^^^^^^^^^^^^^^^^^^^^^^^^^^^^^
  File "cupy/_core/core.pyx", line 2821, in cupy._core.core.array
  File "cupy/_core/core.pyx", line 2841, in cupy._core.core.array
  File "cupy/_core/core.pyx", line 3067, in cupy._core.core._array_default
  File "cupy/_core/core.pyx", line 176, in cupy._core.core.ndarray.__new__
  File "cupy/_core/core.pyx", line 282, in cupy._core.core._ndarray_base._init
  File "cupy/cuda/memory.pyx", line 904, in cupy.cuda.memory.alloc
  File "cupy/cuda/memory.pyx", line 1614, in cupy.cuda.memory.MemoryPool.malloc
  File "cupy/cuda/memory.pyx", line 1635, in cupy.cuda.memory.MemoryPool.malloc
  File "cupy/cuda/memory.pyx", line 1350, in cupy.cuda.memory.SingleDeviceMemoryPool.malloc
  File "cupy/cuda/memory.pyx", line 1376, in cupy.cuda.memory.SingleDeviceMemoryPool._malloc
  File "cupy/cuda/memory.pyx", line 1560, in cupy.cuda.memory.SingleDeviceMemoryPool._try_malloc
cupy.cuda.memory.OutOfMemoryError: Out of memory allocating 134,217,728 bytes (allocated so far: 536,870,912 bytes).
Exception in thread Thread-343 (_chunk):
Traceback (most recent call last):
  File "/usr/lib/python3.12/threading.py", line 1073, in _bootstrap_inner
    self.run()
  File "/usr/lib/python3.12/threading.py", line 1010, in run
    self._target(*self._args, **self._kwargs)
  File "/workspace/h1/RH/scripts/rh/day038_h1_3e10_gpu.py", line 569, in _chunk
    sr, si, br, bi, s_ar, dm = slabfn(
                               ^^^^^^^
  File "/workspace/h1/RH/scripts/rh/day038_h1_3e10_gpu.py", line 443, in slab_budget_gpu
    cc = cp.asarray(c)
         ^^^^^^^^^^^^^
  File "/opt/venvs/cupy/lib/python3.12/site-packages/cupy/_creation/from_data.py", line 94, in asarray
    return _core.array(a, dtype, copy, order, blocking=blocking)
           ^^^^^^^^^^^^^^^^^^^^^^^^^^^^^^^^^^^^^^^^^^^^^^^^^^^^^
  File "cupy/_core/core.pyx", line 2821, in cupy._core.core.array
  File "cupy/_core/core.pyx", line 2841, in cupy._core.core.array
  File "cupy/_core/core.pyx", line 3067, in cupy._core.core._array_default
  File "cupy/_core/core.pyx", line 176, in cupy._core.core.ndarray.__new__
  File "cupy/_core/core.pyx", line 282, in cupy._core.core._ndarray_base._init
  File "cupy/cuda/memory.pyx", line 904, in cupy.cuda.memory.alloc
  File "cupy/cuda/memory.pyx", line 1614, in cupy.cuda.memory.MemoryPool.malloc
  File "cupy/cuda/memory.pyx", line 1635, in cupy.cuda.memory.MemoryPool.malloc
  File "cupy/cuda/memory.pyx", line 1350, in cupy.cuda.memory.SingleDeviceMemoryPool.malloc
  File "cupy/cuda/memory.pyx", line 1376, in cupy.cuda.memory.SingleDeviceMemoryPool._malloc
  File "cupy/cuda/memory.pyx", line 1560, in cupy.cuda.memory.SingleDeviceMemoryPool._try_malloc
cupy.cuda.memory.OutOfMemoryError: Out of memory allocating 134,217,728 bytes (allocated so far: 402,653,184 bytes).
Exception in thread Thread-340 (_chunk):
Traceback (most recent call last):
  File "/usr/lib/python3.12/threading.py", line 1073, in _bootstrap_inner
    self.run()
  File "/usr/lib/python3.12/threading.py", line 1010, in run
    self._target(*self._args, **self._kwargs)
  File "/workspace/h1/RH/scripts/rh/day038_h1_3e10_gpu.py", line 569, in _chunk
    sr, si, br, bi, s_ar, dm = slabfn(
                               ^^^^^^^
  File "/workspace/h1/RH/scripts/rh/day038_h1_3e10_gpu.py", line 445, in slab_budget_gpu
    A = g2 + 0.25
        ~~~^~~~~~
  File "cupy/_core/core.pyx", line 1570, in cupy._core.core._ndarray_base.__add__
  File "cupy/_core/core.pyx", line 2024, in cupy._core.core._ndarray_base.__array_ufunc__
  File "cupy/_core/_kernel.pyx", line 1374, in cupy._core._kernel.ufunc.__call__
  File "cupy/_core/_kernel.pyx", line 657, in cupy._core._kernel._get_out_args_from_optionals
  File "cupy/_core/core.pyx", line 3342, in cupy._core.core._ndarray_init
  File "cupy/_core/core.pyx", line 300, in cupy._core.core._ndarray_base._init_fast
  File "cupy/cuda/memory.pyx", line 904, in cupy.cuda.memory.alloc
  File "cupy/cuda/memory.pyx", line 1614, in cupy.cuda.memory.MemoryPool.malloc
  File "cupy/cuda/memory.pyx", line 1635, in cupy.cuda.memory.MemoryPool.malloc
  File "cupy/cuda/memory.pyx", line 1350, in cupy.cuda.memory.SingleDeviceMemoryPool.malloc
  File "cupy/cuda/memory.pyx", line 1376, in cupy.cuda.memory.SingleDeviceMemoryPool._malloc
  File "cupy/cuda/memory.pyx", line 1560, in cupy.cuda.memory.SingleDeviceMemoryPool._try_malloc
cupy.cuda.memory.OutOfMemoryError: Out of memory allocating 134,217,728 bytes (allocated so far: 268,435,456 bytes).
point  job  (win  1,  k  +10,  x=1.025299294e+10)  WORKER  FAILED:  TypeError('cannot unpack non-iterable NoneType object')  --  done  points  are  checkpointed;  supervisor  resumes
Exception in thread Thread-345 (_chunk):
Traceback (most recent call last):
  File "/usr/lib/python3.12/threading.py", line 1073, in _bootstrap_inner
    self.run()
  File "/usr/lib/python3.12/threading.py", line 1010, in run
    self._target(*self._args, **self._kwargs)
  File "/workspace/h1/RH/scripts/rh/day038_h1_3e10_gpu.py", line 569, in _chunk
    sr, si, br, bi, s_ar, dm = slabfn(
                               ^^^^^^^
  File "/workspace/h1/RH/scripts/rh/day038_h1_3e10_gpu.py", line 445, in slab_budget_gpu
    A = g2 + 0.25
        ~~~^~~~~~
  File "cupy/_core/core.pyx", line 1570, in cupy._core.core._ndarray_base.__add__
  File "cupy/_core/core.pyx", line 2024, in cupy._core.core._ndarray_base.__array_ufunc__
  File "cupy/_core/_kernel.pyx", line 1374, in cupy._core._kernel.ufunc.__call__
  File "cupy/_core/_kernel.pyx", line 657, in cupy._core._kernel._get_out_args_from_optionals
  File "cupy/_core/core.pyx", line 3342, in cupy._core.core._ndarray_init
  File "cupy/_core/core.pyx", line 300, in cupy._core.core._ndarray_base._init_fast
  File "cupy/cuda/memory.pyx", line 904, in cupy.cuda.memory.alloc
  File "cupy/cuda/memory.pyx", line 1614, in cupy.cuda.memory.MemoryPool.malloc
  File "cupy/cuda/memory.pyx", line 1635, in cupy.cuda.memory.MemoryPool.malloc
  File "cupy/cuda/memory.pyx", line 1350, in cupy.cuda.memory.SingleDeviceMemoryPool.malloc
  File "cupy/cuda/memory.pyx", line 1376, in cupy.cuda.memory.SingleDeviceMemoryPool._malloc
  File "cupy/cuda/memory.pyx", line 1560, in cupy.cuda.memory.SingleDeviceMemoryPool._try_malloc
cupy.cuda.memory.OutOfMemoryError: Out of memory allocating 134,217,728 bytes (allocated so far: 268,435,456 bytes).
Exception in thread Thread-351 (_chunk):
Traceback (most recent call last):
  File "/usr/lib/python3.12/threading.py", line 1073, in _bootstrap_inner
    self.run()
  File "/usr/lib/python3.12/threading.py", line 1010, in run
    self._target(*self._args, **self._kwargs)
  File "/workspace/h1/RH/scripts/rh/day038_h1_3e10_gpu.py", line 569, in _chunk
    sr, si, br, bi, s_ar, dm = slabfn(
                               ^^^^^^^
  File "/workspace/h1/RH/scripts/rh/day038_h1_3e10_gpu.py", line 443, in slab_budget_gpu
    cc = cp.asarray(c)
         ^^^^^^^^^^^^^
  File "/opt/venvs/cupy/lib/python3.12/site-packages/cupy/_creation/from_data.py", line 94, in asarray
    return _core.array(a, dtype, copy, order, blocking=blocking)
           ^^^^^^^^^^^^^^^^^^^^^^^^^^^^^^^^^^^^^^^^^^^^^^^^^^^^^
  File "cupy/_core/core.pyx", line 2821, in cupy._core.core.array
  File "cupy/_core/core.pyx", line 2841, in cupy._core.core.array
  File "cupy/_core/core.pyx", line 3067, in cupy._core.core._array_default
  File "cupy/_core/core.pyx", line 176, in cupy._core.core.ndarray.__new__
  File "cupy/_core/core.pyx", line 282, in cupy._core.core._ndarray_base._init
  File "cupy/cuda/memory.pyx", line 904, in cupy.cuda.memory.alloc
  File "cupy/cuda/memory.pyx", line 1614, in cupy.cuda.memory.MemoryPool.malloc
  File "cupy/cuda/memory.pyx", line 1635, in cupy.cuda.memory.MemoryPool.malloc
  File "cupy/cuda/memory.pyx", line 1350, in cupy.cuda.memory.SingleDeviceMemoryPool.malloc
  File "cupy/cuda/memory.pyx", line 1376, in cupy.cuda.memory.SingleDeviceMemoryPool._malloc
  File "cupy/cuda/memory.pyx", line 1560, in cupy.cuda.memory.SingleDeviceMemoryPool._try_malloc
cupy.cuda.memory.OutOfMemoryError: Out of memory allocating 134,217,728 bytes (allocated so far: 1,073,741,824 bytes).
Exception in thread Thread-350 (_chunk):
Traceback (most recent call last):
  File "/usr/lib/python3.12/threading.py", line 1073, in _bootstrap_inner
Exception in thread Thread-352 (_chunk):
Traceback (most recent call last):
  File "/usr/lib/python3.12/threading.py", line 1073, in _bootstrap_inner
Exception in thread     self.run()
  File "/usr/lib/python3.12/threading.py", line 1010, in run
    self._target(*self._args, **self._kwargs)
  File "/workspace/h1/RH/scripts/rh/day038_h1_3e10_gpu.py", line 569, in _chunk
    sr, si, br, bi, s_ar, dm = slabfn(
                               ^^^^^^^
  File "/workspace/h1/RH/scripts/rh/day038_h1_3e10_gpu.py", line 444, in slab_budget_gpu
    g2 = cc * cc
         ~~~^~~~
  File "cupy/_core/core.pyx", line 1582, in cupy._core.core._ndarray_base.__mul__
  File "cupy/_core/_kernel.pyx", line 1374, in cupy._core._kernel.ufunc.__call__
  File "cupy/_core/_kernel.pyx", line 657, in cupy._core._kernel._get_out_args_from_optionals
  File "cupy/_core/core.pyx", line 3342, in cupy._core.core._ndarray_init
  File "cupy/_core/core.pyx", line 300, in cupy._core.core._ndarray_base._init_fast
  File "cupy/cuda/memory.pyx", line 904, in cupy.cuda.memory.alloc
  File "cupy/cuda/memory.pyx", line 1614, in cupy.cuda.memory.MemoryPool.malloc
  File "cupy/cuda/memory.pyx", line 1635, in cupy.cuda.memory.MemoryPool.malloc
  File "cupy/cuda/memory.pyx", line 1350, in cupy.cuda.memory.SingleDeviceMemoryPool.malloc
  File "cupy/cuda/memory.pyx", line 1376, in cupy.cuda.memory.SingleDeviceMemoryPool._malloc
  File "cupy/cuda/memory.pyx", line 1560, in cupy.cuda.memory.SingleDeviceMemoryPool._try_malloc
cupy.cuda.memory.OutOfMemoryError: Out of memory allocating 134,217,728 bytes (allocated so far: 805,306,368 bytes).
Exception in thread Thread-347 (_chunk):
Traceback (most recent call last):
  File "/usr/lib/python3.12/threading.py", line 1073, in _bootstrap_inner
    self.run()
  File "/usr/lib/python3.12/threading.py", line 1010, in run
    self._target(*self._args, **self._kwargs)
  File "/workspace/h1/RH/scripts/rh/day038_h1_3e10_gpu.py", line 569, in _chunk
    sr, si, br, bi, s_ar, dm = slabfn(
                               ^^^^^^^
  File "/workspace/h1/RH/scripts/rh/day038_h1_3e10_gpu.py", line 443, in slab_budget_gpu
    cc = cp.asarray(c)
         ^^^^^^^^^^^^^
  File "/opt/venvs/cupy/lib/python3.12/site-packages/cupy/_creation/from_data.py", line 94, in asarray
    return _core.array(a, dtype, copy, order, blocking=blocking)
           ^^^^^^^^^^^^^^^^^^^^^^^^^^^^^^^^^^^^^^^^^^^^^^^^^^^^^
  File "cupy/_core/core.pyx", line 2821, in cupy._core.core.array
  File "cupy/_core/core.pyx", line 2841, in cupy._core.core.array
  File "cupy/_core/core.pyx", line 3067, in cupy._core.core._array_default
  File "cupy/_core/core.pyx", line 176, in cupy._core.core.ndarray.__new__
  File "cupy/_core/core.pyx", line 282, in cupy._core.core._ndarray_base._init
  File "cupy/cuda/memory.pyx", line 904, in cupy.cuda.memory.alloc
  File "cupy/cuda/memory.pyx", line 1614, in cupy.cuda.memory.MemoryPool.malloc
  File "cupy/cuda/memory.pyx", line 1635, in cupy.cuda.memory.MemoryPool.malloc
  File "cupy/cuda/memory.pyx", line 1350, in cupy.cuda.memory.SingleDeviceMemoryPool.malloc
  File "cupy/cuda/memory.pyx", line 1376, in cupy.cuda.memory.SingleDeviceMemoryPool._malloc
  File "cupy/cuda/memory.pyx", line 1560, in cupy.cuda.memory.SingleDeviceMemoryPool._try_malloc
cupy.cuda.memory.OutOfMemoryError: Out of memory allocating 134,217,728 bytes (allocated so far: 402,653,184 bytes).
    self.run()
  File "/usr/lib/python3.12/threading.py", line 1010, in run
    self._target(*self._args, **self._kwargs)
  File "/workspace/h1/RH/scripts/rh/day038_h1_3e10_gpu.py", line 569, in _chunk
    sr, si, br, bi, s_ar, dm = slabfn(
                               ^^^^^^^
  File "/workspace/h1/RH/scripts/rh/day038_h1_3e10_gpu.py", line 443, in slab_budget_gpu
    cc = cp.asarray(c)
         ^^^^^^^^^^^^^
  File "/opt/venvs/cupy/lib/python3.12/site-packages/cupy/_creation/from_data.py", line 94, in asarray
    return _core.array(a, dtype, copy, order, blocking=blocking)
           ^^^^^^^^^^^^^^^^^^^^^^^^^^^^^^^^^^^^^^^^^^^^^^^^^^^^^
  File "cupy/_core/core.pyx", line 2821, in cupy._core.core.array
  File "cupy/_core/core.pyx", line 2841, in cupy._core.core.array
  File "cupy/_core/core.pyx", line 3067, in cupy._core.core._array_default
  File "cupy/_core/core.pyx", line 176, in cupy._core.core.ndarray.__new__
  File "cupy/_core/core.pyx", line 282, in cupy._core.core._ndarray_base._init
  File "cupy/cuda/memory.pyx", line 904, in cupy.cuda.memory.alloc
  File "cupy/cuda/memory.pyx", line 1614, in cupy.cuda.memory.MemoryPool.malloc
  File "cupy/cuda/memory.pyx", line 1635, in cupy.cuda.memory.MemoryPool.malloc
  File "cupy/cuda/memory.pyx", line 1350, in cupy.cuda.memory.SingleDeviceMemoryPool.malloc
  File "cupy/cuda/memory.pyx", line 1376, in cupy.cuda.memory.SingleDeviceMemoryPool._malloc
  File "cupy/cuda/memory.pyx", line 1560, in cupy.cuda.memory.SingleDeviceMemoryPool._try_malloc
cupy.cuda.memory.OutOfMemoryError: Out of memory allocating 134,217,728 bytes (allocated so far: 939,524,096 bytes).
Thread-349 (_chunk):
Traceback (most recent call last):
  File "/usr/lib/python3.12/threading.py", line 1073, in _bootstrap_inner
    self.run()
  File "/usr/lib/python3.12/threading.py", line 1010, in run
    self._target(*self._args, **self._kwargs)
  File "/workspace/h1/RH/scripts/rh/day038_h1_3e10_gpu.py", line 569, in _chunk
    sr, si, br, bi, s_ar, dm = slabfn(
                               ^^^^^^^
  File "/workspace/h1/RH/scripts/rh/day038_h1_3e10_gpu.py", line 443, in slab_budget_gpu
    cc = cp.asarray(c)
         ^^^^^^^^^^^^^
  File "/opt/venvs/cupy/lib/python3.12/site-packages/cupy/_creation/from_data.py", line 94, in asarray
    return _core.array(a, dtype, copy, order, blocking=blocking)
           ^^^^^^^^^^^^^^^^^^^^^^^^^^^^^^^^^^^^^^^^^^^^^^^^^^^^^
  File "cupy/_core/core.pyx", line 2821, in cupy._core.core.array
  File "cupy/_core/core.pyx", line 2841, in cupy._core.core.array
  File "cupy/_core/core.pyx", line 3067, in cupy._core.core._array_default
  File "cupy/_core/core.pyx", line 176, in cupy._core.core.ndarray.__new__
  File "cupy/_core/core.pyx", line 282, in cupy._core.core._ndarray_base._init
  File "cupy/cuda/memory.pyx", line 904, in cupy.cuda.memory.alloc
  File "cupy/cuda/memory.pyx", line 1614, in cupy.cuda.memory.MemoryPool.malloc
  File "cupy/cuda/memory.pyx", line 1635, in cupy.cuda.memory.MemoryPool.malloc
  File "cupy/cuda/memory.pyx", line 1350, in cupy.cuda.memory.SingleDeviceMemoryPool.malloc
  File "cupy/cuda/memory.pyx", line 1376, in cupy.cuda.memory.SingleDeviceMemoryPool._malloc
  File "cupy/cuda/memory.pyx", line 1560, in cupy.cuda.memory.SingleDeviceMemoryPool._try_malloc
cupy.cuda.memory.OutOfMemoryError: Out of memory allocating 134,217,728 bytes (allocated so far: 671,088,640 bytes).
Exception in thread Thread-346 (_chunk):
Traceback (most recent call last):
  File "/usr/lib/python3.12/threading.py", line 1073, in _bootstrap_inner
    self.run()
  File "/usr/lib/python3.12/threading.py", line 1010, in run
    self._target(*self._args, **self._kwargs)
  File "/workspace/h1/RH/scripts/rh/day038_h1_3e10_gpu.py", line 569, in _chunk
    sr, si, br, bi, s_ar, dm = slabfn(
                               ^^^^^^^
  File "/workspace/h1/RH/scripts/rh/day038_h1_3e10_gpu.py", line 444, in slab_budget_gpu
    g2 = cc * cc
         ~~~^~~~
  File "cupy/_core/core.pyx", line 1582, in cupy._core.core._ndarray_base.__mul__
  File "cupy/_core/_kernel.pyx", line 1374, in cupy._core._kernel.ufunc.__call__
  File "cupy/_core/_kernel.pyx", line 657, in cupy._core._kernel._get_out_args_from_optionals
  File "cupy/_core/core.pyx", line 3342, in cupy._core.core._ndarray_init
  File "cupy/_core/core.pyx", line 300, in cupy._core.core._ndarray_base._init_fast
  File "cupy/cuda/memory.pyx", line 904, in cupy.cuda.memory.alloc
  File "cupy/cuda/memory.pyx", line 1614, in cupy.cuda.memory.MemoryPool.malloc
  File "cupy/cuda/memory.pyx", line 1635, in cupy.cuda.memory.MemoryPool.malloc
  File "cupy/cuda/memory.pyx", line 1350, in cupy.cuda.memory.SingleDeviceMemoryPool.malloc
  File "cupy/cuda/memory.pyx", line 1376, in cupy.cuda.memory.SingleDeviceMemoryPool._malloc
  File "cupy/cuda/memory.pyx", line 1560, in cupy.cuda.memory.SingleDeviceMemoryPool._try_malloc
cupy.cuda.memory.OutOfMemoryError: Out of memory allocating 134,217,728 bytes (allocated so far: 268,435,456 bytes).
Exception in thread Thread-348 (_chunk):
Traceback (most recent call last):
  File "/usr/lib/python3.12/threading.py", line 1073, in _bootstrap_inner
    self.run()
  File "/usr/lib/python3.12/threading.py", line 1010, in run
    self._target(*self._args, **self._kwargs)
  File "/workspace/h1/RH/scripts/rh/day038_h1_3e10_gpu.py", line 569, in _chunk
    sr, si, br, bi, s_ar, dm = slabfn(
                               ^^^^^^^
  File "/workspace/h1/RH/scripts/rh/day038_h1_3e10_gpu.py", line 445, in slab_budget_gpu
    A = g2 + 0.25
        ~~~^~~~~~
  File "cupy/_core/core.pyx", line 1570, in cupy._core.core._ndarray_base.__add__
  File "cupy/_core/core.pyx", line 2024, in cupy._core.core._ndarray_base.__array_ufunc__
  File "cupy/_core/_kernel.pyx", line 1374, in cupy._core._kernel.ufunc.__call__
  File "cupy/_core/_kernel.pyx", line 657, in cupy._core._kernel._get_out_args_from_optionals
  File "cupy/_core/core.pyx", line 3342, in cupy._core.core._ndarray_init
  File "cupy/_core/core.pyx", line 300, in cupy._core.core._ndarray_base._init_fast
  File "cupy/cuda/memory.pyx", line 904, in cupy.cuda.memory.alloc
  File "cupy/cuda/memory.pyx", line 1614, in cupy.cuda.memory.MemoryPool.malloc
  File "cupy/cuda/memory.pyx", line 1635, in cupy.cuda.memory.MemoryPool.malloc
  File "cupy/cuda/memory.pyx", line 1350, in cupy.cuda.memory.SingleDeviceMemoryPool.malloc
  File "cupy/cuda/memory.pyx", line 1376, in cupy.cuda.memory.SingleDeviceMemoryPool._malloc
  File "cupy/cuda/memory.pyx", line 1560, in cupy.cuda.memory.SingleDeviceMemoryPool._try_malloc
cupy.cuda.memory.OutOfMemoryError: Out of memory allocating 134,217,728 bytes (allocated so far: 268,435,456 bytes).
point  job  (win  1,  k  +11,  x=1.025299294e+10)  WORKER  FAILED:  TypeError('cannot unpack non-iterable NoneType object')  --  done  points  are  checkpointed;  supervisor  resumes
Exception in thread Thread-353 (_chunk):
Traceback (most recent call last):
  File "/usr/lib/python3.12/threading.py", line 1073, in _bootstrap_inner
    self.run()
  File "/usr/lib/python3.12/threading.py", line 1010, in run
    self._target(*self._args, **self._kwargs)
  File "/workspace/h1/RH/scripts/rh/day038_h1_3e10_gpu.py", line 569, in _chunk
    sr, si, br, bi, s_ar, dm = slabfn(
                               ^^^^^^^
  File "/workspace/h1/RH/scripts/rh/day038_h1_3e10_gpu.py", line 445, in slab_budget_gpu
    A = g2 + 0.25
        ~~~^~~~~~
  File "cupy/_core/core.pyx", line 1570, in cupy._core.core._ndarray_base.__add__
  File "cupy/_core/core.pyx", line 2024, in cupy._core.core._ndarray_base.__array_ufunc__
  File "cupy/_core/_kernel.pyx", line 1374, in cupy._core._kernel.ufunc.__call__
  File "cupy/_core/_kernel.pyx", line 657, in cupy._core._kernel._get_out_args_from_optionals
  File "cupy/_core/core.pyx", line 3342, in cupy._core.core._ndarray_init
  File "cupy/_core/core.pyx", line 300, in cupy._core.core._ndarray_base._init_fast
  File "cupy/cuda/memory.pyx", line 904, in cupy.cuda.memory.alloc
  File "cupy/cuda/memory.pyx", line 1614, in cupy.cuda.memory.MemoryPool.malloc
  File "cupy/cuda/memory.pyx", line 1635, in cupy.cuda.memory.MemoryPool.malloc
  File "cupy/cuda/memory.pyx", line 1350, in cupy.cuda.memory.SingleDeviceMemoryPool.malloc
  File "cupy/cuda/memory.pyx", line 1376, in cupy.cuda.memory.SingleDeviceMemoryPool._malloc
  File "cupy/cuda/memory.pyx", line 1560, in cupy.cuda.memory.SingleDeviceMemoryPool._try_malloc
cupy.cuda.memory.OutOfMemoryError: Out of memory allocating 134,217,728 bytes (allocated so far: 671,088,640 bytes).
Exception in thread Thread-359 (_chunk)Exception in thread Thread-358 (_chunk):
Traceback (most recent call last):
  File "/usr/lib/python3.12/threading.py", line 1073, in _bootstrap_inner
    self.run()
  File "/usr/lib/python3.12/threading.py", line 1010, in run
    Exception in thread Thread-360 (_chunk):
Traceback (most recent call last):
  File "/usr/lib/python3.12/threading.py", line 1073, in _bootstrap_inner
self._target(*self._args, **self._kwargs)
  File "/workspace/h1/RH/scripts/rh/day038_h1_3e10_gpu.py", line 569, in _chunk
    self.run()
  File "/usr/lib/python3.12/threading.py", line 1010, in run
:
Traceback (most recent call last):
  File "/usr/lib/python3.12/threading.py", line 1073, in _bootstrap_inner
    Exception in thread Exception in thread Thread-354 (_chunk):
self._target(*self._args, **self._kwargs)Thread-357 (_chunk)
:
Traceback (most recent call last):
  File "/usr/lib/python3.12/threading.py", line 1073, in _bootstrap_inner
Exception in thread Thread-355 (_chunk):
Traceback (most recent call last):
  File "/usr/lib/python3.12/threading.py", line 1073, in _bootstrap_inner
Exception in thread Traceback (most recent call last):
      File "/workspace/h1/RH/scripts/rh/day038_h1_3e10_gpu.py", line 569, in _chunk
  File "/usr/lib/python3.12/threading.py", line 1073, in _bootstrap_inner
Thread-356 (_chunk):
    sr, si, br, bi, s_ar, dm = slabfn(
    self.run()
  File "/usr/lib/python3.12/threading.py", line 1010, in run
     Traceback (most recent call last):
self.run()  File "/usr/lib/python3.12/threading.py", line 1073, in _bootstrap_inner
 
  File "/usr/lib/python3.12/threading.py", line 1010, in run
      sr, si, br, bi, s_ar, dm = slabfn(    
self.run()
  File "/usr/lib/python3.12/threading.py", line 1010, in run
                           self._target(*self._args, **self._kwargs)    self._target(*self._args, **self._kwargs)
  File "/workspace/h1/RH/scripts/rh/day038_h1_3e10_gpu.py", line 569, in _chunk
    sr, si, br, bi, s_ar, dm = slabfn(
                               ^^^^^^^
  File "/workspace/h1/RH/scripts/rh/day038_h1_3e10_gpu.py", line 444, in slab_budget_gpu
    g2 = cc * cc
         ~~~^~~~
  File "cupy/_core/core.pyx", line 1582, in cupy._core.core._ndarray_base.__mul__
  File "cupy/_core/_kernel.pyx", line 1374, in cupy._core._kernel.ufunc.__call__
  File "cupy/_core/_kernel.pyx", line 657, in cupy._core._kernel._get_out_args_from_optionals
  File "cupy/_core/core.pyx", line 3342, in cupy._core.core._ndarray_init
  File "cupy/_core/core.pyx", line 300, in cupy._core.core._ndarray_base._init_fast
  File "cupy/cuda/memory.pyx", line 904, in cupy.cuda.memory.alloc
  File "cupy/cuda/memory.pyx", line 1614, in cupy.cuda.memory.MemoryPool.malloc
  File "cupy/cuda/memory.pyx", line 1635, in cupy.cuda.memory.MemoryPool.malloc
  File "cupy/cuda/memory.pyx", line 1350, in cupy.cuda.memory.SingleDeviceMemoryPool.malloc
  File "cupy/cuda/memory.pyx", line 1376, in cupy.cuda.memory.SingleDeviceMemoryPool._malloc
  File "cupy/cuda/memory.pyx", line 1560, in cupy.cuda.memory.SingleDeviceMemoryPool._try_malloc
cupy.cuda.memory.OutOfMemoryError: Out of memory allocating 134,217,728 bytes (allocated so far: 536,870,912 bytes).
 
  File "/workspace/h1/RH/scripts/rh/day038_h1_3e10_gpu.py", line 569, in _chunk
     sr, si, br, bi, s_ar, dm = slabfn(
                               ^^^^^^^
  File "/workspace/h1/RH/scripts/rh/day038_h1_3e10_gpu.py", line 443, in slab_budget_gpu
    cc = cp.asarray(c)
         ^^^^^^^^^^^^^
  File "/opt/venvs/cupy/lib/python3.12/site-packages/cupy/_creation/from_data.py", line 94, in asarray
    return _core.array(a, dtype, copy, order, blocking=blocking)
           ^^^^^^^^^^^^^^^^^^^^^^^^^^^^^^^^^^^^^^^^^^^^^^^^^^^^^
  File "cupy/_core/core.pyx", line 2821, in cupy._core.core.array
  File "cupy/_core/core.pyx", line 2841, in cupy._core.core.array
  File "cupy/_core/core.pyx", line 3067, in cupy._core.core._array_default
  File "cupy/_core/core.pyx", line 176, in cupy._core.core.ndarray.__new__
  File "cupy/_core/core.pyx", line 282, in cupy._core.core._ndarray_base._init
  File "cupy/cuda/memory.pyx", line 904, in cupy.cuda.memory.alloc
  File "cupy/cuda/memory.pyx", line 1614, in cupy.cuda.memory.MemoryPool.malloc
  File "cupy/cuda/memory.pyx", line 1635, in cupy.cuda.memory.MemoryPool.malloc
  File "cupy/cuda/memory.pyx", line 1350, in cupy.cuda.memory.SingleDeviceMemoryPool.malloc
  File "cupy/cuda/memory.pyx", line 1376, in cupy.cuda.memory.SingleDeviceMemoryPool._malloc
  File "cupy/cuda/memory.pyx", line 1560, in cupy.cuda.memory.SingleDeviceMemoryPool._try_malloc
cupy.cuda.memory.OutOfMemoryError: Out of memory allocating 134,217,728 bytes (allocated so far: 536,870,912 bytes).
        ^self._target(*self._args, **self._kwargs)^
^  File "/workspace/h1/RH/scripts/rh/day038_h1_3e10_gpu.py", line 569, in _chunk
^^^^
  File "/workspace/h1/RH/scripts/rh/day038_h1_3e10_gpu.py", line 443, in slab_budget_gpu
    sr, si, br, bi, s_ar, dm = slabfn(
                               ^^^^^^^
  File "/workspace/h1/RH/scripts/rh/day038_h1_3e10_gpu.py", line 444, in slab_budget_gpu
    g2 = cc * cc
         ~~~^~~~
  File "cupy/_core/core.pyx", line 1582, in cupy._core.core._ndarray_base.__mul__
  File "cupy/_core/_kernel.pyx", line 1374, in cupy._core._kernel.ufunc.__call__
  File "cupy/_core/_kernel.pyx", line 657, in cupy._core._kernel._get_out_args_from_optionals
  File "cupy/_core/core.pyx", line 3342, in cupy._core.core._ndarray_init
  File "cupy/_core/core.pyx", line 300, in cupy._core.core._ndarray_base._init_fast
  File "cupy/cuda/memory.pyx", line 904, in cupy.cuda.memory.alloc
  File "cupy/cuda/memory.pyx", line 1614, in cupy.cuda.memory.MemoryPool.malloc
  File "cupy/cuda/memory.pyx", line 1635, in cupy.cuda.memory.MemoryPool.malloc
  File "cupy/cuda/memory.pyx", line 1350, in cupy.cuda.memory.SingleDeviceMemoryPool.malloc
  File "cupy/cuda/memory.pyx", line 1376, in cupy.cuda.memory.SingleDeviceMemoryPool._malloc
  File "cupy/cuda/memory.pyx", line 1560, in cupy.cuda.memory.SingleDeviceMemoryPool._try_malloc
cupy.cuda.memory.OutOfMemoryError: Out of memory allocating 134,217,728 bytes (allocated so far: 402,653,184 bytes).
    self.run()
  File "/usr/lib/python3.12/threading.py", line 1010, in run
    self._target(*self._args, **self._kwargs)
  File "/workspace/h1/RH/scripts/rh/day038_h1_3e10_gpu.py", line 569, in _chunk
    sr, si, br, bi, s_ar, dm = slabfn(
                               ^^^^^^^
  File "/workspace/h1/RH/scripts/rh/day038_h1_3e10_gpu.py", line 443, in slab_budget_gpu
    cc = cp.asarray(c)
         ^^^^^^^^^^^^^
  File "/opt/venvs/cupy/lib/python3.12/site-packages/cupy/_creation/from_data.py", line 94, in asarray
    return _core.array(a, dtype, copy, order, blocking=blocking)
           ^^^^^^^^^^^^^^^^^^^^^^^^^^^^^^^^^^^^^^^^^^^^^^^^^^^^^
  File "cupy/_core/core.pyx", line 2821, in cupy._core.core.array
  File "cupy/_core/core.pyx", line 2841, in cupy._core.core.array
  File "cupy/_core/core.pyx", line 3067, in cupy._core.core._array_default
  File "cupy/_core/core.pyx", line 176, in cupy._core.core.ndarray.__new__
  File "cupy/_core/core.pyx", line 282, in cupy._core.core._ndarray_base._init
  File "cupy/cuda/memory.pyx", line 904, in cupy.cuda.memory.alloc
  File "cupy/cuda/memory.pyx", line 1614, in cupy.cuda.memory.MemoryPool.malloc
  File "cupy/cuda/memory.pyx", line 1635, in cupy.cuda.memory.MemoryPool.malloc
  File "cupy/cuda/memory.pyx", line 1350, in cupy.cuda.memory.SingleDeviceMemoryPool.malloc
  File "cupy/cuda/memory.pyx", line 1376, in cupy.cuda.memory.SingleDeviceMemoryPool._malloc
  File "cupy/cuda/memory.pyx", line 1560, in cupy.cuda.memory.SingleDeviceMemoryPool._try_malloc
cupy.cuda.memory.OutOfMemoryError: Out of memory allocating 134,217,728 bytes (allocated so far: 536,870,912 bytes).
    cc = cp.asarray(c)
         ^^^^^^^^^^^^^
  File "/opt/venvs/cupy/lib/python3.12/site-packages/cupy/_creation/from_data.py", line 94, in asarray
    return _core.array(a, dtype, copy, order, blocking=blocking)
           ^^^^^^^^^^^^^^^^^^^^^^^^^^^^^^^^^^^^^^^^^^^^^^^^^^^^^
  File "cupy/_core/core.pyx", line 2821, in cupy._core.core.array
  File "cupy/_core/core.pyx", line 2841, in cupy._core.core.array
  File "cupy/_core/core.pyx", line 3067, in cupy._core.core._array_default
  File "cupy/_core/core.pyx", line 176, in cupy._core.core.ndarray.__new__
  File "cupy/_core/core.pyx", line 282, in cupy._core.core._ndarray_base._init
  File "cupy/cuda/memory.pyx", line 904, in cupy.cuda.memory.alloc
  File "cupy/cuda/memory.pyx", line 1614, in cupy.cuda.memory.MemoryPool.malloc
  File "cupy/cuda/memory.pyx", line 1635, in cupy.cuda.memory.MemoryPool.malloc
  File "cupy/cuda/memory.pyx", line 1350, in cupy.cuda.memory.SingleDeviceMemoryPool.malloc
  File "cupy/cuda/memory.pyx", line 1376, in cupy.cuda.memory.SingleDeviceMemoryPool._malloc
  File "cupy/cuda/memory.pyx", line 1560, in cupy.cuda.memory.SingleDeviceMemoryPool._try_malloc
cupy.cuda.memory.OutOfMemoryError: Out of memory allocating 134,217,728 bytes (allocated so far: 536,870,912 bytes).
                             ^^^^^^^
  File "/workspace/h1/RH/scripts/rh/day038_h1_3e10_gpu.py", line 443, in slab_budget_gpu
    cc = cp.asarray(c)
         ^^^^^^^^^^^^^
  File "/opt/venvs/cupy/lib/python3.12/site-packages/cupy/_creation/from_data.py", line 94, in asarray
    return _core.array(a, dtype, copy, order, blocking=blocking)
           ^^^^^^^^^^^^^^^^^^^^^^^^^^^^^^^^^^^^^^^^^^^^^^^^^^^^^
  File "cupy/_core/core.pyx", line 2821, in cupy._core.core.array
  File "cupy/_core/core.pyx", line 2841, in cupy._core.core.array
  File "cupy/_core/core.pyx", line 3067, in cupy._core.core._array_default
  File "cupy/_core/core.pyx", line 176, in cupy._core.core.ndarray.__new__
  File "cupy/_core/core.pyx", line 282, in cupy._core.core._ndarray_base._init
  File "cupy/cuda/memory.pyx", line 904, in cupy.cuda.memory.alloc
  File "cupy/cuda/memory.pyx", line 1614, in cupy.cuda.memory.MemoryPool.malloc
  File "cupy/cuda/memory.pyx", line 1635, in cupy.cuda.memory.MemoryPool.malloc
  File "cupy/cuda/memory.pyx", line 1350, in cupy.cuda.memory.SingleDeviceMemoryPool.malloc
  File "cupy/cuda/memory.pyx", line 1376, in cupy.cuda.memory.SingleDeviceMemoryPool._malloc
  File "cupy/cuda/memory.pyx", line 1560, in cupy.cuda.memory.SingleDeviceMemoryPool._try_malloc
cupy.cuda.memory.OutOfMemoryError: Out of memory allocating 134,217,728 bytes (allocated so far: 671,088,640 bytes).
self.run()
  File "/usr/lib/python3.12/threading.py", line 1010, in run
    self._target(*self._args, **self._kwargs)
  File "/workspace/h1/RH/scripts/rh/day038_h1_3e10_gpu.py", line 569, in _chunk
    sr, si, br, bi, s_ar, dm = slabfn(
                               ^^^^^^^
  File "/workspace/h1/RH/scripts/rh/day038_h1_3e10_gpu.py", line 443, in slab_budget_gpu
    cc = cp.asarray(c)
         ^^^^^^^^^^^^^
  File "/opt/venvs/cupy/lib/python3.12/site-packages/cupy/_creation/from_data.py", line 94, in asarray
    return _core.array(a, dtype, copy, order, blocking=blocking)
           ^^^^^^^^^^^^^^^^^^^^^^^^^^^^^^^^^^^^^^^^^^^^^^^^^^^^^
  File "cupy/_core/core.pyx", line 2821, in cupy._core.core.array
  File "cupy/_core/core.pyx", line 2841, in cupy._core.core.array
  File "cupy/_core/core.pyx", line 3067, in cupy._core.core._array_default
  File "cupy/_core/core.pyx", line 176, in cupy._core.core.ndarray.__new__
  File "cupy/_core/core.pyx", line 282, in cupy._core.core._ndarray_base._init
  File "cupy/cuda/memory.pyx", line 904, in cupy.cuda.memory.alloc
  File "cupy/cuda/memory.pyx", line 1614, in cupy.cuda.memory.MemoryPool.malloc
  File "cupy/cuda/memory.pyx", line 1635, in cupy.cuda.memory.MemoryPool.malloc
  File "cupy/cuda/memory.pyx", line 1350, in cupy.cuda.memory.SingleDeviceMemoryPool.malloc
  File "cupy/cuda/memory.pyx", line 1376, in cupy.cuda.memory.SingleDeviceMemoryPool._malloc
  File "cupy/cuda/memory.pyx", line 1560, in cupy.cuda.memory.SingleDeviceMemoryPool._try_malloc
cupy.cuda.memory.OutOfMemoryError: Out of memory allocating 134,217,728 bytes (allocated so far: 268,435,456 bytes).
point  job  (win  1,  k  +12,  x=1.025299294e+10)  WORKER  FAILED:  TypeError('cannot unpack non-iterable NoneType object')  --  done  points  are  checkpointed;  supervisor  resumes
  ...t=9.494e+09 tail sweep 8% (500 pieces, 8 threads)
  ...t=9.494e+09 tail sweep 8% (500 pieces, 8 threads)
  ...t=9.494e+09 tail sweep 17% (1000 pieces, 8 threads)
  ...t=9.494e+09 tail sweep 17% (1000 pieces, 8 threads)
  ...t=9.494e+09 tail sweep 25% (1500 pieces, 8 threads)
  ...t=9.494e+09 tail sweep 17% (1000 pieces, 8 threads)
  ...t=9.494e+09 tail sweep 33% (2000 pieces, 8 threads)
  ...t=9.494e+09 tail sweep 25% (1500 pieces, 8 threads)
  ...t=9.494e+09 tail sweep 41% (2500 pieces, 8 threads)
  ...t=9.494e+09 tail sweep 25% (1500 pieces, 8 threads)
  ...t=9.494e+09 tail sweep 50% (3000 pieces, 8 threads)
  ...t=9.494e+09 tail sweep 33% (2000 pieces, 8 threads)
  ...t=9.494e+09 tail sweep 33% (2000 pieces, 8 threads)
  ...t=9.494e+09 tail sweep 58% (3500 pieces, 8 threads)
  ...t=9.494e+09 tail sweep 41% (2500 pieces, 8 threads)
  ...t=9.494e+09 tail sweep 66% (4000 pieces, 8 threads)
  ...t=9.494e+09 tail sweep 41% (2500 pieces, 8 threads)
  ...t=9.494e+09 tail sweep 50% (3000 pieces, 8 threads)
  ...t=9.494e+09 tail sweep 74% (4500 pieces, 8 threads)
  ...t=9.494e+09 tail sweep 50% (3000 pieces, 8 threads)
  ...t=9.494e+09 tail sweep 58% (3500 pieces, 8 threads)
  ...t=9.494e+09 tail sweep 83% (5000 pieces, 8 threads)
  ...t=9.494e+09 tail sweep 58% (3500 pieces, 8 threads)
  ...t=9.494e+09 tail sweep 66% (4000 pieces, 8 threads)
  ...t=9.494e+09 tail sweep 91% (5500 pieces, 8 threads)
  ...t=9.494e+09 tail sweep 74% (4500 pieces, 8 threads)
  ...t=9.494e+09 tail sweep 66% (4000 pieces, 8 threads)
  ...t=9.494e+09 tail sweep 99% (6000 pieces, 8 threads)
  ...t=9.494e+09 tail sweep 83% (5000 pieces, 8 threads)
  ...t=9.494e+09 tail sweep 74% (4500 pieces, 8 threads)
point  job  (win  0,  k  -12,  x=9493511984)  WORKER  FAILED:  TypeError('cannot unpack non-iterable NoneType object')  --  done  points  are  checkpointed;  supervisor  resumes
  ...t=9.494e+09 tail sweep 91% (5500 pieces, 8 threads)
  ...t=9.494e+09 tail sweep 99% (6000 pieces, 8 threads)
  pt win=0 k=-10 x=9.494e+09 t=9493511978.76648 mnew=1.0000 mcert=1.0000 bexp=1.01e-03
  pt win=0 k=-9 x=9.494e+09 t=9493511979.26648 mnew=1.0000 mcert=1.0000 bexp=1.09e-03
window   0:  2/24  points  after  this  instance
window   1:  0/24  points  after  this  instance
H1  INCOMPLETE:  2  window(s)  not  at  24/24  --  checkpoints  intact,  supervisor  resumes
H1_WINDOWS:  running  windows  14-15  (2  of  29)
resume:  window   0  (x=9493511984)  2/24  points  on disk
resume:  window   1  (x=1.025299294e+10)  0/24  points  on disk
memguard:  MemAvailable  671.8  GiB,  reserve  28  GiB,  ~2.5  GiB/thread  x  8  threads  ->  allow  <=  10  contexts  (=  80  slab  threads;  11  GPU  clients  incl.  Xorg  vs  budget  11)
day038  gpu  H1-3e10:  FULL,  46  point  jobs  remaining (2  windows,  4  contexts  x  8  threads)
pids: parent=3059 workers=4 written to ckpt_h1_3e10/run.pids
overlap: 152/12626784 zeros differ by <=1.00 ulp (last byte,  rounding-level) --  those indices certified with dg x3
stitch: B from element 12626784 (first zero 1006346000.166784); overlap cross-check 12626632/12626784 byte-equal
tail3e10: L 52290633 + A 2792198664 + B' 3053546936 + C 3142622346 + D 92577877714 = 101618536293 zeros (812.9 GB); G_LAST = 30001045999.981976
overlap: 152/12626784 zeros differ by <=1.00 ulp (last byte,  rounding-level) --  those indices certified with dg x3
stitch: B from element 12626784 (first zero 1006346000.166784); overlap cross-check 12626632/12626784 byte-equal
tail3e10: L 52290633 + A 2792198664 + B' 3053546936 + C 3142622346 + D 92577877714 = 101618536293 zeros (812.9 GB); G_LAST = 30001045999.981976
  ...t=9.494e+09 tail sweep 8% (500 pieces, 8 threads)
  ...t=9.494e+09 tail sweep 8% (500 pieces, 8 threads)
overlap: 152/12626784 zeros differ by <=1.00 ulp (last byte,  rounding-level) --  those indices certified with dg x3
stitch: B from element 12626784 (first zero 1006346000.166784); overlap cross-check 12626632/12626784 byte-equal
tail3e10: L 52290633 + A 2792198664 + B' 3053546936 + C 3142622346 + D 92577877714 = 101618536293 zeros (812.9 GB); G_LAST = 30001045999.981976
overlap: 152/12626784 zeros differ by <=1.00 ulp (last byte,  rounding-level) --  those indices certified with dg x3
stitch: B from element 12626784 (first zero 1006346000.166784); overlap cross-check 12626632/12626784 byte-equal
tail3e10: L 52290633 + A 2792198664 + B' 3053546936 + C 3142622346 + D 92577877714 = 101618536293 zeros (812.9 GB); G_LAST = 30001045999.981976
Exception in thread Thread-1 (_chunk):
Exception in thread Thread-4 (_chunk):
Traceback (most recent call last):
  File "/usr/lib/python3.12/threading.py", line 1073, in _bootstrap_inner
    self.run()
  File "/usr/lib/python3.12/threading.py", line 1010, in run
    self._target(*self._args, **self._kwargs)
  File "/workspace/h1/RH/scripts/rh/day038_h1_3e10_gpu.py", line 569, in _chunk
    sr, si, br, bi, s_ar, dm = slabfn(
                               ^^^^^^^
  File "/workspace/h1/RH/scripts/rh/day038_h1_3e10_gpu.py", line 457, in slab_budget_gpu
    dimdg = tf * 2.0 * cc / (A * A)                # > 0
            ~~~~~~~~~~~~~~^~~~~~~~~
  File "cupy/_core/core.pyx", line 1606, in cupy._core.core._ndarray_base.__truediv__
  File "cupy/_core/_kernel.pyx", line 1374, in cupy._core._kernel.ufunc.__call__
  File "cupy/_core/_kernel.pyx", line 657, in cupy._core._kernel._get_out_args_from_optionals
  File "cupy/_core/core.pyx", line 3342, in cupy._core.core._ndarray_init
  File "cupy/_core/core.pyx", line 300, in cupy._core.core._ndarray_base._init_fast
  File "cupy/cuda/memory.pyx", line 904, in cupy.cuda.memory.alloc
  File "cupy/cuda/memory.pyx", line 1614, in cupy.cuda.memory.MemoryPool.malloc
  File "cupy/cuda/memory.pyx", line 1635, in cupy.cuda.memory.MemoryPool.malloc
  File "cupy/cuda/memory.pyx", line 1350, in cupy.cuda.memory.SingleDeviceMemoryPool.malloc
  File "cupy/cuda/memory.pyx", line 1376, in cupy.cuda.memory.SingleDeviceMemoryPool._malloc
  File "cupy/cuda/memory.pyx", line 1560, in cupy.cuda.memory.SingleDeviceMemoryPool._try_malloc
cupy.cuda.memory.OutOfMemoryError: Out of memory allocating 134,217,728 bytes (allocated so far: 9,395,267,584 bytes).
Traceback (most recent call last):
  File "/usr/lib/python3.12/threading.py", line 1073, in _bootstrap_inner
Exception in thread Thread-3 (_chunk):
Traceback (most recent call last):
  File "/usr/lib/python3.12/threading.py", line 1073, in _bootstrap_inner
Exception in thread Thread-2 (_chunk):
Traceback (most recent call last):
  File "/usr/lib/python3.12/threading.py", line 1073, in _bootstrap_inner
    self.run()
  File "/usr/lib/python3.12/threading.py", line 1010, in run
    self._target(*self._args, **self._kwargs)
  File "/workspace/h1/RH/scripts/rh/day038_h1_3e10_gpu.py", line 569, in _chunk
    sr, si, br, bi, s_ar, dm = slabfn(
                               ^^^^^^^
  File "/workspace/h1/RH/scripts/rh/day038_h1_3e10_gpu.py", line 457, in slab_budget_gpu
    dimdg = tf * 2.0 * cc / (A * A)                # > 0
            ~~~~~~~~~~~~~~^~~~~~~~~
  File "cupy/_core/core.pyx", line 1606, in cupy._core.core._ndarray_base.__truediv__
  File "cupy/_core/_kernel.pyx", line 1374, in cupy._core._kernel.ufunc.__call__
  File "cupy/_core/_kernel.pyx", line 657, in cupy._core._kernel._get_out_args_from_optionals
  File "cupy/_core/core.pyx", line 3342, in cupy._core.core._ndarray_init
  File "cupy/_core/core.pyx", line 300, in cupy._core.core._ndarray_base._init_fast
  File "cupy/cuda/memory.pyx", line 904, in cupy.cuda.memory.alloc
  File "cupy/cuda/memory.pyx", line 1614, in cupy.cuda.memory.MemoryPool.malloc
  File "cupy/cuda/memory.pyx", line 1635, in cupy.cuda.memory.MemoryPool.malloc
  File "cupy/cuda/memory.pyx", line 1350, in cupy.cuda.memory.SingleDeviceMemoryPool.malloc
  File "cupy/cuda/memory.pyx", line 1376, in cupy.cuda.memory.SingleDeviceMemoryPool._malloc
  File "cupy/cuda/memory.pyx", line 1560, in cupy.cuda.memory.SingleDeviceMemoryPool._try_malloc
cupy.cuda.memory.OutOfMemoryError: Out of memory allocating 134,217,728 bytes (allocated so far: 8,589,934,592 bytes).
    self.run()
  File "/usr/lib/python3.12/threading.py", line 1010, in run
    self._target(*self._args, **self._kwargs)
  File "/workspace/h1/RH/scripts/rh/day038_h1_3e10_gpu.py", line 569, in _chunk
    sr, si, br, bi, s_ar, dm = slabfn(
                               ^^^^^^^
  File "/workspace/h1/RH/scripts/rh/day038_h1_3e10_gpu.py", line 443, in slab_budget_gpu
    cc = cp.asarray(c)
         ^^^^^^^^^^^^^
  File "/opt/venvs/cupy/lib/python3.12/site-packages/cupy/_creation/from_data.py", line 94, in asarray
    return _core.array(a, dtype, copy, order, blocking=blocking)
           ^^^^^^^^^^^^^^^^^^^^^^^^^^^^^^^^^^^^^^^^^^^^^^^^^^^^^
  File "cupy/_core/core.pyx", line 2821, in cupy._core.core.array
  File "cupy/_core/core.pyx", line 2841, in cupy._core.core.array
  File "cupy/_core/core.pyx", line 3067, in cupy._core.core._array_default
  File "cupy/_core/core.pyx", line 176, in cupy._core.core.ndarray.__new__
  File "cupy/_core/core.pyx", line 282, in cupy._core.core._ndarray_base._init
  File "cupy/cuda/memory.pyx", line 904, in cupy.cuda.memory.alloc
  File "cupy/cuda/memory.pyx", line 1614, in cupy.cuda.memory.MemoryPool.malloc
  File "cupy/cuda/memory.pyx", line 1635, in cupy.cuda.memory.MemoryPool.malloc
  File "cupy/cuda/memory.pyx", line 1350, in cupy.cuda.memory.SingleDeviceMemoryPool.malloc
  File "cupy/cuda/memory.pyx", line 1376, in cupy.cuda.memory.SingleDeviceMemoryPool._malloc
  File "cupy/cuda/memory.pyx", line 1560, in cupy.cuda.memory.SingleDeviceMemoryPool._try_malloc
cupy.cuda.memory.OutOfMemoryError: Out of memory allocating 134,217,728 bytes (allocated so far: 671,088,640 bytes).
    self.run()
  File "/usr/lib/python3.12/threading.py", line 1010, in run
    self._target(*self._args, **self._kwargs)
  File "/workspace/h1/RH/scripts/rh/day038_h1_3e10_gpu.py", line 569, in _chunk
    sr, si, br, bi, s_ar, dm = slabfn(
    Exception in thread Thread-2 (_chunk):
Traceback (most recent call last):
  File "/usr/lib/python3.12/threading.py", line 1073, in _bootstrap_inner
    self.run()
  File "/usr/lib/python3.12/threading.py", line 1010, in run
    self._target(*self._args, **self._kwargs)
  File "/workspace/h1/RH/scripts/rh/day038_h1_3e10_gpu.py", line 569, in _chunk
     sr, si, br, bi, s_ar, dm = slabfn(
                               ^^^^^^^
  File "/workspace/h1/RH/scripts/rh/day038_h1_3e10_gpu.py", line 443, in slab_budget_gpu
    cc = cp.asarray(c)
         ^^^^^^^^^^^^^
  File "/opt/venvs/cupy/lib/python3.12/site-packages/cupy/_creation/from_data.py", line 94, in asarray
    return _core.array(a, dtype, copy, order, blocking=blocking)
           ^^^^^^^^^^^^^^^^^^^^^^^^^^^^^^^^^^^^^^^^^^^^^^^^^^^^^
  File "cupy/_core/core.pyx", line 2821, in cupy._core.core.array
  File "cupy/_core/core.pyx", line 2841, in cupy._core.core.array
  File "cupy/_core/core.pyx", line 3067, in cupy._core.core._array_default
  File "cupy/_core/core.pyx", line 176, in cupy._core.core.ndarray.__new__
  File "cupy/_core/core.pyx", line 282, in cupy._core.core._ndarray_base._init
  File "cupy/cuda/memory.pyx", line 904, in cupy.cuda.memory.alloc
  File "cupy/cuda/memory.pyx", line 1614, in cupy.cuda.memory.MemoryPool.malloc
  File "cupy/cuda/memory.pyx", line 1635, in cupy.cuda.memory.MemoryPool.malloc
  File "cupy/cuda/memory.pyx", line 1350, in cupy.cuda.memory.SingleDeviceMemoryPool.malloc
  File "cupy/cuda/memory.pyx", line 1376, in cupy.cuda.memory.SingleDeviceMemoryPool._malloc
  File "cupy/cuda/memory.pyx", line 1560, in cupy.cuda.memory.SingleDeviceMemoryPool._try_malloc
cupy.cuda.memory.OutOfMemoryError: Out of memory allocating 134,217,728 bytes (allocated so far: 671,088,640 bytes).
                          ^^^^^^^
  File "/workspace/h1/RH/scripts/rh/day038_h1_3e10_gpu.py", line 443, in slab_budget_gpu
    cc = cp.asarray(c)
         ^^^^^^^^^^^^^
  File "/opt/venvs/cupy/lib/python3.12/site-packages/cupy/_creation/from_data.py", line 94, in asarray
    return _core.array(a, dtype, copy, order, blocking=blocking)
           ^^^^^^^^^^^^^^^^^^^^^^^^^^^^^^^^^^^^^^^^^^^^^^^^^^^^^
  File "cupy/_core/core.pyx", line 2821, in cupy._core.core.array
  File "cupy/_core/core.pyx", line 2841, in cupy._core.core.array
  File "cupy/_core/core.pyx", line 3067, in cupy._core.core._array_default
  File "cupy/_core/core.pyx", line 176, in cupy._core.core.ndarray.__new__
  File "cupy/_core/core.pyx", line 282, in cupy._core.core._ndarray_base._init
  File "cupy/cuda/memory.pyx", line 904, in cupy.cuda.memory.alloc
  File "cupy/cuda/memory.pyx", line 1614, in cupy.cuda.memory.MemoryPool.malloc
  File "cupy/cuda/memory.pyx", line 1635, in cupy.cuda.memory.MemoryPool.malloc
  File "cupy/cuda/memory.pyx", line 1350, in cupy.cuda.memory.SingleDeviceMemoryPool.malloc
  File "cupy/cuda/memory.pyx", line 1376, in cupy.cuda.memory.SingleDeviceMemoryPool._malloc
  File "cupy/cuda/memory.pyx", line 1560, in cupy.cuda.memory.SingleDeviceMemoryPool._try_malloc
cupy.cuda.memory.OutOfMemoryError: Out of memory allocating 134,217,728 bytes (allocated so far: 268,435,456 bytes).
Exception in thread Thread-4 (_chunk):
Traceback (most recent call last):
  File "/usr/lib/python3.12/threading.py", line 1073, in _bootstrap_inner
    self.run()
  File "/usr/lib/python3.12/threading.py", line 1010, in run
    self._target(*self._args, **self._kwargs)
  File "/workspace/h1/RH/scripts/rh/day038_h1_3e10_gpu.py", line 569, in _chunk
    sr, si, br, bi, s_ar, dm = slabfn(
                               ^^^^^^^
  File "/workspace/h1/RH/scripts/rh/day038_h1_3e10_gpu.py", line 444, in slab_budget_gpu
    g2 = cc * cc
         ~~~^~~~
  File "cupy/_core/core.pyx", line 1582, in cupy._core.core._ndarray_base.__mul__
  File "cupy/_core/_kernel.pyx", line 1374, in cupy._core._kernel.ufunc.__call__
  File "cupy/_core/_kernel.pyx", line 657, in cupy._core._kernel._get_out_args_from_optionals
  File "cupy/_core/core.pyx", line 3342, in cupy._core.core._ndarray_init
  File "cupy/_core/core.pyx", line 300, in cupy._core.core._ndarray_base._init_fast
  File "cupy/cuda/memory.pyx", line 904, in cupy.cuda.memory.alloc
  File "cupy/cuda/memory.pyx", line 1614, in cupy.cuda.memory.MemoryPool.malloc
  File "cupy/cuda/memory.pyx", line 1635, in cupy.cuda.memory.MemoryPool.malloc
  File "cupy/cuda/memory.pyx", line 1350, in cupy.cuda.memory.SingleDeviceMemoryPool.malloc
  File "cupy/cuda/memory.pyx", line 1376, in cupy.cuda.memory.SingleDeviceMemoryPool._malloc
  File "cupy/cuda/memory.pyx", line 1560, in cupy.cuda.memory.SingleDeviceMemoryPool._try_malloc
cupy.cuda.memory.OutOfMemoryError: Out of memory allocating 134,217,728 bytes (allocated so far: 671,088,640 bytes).
  ...t=9.494e+09 tail sweep 17% (1000 pieces, 8 threads)
Exception in thread Thread-3 (_chunk):
Traceback (most recent call last):
  File "/usr/lib/python3.12/threading.py", line 1073, in _bootstrap_inner
    self.run()
  File "/usr/lib/python3.12/threading.py", line 1010, in run
    self._target(*self._args, **self._kwargs)
  File "/workspace/h1/RH/scripts/rh/day038_h1_3e10_gpu.py", line 569, in _chunk
    sr, si, br, bi, s_ar, dm = slabfn(
                               ^^^^^^^
  File "/workspace/h1/RH/scripts/rh/day038_h1_3e10_gpu.py", line 452, in slab_budget_gpu
    S2 = float(cp.maximum(cp.abs(re_t), 0.5 / A).sum())
               ^^^^^^^^^^^^^^^^^^^^^^^^^^^^^^^^^
  File "cupy/_core/_kernel.pyx", line 1374, in cupy._core._kernel.ufunc.__call__
  File "cupy/_core/_kernel.pyx", line 657, in cupy._core._kernel._get_out_args_from_optionals
  File "cupy/_core/core.pyx", line 3342, in cupy._core.core._ndarray_init
  File "cupy/_core/core.pyx", line 300, in cupy._core.core._ndarray_base._init_fast
  File "cupy/cuda/memory.pyx", line 904, in cupy.cuda.memory.alloc
  File "cupy/cuda/memory.pyx", line 1614, in cupy.cuda.memory.MemoryPool.malloc
  File "cupy/cuda/memory.pyx", line 1635, in cupy.cuda.memory.MemoryPool.malloc
  File "cupy/cuda/memory.pyx", line 1350, in cupy.cuda.memory.SingleDeviceMemoryPool.malloc
  File "cupy/cuda/memory.pyx", line 1376, in cupy.cuda.memory.SingleDeviceMemoryPool._malloc
  File "cupy/cuda/memory.pyx", line 1560, in cupy.cuda.memory.SingleDeviceMemoryPool._try_malloc
cupy.cuda.memory.OutOfMemoryError: Out of memory allocating 134,217,728 bytes (allocated so far: 4,160,749,568 bytes).
Exception in thread Thread-6 (_chunk):
Traceback (most recent call last):
  File "/usr/lib/python3.12/threading.py", line 1073, in _bootstrap_inner
    self.run()
  File "/usr/lib/python3.12/threading.py", line 1010, in run
    self._target(*self._args, **self._kwargs)
  File "/workspace/h1/RH/scripts/rh/day038_h1_3e10_gpu.py", line 569, in _chunk
    sr, si, br, bi, s_ar, dm = slabfn(
                               ^^^^^^^
  File "/workspace/h1/RH/scripts/rh/day038_h1_3e10_gpu.py", line 446, in slab_budget_gpu
    abs_g2t2 = cp.abs(g2 - t2)
               ^^^^^^^^^^^^^^^
  File "cupy/_core/_kernel.pyx", line 1374, in cupy._core._kernel.ufunc.__call__
  File "cupy/_core/_kernel.pyx", line 657, in cupy._core._kernel._get_out_args_from_optionals
  File "cupy/_core/core.pyx", line 3342, in cupy._core.core._ndarray_init
  File "cupy/_core/core.pyx", line 300, in cupy._core.core._ndarray_base._init_fast
  File "cupy/cuda/memory.pyx", line 904, in cupy.cuda.memory.alloc
  File "cupy/cuda/memory.pyx", line 1614, in cupy.cuda.memory.MemoryPool.malloc
  File "cupy/cuda/memory.pyx", line 1635, in cupy.cuda.memory.MemoryPool.malloc
  File "cupy/cuda/memory.pyx", line 1350, in cupy.cuda.memory.SingleDeviceMemoryPool.malloc
  File "cupy/cuda/memory.pyx", line 1376, in cupy.cuda.memory.SingleDeviceMemoryPool._malloc
  File "cupy/cuda/memory.pyx", line 1560, in cupy.cuda.memory.SingleDeviceMemoryPool._try_malloc
cupy.cuda.memory.OutOfMemoryError: Out of memory allocating 134,217,728 bytes (allocated so far: 4,294,967,296 bytes).
Exception in thread Thread-5 (_chunk):
Traceback (most recent call last):
  File "/usr/lib/python3.12/threading.py", line 1073, in _bootstrap_inner
    self.run()
  File "/usr/lib/python3.12/threading.py", line 1010, in run
    self._target(*self._args, **self._kwargs)
  File "/workspace/h1/RH/scripts/rh/day038_h1_3e10_gpu.py", line 569, in _chunk
    sr, si, br, bi, s_ar, dm = slabfn(
                               ^^^^^^^
  File "/workspace/h1/RH/scripts/rh/day038_h1_3e10_gpu.py", line 457, in slab_budget_gpu
    dimdg = tf * 2.0 * cc / (A * A)                # > 0
            ~~~~~~~~~~~~~~^~~~~~~~~
  File "cupy/_core/core.pyx", line 1606, in cupy._core.core._ndarray_base.__truediv__
  File "cupy/_core/_kernel.pyx", line 1374, in cupy._core._kernel.ufunc.__call__
  File "cupy/_core/_kernel.pyx", line 657, in cupy._core._kernel._get_out_args_from_optionals
  File "cupy/_core/core.pyx", line 3342, in cupy._core.core._ndarray_init
  File "cupy/_core/core.pyx", line 300, in cupy._core.core._ndarray_base._init_fast
  File "cupy/cuda/memory.pyx", line 904, in cupy.cuda.memory.alloc
  File "cupy/cuda/memory.pyx", line 1614, in cupy.cuda.memory.MemoryPool.malloc
  File "cupy/cuda/memory.pyx", line 1635, in cupy.cuda.memory.MemoryPool.malloc
  File "cupy/cuda/memory.pyx", line 1350, in cupy.cuda.memory.SingleDeviceMemoryPool.malloc
  File "cupy/cuda/memory.pyx", line 1376, in cupy.cuda.memory.SingleDeviceMemoryPool._malloc
  File "cupy/cuda/memory.pyx", line 1560, in cupy.cuda.memory.SingleDeviceMemoryPool._try_malloc
cupy.cuda.memory.OutOfMemoryError: Out of memory allocating 134,217,728 bytes (allocated so far: 3,892,314,112 bytes).
Exception in thread Thread-7 (_chunk):
Traceback (most recent call last):
  File "/usr/lib/python3.12/threading.py", line 1073, in _bootstrap_inner
    self.run()
  File "/usr/lib/python3.12/threading.py", line 1010, in run
    self._target(*self._args, **self._kwargs)
  File "/workspace/h1/RH/scripts/rh/day038_h1_3e10_gpu.py", line 569, in _chunk
    sr, si, br, bi, s_ar, dm = slabfn(
                               ^^^^^^^
  File "/workspace/h1/RH/scripts/rh/day038_h1_3e10_gpu.py", line 447, in slab_budget_gpu
    re_t = cp.log(abs_g2t2) - cp.log(A) + 0.5 / A
           ~~~~~~~~~~~~~~~~~^~~~~~~~~~~
  File "cupy/_core/core.pyx", line 1574, in cupy._core.core._ndarray_base.__sub__
  File "cupy/_core/_kernel.pyx", line 1374, in cupy._core._kernel.ufunc.__call__
  File "cupy/_core/_kernel.pyx", line 657, in cupy._core._kernel._get_out_args_from_optionals
  File "cupy/_core/core.pyx", line 3342, in cupy._core.core._ndarray_init
  File "cupy/_core/core.pyx", line 300, in cupy._core.core._ndarray_base._init_fast
  File "cupy/cuda/memory.pyx", line 904, in cupy.cuda.memory.alloc
  File "cupy/cuda/memory.pyx", line 1614, in cupy.cuda.memory.MemoryPool.malloc
  File "cupy/cuda/memory.pyx", line 1635, in cupy.cuda.memory.MemoryPool.malloc
  File "cupy/cuda/memory.pyx", line 1350, in cupy.cuda.memory.SingleDeviceMemoryPool.malloc
  File "cupy/cuda/memory.pyx", line 1376, in cupy.cuda.memory.SingleDeviceMemoryPool._malloc
  File "cupy/cuda/memory.pyx", line 1560, in cupy.cuda.memory.SingleDeviceMemoryPool._try_malloc
cupy.cuda.memory.OutOfMemoryError: Out of memory allocating 134,217,728 bytes (allocated so far: 3,221,225,472 bytes).
  ...t=9.494e+09 tail sweep 17% (1000 pieces, 8 threads)
  ...t=9.494e+09 tail sweep 25% (1500 pieces, 8 threads)
  ...t=9.494e+09 tail sweep 25% (1500 pieces, 8 threads)
  ...t=9.494e+09 tail sweep 8% (500 pieces, 8 threads)
  ...t=9.494e+09 tail sweep 33% (2000 pieces, 8 threads)
  ...t=9.494e+09 tail sweep 8% (500 pieces, 8 threads)
  ...t=9.494e+09 tail sweep 33% (2000 pieces, 8 threads)
  ...t=9.494e+09 tail sweep 41% (2500 pieces, 8 threads)
  ...t=9.494e+09 tail sweep 17% (1000 pieces, 8 threads)
  ...t=9.494e+09 tail sweep 41% (2500 pieces, 8 threads)
  ...t=9.494e+09 tail sweep 50% (3000 pieces, 8 threads)
  ...t=9.494e+09 tail sweep 17% (1000 pieces, 8 threads)
  ...t=9.494e+09 tail sweep 25% (1500 pieces, 8 threads)
  ...t=9.494e+09 tail sweep 58% (3500 pieces, 8 threads)
  ...t=9.494e+09 tail sweep 50% (3000 pieces, 8 threads)
  ...t=9.494e+09 tail sweep 66% (4000 pieces, 8 threads)
  ...t=9.494e+09 tail sweep 58% (3500 pieces, 8 threads)
  ...t=9.494e+09 tail sweep 33% (2000 pieces, 8 threads)
  ...t=9.494e+09 tail sweep 25% (1500 pieces, 8 threads)
point  job  (win  0,  k  -8,  x=9493511984)  WORKER  FAILED:  TypeError('cannot unpack non-iterable NoneType object')  --  done  points  are  checkpointed;  supervisor  resumes
  ...t=9.494e+09 tail sweep 74% (4500 pieces, 8 threads)
Exception in thread Exception in thread Exception in thread Thread-16 (_chunk):
Traceback (most recent call last):
  File "/usr/lib/python3.12/threading.py", line 1073, in _bootstrap_inner
Thread-10 (_chunk):
Traceback (most recent call last):
  File "/usr/lib/python3.12/threading.py", line 1073, in _bootstrap_inner
Thread-13 (_chunk)Exception in thread Thread-15 (_chunk):
Traceback (most recent call last):
  File "/usr/lib/python3.12/threading.py", line 1073, in _bootstrap_inner
    self.run()
  File "/usr/lib/python3.12/threading.py", line 1010, in run
    self._target(*self._args, **self._kwargs)
  File "/workspace/h1/RH/scripts/rh/day038_h1_3e10_gpu.py", line 569, in _chunk
    sr, si, br, bi, s_ar, dm = slabfn(
                               ^^^^^^^
  File "/workspace/h1/RH/scripts/rh/day038_h1_3e10_gpu.py", line 443, in slab_budget_gpu
    cc = cp.asarray(c)
         ^^^^^^^^^^^^^
  File "/opt/venvs/cupy/lib/python3.12/site-packages/cupy/_creation/from_data.py", line 94, in asarray
:
    self.run()
  File "/usr/lib/python3.12/threading.py", line 1010, in run
    self._target(*self._args, **self._kwargs)
  File "/workspace/h1/RH/scripts/rh/day038_h1_3e10_gpu.py", line 569, in _chunk
Exception in thread Exception in thread Thread-11 (_chunk):
Traceback (most recent call last):
  File "/usr/lib/python3.12/threading.py", line 1073, in _bootstrap_inner
Thread-12 (_chunk):
Traceback (most recent call last):
Traceback (most recent call last):
  File "/usr/lib/python3.12/threading.py", line 1073, in _bootstrap_inner
    self.run()    return _core.array(a, dtype, copy, order, blocking=blocking)
           ^^^^^^^^^^^^^^^^^^^^^^^^^^^^^^^^^^^^^^^^^^^^^^^^^^^^^
  File "cupy/_core/core.pyx", line 2821, in cupy._core.core.array
  File "cupy/_core/core.pyx", line 2841, in cupy._core.core.array
  File "cupy/_core/core.pyx", line 3067, in cupy._core.core._array_default
  File "cupy/_core/core.pyx", line 176, in cupy._core.core.ndarray.__new__
  File "cupy/_core/core.pyx", line 282, in cupy._core.core._ndarray_base._init
  File "cupy/cuda/memory.pyx", line 904, in cupy.cuda.memory.alloc
  File "cupy/cuda/memory.pyx", line 1614, in cupy.cuda.memory.MemoryPool.malloc
  File "cupy/cuda/memory.pyx", line 1635, in cupy.cuda.memory.MemoryPool.malloc
  File "cupy/cuda/memory.pyx", line 1350, in cupy.cuda.memory.SingleDeviceMemoryPool.malloc
  File "cupy/cuda/memory.pyx", line 1376, in cupy.cuda.memory.SingleDeviceMemoryPool._malloc
  File "cupy/cuda/memory.pyx", line 1560, in cupy.cuda.memory.SingleDeviceMemoryPool._try_malloc
cupy.cuda.memory.OutOfMemoryError: Out of memory allocating 134,217,728 bytes (allocated so far: 3,489,660,928 bytes).

  File "/usr/lib/python3.12/threading.py", line 1010, in run
    self._target(*self._args, **self._kwargs)
  File "/workspace/h1/RH/scripts/rh/day038_h1_3e10_gpu.py", line 569, in _chunk
    sr, si, br, bi, s_ar, dm = slabfn(
                               ^^^^^^^
  File "/workspace/h1/RH/scripts/rh/day038_h1_3e10_gpu.py", line 444, in slab_budget_gpu
    g2 = cc * cc
         ~~~^~~~
  File "cupy/_core/core.pyx", line 1582, in cupy._core.core._ndarray_base.__mul__
  File "cupy/_core/_kernel.pyx", line 1374, in cupy._core._kernel.ufunc.__call__
  File "cupy/_core/_kernel.pyx", line 657, in cupy._core._kernel._get_out_args_from_optionals
  File "cupy/_core/core.pyx", line 3342, in cupy._core.core._ndarray_init
  File "cupy/_core/core.pyx", line 300, in cupy._core.core._ndarray_base._init_fast
  File "cupy/cuda/memory.pyx", line 904, in cupy.cuda.memory.alloc
  File "cupy/cuda/memory.pyx", line 1614, in cupy.cuda.memory.MemoryPool.malloc
  File "cupy/cuda/memory.pyx", line 1635, in cupy.cuda.memory.MemoryPool.malloc
  File "cupy/cuda/memory.pyx", line 1350, in cupy.cuda.memory.SingleDeviceMemoryPool.malloc
  File "cupy/cuda/memory.pyx", line 1376, in cupy.cuda.memory.SingleDeviceMemoryPool._malloc
  File "cupy/cuda/memory.pyx", line 1560, in cupy.cuda.memory.SingleDeviceMemoryPool._try_malloc
cupy.cuda.memory.OutOfMemoryError: Out of memory allocating 134,217,728 bytes (allocated so far: 3,892,314,112 bytes).
  File "/usr/lib/python3.12/threading.py", line 1073, in _bootstrap_inner
    self.run()
  File "/usr/lib/python3.12/threading.py", line 1010, in run
    self._target(*self._args, **self._kwargs)
  File "/workspace/h1/RH/scripts/rh/day038_h1_3e10_gpu.py", line 569, in _chunk
    sr, si, br, bi, s_ar, dm = slabfn(
                               ^^^^^^^
  File "/workspace/h1/RH/scripts/rh/day038_h1_3e10_gpu.py", line 455, in slab_budget_gpu
    dredg = (2.0 * cc / cp.maximum(abs_g2t2, 1e-30)
                        ^^^^^^^^^^^^^^^^^^^^^^^^^^^
  File "cupy/_core/_kernel.pyx", line 1374, in cupy._core._kernel.ufunc.__call__
  File "cupy/_core/_kernel.pyx", line 657, in cupy._core._kernel._get_out_args_from_optionals
  File "cupy/_core/core.pyx", line 3342, in cupy._core.core._ndarray_init
  File "cupy/_core/core.pyx", line 300, in cupy._core.core._ndarray_base._init_fast
  File "cupy/cuda/memory.pyx", line 904, in cupy.cuda.memory.alloc
  File "cupy/cuda/memory.pyx", line 1614, in cupy.cuda.memory.MemoryPool.malloc
  File "cupy/cuda/memory.pyx", line 1635, in cupy.cuda.memory.MemoryPool.malloc
  File "cupy/cuda/memory.pyx", line 1350, in cupy.cuda.memory.SingleDeviceMemoryPool.malloc
  File "cupy/cuda/memory.pyx", line 1376, in cupy.cuda.memory.SingleDeviceMemoryPool._malloc
  File "cupy/cuda/memory.pyx", line 1560, in cupy.cuda.memory.SingleDeviceMemoryPool._try_malloc
cupy.cuda.memory.OutOfMemoryError: Out of memory allocating 134,217,728 bytes (allocated so far: 3,355,443,200 bytes).
    self.run()
  File "/usr/lib/python3.12/threading.py", line 1010, in run
    sr, si, br, bi, s_ar, dm = slabfn(
          self._target(*self._args, **self._kwargs)
         self.run()
  File "/usr/lib/python3.12/threading.py", line 1010, in run
                   self._target(*self._args, **self._kwargs)
  File "/workspace/h1/RH/scripts/rh/day038_h1_3e10_gpu.py", line 569, in _chunk
     ^^^^^^^
  File "/workspace/h1/RH/scripts/rh/day038_h1_3e10_gpu.py", line 444, in slab_budget_gpu
      File "/workspace/h1/RH/scripts/rh/day038_h1_3e10_gpu.py", line 569, in _chunk
    sr, si, br, bi, s_ar, dm = slabfn(
   g2 = cc * cc 
                                 ~ ~    ~^~  ^^sr, si, br, bi, s_ar, dm = slabfn(
^^^^^
~~
  File "cupy/_core/core.pyx", line 1582, in cupy._core.core._ndarray_base.__mul__
  File "/workspace/h1/RH/scripts/rh/day038_h1_3e10_gpu.py", line 443, in slab_budget_gpu
             cc = cp.asarray(c)
          ^^^^    ^^^^  ^^^               ^^
  File "/opt/venvs/cupy/lib/python3.12/site-packages/cupy/_creation/from_data.py", line 94, in asarray
  File "cupy/_core/_kernel.pyx", line 1374, in cupy._core._kernel.ufunc.__call__
^    return _core.array(a, dtype, copy, order, blocking=blocking)
^^    File "cupy/_core/_kernel.pyx", line 657, in cupy._core._kernel._get_out_args_from_optionals
         File "cupy/_core/core.pyx", line 3342, in cupy._core.core._ndarray_init
  ^^^^^^^^^^^
  File "/workspace/h1/RH/scripts/rh/day038_h1_3e10_gpu.py", line 447, in slab_budget_gpu
^^^^^^^^^^^^^^    ^^^re_t = cp.log(abs_g2t2) - cp.log(A) + 0.5 / A
^^^^^^^^^^^^^^^^^  File "cupy/_core/core.pyx", line 300, in cupy._core.core._ndarray_base._init_fast
^^^^^^^^^^^^
  File "cupy/_core/core.pyx", line 2821, in cupy._core.core.array
       File "cupy/cuda/memory.pyx", line 904, in cupy.cuda.memory.alloc
               File "cupy/_core/core.pyx", line 2841, in cupy._core.core.array
         File "cupy/_core/core.pyx", line 3067, in cupy._core.core._array_default
     ^^^^^^^^^  File "cupy/_core/core.pyx", line 176, in cupy._core.core.ndarray.__new__
  File "cupy/_core/core.pyx", line 282, in cupy._core.core._ndarray_base._init
  File "cupy/cuda/memory.pyx", line 904, in cupy.cuda.memory.alloc
  File "cupy/cuda/memory.pyx", line 1614, in cupy.cuda.memory.MemoryPool.malloc
  File "cupy/cuda/memory.pyx", line 1614, in cupy.cuda.memory.MemoryPool.malloc

  File "cupy/_core/_kernel.pyx", line 1374, in cupy._core._kernel.ufunc.__call__
  File "cupy/_core/_kernel.pyx", line 657, in cupy._core._kernel._get_out_args_from_optionals
  File "cupy/_core/core.pyx", line 3342, in cupy._core.core._ndarray_init
  File "cupy/_core/core.pyx", line 300, in cupy._core.core._ndarray_base._init_fast
  File "cupy/cuda/memory.pyx", line 904, in cupy.cuda.memory.alloc
  File "cupy/cuda/memory.pyx", line 1614, in cupy.cuda.memory.MemoryPool.malloc
  File "cupy/cuda/memory.pyx", line 1635, in cupy.cuda.memory.MemoryPool.malloc
  File "cupy/cuda/memory.pyx", line 1350, in cupy.cuda.memory.SingleDeviceMemoryPool.malloc
  File "cupy/cuda/memory.pyx", line 1376, in cupy.cuda.memory.SingleDeviceMemoryPool._malloc
  File "cupy/cuda/memory.pyx", line 1560, in cupy.cuda.memory.SingleDeviceMemoryPool._try_malloc
cupy.cuda.memory.OutOfMemoryError: Out of memory allocating 134,217,728 bytes (allocated so far: 4,026,531,840 bytes).
  File "cupy/cuda/memory.pyx", line 1635, in cupy.cuda.memory.MemoryPool.malloc
  File "cupy/cuda/memory.pyx", line 1350, in cupy.cuda.memory.SingleDeviceMemoryPool.malloc
  File "cupy/cuda/memory.pyx", line 1376, in cupy.cuda.memory.SingleDeviceMemoryPool._malloc
  File "cupy/cuda/memory.pyx", line 1560, in cupy.cuda.memory.SingleDeviceMemoryPool._try_malloc
cupy.cuda.memory.OutOfMemoryError: Out of memory allocating 134,217,728 bytes (allocated so far: 3,758,096,384 bytes).
  File "cupy/cuda/memory.pyx", line 1635, in cupy.cuda.memory.MemoryPool.malloc
  File "cupy/cuda/memory.pyx", line 1350, in cupy.cuda.memory.SingleDeviceMemoryPool.malloc
  File "cupy/cuda/memory.pyx", line 1376, in cupy.cuda.memory.SingleDeviceMemoryPool._malloc
  File "cupy/cuda/memory.pyx", line 1560, in cupy.cuda.memory.SingleDeviceMemoryPool._try_malloc
cupy.cuda.memory.OutOfMemoryError: Out of memory allocating 134,217,728 bytes (allocated so far: 3,221,225,472 bytes).
  ...t=9.494e+09 tail sweep 66% (4000 pieces, 8 threads)
  ...t=9.494e+09 tail sweep 83% (5000 pieces, 8 threads)
  ...t=9.494e+09 tail sweep 41% (2500 pieces, 8 threads)
  ...t=9.494e+09 tail sweep 91% (5500 pieces, 8 threads)
  ...t=9.494e+09 tail sweep 74% (4500 pieces, 8 threads)
  ...t=9.494e+09 tail sweep 8% (500 pieces, 8 threads)
  ...t=9.494e+09 tail sweep 99% (6000 pieces, 8 threads)
  ...t=9.494e+09 tail sweep 50% (3000 pieces, 8 threads)
point  job  (win  0,  k  -7,  x=9493511984)  WORKER  FAILED:  TypeError('cannot unpack non-iterable NoneType object')  --  done  points  are  checkpointed;  supervisor  resumes
Exception in thread Exception in thread Thread-10 (_chunk):
Traceback (most recent call last):
  File "/usr/lib/python3.12/threading.py", line 1073, in _bootstrap_inner
    self.run()
  File "/usr/lib/python3.12/threading.py", line 1010, in run
    self._target(*self._args, **self._kwargs)
  File "/workspace/h1/RH/scripts/rh/day038_h1_3e10_gpu.py", line 569, in _chunk
    sr, si, br, bi, s_ar, dm = slabfn(
                               ^^^^^^^
  File "/workspace/h1/RH/scripts/rh/day038_h1_3e10_gpu.py", line 447, in slab_budget_gpu
    re_t = cp.log(abs_g2t2) - cp.log(A) + 0.5 / A
           ~~~~~~~~~~~~~~~~~^~~~~~~~~~~
  File "cupy/_core/core.pyx", line 1574, in cupy._core.core._ndarray_base.__sub__
  File "cupy/_core/_kernel.pyx", line 1374, in cupy._core._kernel.ufunc.__call__
  File "cupy/_core/_kernel.pyx", line 657, in cupy._core._kernel._get_out_args_from_optionals
  File "cupy/_core/core.pyx", line 3342, in cupy._core.core._ndarray_init
  File "cupy/_core/core.pyx", line 300, in cupy._core.core._ndarray_base._init_fast
  File "cupy/cuda/memory.pyx", line 904, in cupy.cuda.memory.alloc
  File "cupy/cuda/memory.pyx", line 1614, in cupy.cuda.memory.MemoryPool.malloc
  File "cupy/cuda/memory.pyx", line 1635, in cupy.cuda.memory.MemoryPool.malloc
  File "cupy/cuda/memory.pyx", line 1350, in cupy.cuda.memory.SingleDeviceMemoryPool.malloc
  File "cupy/cuda/memory.pyx", line 1376, in cupy.cuda.memory.SingleDeviceMemoryPool._malloc
  File "cupy/cuda/memory.pyx", line 1560, in cupy.cuda.memory.SingleDeviceMemoryPool._try_malloc
cupy.cuda.memory.OutOfMemoryError: Out of memory allocating 134,217,728 bytes (allocated so far: 6,979,321,856 bytes).
Exception in thread Thread-12 (_chunk):
Traceback (most recent call last):
  File "/usr/lib/python3.12/threading.py", line 1073, in _bootstrap_inner
    self.run()
  File "/usr/lib/python3.12/threading.py", line 1010, in run
    self._target(*self._args, **self._kwargs)
  File "/workspace/h1/RH/scripts/rh/day038_h1_3e10_gpu.py", line 569, in _chunk
    sr, si, br, bi, s_ar, dm = slabfn(
                               ^^^^^^^
  File "/workspace/h1/RH/scripts/rh/day038_h1_3e10_gpu.py", line 452, in slab_budget_gpu
    S2 = float(cp.maximum(cp.abs(re_t), 0.5 / A).sum())
                                        ~~~~^~~
  File "cupy/_core/core.pyx", line 1606, in cupy._core.core._ndarray_base.__truediv__
  File "cupy/_core/_kernel.pyx", line 1374, in cupy._core._kernel.ufunc.__call__
  File "cupy/_core/_kernel.pyx", line 657, in cupy._core._kernel._get_out_args_from_optionals
  File "cupy/_core/core.pyx", line 3342, in cupy._core.core._ndarray_init
  File "cupy/_core/core.pyx", line 300, in cupy._core.core._ndarray_base._init_fast
  File "cupy/cuda/memory.pyx", line 904, in cupy.cuda.memory.alloc
  File "cupy/cuda/memory.pyx", line 1614, in cupy.cuda.memory.MemoryPool.malloc
  File "cupy/cuda/memory.pyx", line 1635, in cupy.cuda.memory.MemoryPool.malloc
  File "cupy/cuda/memory.pyx", line 1350, in cupy.cuda.memory.SingleDeviceMemoryPool.malloc
  File "cupy/cuda/memory.pyx", line 1376, in cupy.cuda.memory.SingleDeviceMemoryPool._malloc
  File "cupy/cuda/memory.pyx", line 1560, in cupy.cuda.memory.SingleDeviceMemoryPool._try_malloc
cupy.cuda.memory.OutOfMemoryError: Out of memory allocating 134,217,728 bytes (allocated so far: 6,710,886,400 bytes).
Thread-15 (_chunk):
Traceback (most recent call last):
  File "/usr/lib/python3.12/threading.py", line 1073, in _bootstrap_inner
    self.run()
  File "/usr/lib/python3.12/threading.py", line 1010, in run
    self._target(*self._args, **self._kwargs)
  File "/workspace/h1/RH/scripts/rh/day038_h1_3e10_gpu.py", line 569, in _chunk
    sr, si, br, bi, s_ar, dm = slabfn(
                               ^^^^^^^
  File "/workspace/h1/RH/scripts/rh/day038_h1_3e10_gpu.py", line 444, in slab_budget_gpu
    g2 = cc * cc
         ~~~^~~~
  File "cupy/_core/core.pyx", line 1582, in cupy._core.core._ndarray_base.__mul__
  File "cupy/_core/_kernel.pyx", line 1374, in cupy._core._kernel.ufunc.__call__
  File "cupy/_core/_kernel.pyx", line 657, in cupy._core._kernel._get_out_args_from_optionals
  File "cupy/_core/core.pyx", line 3342, in cupy._core.core._ndarray_init
  File "cupy/_core/core.pyx", line 300, in cupy._core.core._ndarray_base._init_fast
  File "cupy/cuda/memory.pyx", line 904, in cupy.cuda.memory.alloc
  File "cupy/cuda/memory.pyx", line 1614, in cupy.cuda.memory.MemoryPool.malloc
  File "cupy/cuda/memory.pyx", line 1635, in cupy.cuda.memory.MemoryPool.malloc
  File "cupy/cuda/memory.pyx", line 1350, in cupy.cuda.memory.SingleDeviceMemoryPool.malloc
  File "cupy/cuda/memory.pyx", line 1376, in cupy.cuda.memory.SingleDeviceMemoryPool._malloc
  File "cupy/cuda/memory.pyx", line 1560, in cupy.cuda.memory.SingleDeviceMemoryPool._try_malloc
cupy.cuda.memory.OutOfMemoryError: Out of memory allocating 134,217,728 bytes (allocated so far: 6,845,104,128 bytes).
Exception in thread Thread-9 (_chunk):
Traceback (most recent call last):
  File "/usr/lib/python3.12/threading.py", line 1073, in _bootstrap_inner
    self.run()
  File "/usr/lib/python3.12/threading.py", line 1010, in run
    self._target(*self._args, **self._kwargs)
  File "/workspace/h1/RH/scripts/rh/day038_h1_3e10_gpu.py", line 569, in _chunk
    sr, si, br, bi, s_ar, dm = slabfn(
                               ^^^^^^^
  File "/workspace/h1/RH/scripts/rh/day038_h1_3e10_gpu.py", line 457, in slab_budget_gpu
    dimdg = tf * 2.0 * cc / (A * A)                # > 0
            ~~~~~~~~~~~~~~^~~~~~~~~
  File "cupy/_core/core.pyx", line 1606, in cupy._core.core._ndarray_base.__truediv__
  File "cupy/_core/_kernel.pyx", line 1374, in cupy._core._kernel.ufunc.__call__
  File "cupy/_core/_kernel.pyx", line 657, in cupy._core._kernel._get_out_args_from_optionals
  File "cupy/_core/core.pyx", line 3342, in cupy._core.core._ndarray_init
  File "cupy/_core/core.pyx", line 300, in cupy._core.core._ndarray_base._init_fast
  File "cupy/cuda/memory.pyx", line 904, in cupy.cuda.memory.alloc
  File "cupy/cuda/memory.pyx", line 1614, in cupy.cuda.memory.MemoryPool.malloc
  File "cupy/cuda/memory.pyx", line 1635, in cupy.cuda.memory.MemoryPool.malloc
  File "cupy/cuda/memory.pyx", line 1350, in cupy.cuda.memory.SingleDeviceMemoryPool.malloc
  File "cupy/cuda/memory.pyx", line 1376, in cupy.cuda.memory.SingleDeviceMemoryPool._malloc
  File "cupy/cuda/memory.pyx", line 1560, in cupy.cuda.memory.SingleDeviceMemoryPool._try_malloc
cupy.cuda.memory.OutOfMemoryError: Out of memory allocating 134,217,728 bytes (allocated so far: 6,174,015,488 bytes).
  ...t=9.494e+09 tail sweep 83% (5000 pieces, 8 threads)
  ...t=9.494e+09 tail sweep 8% (500 pieces, 8 threads)
  ...t=9.494e+09 tail sweep 91% (5500 pieces, 8 threads)
  ...t=9.494e+09 tail sweep 17% (1000 pieces, 8 threads)
H1_WINDOWS:  running  windows  14-15  (2  of  29)
resume:  window   0  (x=9493511984)  2/24  points  on disk
resume:  window   1  (x=1.025299294e+10)  0/24  points  on disk
memguard:  MemAvailable  740.9  GiB,  reserve  28  GiB,  ~2.5  GiB/thread  x  4  threads  ->  allow  <=  10  contexts  (=  40  slab  threads;  11  GPU  clients  incl.  Xorg  vs  budget  11)
day038  gpu  H1-3e10:  FULL,  46  point  jobs  remaining (2  windows,  4  contexts  x  4  threads)
pids: parent=4224 workers=4 written to ckpt_h1_3e10/run.pids
overlap: 152/12626784 zeros differ by <=1.00 ulp (last byte,  rounding-level) --  those indices certified with dg x3
stitch: B from element 12626784 (first zero 1006346000.166784); overlap cross-check 12626632/12626784 byte-equal
tail3e10: L 52290633 + A 2792198664 + B' 3053546936 + C 3142622346 + D 92577877714 = 101618536293 zeros (812.9 GB); G_LAST = 30001045999.981976
overlap: 152/12626784 zeros differ by <=1.00 ulp (last byte,  rounding-level) --  those indices certified with dg x3
stitch: B from element 12626784 (first zero 1006346000.166784); overlap cross-check 12626632/12626784 byte-equal
tail3e10: L 52290633 + A 2792198664 + B' 3053546936 + C 3142622346 + D 92577877714 = 101618536293 zeros (812.9 GB); G_LAST = 30001045999.981976
overlap: 152/12626784 zeros differ by <=1.00 ulp (last byte,  rounding-level) --  those indices certified with dg x3
stitch: B from element 12626784 (first zero 1006346000.166784); overlap cross-check 12626632/12626784 byte-equal
tail3e10: L 52290633 + A 2792198664 + B' 3053546936 + C 3142622346 + D 92577877714 = 101618536293 zeros (812.9 GB); G_LAST = 30001045999.981976
overlap: 152/12626784 zeros differ by <=1.00 ulp (last byte,  rounding-level) --  those indices certified with dg x3
stitch: B from element 12626784 (first zero 1006346000.166784); overlap cross-check 12626632/12626784 byte-equal
tail3e10: L 52290633 + A 2792198664 + B' 3053546936 + C 3142622346 + D 92577877714 = 101618536293 zeros (812.9 GB); G_LAST = 30001045999.981976
  ...t=9.494e+09 tail sweep 8% (500 pieces, 4 threads)
  ...t=9.494e+09 tail sweep 8% (500 pieces, 4 threads)
  ...t=9.494e+09 tail sweep 8% (500 pieces, 4 threads)
  ...t=9.494e+09 tail sweep 8% (500 pieces, 4 threads)
  ...t=9.494e+09 tail sweep 17% (1000 pieces, 4 threads)
  ...t=9.494e+09 tail sweep 17% (1000 pieces, 4 threads)
  ...t=9.494e+09 tail sweep 17% (1000 pieces, 4 threads)
  ...t=9.494e+09 tail sweep 17% (1000 pieces, 4 threads)
  ...t=9.494e+09 tail sweep 25% (1500 pieces, 4 threads)
  ...t=9.494e+09 tail sweep 25% (1500 pieces, 4 threads)
  ...t=9.494e+09 tail sweep 25% (1500 pieces, 4 threads)
  ...t=9.494e+09 tail sweep 25% (1500 pieces, 4 threads)
  ...t=9.494e+09 tail sweep 33% (2000 pieces, 4 threads)
  ...t=9.494e+09 tail sweep 33% (2000 pieces, 4 threads)
  ...t=9.494e+09 tail sweep 41% (2500 pieces, 4 threads)
  ...t=9.494e+09 tail sweep 41% (2500 pieces, 4 threads)
  ...t=9.494e+09 tail sweep 33% (2000 pieces, 4 threads)
  ...t=9.494e+09 tail sweep 33% (2000 pieces, 4 threads)
  ...t=9.494e+09 tail sweep 50% (3000 pieces, 4 threads)
  ...t=9.494e+09 tail sweep 50% (3000 pieces, 4 threads)
  ...t=9.494e+09 tail sweep 41% (2500 pieces, 4 threads)
  ...t=9.494e+09 tail sweep 41% (2500 pieces, 4 threads)
  ...t=9.494e+09 tail sweep 58% (3500 pieces, 4 threads)
  ...t=9.494e+09 tail sweep 58% (3500 pieces, 4 threads)
  ...t=9.494e+09 tail sweep 50% (3000 pieces, 4 threads)
  ...t=9.494e+09 tail sweep 50% (3000 pieces, 4 threads)
  ...t=9.494e+09 tail sweep 66% (4000 pieces, 4 threads)
  ...t=9.494e+09 tail sweep 66% (4000 pieces, 4 threads)
  ...t=9.494e+09 tail sweep 74% (4500 pieces, 4 threads)
  ...t=9.494e+09 tail sweep 74% (4500 pieces, 4 threads)
  ...t=9.494e+09 tail sweep 58% (3500 pieces, 4 threads)
  ...t=9.494e+09 tail sweep 58% (3500 pieces, 4 threads)
  ...t=9.494e+09 tail sweep 83% (5000 pieces, 4 threads)
  ...t=9.494e+09 tail sweep 83% (5000 pieces, 4 threads)
  ...t=9.494e+09 tail sweep 66% (4000 pieces, 4 threads)
  ...t=9.494e+09 tail sweep 66% (4000 pieces, 4 threads)
  ...t=9.494e+09 tail sweep 91% (5500 pieces, 4 threads)
  ...t=9.494e+09 tail sweep 91% (5500 pieces, 4 threads)
  ...t=9.494e+09 tail sweep 74% (4500 pieces, 4 threads)
  ...t=9.494e+09 tail sweep 74% (4500 pieces, 4 threads)
  ...t=9.494e+09 tail sweep 99% (6000 pieces, 4 threads)
  ...t=9.494e+09 tail sweep 99% (6000 pieces, 4 threads)
  ...t=9.494e+09 tail sweep 83% (5000 pieces, 4 threads)
  ...t=9.494e+09 tail sweep 83% (5000 pieces, 4 threads)
  pt win=0 k=-8 x=9.494e+09 t=9493511979.76648 mnew=1.0000 mcert=1.0000 bexp=1.03e-03
  ...t=9.494e+09 tail sweep 91% (5500 pieces, 4 threads)
  pt win=0 k=-7 x=9.494e+09 t=9493511980.26648 mnew=1.0000 mcert=1.0000 bexp=1.04e-03
  ...t=9.494e+09 tail sweep 91% (5500 pieces, 4 threads)
  ...t=9.494e+09 tail sweep 99% (6000 pieces, 4 threads)
  ...t=9.494e+09 tail sweep 8% (500 pieces, 4 threads)
  ...t=9.494e+09 tail sweep 8% (500 pieces, 4 threads)
  ...t=9.494e+09 tail sweep 17% (1000 pieces, 4 threads)
  ...t=9.494e+09 tail sweep 99% (6000 pieces, 4 threads)
  ...t=9.494e+09 tail sweep 17% (1000 pieces, 4 threads)
  ...t=9.494e+09 tail sweep 25% (1500 pieces, 4 threads)
  pt win=0 k=-11 x=9.494e+09 t=9493511978.26648 mnew=1.0000 mcert=1.0000 bexp=1.02e-03
  pt win=0 k=-12 x=9.494e+09 t=9493511977.76648 mnew=1.0000 mcert=1.0000 bexp=1.04e-03
  ...t=9.494e+09 tail sweep 25% (1500 pieces, 4 threads)
  ...t=9.494e+09 tail sweep 33% (2000 pieces, 4 threads)
  ...t=9.494e+09 tail sweep 8% (500 pieces, 4 threads)
  ...t=9.494e+09 tail sweep 8% (500 pieces, 4 threads)
  ...t=9.494e+09 tail sweep 33% (2000 pieces, 4 threads)
  ...t=9.494e+09 tail sweep 41% (2500 pieces, 4 threads)
  ...t=9.494e+09 tail sweep 17% (1000 pieces, 4 threads)
  ...t=9.494e+09 tail sweep 17% (1000 pieces, 4 threads)
  ...t=9.494e+09 tail sweep 41% (2500 pieces, 4 threads)
  ...t=9.494e+09 tail sweep 50% (3000 pieces, 4 threads)
  ...t=9.494e+09 tail sweep 25% (1500 pieces, 4 threads)
  ...t=9.494e+09 tail sweep 25% (1500 pieces, 4 threads)
  ...t=9.494e+09 tail sweep 50% (3000 pieces, 4 threads)
  ...t=9.494e+09 tail sweep 58% (3500 pieces, 4 threads)
  ...t=9.494e+09 tail sweep 33% (2000 pieces, 4 threads)
  ...t=9.494e+09 tail sweep 33% (2000 pieces, 4 threads)
  ...t=9.494e+09 tail sweep 58% (3500 pieces, 4 threads)
  ...t=9.494e+09 tail sweep 66% (4000 pieces, 4 threads)
  ...t=9.494e+09 tail sweep 41% (2500 pieces, 4 threads)
  ...t=9.494e+09 tail sweep 41% (2500 pieces, 4 threads)
  ...t=9.494e+09 tail sweep 66% (4000 pieces, 4 threads)
  ...t=9.494e+09 tail sweep 74% (4500 pieces, 4 threads)
  ...t=9.494e+09 tail sweep 50% (3000 pieces, 4 threads)
  ...t=9.494e+09 tail sweep 50% (3000 pieces, 4 threads)
  ...t=9.494e+09 tail sweep 83% (5000 pieces, 4 threads)
  ...t=9.494e+09 tail sweep 74% (4500 pieces, 4 threads)
  ...t=9.494e+09 tail sweep 58% (3500 pieces, 4 threads)
  ...t=9.494e+09 tail sweep 58% (3500 pieces, 4 threads)
  ...t=9.494e+09 tail sweep 91% (5500 pieces, 4 threads)
  ...t=9.494e+09 tail sweep 83% (5000 pieces, 4 threads)
  ...t=9.494e+09 tail sweep 66% (4000 pieces, 4 threads)
  ...t=9.494e+09 tail sweep 66% (4000 pieces, 4 threads)
  ...t=9.494e+09 tail sweep 99% (6000 pieces, 4 threads)
  ...t=9.494e+09 tail sweep 74% (4500 pieces, 4 threads)
  ...t=9.494e+09 tail sweep 91% (5500 pieces, 4 threads)
  ...t=9.494e+09 tail sweep 74% (4500 pieces, 4 threads)
  ...t=9.494e+09 tail sweep 83% (5000 pieces, 4 threads)
  pt win=0 k=-5 x=9.494e+09 t=9493511981.26648 mnew=1.0000 mcert=1.0000 bexp=1.03e-03
  ...t=9.494e+09 tail sweep 99% (6000 pieces, 4 threads)
  ...t=9.494e+09 tail sweep 91% (5500 pieces, 4 threads)
  ...t=9.494e+09 tail sweep 83% (5000 pieces, 4 threads)
  ...t=9.494e+09 tail sweep 8% (500 pieces, 4 threads)
  pt win=0 k=-6 x=9.494e+09 t=9493511980.76648 mnew=1.0000 mcert=1.0000 bexp=1.01e-03
  ...t=9.494e+09 tail sweep 17% (1000 pieces, 4 threads)
  ...t=9.494e+09 tail sweep 91% (5500 pieces, 4 threads)
  ...t=9.494e+09 tail sweep 99% (6000 pieces, 4 threads)
  ...t=9.494e+09 tail sweep 8% (500 pieces, 4 threads)
  ...t=9.494e+09 tail sweep 25% (1500 pieces, 4 threads)
  ...t=9.494e+09 tail sweep 17% (1000 pieces, 4 threads)
  pt win=0 k=-3 x=9.494e+09 t=9493511982.26648 mnew=1.0000 mcert=1.0000 bexp=1.02e-03
  ...t=9.494e+09 tail sweep 99% (6000 pieces, 4 threads)
  ...t=9.494e+09 tail sweep 33% (2000 pieces, 4 threads)
  ...t=9.494e+09 tail sweep 25% (1500 pieces, 4 threads)
  ...t=9.494e+09 tail sweep 8% (500 pieces, 4 threads)
  ...t=9.494e+09 tail sweep 41% (2500 pieces, 4 threads)
  ...t=9.494e+09 tail sweep 17% (1000 pieces, 4 threads)
  pt win=0 k=-4 x=9.494e+09 t=9493511981.76648 mnew=1.0000 mcert=1.0000 bexp=1.01e-03
  ...t=9.494e+09 tail sweep 33% (2000 pieces, 4 threads)
  ...t=9.494e+09 tail sweep 50% (3000 pieces, 4 threads)
  ...t=9.494e+09 tail sweep 25% (1500 pieces, 4 threads)
  ...t=9.494e+09 tail sweep 8% (500 pieces, 4 threads)
  ...t=9.494e+09 tail sweep 41% (2500 pieces, 4 threads)
  ...t=9.494e+09 tail sweep 58% (3500 pieces, 4 threads)
  ...t=9.494e+09 tail sweep 33% (2000 pieces, 4 threads)
  ...t=9.494e+09 tail sweep 17% (1000 pieces, 4 threads)
  ...t=9.494e+09 tail sweep 50% (3000 pieces, 4 threads)
  ...t=9.494e+09 tail sweep 66% (4000 pieces, 4 threads)
  ...t=9.494e+09 tail sweep 41% (2500 pieces, 4 threads)
  ...t=9.494e+09 tail sweep 25% (1500 pieces, 4 threads)
  ...t=9.494e+09 tail sweep 58% (3500 pieces, 4 threads)
  ...t=9.494e+09 tail sweep 74% (4500 pieces, 4 threads)
  ...t=9.494e+09 tail sweep 50% (3000 pieces, 4 threads)
  ...t=9.494e+09 tail sweep 33% (2000 pieces, 4 threads)
  ...t=9.494e+09 tail sweep 66% (4000 pieces, 4 threads)
  ...t=9.494e+09 tail sweep 83% (5000 pieces, 4 threads)
  ...t=9.494e+09 tail sweep 58% (3500 pieces, 4 threads)
  ...t=9.494e+09 tail sweep 91% (5500 pieces, 4 threads)
  ...t=9.494e+09 tail sweep 74% (4500 pieces, 4 threads)
  ...t=9.494e+09 tail sweep 41% (2500 pieces, 4 threads)
  ...t=9.494e+09 tail sweep 66% (4000 pieces, 4 threads)
  ...t=9.494e+09 tail sweep 99% (6000 pieces, 4 threads)
  ...t=9.494e+09 tail sweep 74% (4500 pieces, 4 threads)
  ...t=9.494e+09 tail sweep 50% (3000 pieces, 4 threads)
  ...t=9.494e+09 tail sweep 83% (5000 pieces, 4 threads)
  pt win=0 k=-2 x=9.494e+09 t=9493511982.76648 mnew=1.0000 mcert=1.0000 bexp=1.03e-03
  ...t=9.494e+09 tail sweep 83% (5000 pieces, 4 threads)
  ...t=9.494e+09 tail sweep 58% (3500 pieces, 4 threads)
  ...t=9.494e+09 tail sweep 8% (500 pieces, 4 threads)
  ...t=9.494e+09 tail sweep 91% (5500 pieces, 4 threads)
  ...t=9.494e+09 tail sweep 91% (5500 pieces, 4 threads)
  ...t=9.494e+09 tail sweep 17% (1000 pieces, 4 threads)
  ...t=9.494e+09 tail sweep 66% (4000 pieces, 4 threads)
  ...t=9.494e+09 tail sweep 99% (6000 pieces, 4 threads)
  ...t=9.494e+09 tail sweep 99% (6000 pieces, 4 threads)
  ...t=9.494e+09 tail sweep 25% (1500 pieces, 4 threads)
  ...t=9.494e+09 tail sweep 74% (4500 pieces, 4 threads)
  pt win=0 k=+1 x=9.494e+09 t=9493511984.26648 mnew=1.0000 mcert=1.0000 bexp=1.07e-03
  pt win=0 k=-1 x=9.494e+09 t=9493511983.26648 mnew=1.0000 mcert=1.0000 bexp=1.07e-03
  ...t=9.494e+09 tail sweep 33% (2000 pieces, 4 threads)
  ...t=9.494e+09 tail sweep 83% (5000 pieces, 4 threads)
  ...t=9.494e+09 tail sweep 8% (500 pieces, 4 threads)
  ...t=9.494e+09 tail sweep 8% (500 pieces, 4 threads)
  ...t=9.494e+09 tail sweep 41% (2500 pieces, 4 threads)
  ...t=9.494e+09 tail sweep 17% (1000 pieces, 4 threads)
  ...t=9.494e+09 tail sweep 91% (5500 pieces, 4 threads)
  ...t=9.494e+09 tail sweep 50% (3000 pieces, 4 threads)
  ...t=9.494e+09 tail sweep 17% (1000 pieces, 4 threads)
  ...t=9.494e+09 tail sweep 25% (1500 pieces, 4 threads)
  ...t=9.494e+09 tail sweep 58% (3500 pieces, 4 threads)
  ...t=9.494e+09 tail sweep 99% (6000 pieces, 4 threads)
  ...t=9.494e+09 tail sweep 25% (1500 pieces, 4 threads)
  ...t=9.494e+09 tail sweep 66% (4000 pieces, 4 threads)
  ...t=9.494e+09 tail sweep 33% (2000 pieces, 4 threads)
  ...t=9.494e+09 tail sweep 33% (2000 pieces, 4 threads)
  ...t=9.494e+09 tail sweep 41% (2500 pieces, 4 threads)
  pt win=0 k=+2 x=9.494e+09 t=9493511984.76648 mnew=1.0000 mcert=1.0000 bexp=1.03e-03
  ...t=9.494e+09 tail sweep 74% (4500 pieces, 4 threads)
  ...t=9.494e+09 tail sweep 41% (2500 pieces, 4 threads)
  ...t=9.494e+09 tail sweep 8% (500 pieces, 4 threads)
  ...t=9.494e+09 tail sweep 83% (5000 pieces, 4 threads)
  ...t=9.494e+09 tail sweep 50% (3000 pieces, 4 threads)
  ...t=9.494e+09 tail sweep 17% (1000 pieces, 4 threads)
  ...t=9.494e+09 tail sweep 91% (5500 pieces, 4 threads)
  ...t=9.494e+09 tail sweep 50% (3000 pieces, 4 threads)
  ...t=9.494e+09 tail sweep 58% (3500 pieces, 4 threads)
  ...t=9.494e+09 tail sweep 25% (1500 pieces, 4 threads)
  ...t=9.494e+09 tail sweep 99% (6000 pieces, 4 threads)
  ...t=9.494e+09 tail sweep 58% (3500 pieces, 4 threads)
  ...t=9.494e+09 tail sweep 66% (4000 pieces, 4 threads)
  ...t=9.494e+09 tail sweep 33% (2000 pieces, 4 threads)
  ...t=9.494e+09 tail sweep 66% (4000 pieces, 4 threads)
  pt win=0 k=+3 x=9.494e+09 t=9493511985.26648 mnew=1.0000 mcert=1.0000 bexp=1.01e-03
  ...t=9.494e+09 tail sweep 74% (4500 pieces, 4 threads)
  ...t=9.494e+09 tail sweep 41% (2500 pieces, 4 threads)
  ...t=9.494e+09 tail sweep 8% (500 pieces, 4 threads)
  ...t=9.494e+09 tail sweep 74% (4500 pieces, 4 threads)
  ...t=9.494e+09 tail sweep 50% (3000 pieces, 4 threads)
  ...t=9.494e+09 tail sweep 83% (5000 pieces, 4 threads)
  ...t=9.494e+09 tail sweep 17% (1000 pieces, 4 threads)
  ...t=9.494e+09 tail sweep 58% (3500 pieces, 4 threads)
  ...t=9.494e+09 tail sweep 83% (5000 pieces, 4 threads)
  ...t=9.494e+09 tail sweep 25% (1500 pieces, 4 threads)
  ...t=9.494e+09 tail sweep 91% (5500 pieces, 4 threads)
  ...t=9.494e+09 tail sweep 66% (4000 pieces, 4 threads)
  ...t=9.494e+09 tail sweep 91% (5500 pieces, 4 threads)
  ...t=9.494e+09 tail sweep 33% (2000 pieces, 4 threads)
  ...t=9.494e+09 tail sweep 74% (4500 pieces, 4 threads)
  ...t=9.494e+09 tail sweep 99% (6000 pieces, 4 threads)
  ...t=9.494e+09 tail sweep 41% (2500 pieces, 4 threads)
  ...t=9.494e+09 tail sweep 99% (6000 pieces, 4 threads)
  ...t=9.494e+09 tail sweep 83% (5000 pieces, 4 threads)
  ...t=9.494e+09 tail sweep 91% (5500 pieces, 4 threads)
  pt win=0 k=+4 x=9.494e+09 t=9493511985.76648 mnew=1.0000 mcert=1.0000 bexp=1.03e-03
  ...t=9.494e+09 tail sweep 50% (3000 pieces, 4 threads)
  pt win=0 k=+5 x=9.494e+09 t=9493511986.26648 mnew=1.0000 mcert=1.0000 bexp=1.01e-03
  ...t=9.494e+09 tail sweep 99% (6000 pieces, 4 threads)
  ...t=9.494e+09 tail sweep 8% (500 pieces, 4 threads)
  ...t=9.494e+09 tail sweep 58% (3500 pieces, 4 threads)
  ...t=9.494e+09 tail sweep 8% (500 pieces, 4 threads)
  ...t=9.494e+09 tail sweep 17% (1000 pieces, 4 threads)
  ...t=9.494e+09 tail sweep 66% (4000 pieces, 4 threads)
  ...t=9.494e+09 tail sweep 17% (1000 pieces, 4 threads)
  pt win=0 k=+6 x=9.494e+09 t=9493511986.76648 mnew=1.0000 mcert=1.0000 bexp=1.03e-03
  ...t=9.494e+09 tail sweep 25% (1500 pieces, 4 threads)
  ...t=9.494e+09 tail sweep 74% (4500 pieces, 4 threads)
  ...t=9.494e+09 tail sweep 25% (1500 pieces, 4 threads)
  ...t=9.494e+09 tail sweep 8% (500 pieces, 4 threads)
  ...t=9.494e+09 tail sweep 33% (2000 pieces, 4 threads)
  ...t=9.494e+09 tail sweep 33% (2000 pieces, 4 threads)
  ...t=9.494e+09 tail sweep 83% (5000 pieces, 4 threads)
  ...t=9.494e+09 tail sweep 17% (1000 pieces, 4 threads)
  ...t=9.494e+09 tail sweep 41% (2500 pieces, 4 threads)
  ...t=9.494e+09 tail sweep 41% (2500 pieces, 4 threads)
  ...t=9.494e+09 tail sweep 91% (5500 pieces, 4 threads)
  ...t=9.494e+09 tail sweep 25% (1500 pieces, 4 threads)
  ...t=9.494e+09 tail sweep 50% (3000 pieces, 4 threads)
  ...t=9.494e+09 tail sweep 50% (3000 pieces, 4 threads)
  ...t=9.494e+09 tail sweep 99% (6000 pieces, 4 threads)
  ...t=9.494e+09 tail sweep 33% (2000 pieces, 4 threads)
  ...t=9.494e+09 tail sweep 58% (3500 pieces, 4 threads)
  ...t=9.494e+09 tail sweep 58% (3500 pieces, 4 threads)
  ...t=9.494e+09 tail sweep 41% (2500 pieces, 4 threads)
  ...t=9.494e+09 tail sweep 66% (4000 pieces, 4 threads)
  pt win=0 k=+7 x=9.494e+09 t=9493511987.26648 mnew=1.0000 mcert=1.0000 bexp=1.04e-03
  ...t=9.494e+09 tail sweep 66% (4000 pieces, 4 threads)
  ...t=9.494e+09 tail sweep 50% (3000 pieces, 4 threads)
  ...t=9.494e+09 tail sweep 74% (4500 pieces, 4 threads)
  ...t=9.494e+09 tail sweep 8% (500 pieces, 4 threads)
  ...t=9.494e+09 tail sweep 74% (4500 pieces, 4 threads)
  ...t=9.494e+09 tail sweep 58% (3500 pieces, 4 threads)
  ...t=9.494e+09 tail sweep 83% (5000 pieces, 4 threads)
  ...t=9.494e+09 tail sweep 83% (5000 pieces, 4 threads)
  ...t=9.494e+09 tail sweep 17% (1000 pieces, 4 threads)
  ...t=9.494e+09 tail sweep 66% (4000 pieces, 4 threads)
  ...t=9.494e+09 tail sweep 91% (5500 pieces, 4 threads)
  ...t=9.494e+09 tail sweep 91% (5500 pieces, 4 threads)
  ...t=9.494e+09 tail sweep 25% (1500 pieces, 4 threads)
  ...t=9.494e+09 tail sweep 74% (4500 pieces, 4 threads)
  ...t=9.494e+09 tail sweep 99% (6000 pieces, 4 threads)
  ...t=9.494e+09 tail sweep 99% (6000 pieces, 4 threads)
  ...t=9.494e+09 tail sweep 33% (2000 pieces, 4 threads)
  ...t=9.494e+09 tail sweep 83% (5000 pieces, 4 threads)
  ...t=9.494e+09 tail sweep 41% (2500 pieces, 4 threads)
  pt win=0 k=+8 x=9.494e+09 t=9493511987.76648 mnew=1.0000 mcert=1.0000 bexp=1.04e-03
  pt win=0 k=+9 x=9.494e+09 t=9493511988.26648 mnew=1.0000 mcert=1.0000 bexp=1.02e-03
  ...t=9.494e+09 tail sweep 50% (3000 pieces, 4 threads)
  ...t=9.494e+09 tail sweep 91% (5500 pieces, 4 threads)
  ...t=9.494e+09 tail sweep 8% (500 pieces, 4 threads)
  ...t=1.025e+10 tail sweep 8% (500 pieces, 4 threads)
  ...t=9.494e+09 tail sweep 58% (3500 pieces, 4 threads)
  ...t=9.494e+09 tail sweep 17% (1000 pieces, 4 threads)
  ...t=9.494e+09 tail sweep 99% (6000 pieces, 4 threads)
  ...t=1.025e+10 tail sweep 17% (1000 pieces, 4 threads)
  ...t=9.494e+09 tail sweep 66% (4000 pieces, 4 threads)
  ...t=9.494e+09 tail sweep 25% (1500 pieces, 4 threads)
  ...t=9.494e+09 tail sweep 74% (4500 pieces, 4 threads)
  ...t=1.025e+10 tail sweep 25% (1500 pieces, 4 threads)
  ...t=9.494e+09 tail sweep 33% (2000 pieces, 4 threads)
  pt win=0 k=+10 x=9.494e+09 t=9493511988.76648 mnew=1.0000 mcert=1.0000 bexp=1.01e-03
  ...t=9.494e+09 tail sweep 83% (5000 pieces, 4 threads)
  ...t=9.494e+09 tail sweep 41% (2500 pieces, 4 threads)
  ...t=1.025e+10 tail sweep 33% (2000 pieces, 4 threads)
  ...t=9.494e+09 tail sweep 91% (5500 pieces, 4 threads)
  ...t=9.494e+09 tail sweep 50% (3000 pieces, 4 threads)
  ...t=1.025e+10 tail sweep 8% (500 pieces, 4 threads)
  ...t=1.025e+10 tail sweep 41% (2500 pieces, 4 threads)
  ...t=9.494e+09 tail sweep 99% (6000 pieces, 4 threads)
  ...t=9.494e+09 tail sweep 58% (3500 pieces, 4 threads)
  ...t=1.025e+10 tail sweep 17% (1000 pieces, 4 threads)
  ...t=1.025e+10 tail sweep 50% (3000 pieces, 4 threads)
  ...t=9.494e+09 tail sweep 66% (4000 pieces, 4 threads)
  ...t=1.025e+10 tail sweep 25% (1500 pieces, 4 threads)
  pt win=0 k=+11 x=9.494e+09 t=9493511989.26648 mnew=1.0000 mcert=1.0000 bexp=1.01e-03
  ...t=1.025e+10 tail sweep 58% (3500 pieces, 4 threads)
  ...t=9.494e+09 tail sweep 74% (4500 pieces, 4 threads)
  ...t=1.025e+10 tail sweep 33% (2000 pieces, 4 threads)
  ...t=1.025e+10 tail sweep 8% (500 pieces, 4 threads)
  ...t=1.025e+10 tail sweep 66% (4000 pieces, 4 threads)
  ...t=9.494e+09 tail sweep 83% (5000 pieces, 4 threads)
  ...t=1.025e+10 tail sweep 41% (2500 pieces, 4 threads)
  ...t=1.025e+10 tail sweep 17% (1000 pieces, 4 threads)
  ...t=1.025e+10 tail sweep 74% (4500 pieces, 4 threads)
  ...t=9.494e+09 tail sweep 91% (5500 pieces, 4 threads)
  ...t=1.025e+10 tail sweep 50% (3000 pieces, 4 threads)
  ...t=1.025e+10 tail sweep 83% (5000 pieces, 4 threads)
  ...t=1.025e+10 tail sweep 25% (1500 pieces, 4 threads)
  ...t=9.494e+09 tail sweep 99% (6000 pieces, 4 threads)
  ...t=1.025e+10 tail sweep 91% (5500 pieces, 4 threads)
  ...t=1.025e+10 tail sweep 58% (3500 pieces, 4 threads)
  ...t=1.025e+10 tail sweep 33% (2000 pieces, 4 threads)
  pt win=0 k=+12 x=9.494e+09 t=9493511989.76648 mnew=1.0000 mcert=1.0000 bexp=1.01e-03
  ...t=1.025e+10 tail sweep 99% (6000 pieces, 4 threads)
  ...t=1.025e+10 tail sweep 41% (2500 pieces, 4 threads)
  ...t=1.025e+10 tail sweep 8% (500 pieces, 4 threads)
  ...t=1.025e+10 tail sweep 66% (4000 pieces, 4 threads)
  ...t=1.025e+10 tail sweep 50% (3000 pieces, 4 threads)
  ...t=1.025e+10 tail sweep 17% (1000 pieces, 4 threads)
  ...t=1.025e+10 tail sweep 74% (4500 pieces, 4 threads)
  ...t=1.025e+10 tail sweep 58% (3500 pieces, 4 threads)
  ...t=1.025e+10 tail sweep 25% (1500 pieces, 4 threads)
  ...t=1.025e+10 tail sweep 83% (5000 pieces, 4 threads)
  pt win=1 k=-12 x=1.025e+10 t=10252992936.66001 mnew=1.0000 mcert=1.0000 bexp=1.10e-03
  ...t=1.025e+10 tail sweep 66% (4000 pieces, 4 threads)
  ...t=1.025e+10 tail sweep 91% (5500 pieces, 4 threads)
  ...t=1.025e+10 tail sweep 33% (2000 pieces, 4 threads)
  ...t=1.025e+10 tail sweep 8% (500 pieces, 4 threads)
  ...t=1.025e+10 tail sweep 99% (6000 pieces, 4 threads)
  ...t=1.025e+10 tail sweep 74% (4500 pieces, 4 threads)
  ...t=1.025e+10 tail sweep 41% (2500 pieces, 4 threads)
  ...t=1.025e+10 tail sweep 17% (1000 pieces, 4 threads)
  ...t=1.025e+10 tail sweep 83% (5000 pieces, 4 threads)
  ...t=1.025e+10 tail sweep 50% (3000 pieces, 4 threads)
  pt win=1 k=-11 x=1.025e+10 t=10252992937.16001 mnew=1.0000 mcert=1.0000 bexp=1.09e-03
  ...t=1.025e+10 tail sweep 25% (1500 pieces, 4 threads)
  ...t=1.025e+10 tail sweep 91% (5500 pieces, 4 threads)
  ...t=1.025e+10 tail sweep 58% (3500 pieces, 4 threads)
  ...t=1.025e+10 tail sweep 8% (500 pieces, 4 threads)
  ...t=1.025e+10 tail sweep 33% (2000 pieces, 4 threads)
  ...t=1.025e+10 tail sweep 99% (6000 pieces, 4 threads)
  ...t=1.025e+10 tail sweep 66% (4000 pieces, 4 threads)
  ...t=1.025e+10 tail sweep 17% (1000 pieces, 4 threads)
  ...t=1.025e+10 tail sweep 41% (2500 pieces, 4 threads)
  ...t=1.025e+10 tail sweep 74% (4500 pieces, 4 threads)
  ...t=1.025e+10 tail sweep 25% (1500 pieces, 4 threads)
  pt win=1 k=-10 x=1.025e+10 t=10252992937.66001 mnew=1.0000 mcert=1.0000 bexp=1.09e-03
  ...t=1.025e+10 tail sweep 50% (3000 pieces, 4 threads)
  ...t=1.025e+10 tail sweep 83% (5000 pieces, 4 threads)
  ...t=1.025e+10 tail sweep 33% (2000 pieces, 4 threads)
  ...t=1.025e+10 tail sweep 8% (500 pieces, 4 threads)
  ...t=1.025e+10 tail sweep 58% (3500 pieces, 4 threads)
  ...t=1.025e+10 tail sweep 91% (5500 pieces, 4 threads)
  ...t=1.025e+10 tail sweep 17% (1000 pieces, 4 threads)
  ...t=1.025e+10 tail sweep 41% (2500 pieces, 4 threads)
  ...t=1.025e+10 tail sweep 66% (4000 pieces, 4 threads)
  ...t=1.025e+10 tail sweep 99% (6000 pieces, 4 threads)
  ...t=1.025e+10 tail sweep 25% (1500 pieces, 4 threads)
  ...t=1.025e+10 tail sweep 74% (4500 pieces, 4 threads)
  ...t=1.025e+10 tail sweep 50% (3000 pieces, 4 threads)
  ...t=1.025e+10 tail sweep 33% (2000 pieces, 4 threads)
  pt win=1 k=-9 x=1.025e+10 t=10252992938.16001 mnew=1.0000 mcert=1.0000 bexp=1.10e-03
  ...t=1.025e+10 tail sweep 83% (5000 pieces, 4 threads)
  ...t=1.025e+10 tail sweep 58% (3500 pieces, 4 threads)
  ...t=1.025e+10 tail sweep 8% (500 pieces, 4 threads)
  ...t=1.025e+10 tail sweep 41% (2500 pieces, 4 threads)
  ...t=1.025e+10 tail sweep 91% (5500 pieces, 4 threads)
  ...t=1.025e+10 tail sweep 17% (1000 pieces, 4 threads)
  ...t=1.025e+10 tail sweep 50% (3000 pieces, 4 threads)
  ...t=1.025e+10 tail sweep 66% (4000 pieces, 4 threads)
  ...t=1.025e+10 tail sweep 99% (6000 pieces, 4 threads)
  ...t=1.025e+10 tail sweep 25% (1500 pieces, 4 threads)
  ...t=1.025e+10 tail sweep 58% (3500 pieces, 4 threads)
  ...t=1.025e+10 tail sweep 74% (4500 pieces, 4 threads)
  pt win=1 k=-8 x=1.025e+10 t=10252992938.66001 mnew=1.0000 mcert=1.0000 bexp=1.08e-03
  ...t=1.025e+10 tail sweep 33% (2000 pieces, 4 threads)
  ...t=1.025e+10 tail sweep 66% (4000 pieces, 4 threads)
  ...t=1.025e+10 tail sweep 83% (5000 pieces, 4 threads)
  ...t=1.025e+10 tail sweep 8% (500 pieces, 4 threads)
  ...t=1.025e+10 tail sweep 41% (2500 pieces, 4 threads)
  ...t=1.025e+10 tail sweep 74% (4500 pieces, 4 threads)
  ...t=1.025e+10 tail sweep 91% (5500 pieces, 4 threads)
  ...t=1.025e+10 tail sweep 17% (1000 pieces, 4 threads)
  ...t=1.025e+10 tail sweep 50% (3000 pieces, 4 threads)
  ...t=1.025e+10 tail sweep 83% (5000 pieces, 4 threads)
  ...t=1.025e+10 tail sweep 25% (1500 pieces, 4 threads)
  ...t=1.025e+10 tail sweep 99% (6000 pieces, 4 threads)
  ...t=1.025e+10 tail sweep 58% (3500 pieces, 4 threads)
  ...t=1.025e+10 tail sweep 91% (5500 pieces, 4 threads)
  ...t=1.025e+10 tail sweep 33% (2000 pieces, 4 threads)
  pt win=1 k=-7 x=1.025e+10 t=10252992939.16001 mnew=1.0000 mcert=1.0000 bexp=1.08e-03
  ...t=1.025e+10 tail sweep 66% (4000 pieces, 4 threads)
  ...t=1.025e+10 tail sweep 99% (6000 pieces, 4 threads)
  ...t=1.025e+10 tail sweep 41% (2500 pieces, 4 threads)
H1_WINDOWS:  running  windows  14-15  (2  of  29)
resume:  window   0  (x=9493511984)  24/24  points  on disk
resume:  window   1  (x=1.025299294e+10)  6/24  points  on disk
memguard:  MemAvailable  740.8  GiB,  reserve  28  GiB,  ~2.5  GiB/thread  x  4  threads  ->  allow  <=  10  contexts  (=  40  slab  threads;  11  GPU  clients  incl.  Xorg  vs  budget  11)
day038  gpu  H1-3e10:  FULL,  18  point  jobs  remaining (2  windows,  4  contexts  x  4  threads)
pids: parent=516 workers=4 written to ckpt_h1_3e10/run.pids
overlap: 152/12626784 zeros differ by <=1.00 ulp (last byte,  rounding-level) --  those indices certified with dg x3
stitch: B from element 12626784 (first zero 1006346000.166784); overlap cross-check 12626632/12626784 byte-equal
tail3e10: L 52290633 + A 2792198664 + B' 3053546936 + C 3142622346 + D 92577877714 = 101618536293 zeros (812.9 GB); G_LAST = 30001045999.981976
overlap: 152/12626784 zeros differ by <=1.00 ulp (last byte,  rounding-level) --  those indices certified with dg x3
stitch: B from element 12626784 (first zero 1006346000.166784); overlap cross-check 12626632/12626784 byte-equal
tail3e10: L 52290633 + A 2792198664 + B' 3053546936 + C 3142622346 + D 92577877714 = 101618536293 zeros (812.9 GB); G_LAST = 30001045999.981976
overlap: 152/12626784 zeros differ by <=1.00 ulp (last byte,  rounding-level) --  those indices certified with dg x3
stitch: B from element 12626784 (first zero 1006346000.166784); overlap cross-check 12626632/12626784 byte-equal
tail3e10: L 52290633 + A 2792198664 + B' 3053546936 + C 3142622346 + D 92577877714 = 101618536293 zeros (812.9 GB); G_LAST = 30001045999.981976
overlap: 152/12626784 zeros differ by <=1.00 ulp (last byte,  rounding-level) --  those indices certified with dg x3
stitch: B from element 12626784 (first zero 1006346000.166784); overlap cross-check 12626632/12626784 byte-equal
tail3e10: L 52290633 + A 2792198664 + B' 3053546936 + C 3142622346 + D 92577877714 = 101618536293 zeros (812.9 GB); G_LAST = 30001045999.981976
  ...t=1.025e+10 tail sweep 8% (500 pieces, 4 threads)
  ...t=1.025e+10 tail sweep 8% (500 pieces, 4 threads)
  ...t=1.025e+10 tail sweep 8% (500 pieces, 4 threads)
  ...t=1.025e+10 tail sweep 8% (500 pieces, 4 threads)
  ...t=1.025e+10 tail sweep 17% (1000 pieces, 4 threads)
  ...t=1.025e+10 tail sweep 17% (1000 pieces, 4 threads)
  ...t=1.025e+10 tail sweep 17% (1000 pieces, 4 threads)
  ...t=1.025e+10 tail sweep 17% (1000 pieces, 4 threads)
  ...t=1.025e+10 tail sweep 25% (1500 pieces, 4 threads)
  ...t=1.025e+10 tail sweep 25% (1500 pieces, 4 threads)
  ...t=1.025e+10 tail sweep 25% (1500 pieces, 4 threads)
  ...t=1.025e+10 tail sweep 25% (1500 pieces, 4 threads)
  ...t=1.025e+10 tail sweep 33% (2000 pieces, 4 threads)
  ...t=1.025e+10 tail sweep 33% (2000 pieces, 4 threads)
  ...t=1.025e+10 tail sweep 33% (2000 pieces, 4 threads)
  ...t=1.025e+10 tail sweep 33% (2000 pieces, 4 threads)
  ...t=1.025e+10 tail sweep 41% (2500 pieces, 4 threads)
  ...t=1.025e+10 tail sweep 41% (2500 pieces, 4 threads)
  ...t=1.025e+10 tail sweep 41% (2500 pieces, 4 threads)
  ...t=1.025e+10 tail sweep 41% (2500 pieces, 4 threads)
  ...t=1.025e+10 tail sweep 50% (3000 pieces, 4 threads)
  ...t=1.025e+10 tail sweep 50% (3000 pieces, 4 threads)
  ...t=1.025e+10 tail sweep 50% (3000 pieces, 4 threads)
  ...t=1.025e+10 tail sweep 50% (3000 pieces, 4 threads)
  ...t=1.025e+10 tail sweep 58% (3500 pieces, 4 threads)
  ...t=1.025e+10 tail sweep 58% (3500 pieces, 4 threads)
  ...t=1.025e+10 tail sweep 58% (3500 pieces, 4 threads)
  ...t=1.025e+10 tail sweep 58% (3500 pieces, 4 threads)
  ...t=1.025e+10 tail sweep 66% (4000 pieces, 4 threads)
  ...t=1.025e+10 tail sweep 66% (4000 pieces, 4 threads)
  ...t=1.025e+10 tail sweep 66% (4000 pieces, 4 threads)
  ...t=1.025e+10 tail sweep 66% (4000 pieces, 4 threads)
  ...t=1.025e+10 tail sweep 74% (4500 pieces, 4 threads)
  ...t=1.025e+10 tail sweep 74% (4500 pieces, 4 threads)
  ...t=1.025e+10 tail sweep 74% (4500 pieces, 4 threads)
  ...t=1.025e+10 tail sweep 74% (4500 pieces, 4 threads)
  ...t=1.025e+10 tail sweep 83% (5000 pieces, 4 threads)
  ...t=1.025e+10 tail sweep 83% (5000 pieces, 4 threads)
  ...t=1.025e+10 tail sweep 83% (5000 pieces, 4 threads)
  ...t=1.025e+10 tail sweep 91% (5500 pieces, 4 threads)
  ...t=1.025e+10 tail sweep 91% (5500 pieces, 4 threads)
  ...t=1.025e+10 tail sweep 83% (5000 pieces, 4 threads)
  ...t=1.025e+10 tail sweep 91% (5500 pieces, 4 threads)
  ...t=1.025e+10 tail sweep 99% (6000 pieces, 4 threads)
  ...t=1.025e+10 tail sweep 99% (6000 pieces, 4 threads)
  ...t=1.025e+10 tail sweep 91% (5500 pieces, 4 threads)
  ...t=1.025e+10 tail sweep 99% (6000 pieces, 4 threads)
  ...t=1.025e+10 tail sweep 99% (6000 pieces, 4 threads)
  pt win=1 k=-4 x=1.025e+10 t=10252992940.66001 mnew=1.0000 mcert=1.0000 bexp=1.12e-03
  pt win=1 k=-6 x=1.025e+10 t=10252992939.66001 mnew=1.0000 mcert=1.0000 bexp=1.12e-03
  pt win=1 k=-5 x=1.025e+10 t=10252992940.16001 mnew=1.0000 mcert=1.0000 bexp=1.09e-03
  pt win=1 k=-3 x=1.025e+10 t=10252992941.16001 mnew=1.0000 mcert=1.0000 bexp=1.10e-03
  ...t=1.025e+10 tail sweep 8% (500 pieces, 4 threads)
  ...t=1.025e+10 tail sweep 8% (500 pieces, 4 threads)
  ...t=1.025e+10 tail sweep 8% (500 pieces, 4 threads)
  ...t=1.025e+10 tail sweep 8% (500 pieces, 4 threads)
  ...t=1.025e+10 tail sweep 17% (1000 pieces, 4 threads)
  ...t=1.025e+10 tail sweep 17% (1000 pieces, 4 threads)
  ...t=1.025e+10 tail sweep 17% (1000 pieces, 4 threads)
  ...t=1.025e+10 tail sweep 25% (1500 pieces, 4 threads)
  ...t=1.025e+10 tail sweep 25% (1500 pieces, 4 threads)
  ...t=1.025e+10 tail sweep 17% (1000 pieces, 4 threads)
  ...t=1.025e+10 tail sweep 25% (1500 pieces, 4 threads)
  ...t=1.025e+10 tail sweep 33% (2000 pieces, 4 threads)
  ...t=1.025e+10 tail sweep 33% (2000 pieces, 4 threads)
  ...t=1.025e+10 tail sweep 33% (2000 pieces, 4 threads)
  ...t=1.025e+10 tail sweep 25% (1500 pieces, 4 threads)
  ...t=1.025e+10 tail sweep 41% (2500 pieces, 4 threads)
  ...t=1.025e+10 tail sweep 41% (2500 pieces, 4 threads)
  ...t=1.025e+10 tail sweep 41% (2500 pieces, 4 threads)
  ...t=1.025e+10 tail sweep 33% (2000 pieces, 4 threads)
  ...t=1.025e+10 tail sweep 50% (3000 pieces, 4 threads)
  ...t=1.025e+10 tail sweep 50% (3000 pieces, 4 threads)
  ...t=1.025e+10 tail sweep 50% (3000 pieces, 4 threads)
  ...t=1.025e+10 tail sweep 41% (2500 pieces, 4 threads)
  ...t=1.025e+10 tail sweep 58% (3500 pieces, 4 threads)
  ...t=1.025e+10 tail sweep 58% (3500 pieces, 4 threads)
  ...t=1.025e+10 tail sweep 58% (3500 pieces, 4 threads)
  ...t=1.025e+10 tail sweep 50% (3000 pieces, 4 threads)
  ...t=1.025e+10 tail sweep 66% (4000 pieces, 4 threads)
  ...t=1.025e+10 tail sweep 66% (4000 pieces, 4 threads)
  ...t=1.025e+10 tail sweep 66% (4000 pieces, 4 threads)
  ...t=1.025e+10 tail sweep 58% (3500 pieces, 4 threads)
  ...t=1.025e+10 tail sweep 74% (4500 pieces, 4 threads)
  ...t=1.025e+10 tail sweep 74% (4500 pieces, 4 threads)
  ...t=1.025e+10 tail sweep 74% (4500 pieces, 4 threads)
  ...t=1.025e+10 tail sweep 66% (4000 pieces, 4 threads)
  ...t=1.025e+10 tail sweep 83% (5000 pieces, 4 threads)
  ...t=1.025e+10 tail sweep 83% (5000 pieces, 4 threads)
  ...t=1.025e+10 tail sweep 83% (5000 pieces, 4 threads)
  ...t=1.025e+10 tail sweep 74% (4500 pieces, 4 threads)
  ...t=1.025e+10 tail sweep 91% (5500 pieces, 4 threads)
  ...t=1.025e+10 tail sweep 91% (5500 pieces, 4 threads)
  ...t=1.025e+10 tail sweep 91% (5500 pieces, 4 threads)
  ...t=1.025e+10 tail sweep 83% (5000 pieces, 4 threads)
  ...t=1.025e+10 tail sweep 99% (6000 pieces, 4 threads)
  ...t=1.025e+10 tail sweep 99% (6000 pieces, 4 threads)
  ...t=1.025e+10 tail sweep 99% (6000 pieces, 4 threads)
  ...t=1.025e+10 tail sweep 91% (5500 pieces, 4 threads)
  ...t=1.025e+10 tail sweep 99% (6000 pieces, 4 threads)
  pt win=1 k=+1 x=1.025e+10 t=10252992943.16001 mnew=1.0000 mcert=1.0000 bexp=1.09e-03
  pt win=1 k=-2 x=1.025e+10 t=10252992941.66001 mnew=1.0000 mcert=1.0000 bexp=1.09e-03
  pt win=1 k=-1 x=1.025e+10 t=10252992942.16001 mnew=1.0000 mcert=1.0000 bexp=1.10e-03
Exception in thread Thread-12 (_chunk):
Traceback (most recent call last):
  File "/usr/lib/python3.12/threading.py", line 1073, in _bootstrap_inner
    self.run()
  File "/usr/lib/python3.12/threading.py", line 1010, in run
    self._target(*self._args, **self._kwargs)
  File "/workspace/h1/RH/scripts/rh/day038_h1_3e10_gpu.py", line 569, in _chunk
    sr, si, br, bi, s_ar, dm = slabfn(
                               ^^^^^^^
  File "/workspace/h1/RH/scripts/rh/day038_h1_3e10_gpu.py", line 457, in slab_budget_gpu
    dimdg = tf * 2.0 * cc / (A * A)                # > 0
            ~~~~~~~~~~~~~~^~~~~~~~~
  File "cupy/_core/core.pyx", line 1606, in cupy._core.core._ndarray_base.__truediv__
  File "cupy/_core/_kernel.pyx", line 1374, in cupy._core._kernel.ufunc.__call__
  File "cupy/_core/_kernel.pyx", line 657, in cupy._core._kernel._get_out_args_from_optionals
  File "cupy/_core/core.pyx", line 3342, in cupy._core.core._ndarray_init
  File "cupy/_core/core.pyx", line 300, in cupy._core.core._ndarray_base._init_fast
  File "cupy/cuda/memory.pyx", line 904, in cupy.cuda.memory.alloc
  File "cupy/cuda/memory.pyx", line 1614, in cupy.cuda.memory.MemoryPool.malloc
  File "cupy/cuda/memory.pyx", line 1635, in cupy.cuda.memory.MemoryPool.malloc
  File "cupy/cuda/memory.pyx", line 1350, in cupy.cuda.memory.SingleDeviceMemoryPool.malloc
  File "cupy/cuda/memory.pyx", line 1376, in cupy.cuda.memory.SingleDeviceMemoryPool._malloc
  File "cupy/cuda/memory.pyx", line 1560, in cupy.cuda.memory.SingleDeviceMemoryPool._try_malloc
cupy.cuda.memory.OutOfMemoryError: Out of memory allocating 134,217,728 bytes (allocated so far: 4,831,838,208 bytes).
Exception in thread Thread-11 (_chunk):
Traceback (most recent call last):
  File "/usr/lib/python3.12/threading.py", line 1073, in _bootstrap_inner
    self.run()
  File "/usr/lib/python3.12/threading.py", line 1010, in run
    self._target(*self._args, **self._kwargs)
  File "/workspace/h1/RH/scripts/rh/day038_h1_3e10_gpu.py", line 569, in _chunk
    sr, si, br, bi, s_ar, dm = slabfn(
                               ^^^^^^^
  File "/workspace/h1/RH/scripts/rh/day038_h1_3e10_gpu.py", line 455, in slab_budget_gpu
    dredg = (2.0 * cc / cp.maximum(abs_g2t2, 1e-30)
             ~~~~^~~~
  File "cupy/_core/core.pyx", line 1582, in cupy._core.core._ndarray_base.__mul__
  File "cupy/_core/_kernel.pyx", line 1374, in cupy._core._kernel.ufunc.__call__
  File "cupy/_core/_kernel.pyx", line 657, in cupy._core._kernel._get_out_args_from_optionals
  File "cupy/_core/core.pyx", line 3342, in cupy._core.core._ndarray_init
  File "cupy/_core/core.pyx", line 300, in cupy._core.core._ndarray_base._init_fast
  File "cupy/cuda/memory.pyx", line 904, in cupy.cuda.memory.alloc
  File "cupy/cuda/memory.pyx", line 1614, in cupy.cuda.memory.MemoryPool.malloc
  File "cupy/cuda/memory.pyx", line 1635, in cupy.cuda.memory.MemoryPool.malloc
  File "cupy/cuda/memory.pyx", line 1350, in cupy.cuda.memory.SingleDeviceMemoryPool.malloc
  File "cupy/cuda/memory.pyx", line 1376, in cupy.cuda.memory.SingleDeviceMemoryPool._malloc
  File "cupy/cuda/memory.pyx", line 1560, in cupy.cuda.memory.SingleDeviceMemoryPool._try_malloc
cupy.cuda.memory.OutOfMemoryError: Out of memory allocating 134,217,728 bytes (allocated so far: 4,697,620,480 bytes).
  ...t=1.025e+10 tail sweep 8% (500 pieces, 4 threads)
  pt win=1 k=+2 x=1.025e+10 t=10252992943.66001 mnew=1.0000 mcert=1.0000 bexp=1.10e-03
  ...t=1.025e+10 tail sweep 8% (500 pieces, 4 threads)
  ...t=1.025e+10 tail sweep 17% (1000 pieces, 4 threads)
  ...t=1.025e+10 tail sweep 8% (500 pieces, 4 threads)
  ...t=1.025e+10 tail sweep 17% (1000 pieces, 4 threads)
  ...t=1.025e+10 tail sweep 8% (500 pieces, 4 threads)
  ...t=1.025e+10 tail sweep 25% (1500 pieces, 4 threads)
  ...t=1.025e+10 tail sweep 25% (1500 pieces, 4 threads)
  ...t=1.025e+10 tail sweep 17% (1000 pieces, 4 threads)
  ...t=1.025e+10 tail sweep 33% (2000 pieces, 4 threads)
  ...t=1.025e+10 tail sweep 17% (1000 pieces, 4 threads)
  ...t=1.025e+10 tail sweep 33% (2000 pieces, 4 threads)
  ...t=1.025e+10 tail sweep 41% (2500 pieces, 4 threads)
  ...t=1.025e+10 tail sweep 25% (1500 pieces, 4 threads)
  ...t=1.025e+10 tail sweep 25% (1500 pieces, 4 threads)
  ...t=1.025e+10 tail sweep 41% (2500 pieces, 4 threads)
  ...t=1.025e+10 tail sweep 50% (3000 pieces, 4 threads)
  ...t=1.025e+10 tail sweep 50% (3000 pieces, 4 threads)
  ...t=1.025e+10 tail sweep 33% (2000 pieces, 4 threads)
  ...t=1.025e+10 tail sweep 58% (3500 pieces, 4 threads)
  ...t=1.025e+10 tail sweep 33% (2000 pieces, 4 threads)
  ...t=1.025e+10 tail sweep 58% (3500 pieces, 4 threads)
  ...t=1.025e+10 tail sweep 66% (4000 pieces, 4 threads)
  ...t=1.025e+10 tail sweep 41% (2500 pieces, 4 threads)
  ...t=1.025e+10 tail sweep 41% (2500 pieces, 4 threads)
  ...t=1.025e+10 tail sweep 66% (4000 pieces, 4 threads)
  ...t=1.025e+10 tail sweep 74% (4500 pieces, 4 threads)
  ...t=1.025e+10 tail sweep 74% (4500 pieces, 4 threads)
  ...t=1.025e+10 tail sweep 50% (3000 pieces, 4 threads)
  ...t=1.025e+10 tail sweep 83% (5000 pieces, 4 threads)
point  job  (win  1,  k  +5,  x=1.025299294e+10)  WORKER  FAILED:  TypeError('cannot unpack non-iterable NoneType object')  --  done  points  are  checkpointed;  supervisor  resumes
Exception in thread Thread-13 (_chunk):
Traceback (most recent call last):
  File "/usr/lib/python3.12/threading.py", line 1073, in _bootstrap_inner
    self.run()
  File "/usr/lib/python3.12/threading.py", line 1010, in run
    self._target(*self._args, **self._kwargs)
  File "/workspace/h1/RH/scripts/rh/day038_h1_3e10_gpu.py", line 569, in _chunk
    sr, si, br, bi, s_ar, dm = slabfn(
                               ^^^^^^^
  File "/workspace/h1/RH/scripts/rh/day038_h1_3e10_gpu.py", line 452, in slab_budget_gpu
    S2 = float(cp.maximum(cp.abs(re_t), 0.5 / A).sum())
               ^^^^^^^^^^^^^^^^^^^^^^^^^^^^^^^^^
  File "cupy/_core/_kernel.pyx", line 1374, in cupy._core._kernel.ufunc.__call__
  File "cupy/_core/_kernel.pyx", line 657, in cupy._core._kernel._get_out_args_from_optionals
  File "cupy/_core/core.pyx", line 3342, in cupy._core.core._ndarray_init
  File "cupy/_core/core.pyx", line 300, in cupy._core.core._ndarray_base._init_fast
  File "cupy/cuda/memory.pyx", line 904, in cupy.cuda.memory.alloc
  File "cupy/cuda/memory.pyx", line 1614, in cupy.cuda.memory.MemoryPool.malloc
  File "cupy/cuda/memory.pyx", line 1635, in cupy.cuda.memory.MemoryPool.malloc
  File "cupy/cuda/memory.pyx", line 1350, in cupy.cuda.memory.SingleDeviceMemoryPool.malloc
  File "cupy/cuda/memory.pyx", line 1376, in cupy.cuda.memory.SingleDeviceMemoryPool._malloc
  File "cupy/cuda/memory.pyx", line 1560, in cupy.cuda.memory.SingleDeviceMemoryPool._try_malloc
cupy.cuda.memory.OutOfMemoryError: Out of memory allocating 134,217,728 bytes (allocated so far: 4,697,620,480 bytes).
  ...t=1.025e+10 tail sweep 50% (3000 pieces, 4 threads)
  ...t=1.025e+10 tail sweep 83% (5000 pieces, 4 threads)
  ...t=1.025e+10 tail sweep 91% (5500 pieces, 4 threads)
  ...t=1.025e+10 tail sweep 8% (500 pieces, 4 threads)
  ...t=1.025e+10 tail sweep 58% (3500 pieces, 4 threads)
  ...t=1.025e+10 tail sweep 91% (5500 pieces, 4 threads)
  ...t=1.025e+10 tail sweep 99% (6000 pieces, 4 threads)
  ...t=1.025e+10 tail sweep 17% (1000 pieces, 4 threads)
  ...t=1.025e+10 tail sweep 99% (6000 pieces, 4 threads)
  ...t=1.025e+10 tail sweep 66% (4000 pieces, 4 threads)
  ...t=1.025e+10 tail sweep 25% (1500 pieces, 4 threads)
  pt win=1 k=+3 x=1.025e+10 t=10252992944.16001 mnew=1.0000 mcert=1.0000 bexp=1.12e-03
  pt win=1 k=+4 x=1.025e+10 t=10252992944.66001 mnew=1.0000 mcert=1.0000 bexp=1.09e-03
  ...t=1.025e+10 tail sweep 33% (2000 pieces, 4 threads)
  ...t=1.025e+10 tail sweep 74% (4500 pieces, 4 threads)
  ...t=1.025e+10 tail sweep 8% (500 pieces, 4 threads)
  ...t=1.025e+10 tail sweep 8% (500 pieces, 4 threads)
  ...t=1.025e+10 tail sweep 17% (1000 pieces, 4 threads)
  ...t=1.025e+10 tail sweep 41% (2500 pieces, 4 threads)
  ...t=1.025e+10 tail sweep 17% (1000 pieces, 4 threads)
  ...t=1.025e+10 tail sweep 83% (5000 pieces, 4 threads)
  ...t=1.025e+10 tail sweep 25% (1500 pieces, 4 threads)
  ...t=1.025e+10 tail sweep 50% (3000 pieces, 4 threads)
  ...t=1.025e+10 tail sweep 25% (1500 pieces, 4 threads)
  ...t=1.025e+10 tail sweep 91% (5500 pieces, 4 threads)
  ...t=1.025e+10 tail sweep 33% (2000 pieces, 4 threads)
  ...t=1.025e+10 tail sweep 58% (3500 pieces, 4 threads)
  ...t=1.025e+10 tail sweep 33% (2000 pieces, 4 threads)
  ...t=1.025e+10 tail sweep 41% (2500 pieces, 4 threads)
  ...t=1.025e+10 tail sweep 41% (2500 pieces, 4 threads)
  ...t=1.025e+10 tail sweep 66% (4000 pieces, 4 threads)
  ...t=1.025e+10 tail sweep 99% (6000 pieces, 4 threads)
  ...t=1.025e+10 tail sweep 50% (3000 pieces, 4 threads)
  ...t=1.025e+10 tail sweep 50% (3000 pieces, 4 threads)
  ...t=1.025e+10 tail sweep 74% (4500 pieces, 4 threads)
point  job  (win  1,  k  +7,  x=1.025299294e+10)  WORKER  FAILED:  TypeError('cannot unpack non-iterable NoneType object')  --  done  points  are  checkpointed;  supervisor  resumes
  ...t=1.025e+10 tail sweep 58% (3500 pieces, 4 threads)
  ...t=1.025e+10 tail sweep 58% (3500 pieces, 4 threads)
  pt win=1 k=+6 x=1.025e+10 t=10252992945.66001 mnew=1.0000 mcert=1.0000 bexp=1.09e-03
  ...t=1.025e+10 tail sweep 8% (500 pieces, 4 threads)
  ...t=1.025e+10 tail sweep 66% (4000 pieces, 4 threads)
  ...t=1.025e+10 tail sweep 66% (4000 pieces, 4 threads)
  ...t=1.025e+10 tail sweep 8% (500 pieces, 4 threads)
  ...t=1.025e+10 tail sweep 17% (1000 pieces, 4 threads)
  ...t=1.025e+10 tail sweep 74% (4500 pieces, 4 threads)
  ...t=1.025e+10 tail sweep 74% (4500 pieces, 4 threads)
  ...t=1.025e+10 tail sweep 17% (1000 pieces, 4 threads)
  ...t=1.025e+10 tail sweep 25% (1500 pieces, 4 threads)
  ...t=1.025e+10 tail sweep 83% (5000 pieces, 4 threads)
  ...t=1.025e+10 tail sweep 83% (5000 pieces, 4 threads)
  ...t=1.025e+10 tail sweep 25% (1500 pieces, 4 threads)
  ...t=1.025e+10 tail sweep 33% (2000 pieces, 4 threads)
  ...t=1.025e+10 tail sweep 33% (2000 pieces, 4 threads)
  ...t=1.025e+10 tail sweep 91% (5500 pieces, 4 threads)
  ...t=1.025e+10 tail sweep 91% (5500 pieces, 4 threads)
  ...t=1.025e+10 tail sweep 41% (2500 pieces, 4 threads)
  ...t=1.025e+10 tail sweep 41% (2500 pieces, 4 threads)
  ...t=1.025e+10 tail sweep 99% (6000 pieces, 4 threads)
  ...t=1.025e+10 tail sweep 99% (6000 pieces, 4 threads)
  ...t=1.025e+10 tail sweep 50% (3000 pieces, 4 threads)
  ...t=1.025e+10 tail sweep 50% (3000 pieces, 4 threads)
  ...t=1.025e+10 tail sweep 58% (3500 pieces, 4 threads)
  pt win=1 k=+8 x=1.025e+10 t=10252992946.66001 mnew=1.0000 mcert=1.0000 bexp=1.18e-03
  pt win=1 k=+9 x=1.025e+10 t=10252992947.16001 mnew=1.0000 mcert=1.0000 bexp=1.12e-03
  ...t=1.025e+10 tail sweep 58% (3500 pieces, 4 threads)
  ...t=1.025e+10 tail sweep 66% (4000 pieces, 4 threads)
  ...t=1.025e+10 tail sweep 66% (4000 pieces, 4 threads)
  ...t=1.025e+10 tail sweep 74% (4500 pieces, 4 threads)
  ...t=1.025e+10 tail sweep 8% (500 pieces, 4 threads)
  ...t=1.025e+10 tail sweep 74% (4500 pieces, 4 threads)
  ...t=1.025e+10 tail sweep 83% (5000 pieces, 4 threads)
  ...t=1.025e+10 tail sweep 83% (5000 pieces, 4 threads)
  ...t=1.025e+10 tail sweep 91% (5500 pieces, 4 threads)
  ...t=1.025e+10 tail sweep 17% (1000 pieces, 4 threads)
  ...t=1.025e+10 tail sweep 91% (5500 pieces, 4 threads)
  ...t=1.025e+10 tail sweep 99% (6000 pieces, 4 threads)
  ...t=1.025e+10 tail sweep 99% (6000 pieces, 4 threads)
  ...t=1.025e+10 tail sweep 25% (1500 pieces, 4 threads)
  ...t=1.025e+10 tail sweep 33% (2000 pieces, 4 threads)
  ...t=1.025e+10 tail sweep 41% (2500 pieces, 4 threads)
  pt win=1 k=+10 x=1.025e+10 t=10252992947.66001 mnew=1.0000 mcert=1.0000 bexp=1.19e-03
  pt win=1 k=+11 x=1.025e+10 t=10252992948.16001 mnew=1.0000 mcert=1.0000 bexp=1.08e-03
  ...t=1.025e+10 tail sweep 50% (3000 pieces, 4 threads)
  ...t=1.025e+10 tail sweep 58% (3500 pieces, 4 threads)
  ...t=1.025e+10 tail sweep 66% (4000 pieces, 4 threads)
  ...t=1.025e+10 tail sweep 74% (4500 pieces, 4 threads)
  ...t=1.025e+10 tail sweep 83% (5000 pieces, 4 threads)
  ...t=1.025e+10 tail sweep 91% (5500 pieces, 4 threads)
  ...t=1.025e+10 tail sweep 99% (6000 pieces, 4 threads)
  pt win=1 k=+12 x=1.025e+10 t=10252992948.66001 mnew=1.0000 mcert=1.0000 bexp=1.09e-03
window   1:  22/24  points  after  this  instance
H1  INCOMPLETE:  1  window(s)  not  at  24/24  --  checkpoints  intact,  supervisor  resumes
H1_WINDOWS:  running  windows  14-15  (2  of  29)
resume:  window   0  (x=9493511984)  24/24  points  on disk
resume:  window   1  (x=1.025299294e+10)  22/24  points  on disk
memguard:  MemAvailable  706.4  GiB,  reserve  28  GiB,  ~2.5  GiB/thread  x  4  threads  ->  allow  <=  10  contexts  (=  40  slab  threads;  11  GPU  clients  incl.  Xorg  vs  budget  11)
day038  gpu  H1-3e10:  FULL,  2  point  jobs  remaining (2  windows,  4  contexts  x  4  threads)
pids: parent=6727 workers=4 written to ckpt_h1_3e10/run.pids
overlap: 152/12626784 zeros differ by <=1.00 ulp (last byte,  rounding-level) --  those indices certified with dg x3
stitch: B from element 12626784 (first zero 1006346000.166784); overlap cross-check 12626632/12626784 byte-equal
tail3e10: L 52290633 + A 2792198664 + B' 3053546936 + C 3142622346 + D 92577877714 = 101618536293 zeros (812.9 GB); G_LAST = 30001045999.981976
overlap: 152/12626784 zeros differ by <=1.00 ulp (last byte,  rounding-level) --  those indices certified with dg x3
stitch: B from element 12626784 (first zero 1006346000.166784); overlap cross-check 12626632/12626784 byte-equal
tail3e10: L 52290633 + A 2792198664 + B' 3053546936 + C 3142622346 + D 92577877714 = 101618536293 zeros (812.9 GB); G_LAST = 30001045999.981976
  ...t=1.025e+10 tail sweep 8% (500 pieces, 4 threads)
  ...t=1.025e+10 tail sweep 8% (500 pieces, 4 threads)
  ...t=1.025e+10 tail sweep 17% (1000 pieces, 4 threads)
  ...t=1.025e+10 tail sweep 17% (1000 pieces, 4 threads)
  ...t=1.025e+10 tail sweep 25% (1500 pieces, 4 threads)
  ...t=1.025e+10 tail sweep 25% (1500 pieces, 4 threads)
  ...t=1.025e+10 tail sweep 33% (2000 pieces, 4 threads)
  ...t=1.025e+10 tail sweep 33% (2000 pieces, 4 threads)
  ...t=1.025e+10 tail sweep 41% (2500 pieces, 4 threads)
  ...t=1.025e+10 tail sweep 41% (2500 pieces, 4 threads)
  ...t=1.025e+10 tail sweep 50% (3000 pieces, 4 threads)
  ...t=1.025e+10 tail sweep 50% (3000 pieces, 4 threads)
  ...t=1.025e+10 tail sweep 58% (3500 pieces, 4 threads)
  ...t=1.025e+10 tail sweep 58% (3500 pieces, 4 threads)
  ...t=1.025e+10 tail sweep 66% (4000 pieces, 4 threads)
  ...t=1.025e+10 tail sweep 66% (4000 pieces, 4 threads)
  ...t=1.025e+10 tail sweep 74% (4500 pieces, 4 threads)
  ...t=1.025e+10 tail sweep 74% (4500 pieces, 4 threads)
  ...t=1.025e+10 tail sweep 83% (5000 pieces, 4 threads)
  ...t=1.025e+10 tail sweep 83% (5000 pieces, 4 threads)
  ...t=1.025e+10 tail sweep 91% (5500 pieces, 4 threads)
  ...t=1.025e+10 tail sweep 91% (5500 pieces, 4 threads)
  ...t=1.025e+10 tail sweep 99% (6000 pieces, 4 threads)
  ...t=1.025e+10 tail sweep 99% (6000 pieces, 4 threads)
  pt win=1 k=+5 x=1.025e+10 t=10252992945.16001 mnew=1.0000 mcert=1.0000 bexp=2.45e-03
  pt win=1 k=+7 x=1.025e+10 t=10252992946.16001 mnew=1.0000 mcert=1.0000 bexp=1.10e-03
           x            g best_mnew worst_mcert      btot      flag
 9.49351e+09 9493511983.7665  1.000000   1.000000  1.32e-03 -
  1.0253e+10 10252992942.6600  1.000000   1.000000  1.40e-03 -
worst certified margin = 1.000000 at t = 9493511977.76648 (computed 1.000000)
margin_cert < 1: [9493511978.766, 9493511979.266, 9493511979.766, 9493511980.266, 9493511978.266, 9493511977.766, 9493511981.266, 9493511980.766, 9493511982.266, 9493511981.766, 9493511982.766, 9493511983.266, 10252992936.66, 10252992937.16, 10252992937.66, 10252992938.16, 10252992938.66, 10252992939.16, 10252992940.66, 10252992939.66, 10252992940.16, 10252992941.16, 10252992941.66, 10252992942.16]
margin_new  < 1: [9493511978.766, 9493511979.266, 9493511979.766, 9493511980.266, 9493511978.266, 9493511977.766, 9493511981.266, 9493511980.766, 9493511982.266, 9493511981.766, 9493511982.766, 9493511983.266, 10252992936.66, 10252992937.16, 10252992937.66, 10252992938.16, 10252992938.66, 10252992939.16, 10252992940.66, 10252992939.66, 10252992940.16, 10252992941.16, 10252992941.66, 10252992942.16]
wall = 1226.7 s
STATUS: see the pre-registered reading C-2/C-3
H1  FULL-DONE:  2  windows,  48  points,  assembled  to  /workspace/h1/RH/scripts/rh/out_day038_full_pts.txt;  instance  wall  0.3  h
