H1_WINDOWS:  running  windows  16-17  (2  of  29)
resume:  window   0  (x=1.107323238e+10)  0/24  points  on disk
resume:  window   1  (x=1.195909097e+10)  0/24  points  on disk
memguard:  MemAvailable  739.8  GiB,  reserve  28  GiB,  ~2.5  GiB/thread  x  8  threads  ->  allow  <=  10  contexts  (=  80  slab  threads;  11  GPU  clients  incl.  Xorg  vs  budget  11)
day038  gpu  H1-3e10:  FULL,  48  point  jobs  remaining (2  windows,  4  contexts  x  8  threads)
pids: parent=1650 workers=4 written to ckpt_h1_3e10/run.pids
overlap: 152/12626784 zeros differ by <=1.00 ulp (last byte,  rounding-level) --  those indices certified with dg x3
stitch: B from element 12626784 (first zero 1006346000.166784); overlap cross-check 12626632/12626784 byte-equal
tail3e10: L 52290633 + A 2792198664 + B' 3053546936 + C 3142622346 + D 92577877714 = 101618536293 zeros (812.9 GB); G_LAST = 30001045999.981976
overlap: 152/12626784 zeros differ by <=1.00 ulp (last byte,  rounding-level) --  those indices certified with dg x3
stitch: B from element 12626784 (first zero 1006346000.166784); overlap cross-check 12626632/12626784 byte-equal
tail3e10: L 52290633 + A 2792198664 + B' 3053546936 + C 3142622346 + D 92577877714 = 101618536293 zeros (812.9 GB); G_LAST = 30001045999.981976
overlap: 152/12626784 zeros differ by <=1.00 ulp (last byte,  rounding-level) --  those indices certified with dg x3
stitch: B from element 12626784 (first zero 1006346000.166784); overlap cross-check 12626632/12626784 byte-equal
tail3e10: L 52290633 + A 2792198664 + B' 3053546936 + C 3142622346 + D 92577877714 = 101618536293 zeros (812.9 GB); G_LAST = 30001045999.981976
Exception in thread Thread-2 (_chunk):
Traceback (most recent call last):
  File "/usr/lib/python3.12/threading.py", line 1073, in _bootstrap_inner
    self.run()
  File "/usr/lib/python3.12/threading.py", line 1010, in run
    self._target(*self._args, **self._kwargs)
  File "/workspace/h1/RH/scripts/rh/day038_h1_3e10_gpu.py", line 569, in _chunk
    sr, si, br, bi, s_ar, dm = slabfn(
                               ^^^^^^^
  File "/workspace/h1/RH/scripts/rh/day038_h1_3e10_gpu.py", line 455, in slab_budget_gpu
    dredg = (2.0 * cc / cp.maximum(abs_g2t2, 1e-30)
             ~~~~~~~~~^~~~~~~~~~~~~~~~~~~~~~~~~~~~~
  File "cupy/_core/core.pyx", line 1606, in cupy._core.core._ndarray_base.__truediv__
  File "cupy/_core/_kernel.pyx", line 1374, in cupy._core._kernel.ufunc.__call__
  File "cupy/_core/_kernel.pyx", line 657, in cupy._core._kernel._get_out_args_from_optionals
  File "cupy/_core/core.pyx", line 3342, in cupy._core.core._ndarray_init
  File "cupy/_core/core.pyx", line 300, in cupy._core.core._ndarray_base._init_fast
  File "cupy/cuda/memory.pyx", line 904, in cupy.cuda.memory.alloc
  File "cupy/cuda/memory.pyx", line 1614, in cupy.cuda.memory.MemoryPool.malloc
  File "cupy/cuda/memory.pyx", line 1635, in cupy.cuda.memory.MemoryPool.malloc
  File "cupy/cuda/memory.pyx", line 1350, in cupy.cuda.memory.SingleDeviceMemoryPool.malloc
  File "cupy/cuda/memory.pyx", line 1376, in cupy.cuda.memory.SingleDeviceMemoryPool._malloc
  File "cupy/cuda/memory.pyx", line 1560, in cupy.cuda.memory.SingleDeviceMemoryPool._try_malloc
cupy.cuda.memory.OutOfMemoryError: Out of memory allocating 134,217,728 bytes (allocated so far: 9,932,112,384 bytes).
overlap: 152/12626784 zeros differ by <=1.00 ulp (last byte,  rounding-level) --  those indices certified with dg x3
stitch: B from element 12626784 (first zero 1006346000.166784); overlap cross-check 12626632/12626784 byte-equal
tail3e10: L 52290633 + A 2792198664 + B' 3053546936 + C 3142622346 + D 92577877714 = 101618536293 zeros (812.9 GB); G_LAST = 30001045999.981976
Exception in thread Thread-3 (_chunk):
Traceback (most recent call last):
  File "/usr/lib/python3.12/threading.py", line 1073, in _bootstrap_inner
    self.run()
  File "/usr/lib/python3.12/threading.py", line 1010, in run
    self._target(*self._args, **self._kwargs)
  File "/workspace/h1/RH/scripts/rh/day038_h1_3e10_gpu.py", line 569, in _chunk
    sr, si, br, bi, s_ar, dm = slabfn(
                               ^^^^^^^
  File "/workspace/h1/RH/scripts/rh/day038_h1_3e10_gpu.py", line 443, in slab_budget_gpu
    cc = cp.asarray(c)
         ^^^^^^^^^^^^^
  File "/opt/venvs/cupy/lib/python3.12/site-packages/cupy/_creation/from_data.py", line 94, in asarray
    return _core.array(a, dtype, copy, order, blocking=blocking)
           ^^^^^^^^^^^^^^^^^^^^^^^^^^^^^^^^^^^^^^^^^^^^^^^^^^^^^
  File "cupy/_core/core.pyx", line 2821, in cupy._core.core.array
  File "cupy/_core/core.pyx", line 2841, in cupy._core.core.array
  File "cupy/_core/core.pyx", line 3067, in cupy._core.core._array_default
  File "cupy/_core/core.pyx", line 176, in cupy._core.core.ndarray.__new__
  File "cupy/_core/core.pyx", line 282, in cupy._core.core._ndarray_base._init
  File "cupy/cuda/memory.pyx", line 904, in cupy.cuda.memory.alloc
  File "cupy/cuda/memory.pyx", line 1614, in cupy.cuda.memory.MemoryPool.malloc
  File "cupy/cuda/memory.pyx", line 1635, in cupy.cuda.memory.MemoryPool.malloc
  File "cupy/cuda/memory.pyx", line 1350, in cupy.cuda.memory.SingleDeviceMemoryPool.malloc
  File "cupy/cuda/memory.pyx", line 1376, in cupy.cuda.memory.SingleDeviceMemoryPool._malloc
  File "cupy/cuda/memory.pyx", line 1560, in cupy.cuda.memory.SingleDeviceMemoryPool._try_malloc
cupy.cuda.memory.OutOfMemoryError: Out of memory allocating 134,217,728 bytes (allocated so far: 1,207,959,552 bytes).
Exception in thread Thread-6 (_chunk):
Traceback (most recent call last):
  File "/usr/lib/python3.12/threading.py", line 1073, in _bootstrap_inner
    self.run()
  File "/usr/lib/python3.12/threading.py", line 1010, in run
    self._target(*self._args, **self._kwargs)
  File "/workspace/h1/RH/scripts/rh/day038_h1_3e10_gpu.py", line 569, in _chunk
    sr, si, br, bi, s_ar, dm = slabfn(
                               ^^^^^^^
  File "/workspace/h1/RH/scripts/rh/day038_h1_3e10_gpu.py", line 443, in slab_budget_gpu
    cc = cp.asarray(c)
         ^^^^^^^^^^^^^
  File "/opt/venvs/cupy/lib/python3.12/site-packages/cupy/_creation/from_data.py", line 94, in asarray
    return _core.array(a, dtype, copy, order, blocking=blocking)
           ^^^^^^^^^^^^^^^^^^^^^^^^^^^^^^^^^^^^^^^^^^^^^^^^^^^^^
  File "cupy/_core/core.pyx", line 2821, in cupy._core.core.array
  File "cupy/_core/core.pyx", line 2841, in cupy._core.core.array
  File "cupy/_core/core.pyx", line 3067, in cupy._core.core._array_default
  File "cupy/_core/core.pyx", line 176, in cupy._core.core.ndarray.__new__
  File "cupy/_core/core.pyx", line 282, in cupy._core.core._ndarray_base._init
  File "cupy/cuda/memory.pyx", line 904, in cupy.cuda.memory.alloc
  File "cupy/cuda/memory.pyx", line 1614, in cupy.cuda.memory.MemoryPool.malloc
  File "cupy/cuda/memory.pyx", line 1635, in cupy.cuda.memory.MemoryPool.malloc
  File "cupy/cuda/memory.pyx", line 1350, in cupy.cuda.memory.SingleDeviceMemoryPool.malloc
  File "cupy/cuda/memory.pyx", line 1376, in cupy.cuda.memory.SingleDeviceMemoryPool._malloc
  File "cupy/cuda/memory.pyx", line 1560, in cupy.cuda.memory.SingleDeviceMemoryPool._try_malloc
cupy.cuda.memory.OutOfMemoryError: Out of memory allocating 134,217,728 bytes (allocated so far: 1,073,741,824 bytes).
Exception in thread Thread-7 (_chunk):
Traceback (most recent call last):
  File "/usr/lib/python3.12/threading.py", line 1073, in _bootstrap_inner
    self.run()
  File "/usr/lib/python3.12/threading.py", line 1010, in run
    self._target(*self._args, **self._kwargs)
  File "/workspace/h1/RH/scripts/rh/day038_h1_3e10_gpu.py", line 569, in _chunk
    sr, si, br, bi, s_ar, dm = slabfn(
                               ^^^^^^^
  File "/workspace/h1/RH/scripts/rh/day038_h1_3e10_gpu.py", line 443, in slab_budget_gpu
    cc = cp.asarray(c)
         ^^^^^^^^^^^^^
  File "/opt/venvs/cupy/lib/python3.12/site-packages/cupy/_creation/from_data.py", line 94, in asarray
    return _core.array(a, dtype, copy, order, blocking=blocking)
           ^^^^^^^^^^^^^^^^^^^^^^^^^^^^^^^^^^^^^^^^^^^^^^^^^^^^^
  File "cupy/_core/core.pyx", line 2821, in cupy._core.core.array
  File "cupy/_core/core.pyx", line 2841, in cupy._core.core.array
  File "cupy/_core/core.pyx", line 3067, in cupy._core.core._array_default
  File "cupy/_core/core.pyx", line 176, in cupy._core.core.ndarray.__new__
  File "cupy/_core/core.pyx", line 282, in cupy._core.core._ndarray_base._init
  File "cupy/cuda/memory.pyx", line 904, in cupy.cuda.memory.alloc
  File "cupy/cuda/memory.pyx", line 1614, in cupy.cuda.memory.MemoryPool.malloc
  File "cupy/cuda/memory.pyx", line 1635, in cupy.cuda.memory.MemoryPool.malloc
  File "cupy/cuda/memory.pyx", line 1350, in cupy.cuda.memory.SingleDeviceMemoryPool.malloc
  File "cupy/cuda/memory.pyx", line 1376, in cupy.cuda.memory.SingleDeviceMemoryPool._malloc
  File "cupy/cuda/memory.pyx", line 1560, in cupy.cuda.memory.SingleDeviceMemoryPool._try_malloc
cupy.cuda.memory.OutOfMemoryError: Out of memory allocating 134,217,728 bytes (allocated so far: 1,073,741,824 bytes).
Exception in thread Thread-4 (_chunk):
Traceback (most recent call last):
  File "/usr/lib/python3.12/threading.py", line 1073, in _bootstrap_inner
    self.run()
  File "/usr/lib/python3.12/threading.py", line 1010, in run
Exception in thread Thread-8 (_chunk):
Traceback (most recent call last):
  File "/usr/lib/python3.12/threading.py", line 1073, in _bootstrap_inner
    self.run()
  File "/usr/lib/python3.12/threading.py", line 1010, in run
    self._target(*self._args, **self._kwargs)
  File "/workspace/h1/RH/scripts/rh/day038_h1_3e10_gpu.py", line 569, in _chunk
    sr, si, br, bi, s_ar, dm = slabfn(
                               ^^^^^^^
  File "/workspace/h1/RH/scripts/rh/day038_h1_3e10_gpu.py", line 444, in slab_budget_gpu
    g2 = cc * cc
         ~~~^~~~
  File "cupy/_core/core.pyx", line 1582, in cupy._core.core._ndarray_base.__mul__
  File "cupy/_core/_kernel.pyx", line 1374, in cupy._core._kernel.ufunc.__call__
  File "cupy/_core/_kernel.pyx", line 657, in cupy._core._kernel._get_out_args_from_optionals
  File "cupy/_core/core.pyx", line 3342, in cupy._core.core._ndarray_init
  File "cupy/_core/core.pyx", line 300, in cupy._core.core._ndarray_base._init_fast
  File "cupy/cuda/memory.pyx", line 904, in cupy.cuda.memory.alloc
  File "cupy/cuda/memory.pyx", line 1614, in cupy.cuda.memory.MemoryPool.malloc
  File "cupy/cuda/memory.pyx", line 1635, in cupy.cuda.memory.MemoryPool.malloc
  File "cupy/cuda/memory.pyx", line 1350, in cupy.cuda.memory.SingleDeviceMemoryPool.malloc
  File "cupy/cuda/memory.pyx", line 1376, in cupy.cuda.memory.SingleDeviceMemoryPool._malloc
  File "cupy/cuda/memory.pyx", line 1560, in cupy.cuda.memory.SingleDeviceMemoryPool._try_malloc
cupy.cuda.memory.OutOfMemoryError: Out of memory allocating 134,217,728 bytes (allocated so far: 805,306,368 bytes).
Exception in thread Thread-1 (_chunk):
Traceback (most recent call last):
  File "/usr/lib/python3.12/threading.py", line 1073, in _bootstrap_inner
    self.run()
  File "/usr/lib/python3.12/threading.py", line 1010, in run
    self._target(*self._args, **self._kwargs)
  File "/workspace/h1/RH/scripts/rh/day038_h1_3e10_gpu.py", line 569, in _chunk
    sr, si, br, bi, s_ar, dm = slabfn(
                               ^^^^^^^
  File "/workspace/h1/RH/scripts/rh/day038_h1_3e10_gpu.py", line 444, in slab_budget_gpu
    g2 = cc * cc
         ~~~^~~~
  File "cupy/_core/core.pyx", line 1582, in cupy._core.core._ndarray_base.__mul__
  File "cupy/_core/_kernel.pyx", line 1374, in cupy._core._kernel.ufunc.__call__
  File "cupy/_core/_kernel.pyx", line 657, in cupy._core._kernel._get_out_args_from_optionals
  File "cupy/_core/core.pyx", line 3342, in cupy._core.core._ndarray_init
  File "cupy/_core/core.pyx", line 300, in cupy._core.core._ndarray_base._init_fast
  File "cupy/cuda/memory.pyx", line 904, in cupy.cuda.memory.alloc
  File "cupy/cuda/memory.pyx", line 1614, in cupy.cuda.memory.MemoryPool.malloc
  File "cupy/cuda/memory.pyx", line 1635, in cupy.cuda.memory.MemoryPool.malloc
  File "cupy/cuda/memory.pyx", line 1350, in cupy.cuda.memory.SingleDeviceMemoryPool.malloc
  File "cupy/cuda/memory.pyx", line 1376, in cupy.cuda.memory.SingleDeviceMemoryPool._malloc
  File "cupy/cuda/memory.pyx", line 1560, in cupy.cuda.memory.SingleDeviceMemoryPool._try_malloc
cupy.cuda.memory.OutOfMemoryError: Out of memory allocating 134,217,728 bytes (allocated so far: 671,088,640 bytes).
    self._target(*self._args, **self._kwargs)
  File "/workspace/h1/RH/scripts/rh/day038_h1_3e10_gpu.py", line 569, in _chunk
    sr, si, br, bi, s_ar, dm = slabfn(
                               ^^^^^^^
  File "/workspace/h1/RH/scripts/rh/day038_h1_3e10_gpu.py", line 443, in slab_budget_gpu
    cc = cp.asarray(c)
         ^^^^^^^^^^^^^
  File "/opt/venvs/cupy/lib/python3.12/site-packages/cupy/_creation/from_data.py", line 94, in asarray
    return _core.array(a, dtype, copy, order, blocking=blocking)
           ^^^^^^^^^^^^^^^^^^^^^^^^^^^^^^^^^^^^^^^^^^^^^^^^^^^^^
  File "cupy/_core/core.pyx", line 2821, in cupy._core.core.array
  File "cupy/_core/core.pyx", line 2841, in cupy._core.core.array
  File "cupy/_core/core.pyx", line 3067, in cupy._core.core._array_default
  File "cupy/_core/core.pyx", line 176, in cupy._core.core.ndarray.__new__
  File "cupy/_core/core.pyx", line 282, in cupy._core.core._ndarray_base._init
  File "cupy/cuda/memory.pyx", line 904, in cupy.cuda.memory.alloc
  File "cupy/cuda/memory.pyx", line 1614, in cupy.cuda.memory.MemoryPool.malloc
  File "cupy/cuda/memory.pyx", line 1635, in cupy.cuda.memory.MemoryPool.malloc
  File "cupy/cuda/memory.pyx", line 1350, in cupy.cuda.memory.SingleDeviceMemoryPool.malloc
  File "cupy/cuda/memory.pyx", line 1376, in cupy.cuda.memory.SingleDeviceMemoryPool._malloc
  File "cupy/cuda/memory.pyx", line 1560, in cupy.cuda.memory.SingleDeviceMemoryPool._try_malloc
cupy.cuda.memory.OutOfMemoryError: Out of memory allocating 134,217,728 bytes (allocated so far: 939,524,096 bytes).
Exception in thread Thread-2 (_chunk):
Traceback (most recent call last):
  File "/usr/lib/python3.12/threading.py", line 1073, in _bootstrap_inner
    self.run()
  File "/usr/lib/python3.12/threading.py", line 1010, in run
    self._target(*self._args, **self._kwargs)
  File "/workspace/h1/RH/scripts/rh/day038_h1_3e10_gpu.py", line 569, in _chunk
    sr, si, br, bi, s_ar, dm = slabfn(
                               ^^^^^^^
  File "/workspace/h1/RH/scripts/rh/day038_h1_3e10_gpu.py", line 444, in slab_budget_gpu
    g2 = cc * cc
         ~~~^~~~
  File "cupy/_core/core.pyx", line 1582, in cupy._core.core._ndarray_base.__mul__
  File "cupy/_core/_kernel.pyx", line 1374, in cupy._core._kernel.ufunc.__call__
  File "cupy/_core/_kernel.pyx", line 657, in cupy._core._kernel._get_out_args_from_optionals
  File "cupy/_core/core.pyx", line 3342, in cupy._core.core._ndarray_init
  File "cupy/_core/core.pyx", line 300, in cupy._core.core._ndarray_base._init_fast
  File "cupy/cuda/memory.pyx", line 904, in cupy.cuda.memory.alloc
  File "cupy/cuda/memory.pyx", line 1614, in cupy.cuda.memory.MemoryPool.malloc
  File "cupy/cuda/memory.pyx", line 1635, in cupy.cuda.memory.MemoryPool.malloc
  File "cupy/cuda/memory.pyx", line 1350, in cupy.cuda.memory.SingleDeviceMemoryPool.malloc
  File "cupy/cuda/memory.pyx", line 1376, in cupy.cuda.memory.SingleDeviceMemoryPool._malloc
  File "cupy/cuda/memory.pyx", line 1560, in cupy.cuda.memory.SingleDeviceMemoryPool._try_malloc
cupy.cuda.memory.OutOfMemoryError: Out of memory allocating 134,217,728 bytes (allocated so far: 402,653,184 bytes).
Exception in thread Thread-4 (_chunk):
Traceback (most recent call last):
  File "/usr/lib/python3.12/threading.py", line 1073, in _bootstrap_inner
Exception in thread Thread-1 (_chunk):
Traceback (most recent call last):
  File "/usr/lib/python3.12/threading.py", line 1073, in _bootstrap_inner
    self.run()
  File "/usr/lib/python3.12/threading.py", line 1010, in run
    self._target(*self._args, **self._kwargs)
  File "/workspace/h1/RH/scripts/rh/day038_h1_3e10_gpu.py", line 569, in _chunk
    sr, si, br, bi, s_ar, dm = slabfn(
                               ^^^^^^^
  File "/workspace/h1/RH/scripts/rh/day038_h1_3e10_gpu.py", line 446, in slab_budget_gpu
    abs_g2t2 = cp.abs(g2 - t2)
               ^^^^^^^^^^^^^^^
  File "cupy/_core/_kernel.pyx", line 1374, in cupy._core._kernel.ufunc.__call__
  File "cupy/_core/_kernel.pyx", line 657, in cupy._core._kernel._get_out_args_from_optionals
  File "cupy/_core/core.pyx", line 3342, in cupy._core.core._ndarray_init
  File "cupy/_core/core.pyx", line 300, in cupy._core.core._ndarray_base._init_fast
  File "cupy/cuda/memory.pyx", line 904, in cupy.cuda.memory.alloc
  File "cupy/cuda/memory.pyx", line 1614, in cupy.cuda.memory.MemoryPool.malloc
  File "cupy/cuda/memory.pyx", line 1635, in cupy.cuda.memory.MemoryPool.malloc
  File "cupy/cuda/memory.pyx", line 1350, in cupy.cuda.memory.SingleDeviceMemoryPool.malloc
  File "cupy/cuda/memory.pyx", line 1376, in cupy.cuda.memory.SingleDeviceMemoryPool._malloc
  File "cupy/cuda/memory.pyx", line 1560, in cupy.cuda.memory.SingleDeviceMemoryPool._try_malloc
cupy.cuda.memory.OutOfMemoryError: Out of memory allocating 134,217,728 bytes (allocated so far: 7,918,845,952 bytes).
    self.run()
  File "/usr/lib/python3.12/threading.py", line 1010, in run
    self._target(*self._args, **self._kwargs)
  File "/workspace/h1/RH/scripts/rh/day038_h1_3e10_gpu.py", line 569, in _chunk
    sr, si, br, bi, s_ar, dm = slabfn(
                               ^^^^^^^
  File "/workspace/h1/RH/scripts/rh/day038_h1_3e10_gpu.py", line 452, in slab_budget_gpu
    S2 = float(cp.maximum(cp.abs(re_t), 0.5 / A).sum())
                                        ~~~~^~~
  File "cupy/_core/core.pyx", line 1606, in cupy._core.core._ndarray_base.__truediv__
  File "cupy/_core/_kernel.pyx", line 1374, in cupy._core._kernel.ufunc.__call__
  File "cupy/_core/_kernel.pyx", line 657, in cupy._core._kernel._get_out_args_from_optionals
  File "cupy/_core/core.pyx", line 3342, in cupy._core.core._ndarray_init
  File "cupy/_core/core.pyx", line 300, in cupy._core.core._ndarray_base._init_fast
  File "cupy/cuda/memory.pyx", line 904, in cupy.cuda.memory.alloc
  File "cupy/cuda/memory.pyx", line 1614, in cupy.cuda.memory.MemoryPool.malloc
  File "cupy/cuda/memory.pyx", line 1635, in cupy.cuda.memory.MemoryPool.malloc
  File "cupy/cuda/memory.pyx", line 1350, in cupy.cuda.memory.SingleDeviceMemoryPool.malloc
  File "cupy/cuda/memory.pyx", line 1376, in cupy.cuda.memory.SingleDeviceMemoryPool._malloc
  File "cupy/cuda/memory.pyx", line 1560, in cupy.cuda.memory.SingleDeviceMemoryPool._try_malloc
cupy.cuda.memory.OutOfMemoryError: Out of memory allocating 134,217,728 bytes (allocated so far: 7,784,628,224 bytes).
  ...t=1.107e+10 tail sweep 8% (500 pieces, 8 threads)
  ...t=1.107e+10 tail sweep 8% (500 pieces, 8 threads)
  ...t=1.107e+10 tail sweep 8% (500 pieces, 8 threads)
  ...t=1.107e+10 tail sweep 17% (1000 pieces, 8 threads)
  ...t=1.107e+10 tail sweep 17% (1000 pieces, 8 threads)
  ...t=1.107e+10 tail sweep 17% (1000 pieces, 8 threads)
  ...t=1.107e+10 tail sweep 25% (1500 pieces, 8 threads)
  ...t=1.107e+10 tail sweep 25% (1500 pieces, 8 threads)
  ...t=1.107e+10 tail sweep 8% (500 pieces, 8 threads)
  ...t=1.107e+10 tail sweep 25% (1500 pieces, 8 threads)
  ...t=1.107e+10 tail sweep 33% (2000 pieces, 8 threads)
  ...t=1.107e+10 tail sweep 33% (2000 pieces, 8 threads)
  ...t=1.107e+10 tail sweep 41% (2500 pieces, 8 threads)
point  job  (win  0,  k  -12,  x=1.107323238e+10)  WORKER  FAILED:  TypeError('cannot unpack non-iterable NoneType object')  --  done  points  are  checkpointed;  supervisor  resumes
Exception in thread Thread-10 (_chunk):
Traceback (most recent call last):
  File "/usr/lib/python3.12/threading.py", line 1073, in _bootstrap_inner
    self.run()
  File "/usr/lib/python3.12/threading.py", line 1010, in run
    self._target(*self._args, **self._kwargs)
  File "/workspace/h1/RH/scripts/rh/day038_h1_3e10_gpu.py", line 569, in _chunk
    sr, si, br, bi, s_ar, dm = slabfn(
                               ^^^^^^^
  File "/workspace/h1/RH/scripts/rh/day038_h1_3e10_gpu.py", line 446, in slab_budget_gpu
    abs_g2t2 = cp.abs(g2 - t2)
               ^^^^^^^^^^^^^^^
  File "cupy/_core/_kernel.pyx", line 1374, in cupy._core._kernel.ufunc.__call__
  File "cupy/_core/_kernel.pyx", line 657, in cupy._core._kernel._get_out_args_from_optionals
  File "cupy/_core/core.pyx", line 3342, in cupy._core.core._ndarray_init
  File "cupy/_core/core.pyx", line 300, in cupy._core.core._ndarray_base._init_fast
  File "cupy/cuda/memory.pyx", line 904, in cupy.cuda.memory.alloc
  File "cupy/cuda/memory.pyx", line 1614, in cupy.cuda.memory.MemoryPool.malloc
  File "cupy/cuda/memory.pyx", line 1635, in cupy.cuda.memory.MemoryPool.malloc
  File "cupy/cuda/memory.pyx", line 1350, in cupy.cuda.memory.SingleDeviceMemoryPool.malloc
  File "cupy/cuda/memory.pyx", line 1376, in cupy.cuda.memory.SingleDeviceMemoryPool._malloc
  File "cupy/cuda/memory.pyx", line 1560, in cupy.cuda.memory.SingleDeviceMemoryPool._try_malloc
cupy.cuda.memory.OutOfMemoryError: Out of memory allocating 134,217,728 bytes (allocated so far: 1,744,830,464 bytes).
  ...t=1.107e+10 tail sweep 41% (2500 pieces, 8 threads)
Exception in thread Thread-14 (_chunk):
Traceback (most recent call last):
  File "/usr/lib/python3.12/threading.py", line 1073, in _bootstrap_inner
    self.run()
  File "/usr/lib/python3.12/threading.py", line 1010, in run
    self._target(*self._args, **self._kwargs)
  File "/workspace/h1/RH/scripts/rh/day038_h1_3e10_gpu.py", line 569, in _chunk
    sr, si, br, bi, s_ar, dm = slabfn(
                               ^^^^^^^
  File "/workspace/h1/RH/scripts/rh/day038_h1_3e10_gpu.py", line 446, in slab_budget_gpu
    Exception in thread Thread-16 (_chunk):
Traceback (most recent call last):
  File "/usr/lib/python3.12/threading.py", line 1073, in _bootstrap_inner
    self.run()
  File "/usr/lib/python3.12/threading.py", line 1010, in run
    self._target(*self._args, **self._kwargs)
  File "/workspace/h1/RH/scripts/rh/day038_h1_3e10_gpu.py", line 569, in _chunk
    sr, si, br, bi, s_ar, dm = slabfn(
                               ^^^^^^^
  File "/workspace/h1/RH/scripts/rh/day038_h1_3e10_gpu.py", line 443, in slab_budget_gpu
    cc = cp.asarray(c)
         ^^^^^^^^^^^^^
  File "/opt/venvs/cupy/lib/python3.12/site-packages/cupy/_creation/from_data.py", line 94, in asarray
    return _core.array(a, dtype, copy, order, blocking=blocking)
           ^^^^^^^^^^^^^^^^^^^^^^^^^^^^^^^^^^^^^^^^^^^^^^^^^^^^^
  File "cupy/_core/core.pyx", line 2821, in cupy._core.core.array
  File "cupy/_core/core.pyx", line 2841, in cupy._core.core.array
  File "cupy/_core/core.pyx", line 3067, in cupy._core.core._array_default
  File "cupy/_core/core.pyx", line 176, in cupy._core.core.ndarray.__new__
  File "cupy/_core/core.pyx", line 282, in cupy._core.core._ndarray_base._init
  File "cupy/cuda/memory.pyx", line 904, in cupy.cuda.memory.alloc
  File "cupy/cuda/memory.pyx", line 1614, in cupy.cuda.memory.MemoryPool.malloc
  File "cupy/cuda/memory.pyx", line 1635, in cupy.cuda.memory.MemoryPool.malloc
  File "cupy/cuda/memory.pyx", line 1350, in cupy.cuda.memory.SingleDeviceMemoryPool.malloc
  File "cupy/cuda/memory.pyx", line 1376, in cupy.cuda.memory.SingleDeviceMemoryPool._malloc
  File "cupy/cuda/memory.pyx", line 1560, in cupy.cuda.memory.SingleDeviceMemoryPool._try_malloc
cupy.cuda.memory.OutOfMemoryError: Out of memory allocating 134,217,728 bytes (allocated so far: 2,147,483,648 bytes).
abs_g2t2 = cp.abs(g2 - t2)
               ^^^^^^^^^^^^^^^
  File "cupy/_core/_kernel.pyx", line 1374, in cupy._core._kernel.ufunc.__call__
  File "cupy/_core/_kernel.pyx", line 657, in cupy._core._kernel._get_out_args_from_optionals
  File "cupy/_core/core.pyx", line 3342, in cupy._core.core._ndarray_init
  File "cupy/_core/core.pyx", line 300, in cupy._core.core._ndarray_base._init_fast
  File "cupy/cuda/memory.pyx", line 904, in cupy.cuda.memory.alloc
  File "cupy/cuda/memory.pyx", line 1614, in cupy.cuda.memory.MemoryPool.malloc
  File "cupy/cuda/memory.pyx", line 1635, in cupy.cuda.memory.MemoryPool.malloc
  File "cupy/cuda/memory.pyx", line 1350, in cupy.cuda.memory.SingleDeviceMemoryPool.malloc
  File "cupy/cuda/memory.pyx", line 1376, in cupy.cuda.memory.SingleDeviceMemoryPool._malloc
  File "cupy/cuda/memory.pyx", line 1560, in cupy.cuda.memory.SingleDeviceMemoryPool._try_malloc
cupy.cuda.memory.OutOfMemoryError: Out of memory allocating 134,217,728 bytes (allocated so far: 1,744,830,464 bytes).
Exception in thread Thread-11 (_chunk):
Traceback (most recent call last):
  File "/usr/lib/python3.12/threading.py", line 1073, in _bootstrap_inner
    self.run()
  File "/usr/lib/python3.12/threading.py", line 1010, in run
    self._target(*self._args, **self._kwargs)
  File "/workspace/h1/RH/scripts/rh/day038_h1_3e10_gpu.py", line 569, in _chunk
    sr, si, br, bi, s_ar, dm = slabfn(
                               ^^^^^^^
  File "/workspace/h1/RH/scripts/rh/day038_h1_3e10_gpu.py", line 445, in slab_budget_gpu
Exception in thread Thread-12 (_chunk):
Traceback (most recent call last):
  File "/usr/lib/python3.12/threading.py", line 1073, in _bootstrap_inner
    self.run()
  File "/usr/lib/python3.12/threading.py", line 1010, in run
    self._target(*self._args, **self._kwargs)
  File "/workspace/h1/RH/scripts/rh/day038_h1_3e10_gpu.py", line 569, in _chunk
    sr, si, br, bi, s_ar, dm = slabfn(
                               ^^^^^^^
  File "/workspace/h1/RH/scripts/rh/day038_h1_3e10_gpu.py", line 446, in slab_budget_gpu
    abs_g2t2 = cp.abs(g2 - t2)
               ^^^^^^^^^^^^^^^
  File "cupy/_core/_kernel.pyx", line 1374, in cupy._core._kernel.ufunc.__call__
  File "cupy/_core/_kernel.pyx", line 657, in cupy._core._kernel._get_out_args_from_optionals
  File "cupy/_core/core.pyx", line 3342, in cupy._core.core._ndarray_init
  File "cupy/_core/core.pyx", line 300, in cupy._core.core._ndarray_base._init_fast
  File "cupy/cuda/memory.pyx", line 904, in cupy.cuda.memory.alloc
  File "cupy/cuda/memory.pyx", line 1614, in cupy.cuda.memory.MemoryPool.malloc
  File "cupy/cuda/memory.pyx", line 1635, in cupy.cuda.memory.MemoryPool.malloc
  File "cupy/cuda/memory.pyx", line 1350, in cupy.cuda.memory.SingleDeviceMemoryPool.malloc
  File "cupy/cuda/memory.pyx", line 1376, in cupy.cuda.memory.SingleDeviceMemoryPool._malloc
  File "cupy/cuda/memory.pyx", line 1560, in cupy.cuda.memory.SingleDeviceMemoryPool._try_malloc
cupy.cuda.memory.OutOfMemoryError: Out of memory allocating 134,217,728 bytes (allocated so far: 2,147,483,648 bytes).
Exception in thread Thread-13 (_chunk):
Traceback (most recent call last):
  File "/usr/lib/python3.12/threading.py", line 1073, in _bootstrap_inner
    self.run()
  File "/usr/lib/python3.12/threading.py", line 1010, in run
    self._target(*self._args, **self._kwargs)
  File "/workspace/h1/RH/scripts/rh/day038_h1_3e10_gpu.py", line 569, in _chunk
    sr, si, br, bi, s_ar, dm = slabfn(
                               ^^^^^^^
  File "/workspace/h1/RH/scripts/rh/day038_h1_3e10_gpu.py", line 446, in slab_budget_gpu
    abs_g2t2 = cp.abs(g2 - t2)
               ^^^^^^^^^^^^^^^
  File "cupy/_core/_kernel.pyx", line 1374, in cupy._core._kernel.ufunc.__call__
  File "cupy/_core/_kernel.pyx", line 657, in cupy._core._kernel._get_out_args_from_optionals
  File "cupy/_core/core.pyx", line 3342, in cupy._core.core._ndarray_init
  File "cupy/_core/core.pyx", line 300, in cupy._core.core._ndarray_base._init_fast
  File "cupy/cuda/memory.pyx", line 904, in cupy.cuda.memory.alloc
  File "cupy/cuda/memory.pyx", line 1614, in cupy.cuda.memory.MemoryPool.malloc
  File "cupy/cuda/memory.pyx", line 1635, in cupy.cuda.memory.MemoryPool.malloc
  File "cupy/cuda/memory.pyx", line 1350, in cupy.cuda.memory.SingleDeviceMemoryPool.malloc
  File "cupy/cuda/memory.pyx", line 1376, in cupy.cuda.memory.SingleDeviceMemoryPool._malloc
  File "cupy/cuda/memory.pyx", line 1560, in cupy.cuda.memory.SingleDeviceMemoryPool._try_malloc
cupy.cuda.memory.OutOfMemoryError: Out of memory allocating 134,217,728 bytes (allocated so far: 2,013,265,920 bytes).
    A = g2 + 0.25
        ~~~^~~~~~
  File "cupy/_core/core.pyx", line 1570, in cupy._core.core._ndarray_base.__add__
  File "cupy/_core/core.pyx", line 2024, in cupy._core.core._ndarray_base.__array_ufunc__
  File "cupy/_core/_kernel.pyx", line 1374, in cupy._core._kernel.ufunc.__call__
  File "cupy/_core/_kernel.pyx", line 657, in cupy._core._kernel._get_out_args_from_optionals
  File "cupy/_core/core.pyx", line 3342, in cupy._core.core._ndarray_init
  File "cupy/_core/core.pyx", line 300, in cupy._core.core._ndarray_base._init_fast
  File "cupy/cuda/memory.pyx", line 904, in cupy.cuda.memory.alloc
  File "cupy/cuda/memory.pyx", line 1614, in cupy.cuda.memory.MemoryPool.malloc
  File "cupy/cuda/memory.pyx", line 1635, in cupy.cuda.memory.MemoryPool.malloc
  File "cupy/cuda/memory.pyx", line 1350, in cupy.cuda.memory.SingleDeviceMemoryPool.malloc
  File "cupy/cuda/memory.pyx", line 1376, in cupy.cuda.memory.SingleDeviceMemoryPool._malloc
  File "cupy/cuda/memory.pyx", line 1560, in cupy.cuda.memory.SingleDeviceMemoryPool._try_malloc
cupy.cuda.memory.OutOfMemoryError: Out of memory allocating 134,217,728 bytes (allocated so far: 2,147,483,648 bytes).
Exception in thread Thread-15 (_chunk):
Traceback (most recent call last):
  File "/usr/lib/python3.12/threading.py", line 1073, in _bootstrap_inner
    self.run()
  File "/usr/lib/python3.12/threading.py", line 1010, in run
    self._target(*self._args, **self._kwargs)
  File "/workspace/h1/RH/scripts/rh/day038_h1_3e10_gpu.py", line 569, in _chunk
    sr, si, br, bi, s_ar, dm = slabfn(
                               ^^^^^^^
  File "/workspace/h1/RH/scripts/rh/day038_h1_3e10_gpu.py", line 445, in slab_budget_gpu
    A = g2 + 0.25
        ~~~^~~~~~
  File "cupy/_core/core.pyx", line 1570, in cupy._core.core._ndarray_base.__add__
  File "cupy/_core/core.pyx", line 2024, in cupy._core.core._ndarray_base.__array_ufunc__
  File "cupy/_core/_kernel.pyx", line 1374, in cupy._core._kernel.ufunc.__call__
  File "cupy/_core/_kernel.pyx", line 657, in cupy._core._kernel._get_out_args_from_optionals
  File "cupy/_core/core.pyx", line 3342, in cupy._core.core._ndarray_init
  File "cupy/_core/core.pyx", line 300, in cupy._core.core._ndarray_base._init_fast
  File "cupy/cuda/memory.pyx", line 904, in cupy.cuda.memory.alloc
  File "cupy/cuda/memory.pyx", line 1614, in cupy.cuda.memory.MemoryPool.malloc
  File "cupy/cuda/memory.pyx", line 1635, in cupy.cuda.memory.MemoryPool.malloc
  File "cupy/cuda/memory.pyx", line 1350, in cupy.cuda.memory.SingleDeviceMemoryPool.malloc
  File "cupy/cuda/memory.pyx", line 1376, in cupy.cuda.memory.SingleDeviceMemoryPool._malloc
  File "cupy/cuda/memory.pyx", line 1560, in cupy.cuda.memory.SingleDeviceMemoryPool._try_malloc
cupy.cuda.memory.OutOfMemoryError: Out of memory allocating 134,217,728 bytes (allocated so far: 1,879,048,192 bytes).
Exception in thread Thread-9 (_chunk):
Traceback (most recent call last):
  File "/usr/lib/python3.12/threading.py", line 1073, in _bootstrap_inner
    self.run()
  File "/usr/lib/python3.12/threading.py", line 1010, in run
    self._target(*self._args, **self._kwargs)
  File "/workspace/h1/RH/scripts/rh/day038_h1_3e10_gpu.py", line 569, in _chunk
    sr, si, br, bi, s_ar, dm = slabfn(
                               ^^^^^^^
  File "/workspace/h1/RH/scripts/rh/day038_h1_3e10_gpu.py", line 444, in slab_budget_gpu
    g2 = cc * cc
         ~~~^~~~
  File "cupy/_core/core.pyx", line 1582, in cupy._core.core._ndarray_base.__mul__
  File "cupy/_core/_kernel.pyx", line 1374, in cupy._core._kernel.ufunc.__call__
  File "cupy/_core/_kernel.pyx", line 657, in cupy._core._kernel._get_out_args_from_optionals
  File "cupy/_core/core.pyx", line 3342, in cupy._core.core._ndarray_init
  File "cupy/_core/core.pyx", line 300, in cupy._core.core._ndarray_base._init_fast
  File "cupy/cuda/memory.pyx", line 904, in cupy.cuda.memory.alloc
  File "cupy/cuda/memory.pyx", line 1614, in cupy.cuda.memory.MemoryPool.malloc
  File "cupy/cuda/memory.pyx", line 1635, in cupy.cuda.memory.MemoryPool.malloc
  File "cupy/cuda/memory.pyx", line 1350, in cupy.cuda.memory.SingleDeviceMemoryPool.malloc
  File "cupy/cuda/memory.pyx", line 1376, in cupy.cuda.memory.SingleDeviceMemoryPool._malloc
  File "cupy/cuda/memory.pyx", line 1560, in cupy.cuda.memory.SingleDeviceMemoryPool._try_malloc
cupy.cuda.memory.OutOfMemoryError: Out of memory allocating 134,217,728 bytes (allocated so far: 1,744,830,464 bytes).
point  job  (win  0,  k  -8,  x=1.107323238e+10)  WORKER  FAILED:  TypeError('cannot unpack non-iterable NoneType object')  --  done  points  are  checkpointed;  supervisor  resumes
Exception in thread Thread-20 (_chunk):
Traceback (most recent call last):
  File "/usr/lib/python3.12/threading.py", line 1073, in _bootstrap_inner
    self.run()
  File "/usr/lib/python3.12/threading.py", line 1010, in run
    self._target(*self._args, **self._kwargs)
  File "/workspace/h1/RH/scripts/rh/day038_h1_3e10_gpu.py", line 569, in _chunk
    sr, si, br, bi, s_ar, dm = slabfn(
                               ^^^^^^^
  File "/workspace/h1/RH/scripts/rh/day038_h1_3e10_gpu.py", line 446, in slab_budget_gpu
    abs_g2t2 = cp.abs(g2 - t2)
                      ~~~^~~~
  File "cupy/_core/core.pyx", line 1578, in cupy._core.core._ndarray_base.__sub__
  File "cupy/_core/core.pyx", line 2024, in cupy._core.core._ndarray_base.__array_ufunc__
  File "cupy/_core/_kernel.pyx", line 1374, in cupy._core._kernel.ufunc.__call__
  File "cupy/_core/_kernel.pyx", line 657, in cupy._core._kernel._get_out_args_from_optionals
  File "cupy/_core/core.pyx", line 3342, in cupy._core.core._ndarray_init
  File "cupy/_core/core.pyx", line 300, in cupy._core.core._ndarray_base._init_fast
  File "cupy/cuda/memory.pyx", line 904, in cupy.cuda.memory.alloc
  File "cupy/cuda/memory.pyx", line 1614, in cupy.cuda.memory.MemoryPool.malloc
  File "cupy/cuda/memory.pyx", line 1635, in cupy.cuda.memory.MemoryPool.malloc
  File "cupy/cuda/memory.pyx", line 1350, in cupy.cuda.memory.SingleDeviceMemoryPool.malloc
  File "cupy/cuda/memory.pyx", line 1376, in cupy.cuda.memory.SingleDeviceMemoryPool._malloc
  File "cupy/cuda/memory.pyx", line 1560, in cupy.cuda.memory.SingleDeviceMemoryPool._try_malloc
cupy.cuda.memory.OutOfMemoryError: Out of memory allocating 134,217,728 bytes (allocated so far: 1,744,830,464 bytes).
Exception in thread Thread-23 (_chunk):
Traceback (most recent call last):
  File "/usr/lib/python3.12/threading.py", line 1073, in _bootstrap_inner
    self.run()
  File "/usr/lib/python3.12/threading.py", line 1010, in run
    self._target(*self._args, **self._kwargs)
  File "/workspace/h1/RH/scripts/rh/day038_h1_3e10_gpu.py", line 569, in _chunk
    sr, si, br, bi, s_ar, dm = slabfn(
                               ^^^^^^^
  File "/workspace/h1/RH/scripts/rh/day038_h1_3e10_gpu.py", line 443, in slab_budget_gpu
    cc = cp.asarray(c)
         ^^^^^^^^^^^^^
  File "/opt/venvs/cupy/lib/python3.12/site-packages/cupy/_creation/from_data.py", line 94, in asarray
    return _core.array(a, dtype, copy, order, blocking=blocking)
           ^^^^^^^^^^^^^^^^^^^^^^^^^^^^^^^^^^^^^^^^^^^^^^^^^^^^^
  File "cupy/_core/core.pyx", line 2821, in cupy._core.core.array
  File "cupy/_core/core.pyx", line 2841, in cupy._core.core.array
  File "cupy/_core/core.pyx", line 3067, in cupy._core.core._array_default
  File "cupy/_core/core.pyx", line 176, in cupy._core.core.ndarray.__new__
  File "cupy/_core/core.pyx", line 282, in cupy._core.core._ndarray_base._init
  File "cupy/cuda/memory.pyx", line 904, in cupy.cuda.memory.alloc
  File "cupy/cuda/memory.pyx", line 1614, in cupy.cuda.memory.MemoryPool.malloc
  File "cupy/cuda/memory.pyx", line 1635, in cupy.cuda.memory.MemoryPool.malloc
  File "cupy/cuda/memory.pyx", line 1350, in cupy.cuda.memory.SingleDeviceMemoryPool.malloc
  File "cupy/cuda/memory.pyx", line 1376, in cupy.cuda.memory.SingleDeviceMemoryPool._malloc
  File "cupy/cuda/memory.pyx", line 1560, in cupy.cuda.memory.SingleDeviceMemoryPool._try_malloc
cupy.cuda.memory.OutOfMemoryError: Out of memory allocating 134,217,728 bytes (allocated so far: 2,013,292,544 bytes).
Exception in thread Thread-22 (_chunk):
Traceback (most recent call last):
  File "/usr/lib/python3.12/threading.py", line 1073, in _bootstrap_inner
    self.run()
  File "/usr/lib/python3.12/threading.py", line 1010, in run
    self._target(*self._args, **self._kwargs)
  File "/workspace/h1/RH/scripts/rh/day038_h1_3e10_gpu.py", line 569, in _chunk
    sr, si, br, bi, s_ar, dm = slabfn(
                               ^^^^^^^
  File "/workspace/h1/RH/scripts/rh/day038_h1_3e10_gpu.py", line 443, in slab_budget_gpu
    cc = cp.asarray(c)
         ^^^^^^^^^^^^^
  File "/opt/venvs/cupy/lib/python3.12/site-packages/cupy/_creation/from_data.py", line 94, in asarray
    return _core.array(a, dtype, copy, order, blocking=blocking)
           ^^^^^^^^^^^^^^^^^^^^^^^^^^^^^^^^^^^^^^^^^^^^^^^^^^^^^
  File "cupy/_core/core.pyx", line 2821, in cupy._core.core.array
  File "cupy/_core/core.pyx", line 2841, in cupy._core.core.array
  File "cupy/_core/core.pyx", line 3067, in cupy._core.core._array_default
  File "cupy/_core/core.pyx", line 176, in cupy._core.core.ndarray.__new__
  File "cupy/_core/core.pyx", line 282, in cupy._core.core._ndarray_base._init
  File "cupy/cuda/memory.pyx", line 904, in cupy.cuda.memory.alloc
  File "cupy/cuda/memory.pyx", line 1614, in cupy.cuda.memory.MemoryPool.malloc
  File "cupy/cuda/memory.pyx", line 1635, in cupy.cuda.memory.MemoryPool.malloc
  File "cupy/cuda/memory.pyx", line 1350, in cupy.cuda.memory.SingleDeviceMemoryPool.malloc
  File "cupy/cuda/memory.pyx", line 1376, in cupy.cuda.memory.SingleDeviceMemoryPool._malloc
  File "cupy/cuda/memory.pyx", line 1560, in cupy.cuda.memory.SingleDeviceMemoryPool._try_malloc
cupy.cuda.memory.OutOfMemoryError: Out of memory allocating 134,217,728 bytes (allocated so far: 2,147,483,648 bytes).
Exception in thread Thread-24 (_chunk):
Traceback (most recent call last):
  File "/usr/lib/python3.12/threading.py", line 1073, in _bootstrap_inner
    self.run()
  File "/usr/lib/python3.12/threading.py", line 1010, in run
    self._target(*self._args, **self._kwargs)
  File "/workspace/h1/RH/scripts/rh/day038_h1_3e10_gpu.py", line 569, in _chunk
    sr, si, br, bi, s_ar, dm = slabfn(
                               ^^^^^^^
  File "/workspace/h1/RH/scripts/rh/day038_h1_3e10_gpu.py", line 445, in slab_budget_gpu
    A = g2 + 0.25
        ~~~^~~~~~
  File "cupy/_core/core.pyx", line 1570, in cupy._core.core._ndarray_base.__add__
  File "cupy/_core/core.pyx", line 2024, in cupy._core.core._ndarray_base.__array_ufunc__
  File "cupy/_core/_kernel.pyx", line 1374, in cupy._core._kernel.ufunc.__call__
  File "cupy/_core/_kernel.pyx", line 657, in cupy._core._kernel._get_out_args_from_optionals
  File "cupy/_core/core.pyx", line 3342, in cupy._core.core._ndarray_init
  File "cupy/_core/core.pyx", line 300, in cupy._core.core._ndarray_base._init_fast
  File "cupy/cuda/memory.pyx", line 904, in cupy.cuda.memory.alloc
  File "cupy/cuda/memory.pyx", line 1614, in cupy.cuda.memory.MemoryPool.malloc
  File "cupy/cuda/memory.pyx", line 1635, in cupy.cuda.memory.MemoryPool.malloc
  File "cupy/cuda/memory.pyx", line 1350, in cupy.cuda.memory.SingleDeviceMemoryPool.malloc
  File "cupy/cuda/memory.pyx", line 1376, in cupy.cuda.memory.SingleDeviceMemoryPool._malloc
  File "cupy/cuda/memory.pyx", line 1560, in cupy.cuda.memory.SingleDeviceMemoryPool._try_malloc
cupy.cuda.memory.OutOfMemoryError: Out of memory allocating 134,217,728 bytes (allocated so far: 2,147,483,648 bytes).
Exception in thread Thread-19 (_chunk):
Traceback (most recent call last):
  File "/usr/lib/python3.12/threading.py", line 1073, in _bootstrap_inner
    self.run()
  File "/usr/lib/python3.12/threading.py", line 1010, in run
    self._target(*self._args, **self._kwargs)
  File "/workspace/h1/RH/scripts/rh/day038_h1_3e10_gpu.py", line 569, in _chunk
    sr, si, br, bi, s_ar, dm = slabfn(
                               ^^^^^^^
  File "/workspace/h1/RH/scripts/rh/day038_h1_3e10_gpu.py", line 444, in slab_budget_gpu
    g2 = cc * cc
         ~~~^~~~
  File "cupy/_core/core.pyx", line 1582, in cupy._core.core._ndarray_base.__mul__
  File "cupy/_core/_kernel.pyx", line 1374, in cupy._core._kernel.ufunc.__call__
  File "cupy/_core/_kernel.pyx", line 657, in cupy._core._kernel._get_out_args_from_optionals
  File "cupy/_core/core.pyx", line 3342, in cupy._core.core._ndarray_init
  File "cupy/_core/core.pyx", line 300, in cupy._core.core._ndarray_base._init_fast
  File "cupy/cuda/memory.pyx", line 904, in cupy.cuda.memory.alloc
  File "cupy/cuda/memory.pyx", line 1614, in cupy.cuda.memory.MemoryPool.malloc
  File "cupy/cuda/memory.pyx", line 1635, in cupy.cuda.memory.MemoryPool.malloc
  File "cupy/cuda/memory.pyx", line 1350, in cupy.cuda.memory.SingleDeviceMemoryPool.malloc
  File "cupy/cuda/memory.pyx", line 1376, in cupy.cuda.memory.SingleDeviceMemoryPool._malloc
  File "cupy/cuda/memory.pyx", line 1560, in cupy.cuda.memory.SingleDeviceMemoryPool._try_malloc
cupy.cuda.memory.OutOfMemoryError: Out of memory allocating 134,217,728 bytes (allocated so far: 2,013,265,920 bytes).
Exception in thread Thread-18 (_chunk):
Traceback (most recent call last):
  File "/usr/lib/python3.12/threading.py", line 1073, in _bootstrap_inner
    self.run()
  File "/usr/lib/python3.12/threading.py", line 1010, in run
    self._target(*self._args, **self._kwargs)
  File "/workspace/h1/RH/scripts/rh/day038_h1_3e10_gpu.py", line 569, in _chunk
    sr, si, br, bi, s_ar, dm = slabfn(
                               ^^^^^^^
  File "/workspace/h1/RH/scripts/rh/day038_h1_3e10_gpu.py", line 443, in slab_budget_gpu
    cc = cp.asarray(c)
         ^^^^^^^^^^^^^
  File "/opt/venvs/cupy/lib/python3.12/site-packages/cupy/_creation/from_data.py", line 94, in asarray
    return _core.array(a, dtype, copy, order, blocking=blocking)
           ^^^^^^^^^^^^^^^^^^^^^^^^^^^^^^^^^^^^^^^^^^^^^^^^^^^^^
  File "cupy/_core/core.pyx", line 2821, in cupy._core.core.array
  File "cupy/_core/core.pyx", line 2841, in cupy._core.core.array
  File "cupy/_core/core.pyx", line 3067, in cupy._core.core._array_default
  File "cupy/_core/core.pyx", line 176, in cupy._core.core.ndarray.__new__
  File "cupy/_core/core.pyx", line 282, in cupy._core.core._ndarray_base._init
  File "cupy/cuda/memory.pyx", line 904, in cupy.cuda.memory.alloc
  File "cupy/cuda/memory.pyx", line 1614, in cupy.cuda.memory.MemoryPool.malloc
  File "cupy/cuda/memory.pyx", line 1635, in cupy.cuda.memory.MemoryPool.malloc
  File "cupy/cuda/memory.pyx", line 1350, in cupy.cuda.memory.SingleDeviceMemoryPool.malloc
  File "cupy/cuda/memory.pyx", line 1376, in cupy.cuda.memory.SingleDeviceMemoryPool._malloc
  File "cupy/cuda/memory.pyx", line 1560, in cupy.cuda.memory.SingleDeviceMemoryPool._try_malloc
cupy.cuda.memory.OutOfMemoryError: Out of memory allocating 134,217,728 bytes (allocated so far: 1,879,048,192 bytes).
Exception in thread Thread-21 (_chunk):
Traceback (most recent call last):
  File "/usr/lib/python3.12/threading.py", line 1073, in _bootstrap_inner
    self.run()
  File "/usr/lib/python3.12/threading.py", line 1010, in run
    self._target(*self._args, **self._kwargs)
  File "/workspace/h1/RH/scripts/rh/day038_h1_3e10_gpu.py", line 569, in _chunk
    sr, si, br, bi, s_ar, dm = slabfn(
                               ^^^^^^^
  File "/workspace/h1/RH/scripts/rh/day038_h1_3e10_gpu.py", line 446, in slab_budget_gpu
    abs_g2t2 = cp.abs(g2 - t2)
               ^^^^^^^^^^^^^^^
  File "cupy/_core/_kernel.pyx", line 1374, in cupy._core._kernel.ufunc.__call__
  File "cupy/_core/_kernel.pyx", line 657, in cupy._core._kernel._get_out_args_from_optionals
  File "cupy/_core/core.pyx", line 3342, in cupy._core.core._ndarray_init
  File "cupy/_core/core.pyx", line 300, in cupy._core.core._ndarray_base._init_fast
  File "cupy/cuda/memory.pyx", line 904, in cupy.cuda.memory.alloc
  File "cupy/cuda/memory.pyx", line 1614, in cupy.cuda.memory.MemoryPool.malloc
  File "cupy/cuda/memory.pyx", line 1635, in cupy.cuda.memory.MemoryPool.malloc
  File "cupy/cuda/memory.pyx", line 1350, in cupy.cuda.memory.SingleDeviceMemoryPool.malloc
  File "cupy/cuda/memory.pyx", line 1376, in cupy.cuda.memory.SingleDeviceMemoryPool._malloc
  File "cupy/cuda/memory.pyx", line 1560, in cupy.cuda.memory.SingleDeviceMemoryPool._try_malloc
cupy.cuda.memory.OutOfMemoryError: Out of memory allocating 134,217,728 bytes (allocated so far: 1,744,830,464 bytes).
  ...t=1.107e+10 tail sweep 33% (2000 pieces, 8 threads)
  ...t=1.107e+10 tail sweep 50% (3000 pieces, 8 threads)
  ...t=1.107e+10 tail sweep 50% (3000 pieces, 8 threads)
  ...t=1.107e+10 tail sweep 41% (2500 pieces, 8 threads)
  ...t=1.107e+10 tail sweep 58% (3500 pieces, 8 threads)
  ...t=1.107e+10 tail sweep 58% (3500 pieces, 8 threads)
  ...t=1.107e+10 tail sweep 50% (3000 pieces, 8 threads)
  ...t=1.107e+10 tail sweep 66% (4000 pieces, 8 threads)
  ...t=1.107e+10 tail sweep 66% (4000 pieces, 8 threads)
  ...t=1.107e+10 tail sweep 8% (500 pieces, 8 threads)
  ...t=1.107e+10 tail sweep 58% (3500 pieces, 8 threads)
  ...t=1.107e+10 tail sweep 74% (4500 pieces, 8 threads)
  ...t=1.107e+10 tail sweep 74% (4500 pieces, 8 threads)
point  job  (win  0,  k  -10,  x=1.107323238e+10)  WORKER  FAILED:  TypeError('cannot unpack non-iterable NoneType object')  --  done  points  are  checkpointed;  supervisor  resumes
Exception in thread Thread-16 (_chunk):
Traceback (most recent call last):
  File "/usr/lib/python3.12/threading.py", line 1073, in _bootstrap_inner
    self.run()
  File "/usr/lib/python3.12/threading.py", line 1010, in run
    self._target(*self._args, **self._kwargs)
  File "/workspace/h1/RH/scripts/rh/day038_h1_3e10_gpu.py", line 569, in _chunk
    sr, si, br, bi, s_ar, dm = slabfn(
                               ^^^^^^^
  File "/workspace/h1/RH/scripts/rh/day038_h1_3e10_gpu.py", line 455, in slab_budget_gpu
    dredg = (2.0 * cc / cp.maximum(abs_g2t2, 1e-30)
             ~~~~~~~~~^~~~~~~~~~~~~~~~~~~~~~~~~~~~~
  File "cupy/_core/core.pyx", line 1606, in cupy._core.core._ndarray_base.__truediv__
  File "cupy/_core/_kernel.pyx", line 1374, in cupy._core._kernel.ufunc.__call__
  File "cupy/_core/_kernel.pyx", line 657, in cupy._core._kernel._get_out_args_from_optionals
  File "cupy/_core/core.pyx", line 3342, in cupy._core.core._ndarray_init
  File "cupy/_core/core.pyx", line 300, in cupy._core.core._ndarray_base._init_fast
  File "cupy/cuda/memory.pyx", line 904, in cupy.cuda.memory.alloc
  File "cupy/cuda/memory.pyx", line 1614, in cupy.cuda.memory.MemoryPool.malloc
  File "cupy/cuda/memory.pyx", line 1635, in cupy.cuda.memory.MemoryPool.malloc
  File "cupy/cuda/memory.pyx", line 1350, in cupy.cuda.memory.SingleDeviceMemoryPool.malloc
  File "cupy/cuda/memory.pyx", line 1376, in cupy.cuda.memory.SingleDeviceMemoryPool._malloc
  File "cupy/cuda/memory.pyx", line 1560, in cupy.cuda.memory.SingleDeviceMemoryPool._try_malloc
cupy.cuda.memory.OutOfMemoryError: Out of memory allocating 134,217,728 bytes (allocated so far: 8,053,090,304 bytes).
  ...t=1.107e+10 tail sweep 83% (5000 pieces, 8 threads)
  ...t=1.107e+10 tail sweep 83% (5000 pieces, 8 threads)
Exception in thread Thread-12 (_chunk):
Traceback (most recent call last):
  File "/usr/lib/python3.12/threading.py", line 1073, in _bootstrap_inner
    self.run()
  File "/usr/lib/python3.12/threading.py", line 1010, in run
    self._target(*self._args, **self._kwargs)
  File "/workspace/h1/RH/scripts/rh/day038_h1_3e10_gpu.py", line 569, in _chunk
    sr, si, br, bi, s_ar, dm = slabfn(
                               ^^^^^^^
  File "/workspace/h1/RH/scripts/rh/day038_h1_3e10_gpu.py", line 457, in slab_budget_gpu
    dimdg = tf * 2.0 * cc / (A * A)                # > 0
            ~~~~~~~~~~~~~~^~~~~~~~~
  File "cupy/_core/core.pyx", line 1606, in cupy._core.core._ndarray_base.__truediv__
  File "cupy/_core/_kernel.pyx", line 1374, in cupy._core._kernel.ufunc.__call__
  File "cupy/_core/_kernel.pyx", line 657, in cupy._core._kernel._get_out_args_from_optionals
  File "cupy/_core/core.pyx", line 3342, in cupy._core.core._ndarray_init
  File "cupy/_core/core.pyx", line 300, in cupy._core.core._ndarray_base._init_fast
  File "cupy/cuda/memory.pyx", line 904, in cupy.cuda.memory.alloc
  File "cupy/cuda/memory.pyx", line 1614, in cupy.cuda.memory.MemoryPool.malloc
  File "cupy/cuda/memory.pyx", line 1635, in cupy.cuda.memory.MemoryPool.malloc
  File "cupy/cuda/memory.pyx", line 1350, in cupy.cuda.memory.SingleDeviceMemoryPool.malloc
  File "cupy/cuda/memory.pyx", line 1376, in cupy.cuda.memory.SingleDeviceMemoryPool._malloc
  File "cupy/cuda/memory.pyx", line 1560, in cupy.cuda.memory.SingleDeviceMemoryPool._try_malloc
cupy.cuda.memory.OutOfMemoryError: Out of memory allocating 134,217,728 bytes (allocated so far: 7,918,845,952 bytes).
point  job  (win  0,  k  -7,  x=1.107323238e+10)  WORKER  FAILED:  TypeError('cannot unpack non-iterable NoneType object')  --  done  points  are  checkpointed;  supervisor  resumes
Exception in thread Thread-11 (_chunk):
Traceback (most recent call last):
  File "/usr/lib/python3.12/threading.py", line 1073, in _bootstrap_inner
    self.run()
  File "/usr/lib/python3.12/threading.py", line 1010, in run
    self._target(*self._args, **self._kwargs)
  File "/workspace/h1/RH/scripts/rh/day038_h1_3e10_gpu.py", line 569, in _chunk
    sr, si, br, bi, s_ar, dm = slabfn(
                               ^^^^^^^
  File "/workspace/h1/RH/scripts/rh/day038_h1_3e10_gpu.py", line 443, in slab_budget_gpu
    cc = cp.asarray(c)
         ^^^^^^^^^^^^^
  File "/opt/venvs/cupy/lib/python3.12/site-packages/cupy/_creation/from_data.py", line 94, in asarray
    return _core.array(a, dtype, copy, order, blocking=blocking)
           ^^^^^^^^^^^^^^^^^^^^^^^^^^^^^^^^^^^^^^^^^^^^^^^^^^^^^
  File "cupy/_core/core.pyx", line 2821, in cupy._core.core.array
  File "cupy/_core/core.pyx", line 2841, in cupy._core.core.array
  File "cupy/_core/core.pyx", line 3067, in cupy._core.core._array_default
  File "cupy/_core/core.pyx", line 176, in cupy._core.core.ndarray.__new__
  File "cupy/_core/core.pyx", line 282, in cupy._core.core._ndarray_base._init
  File "cupy/cuda/memory.pyx", line 904, in cupy.cuda.memory.alloc
  File "cupy/cuda/memory.pyx", line 1614, in cupy.cuda.memory.MemoryPool.malloc
  File "cupy/cuda/memory.pyx", line 1635, in cupy.cuda.memory.MemoryPool.malloc
  File "cupy/cuda/memory.pyx", line 1350, in cupy.cuda.memory.SingleDeviceMemoryPool.malloc
  File "cupy/cuda/memory.pyx", line 1376, in cupy.cuda.memory.SingleDeviceMemoryPool._malloc
  File "cupy/cuda/memory.pyx", line 1560, in cupy.cuda.memory.SingleDeviceMemoryPool._try_malloc
cupy.cuda.memory.OutOfMemoryError: Out of memory allocating 134,217,728 bytes (allocated so far: 3,623,878,656 bytes).
Exception in thread Exception in thread Thread-30 (_chunk):
Traceback (most recent call last):
  File "/usr/lib/python3.12/threading.py", line 1073, in _bootstrap_inner
    self.run()
  File "/usr/lib/python3.12/threading.py", line 1010, in run
    self._target(*self._args, **self._kwargs)
  File "/workspace/h1/RH/scripts/rh/day038_h1_3e10_gpu.py", line 569, in _chunk
Thread-27 (_chunk):
Traceback (most recent call last):
  File "/usr/lib/python3.12/threading.py", line 1073, in _bootstrap_inner
    self.run()
  File "/usr/lib/python3.12/threading.py", line 1010, in run
    self._target(*self._args, **self._kwargs)
  File "/workspace/h1/RH/scripts/rh/day038_h1_3e10_gpu.py", line 569, in _chunk
    sr, si, br, bi, s_ar, dm = slabfn(
                               ^^^^^^^
  File "/workspace/h1/RH/scripts/rh/day038_h1_3e10_gpu.py", line 447, in slab_budget_gpu
    re_t = cp.log(abs_g2t2) - cp.log(A) + 0.5 / A
           ^^^^^^^^^^^^^^^^
  File "cupy/_core/_kernel.pyx", line 1374, in cupy._core._kernel.ufunc.__call__
  File "cupy/_core/_kernel.pyx", line 657, in cupy._core._kernel._get_out_args_from_optionals
  File "cupy/_core/core.pyx", line 3342, in cupy._core.core._ndarray_init
  File "cupy/_core/core.pyx", line 300, in cupy._core.core._ndarray_base._init_fast
  File "cupy/cuda/memory.pyx", line 904, in cupy.cuda.memory.alloc
  File "cupy/cuda/memory.pyx", line 1614, in cupy.cuda.memory.MemoryPool.malloc
  File "cupy/cuda/memory.pyx", line 1635, in cupy.cuda.memory.MemoryPool.malloc
  File "cupy/cuda/memory.pyx", line 1350, in cupy.cuda.memory.SingleDeviceMemoryPool.malloc
  File "cupy/cuda/memory.pyx", line 1376, in cupy.cuda.memory.SingleDeviceMemoryPool._malloc
  File "cupy/cuda/memory.pyx", line 1560, in cupy.cuda.memory.SingleDeviceMemoryPool._try_malloc
cupy.cuda.memory.OutOfMemoryError: Out of memory allocating 134,217,728 bytes (allocated so far: 6,576,668,672 bytes).
Exception in thread Thread-32 (_chunk):
Traceback (most recent call last):
  File "/usr/lib/python3.12/threading.py", line 1073, in _bootstrap_inner
    self.run()
  File "/usr/lib/python3.12/threading.py", line 1010, in run
    self._target(*self._args, **self._kwargs)
  File "/workspace/h1/RH/scripts/rh/day038_h1_3e10_gpu.py", line 569, in _chunk
    sr, si, br, bi, s_ar, dm = slabfn(
                               ^^^^^^^
  File "/workspace/h1/RH/scripts/rh/day038_h1_3e10_gpu.py", line 452, in slab_budget_gpu
    S2 = float(cp.maximum(cp.abs(re_t), 0.5 / A).sum())
                                        ~~~~^~~
  File "cupy/_core/core.pyx", line 1606, in cupy._core.core._ndarray_base.__truediv__
  File "cupy/_core/_kernel.pyx", line 1374, in cupy._core._kernel.ufunc.__call__
  File "cupy/_core/_kernel.pyx", line 657, in cupy._core._kernel._get_out_args_from_optionals
  File "cupy/_core/core.pyx", line 3342, in cupy._core.core._ndarray_init
  File "cupy/_core/core.pyx", line 300, in cupy._core.core._ndarray_base._init_fast
  File "cupy/cuda/memory.pyx", line 904, in cupy.cuda.memory.alloc
  File "cupy/cuda/memory.pyx", line 1614, in cupy.cuda.memory.MemoryPool.malloc
  File "cupy/cuda/memory.pyx", line 1635, in cupy.cuda.memory.MemoryPool.malloc
  File "cupy/cuda/memory.pyx", line 1350, in cupy.cuda.memory.SingleDeviceMemoryPool.malloc
  File "cupy/cuda/memory.pyx", line 1376, in cupy.cuda.memory.SingleDeviceMemoryPool._malloc
  File "cupy/cuda/memory.pyx", line 1560, in cupy.cuda.memory.SingleDeviceMemoryPool._try_malloc
    sr, si, br, bi, s_ar, dm = slabfn(
                               ^^^^^^^
  File "/workspace/h1/RH/scripts/rh/day038_h1_3e10_gpu.py", line 457, in slab_budget_gpu
    dimdg = tf * 2.0 * cc / (A * A)                # > 0
            ~~~~~~~~~~~~~~^~~~~~~~~
  File "cupy/_core/core.pyx", line 1606, in cupy._core.core._ndarray_base.__truediv__
  File "cupy/_core/_kernel.pyx", line 1374, in cupy._core._kernel.ufunc.__call__
  File "cupy/_core/_kernel.pyx", line 657, in cupy._core._kernel._get_out_args_from_optionals
  File "cupy/_core/core.pyx", line 3342, in cupy._core.core._ndarray_init
  File "cupy/_core/core.pyx", line 300, in cupy._core.core._ndarray_base._init_fast
  File "cupy/cuda/memory.pyx", line 904, in cupy.cuda.memory.alloc
  File "cupy/cuda/memory.pyx", line 1614, in cupy.cuda.memory.MemoryPool.malloc
  File "cupy/cuda/memory.pyx", line 1635, in cupy.cuda.memory.MemoryPool.malloc
  File "cupy/cuda/memory.pyx", line 1350, in cupy.cuda.memory.SingleDeviceMemoryPool.malloc
  File "cupy/cuda/memory.pyx", line 1376, in cupy.cuda.memory.SingleDeviceMemoryPool._malloc
  File "cupy/cuda/memory.pyx", line 1560, in cupy.cuda.memory.SingleDeviceMemoryPool._try_malloc
cupy.cuda.memory.OutOfMemoryError: Out of memory allocating 134,217,728 bytes (allocated so far: 6,576,668,672 bytes).
cupy.cuda.memory.OutOfMemoryError: Out of memory allocating 134,217,728 bytes (allocated so far: 6,710,886,400 bytes).
Exception in thread Thread-25 (_chunk):
Traceback (most recent call last):
  File "/usr/lib/python3.12/threading.py", line 1073, in _bootstrap_inner
    self.run()
  File "/usr/lib/python3.12/threading.py", line 1010, in run
    self._target(*self._args, **self._kwargs)
  File "/workspace/h1/RH/scripts/rh/day038_h1_3e10_gpu.py", line 569, in _chunk
    sr, si, br, bi, s_ar, dm = slabfn(
                               ^^^^^^^
  File "/workspace/h1/RH/scripts/rh/day038_h1_3e10_gpu.py", line 457, in slab_budget_gpu
    dimdg = tf * 2.0 * cc / (A * A)                # > 0
            ~~~~~~~~~~~~~~^~~~~~~~~
  File "cupy/_core/core.pyx", line 1606, in cupy._core.core._ndarray_base.__truediv__
  File "cupy/_core/_kernel.pyx", line 1374, in cupy._core._kernel.ufunc.__call__
  File "cupy/_core/_kernel.pyx", line 657, in cupy._core._kernel._get_out_args_from_optionals
  File "cupy/_core/core.pyx", line 3342, in cupy._core.core._ndarray_init
  File "cupy/_core/core.pyx", line 300, in cupy._core.core._ndarray_base._init_fast
  File "cupy/cuda/memory.pyx", line 904, in cupy.cuda.memory.alloc
  File "cupy/cuda/memory.pyx", line 1614, in cupy.cuda.memory.MemoryPool.malloc
  File "cupy/cuda/memory.pyx", line 1635, in cupy.cuda.memory.MemoryPool.malloc
  File "cupy/cuda/memory.pyx", line 1350, in cupy.cuda.memory.SingleDeviceMemoryPool.malloc
  File "cupy/cuda/memory.pyx", line 1376, in cupy.cuda.memory.SingleDeviceMemoryPool._malloc
  File "cupy/cuda/memory.pyx", line 1560, in cupy.cuda.memory.SingleDeviceMemoryPool._try_malloc
cupy.cuda.memory.OutOfMemoryError: Out of memory allocating 134,217,728 bytes (allocated so far: 6,174,015,488 bytes).
Exception in thread Thread-10 (_chunk):
Traceback (most recent call last):
  File "/usr/lib/python3.12/threading.py", line 1073, in _bootstrap_inner
    self.run()
  File "/usr/lib/python3.12/threading.py", line 1010, in run
    self._target(*self._args, **self._kwargs)
  File "/workspace/h1/RH/scripts/rh/day038_h1_3e10_gpu.py", line 569, in _chunk
    sr, si, br, bi, s_ar, dm = slabfn(
                               ^^^^^^^
  File "/workspace/h1/RH/scripts/rh/day038_h1_3e10_gpu.py", line 446, in slab_budget_gpu
    abs_g2t2 = cp.abs(g2 - t2)
                      ~~~^~~~
  File "cupy/_core/core.pyx", line 1578, in cupy._core.core._ndarray_base.__sub__
  File "cupy/_core/core.pyx", line 2024, in cupy._core.core._ndarray_base.__array_ufunc__
  File "cupy/_core/_kernel.pyx", line 1374, in cupy._core._kernel.ufunc.__call__
  File "cupy/_core/_kernel.pyx", line 657, in cupy._core._kernel._get_out_args_from_optionals
  File "cupy/_core/core.pyx", line 3342, in cupy._core.core._ndarray_init
  File "cupy/_core/core.pyx", line 300, in cupy._core.core._ndarray_base._init_fast
  File "cupy/cuda/memory.pyx", line 904, in cupy.cuda.memory.alloc
  File "cupy/cuda/memory.pyx", line 1614, in cupy.cuda.memory.MemoryPool.malloc
  File "cupy/cuda/memory.pyx", line 1635, in cupy.cuda.memory.MemoryPool.malloc
  File "cupy/cuda/memory.pyx", line 1350, in cupy.cuda.memory.SingleDeviceMemoryPool.malloc
  File "cupy/cuda/memory.pyx", line 1376, in cupy.cuda.memory.SingleDeviceMemoryPool._malloc
  File "cupy/cuda/memory.pyx", line 1560, in cupy.cuda.memory.SingleDeviceMemoryPool._try_malloc
cupy.cuda.memory.OutOfMemoryError: Out of memory allocating 134,217,728 bytes (allocated so far: 2,952,790,016 bytes).
Exception in thread Thread-15 (_chunk):
Traceback (most recent call last):
  File "/usr/lib/python3.12/threading.py", line 1073, in _bootstrap_inner
    self.run()
  File "/usr/lib/python3.12/threading.py", line 1010, in run
    self._target(*self._args, **self._kwargs)
  File "/workspace/h1/RH/scripts/rh/day038_h1_3e10_gpu.py", line 569, in _chunk
    sr, si, br, bi, s_ar, dm = slabfn(
                               ^^^^^^^
  File "/workspace/h1/RH/scripts/rh/day038_h1_3e10_gpu.py", line 446, in slab_budget_gpu
    abs_g2t2 = cp.abs(g2 - t2)
               ^^^^^^^^^^^^^^^
  File "cupy/_core/_kernel.pyx", line 1374, in cupy._core._kernel.ufunc.__call__
  File "cupy/_core/_kernel.pyx", line 657, in cupy._core._kernel._get_out_args_from_optionals
  File "cupy/_core/core.pyx", line 3342, in cupy._core.core._ndarray_init
  File "cupy/_core/core.pyx", line 300, in cupy._core.core._ndarray_base._init_fast
  File "cupy/cuda/memory.pyx", line 904, in cupy.cuda.memory.alloc
  File "cupy/cuda/memory.pyx", line 1614, in cupy.cuda.memory.MemoryPool.malloc
  File "cupy/cuda/memory.pyx", line 1635, in cupy.cuda.memory.MemoryPool.malloc
  File "cupy/cuda/memory.pyx", line 1350, in cupy.cuda.memory.SingleDeviceMemoryPool.malloc
  File "cupy/cuda/memory.pyx", line 1376, in cupy.cuda.memory.SingleDeviceMemoryPool._malloc
  File "cupy/cuda/memory.pyx", line 1560, in cupy.cuda.memory.SingleDeviceMemoryPool._try_malloc
cupy.cuda.memory.OutOfMemoryError: Out of memory allocating 134,217,728 bytes (allocated so far: 2,952,790,016 bytes).
Exception in thread Thread-9 (_chunk):
Traceback (most recent call last):
  File "/usr/lib/python3.12/threading.py", line 1073, in _bootstrap_inner
    self.run()
  File "/usr/lib/python3.12/threading.py", line 1010, in run
    self._target(*self._args, **self._kwargs)
  File "/workspace/h1/RH/scripts/rh/day038_h1_3e10_gpu.py", line 569, in _chunk
    sr, si, br, bi, s_ar, dm = slabfn(
                               ^^^^^^^
  File "/workspace/h1/RH/scripts/rh/day038_h1_3e10_gpu.py", line 447, in slab_budget_gpu
    re_t = cp.log(abs_g2t2) - cp.log(A) + 0.5 / A
           ~~~~~~~~~~~~~~~~~^~~~~~~~~~~
  File "cupy/_core/core.pyx", line 1574, in cupy._core.core._ndarray_base.__sub__
  File "cupy/_core/_kernel.pyx", line 1374, in cupy._core._kernel.ufunc.__call__
  File "cupy/_core/_kernel.pyx", line 657, in cupy._core._kernel._get_out_args_from_optionals
  File "cupy/_core/core.pyx", line 3342, in cupy._core.core._ndarray_init
  File "cupy/_core/core.pyx", line 300, in cupy._core.core._ndarray_base._init_fast
  File "cupy/cuda/memory.pyx", line 904, in cupy.cuda.memory.alloc
  File "cupy/cuda/memory.pyx", line 1614, in cupy.cuda.memory.MemoryPool.malloc
  File "cupy/cuda/memory.pyx", line 1635, in cupy.cuda.memory.MemoryPool.malloc
  File "cupy/cuda/memory.pyx", line 1350, in cupy.cuda.memory.SingleDeviceMemoryPool.malloc
  File "cupy/cuda/memory.pyx", line 1376, in cupy.cuda.memory.SingleDeviceMemoryPool._malloc
  File "cupy/cuda/memory.pyx", line 1560, in cupy.cuda.memory.SingleDeviceMemoryPool._try_malloc
cupy.cuda.memory.OutOfMemoryError: Out of memory allocating 134,217,728 bytes (allocated so far: 3,221,225,472 bytes).
  ...t=1.107e+10 tail sweep 91% (5500 pieces, 8 threads)
  ...t=1.107e+10 tail sweep 91% (5500 pieces, 8 threads)
  ...t=1.107e+10 tail sweep 8% (500 pieces, 8 threads)
  ...t=1.107e+10 tail sweep 8% (500 pieces, 8 threads)
  ...t=1.107e+10 tail sweep 99% (6000 pieces, 8 threads)
  ...t=1.107e+10 tail sweep 99% (6000 pieces, 8 threads)
  ...t=1.107e+10 tail sweep 17% (1000 pieces, 8 threads)
  ...t=1.107e+10 tail sweep 17% (1000 pieces, 8 threads)
  pt win=0 k=-11 x=1.107e+10 t=11073232372.41079 mnew=1.0000 mcert=1.0000 bexp=1.17e-03
  pt win=0 k=-9 x=1.107e+10 t=11073232373.41079 mnew=1.0000 mcert=1.0000 bexp=1.24e-03
  ...t=1.107e+10 tail sweep 25% (1500 pieces, 8 threads)
  ...t=1.107e+10 tail sweep 8% (500 pieces, 8 threads)
  ...t=1.107e+10 tail sweep 8% (500 pieces, 8 threads)
  ...t=1.107e+10 tail sweep 33% (2000 pieces, 8 threads)
  ...t=1.107e+10 tail sweep 17% (1000 pieces, 8 threads)
  ...t=1.107e+10 tail sweep 17% (1000 pieces, 8 threads)
  ...t=1.107e+10 tail sweep 25% (1500 pieces, 8 threads)
point  job  (win  0,  k  -6,  x=1.107323238e+10)  WORKER  FAILED:  TypeError('cannot unpack non-iterable NoneType object')  --  done  points  are  checkpointed;  supervisor  resumes
Exception in thread Thread-17 (_chunk):
Traceback (most recent call last):
  File "/usr/lib/python3.12/threading.py", line 1073, in _bootstrap_inner
    self.run()
  File "/usr/lib/python3.12/threading.py", line 1010, in run
    self._target(*self._args, **self._kwargs)
  File "/workspace/h1/RH/scripts/rh/day038_h1_3e10_gpu.py", line 569, in _chunk
    sr, si, br, bi, s_ar, dm = slabfn(
                               ^^^^^^^
  File "/workspace/h1/RH/scripts/rh/day038_h1_3e10_gpu.py", line 443, in slab_budget_gpu
    cc = cp.asarray(c)
         ^^^^^^^^^^^^^
  File "/opt/venvs/cupy/lib/python3.12/site-packages/cupy/_creation/from_data.py", line 94, in asarray
    return _core.array(a, dtype, copy, order, blocking=blocking)
           ^^^^^^^^^^^^^^^^^^^^^^^^^^^^^^^^^^^^^^^^^^^^^^^^^^^^^
  File "cupy/_core/core.pyx", line 2821, in cupy._core.core.array
  File "cupy/_core/core.pyx", line 2841, in cupy._core.core.array
  File "cupy/_core/core.pyx", line 3067, in cupy._core.core._array_default
  File "cupy/_core/core.pyx", line 176, in cupy._core.core.ndarray.__new__
  File "cupy/_core/core.pyx", line 282, in cupy._core.core._ndarray_base._init
  File "cupy/cuda/memory.pyx", line 904, in cupy.cuda.memory.alloc
  File "cupy/cuda/memory.pyx", line 1614, in cupy.cuda.memory.MemoryPool.malloc
  File "cupy/cuda/memory.pyx", line 1635, in cupy.cuda.memory.MemoryPool.malloc
  File "cupy/cuda/memory.pyx", line 1350, in cupy.cuda.memory.SingleDeviceMemoryPool.malloc
  File "cupy/cuda/memory.pyx", line 1376, in cupy.cuda.memory.SingleDeviceMemoryPool._malloc
  File "cupy/cuda/memory.pyx", line 1560, in cupy.cuda.memory.SingleDeviceMemoryPool._try_malloc
cupy.cuda.memory.OutOfMemoryError: Out of memory allocating 134,217,728 bytes (allocated so far: 4,026,532,352 bytes).
Exception in thread Thread-18 (_chunk):
Traceback (most recent call last):
  File "/usr/lib/python3.12/threading.py", line 1073, in _bootstrap_inner
    self.run()
  File "/usr/lib/python3.12/threading.py", line 1010, in run
    self._target(*self._args, **self._kwargs)
  File "/workspace/h1/RH/scripts/rh/day038_h1_3e10_gpu.py", line 569, in _chunk
    sr, si, br, bi, s_ar, dm = slabfn(
                               ^^^^^^^
  File "/workspace/h1/RH/scripts/rh/day038_h1_3e10_gpu.py", line 452, in slab_budget_gpu
    S2 = float(cp.maximum(cp.abs(re_t), 0.5 / A).sum())
                                        ~~~~^~~
  File "cupy/_core/core.pyx", line 1606, in cupy._core.core._ndarray_base.__truediv__
  File "cupy/_core/_kernel.pyx", line 1374, in cupy._core._kernel.ufunc.__call__
  File "cupy/_core/_kernel.pyx", line 657, in cupy._core._kernel._get_out_args_from_optionals
  File "cupy/_core/core.pyx", line 3342, in cupy._core.core._ndarray_init
  File "cupy/_core/core.pyx", line 300, in cupy._core.core._ndarray_base._init_fast
Exception in thread Thread-20 (_chunk):
Traceback (most recent call last):
  File "/usr/lib/python3.12/threading.py", line 1073, in _bootstrap_inner
    self.run()
  File "/usr/lib/python3.12/threading.py", line 1010, in run
    self._target(*self._args, **self._kwargs)
  File "/workspace/h1/RH/scripts/rh/day038_h1_3e10_gpu.py", line 569, in _chunk
    sr, si, br, bi, s_ar, dm = slabfn(
                               ^^^^^^^
  File "/workspace/h1/RH/scripts/rh/day038_h1_3e10_gpu.py", line 444, in slab_budget_gpu
    g2 = cc * cc
         ~~~^~~~
  File "cupy/_core/core.pyx", line 1582, in cupy._core.core._ndarray_base.__mul__
  File "cupy/_core/_kernel.pyx", line 1374, in cupy._core._kernel.ufunc.__call__
  File "cupy/_core/_kernel.pyx", line 657, in cupy._core._kernel._get_out_args_from_optionals
  File "cupy/_core/core.pyx", line 3342, in cupy._core.core._ndarray_init
  File "cupy/_core/core.pyx", line 300, in cupy._core.core._ndarray_base._init_fast
  File "cupy/cuda/memory.pyx", line 904, in cupy.cuda.memory.alloc
  File "cupy/cuda/memory.pyx", line 1614, in cupy.cuda.memory.MemoryPool.malloc
  File "cupy/cuda/memory.pyx", line 1635, in cupy.cuda.memory.MemoryPool.malloc
  File "cupy/cuda/memory.pyx", line 1350, in cupy.cuda.memory.SingleDeviceMemoryPool.malloc
  File "cupy/cuda/memory.pyx", line 1376, in cupy.cuda.memory.SingleDeviceMemoryPool._malloc
  File "cupy/cuda/memory.pyx", line 1560, in cupy.cuda.memory.SingleDeviceMemoryPool._try_malloc
Exception in thread Thread-21 (_chunk):
Traceback (most recent call last):
  File "/usr/lib/python3.12/threading.py", line 1073, in _bootstrap_inner
    self.run()
  File "/usr/lib/python3.12/threading.py", line 1010, in run
    self._target(*self._args, **self._kwargs)
  File "/workspace/h1/RH/scripts/rh/day038_h1_3e10_gpu.py", line 569, in _chunk
    sr, si, br, bi, s_ar, dm = slabfn(
                               ^^^^^^^
  File "/workspace/h1/RH/scripts/rh/day038_h1_3e10_gpu.py", line 443, in slab_budget_gpu
    cc = cp.asarray(c)
         ^^^^^^^^^^^^^
  File "/opt/venvs/cupy/lib/python3.12/site-packages/cupy/_creation/from_data.py", line 94, in asarray
    return _core.array(a, dtype, copy, order, blocking=blocking)
           ^^^^^^^^^^^^^^^^^^^^^^^^^^^^^^^^^^^^^^^^^^^^^^^^^^^^^
  File "cupy/_core/core.pyx", line 2821, in cupy._core.core.array
  File "cupy/_core/core.pyx", line 2841, in cupy._core.core.array
  File "cupy/_core/core.pyx", line 3067, in cupy._core.core._array_default
  File "cupy/_core/core.pyx", line 176, in cupy._core.core.ndarray.__new__
  File "cupy/_core/core.pyx", line 282, in cupy._core.core._ndarray_base._init
  File "cupy/cuda/memory.pyx", line 904, in cupy.cuda.memory.alloc
  File "cupy/cuda/memory.pyx", line 1614, in cupy.cuda.memory.MemoryPool.malloc
  File "cupy/cuda/memory.pyx", line 1635, in cupy.cuda.memory.MemoryPool.malloc
  File "cupy/cuda/memory.pyx", line 1350, in cupy.cuda.memory.SingleDeviceMemoryPool.malloc
  File "cupy/cuda/memory.pyx", line 1376, in cupy.cuda.memory.SingleDeviceMemoryPool._malloc
  File "cupy/cuda/memory.pyx", line 1560, in cupy.cuda.memory.SingleDeviceMemoryPool._try_malloc
cupy.cuda.memory.OutOfMemoryError: Out of memory allocating 134,217,728 bytes (allocated so far: 3,758,123,008 bytes).
Exception in thread Thread-24 (_chunk):
Traceback (most recent call last):
  File "/usr/lib/python3.12/threading.py", line 1073, in _bootstrap_inner
    self.run()
  File "/usr/lib/python3.12/threading.py", line 1010, in run
    self._target(*self._args, **self._kwargs)
  File "/workspace/h1/RH/scripts/rh/day038_h1_3e10_gpu.py", line 569, in _chunk
    sr, si, br, bi, s_ar, dm = slabfn(
                               ^^^^^^^
  File "/workspace/h1/RH/scripts/rh/day038_h1_3e10_gpu.py", line 447, in slab_budget_gpu
    re_t = cp.log(abs_g2t2) - cp.log(A) + 0.5 / A
           ~~~~~~~~~~~~~~~~~^~~~~~~~~~~
  File "cupy/_core/core.pyx", line 1574, in cupy._core.core._ndarray_base.__sub__
  File "cupy/_core/_kernel.pyx", line 1374, in cupy._core._kernel.ufunc.__call__
  File "cupy/_core/_kernel.pyx", line 657, in cupy._core._kernel._get_out_args_from_optionals
  File "cupy/_core/core.pyx", line 3342, in cupy._core.core._ndarray_init
  File "cupy/_core/core.pyx", line 300, in cupy._core.core._ndarray_base._init_fast
  File "cupy/cuda/memory.pyx", line 904, in cupy.cuda.memory.alloc
  File "cupy/cuda/memory.pyx", line 1614, in cupy.cuda.memory.MemoryPool.malloc
  File "cupy/cuda/memory.pyx", line 1635, in cupy.cuda.memory.MemoryPool.malloc
  File "cupy/cuda/memory.pyx", line 1350, in cupy.cuda.memory.SingleDeviceMemoryPool.malloc
  File "cupy/cuda/memory.pyx", line 1376, in cupy.cuda.memory.SingleDeviceMemoryPool._malloc
  File "cupy/cuda/memory.pyx", line 1560, in cupy.cuda.memory.SingleDeviceMemoryPool._try_malloc
cupy.cuda.memory.OutOfMemoryError: Out of memory allocating 134,217,728 bytes (allocated so far: 3,623,905,280 bytes).
  File "cupy/cuda/memory.pyx", line 904, in cupy.cuda.memory.alloc
  File "cupy/cuda/memory.pyx", line 1614, in cupy.cuda.memory.MemoryPool.malloc
  File "cupy/cuda/memory.pyx", line 1635, in cupy.cuda.memory.MemoryPool.malloc
  File "cupy/cuda/memory.pyx", line 1350, in cupy.cuda.memory.SingleDeviceMemoryPool.malloc
  File "cupy/cuda/memory.pyx", line 1376, in cupy.cuda.memory.SingleDeviceMemoryPool._malloc
  File "cupy/cuda/memory.pyx", line 1560, in cupy.cuda.memory.SingleDeviceMemoryPool._try_malloc
cupy.cuda.memory.OutOfMemoryError: Out of memory allocating 134,217,728 bytes (allocated so far: 4,026,558,464 bytes).
cupy.cuda.memory.OutOfMemoryError: Out of memory allocating 134,217,728 bytes (allocated so far: 3,892,340,736 bytes).
Exception in thread Thread-23 (_chunk):
Traceback (most recent call last):
  File "/usr/lib/python3.12/threading.py", line 1073, in _bootstrap_inner
    self.run()
  File "/usr/lib/python3.12/threading.py", line 1010, in run
    self._target(*self._args, **self._kwargs)
  File "/workspace/h1/RH/scripts/rh/day038_h1_3e10_gpu.py", line 569, in _chunk
    sr, si, br, bi, s_ar, dm = slabfn(
                               ^^^^^^^
  File "/workspace/h1/RH/scripts/rh/day038_h1_3e10_gpu.py", line 447, in slab_budget_gpu
    re_t = cp.log(abs_g2t2) - cp.log(A) + 0.5 / A
           ~~~~~~~~~~~~~~~~~^~~~~~~~~~~
  File "cupy/_core/core.pyx", line 1574, in cupy._core.core._ndarray_base.__sub__
  File "cupy/_core/_kernel.pyx", line 1374, in cupy._core._kernel.ufunc.__call__
  File "cupy/_core/_kernel.pyx", line 657, in cupy._core._kernel._get_out_args_from_optionals
  File "cupy/_core/core.pyx", line 3342, in cupy._core.core._ndarray_init
  File "cupy/_core/core.pyx", line 300, in cupy._core.core._ndarray_base._init_fast
  File "cupy/cuda/memory.pyx", line 904, in cupy.cuda.memory.alloc
  File "cupy/cuda/memory.pyx", line 1614, in cupy.cuda.memory.MemoryPool.malloc
  File "cupy/cuda/memory.pyx", line 1635, in cupy.cuda.memory.MemoryPool.malloc
  File "cupy/cuda/memory.pyx", line 1350, in cupy.cuda.memory.SingleDeviceMemoryPool.malloc
  File "cupy/cuda/memory.pyx", line 1376, in cupy.cuda.memory.SingleDeviceMemoryPool._malloc
  File "cupy/cuda/memory.pyx", line 1560, in cupy.cuda.memory.SingleDeviceMemoryPool._try_malloc
cupy.cuda.memory.OutOfMemoryError: Out of memory allocating 134,217,728 bytes (allocated so far: 3,221,225,472 bytes).
  ...t=1.107e+10 tail sweep 25% (1500 pieces, 8 threads)
  ...t=1.107e+10 tail sweep 25% (1500 pieces, 8 threads)
  ...t=1.107e+10 tail sweep 41% (2500 pieces, 8 threads)
  ...t=1.107e+10 tail sweep 33% (2000 pieces, 8 threads)
  ...t=1.107e+10 tail sweep 33% (2000 pieces, 8 threads)
  ...t=1.107e+10 tail sweep 50% (3000 pieces, 8 threads)
point  job  (win  0,  k  -5,  x=1.107323238e+10)  WORKER  FAILED:  TypeError('cannot unpack non-iterable NoneType object')  --  done  points  are  checkpointed;  supervisor  resumes
Exception in thread Exception in thread Thread-37 (_chunk):
Traceback (most recent call last):
  File "/usr/lib/python3.12/threading.py", line 1073, in _bootstrap_inner
    self.run()
  File "/usr/lib/python3.12/threading.py", line 1010, in run
    self._target(*self._args, **self._kwargs)
  File "/workspace/h1/RH/scripts/rh/day038_h1_3e10_gpu.py", line 569, in _chunk
    sr, si, br, bi, s_ar, dm = slabfn(
                               ^^^^^^^
  File "/workspace/h1/RH/scripts/rh/day038_h1_3e10_gpu.py", line 444, in slab_budget_gpu
    g2 = cc * cc
         ~~~^~~~
  File "cupy/_core/core.pyx", line 1582, in cupy._core.core._ndarray_base.__mul__
  File "cupy/_core/_kernel.pyx", line 1374, in cupy._core._kernel.ufunc.__call__
  File "cupy/_core/_kernel.pyx", line 657, in cupy._core._kernel._get_out_args_from_optionals
  File "cupy/_core/core.pyx", line 3342, in cupy._core.core._ndarray_init
  File "cupy/_core/core.pyx", line 300, in cupy._core.core._ndarray_base._init_fast
  File "cupy/cuda/memory.pyx", line 904, in cupy.cuda.memory.alloc
  File "cupy/cuda/memory.pyx", line 1614, in cupy.cuda.memory.MemoryPool.malloc
  File "cupy/cuda/memory.pyx", line 1635, in cupy.cuda.memory.MemoryPool.malloc
Thread-36 (_chunk):
Traceback (most recent call last):
  File "/usr/lib/python3.12/threading.py", line 1073, in _bootstrap_inner
    self.run()
  File "/usr/lib/python3.12/threading.py", line 1010, in run
    self._target(*self._args, **self._kwargs)
  File "/workspace/h1/RH/scripts/rh/day038_h1_3e10_gpu.py", line 569, in _chunk
    sr, si, br, bi, s_ar, dm = slabfn(
                               ^^^^^^^
  File "/workspace/h1/RH/scripts/rh/day038_h1_3e10_gpu.py", line 446, in slab_budget_gpu
    abs_g2t2 = cp.abs(g2 - t2)
               ^^^^^^^^^^^^^^^
  File "cupy/_core/_kernel.pyx", line 1374, in cupy._core._kernel.ufunc.__call__
  File "cupy/_core/_kernel.pyx", line 657, in cupy._core._kernel._get_out_args_from_optionals
  File "cupy/_core/core.pyx", line 3342, in cupy._core.core._ndarray_init
  File "cupy/_core/core.pyx", line 300, in cupy._core.core._ndarray_base._init_fast
  File "cupy/cuda/memory.pyx", line 904, in cupy.cuda.memory.alloc
  File "cupy/cuda/memory.pyx", line 1614, in cupy.cuda.memory.MemoryPool.malloc
  File "cupy/cuda/memory.pyx", line 1635, in cupy.cuda.memory.MemoryPool.malloc
  File "cupy/cuda/memory.pyx", line 1350, in cupy.cuda.memory.SingleDeviceMemoryPool.malloc
  File "cupy/cuda/memory.pyx", line 1376, in cupy.cuda.memory.SingleDeviceMemoryPool._malloc
  File "cupy/cuda/memory.pyx", line 1560, in cupy.cuda.memory.SingleDeviceMemoryPool._try_malloc
cupy.cuda.memory.OutOfMemoryError: Out of memory allocating 134,217,728 bytes (allocated so far: 6,442,450,944 bytes).
  File "cupy/cuda/memory.pyx", line 1350, in cupy.cuda.memory.SingleDeviceMemoryPool.malloc
  File "cupy/cuda/memory.pyx", line 1376, in cupy.cuda.memory.SingleDeviceMemoryPool._malloc
  File "cupy/cuda/memory.pyx", line 1560, in cupy.cuda.memory.SingleDeviceMemoryPool._try_malloc
cupy.cuda.memory.OutOfMemoryError: Out of memory allocating 134,217,728 bytes (allocated so far: 6,308,233,216 bytes).
Exception in thread Thread-40 (_chunk):
Traceback (most recent call last):
  File "/usr/lib/python3.12/threading.py", line 1073, in _bootstrap_inner
    self.run()
  File "/usr/lib/python3.12/threading.py", line 1010, in run
    self._target(*self._args, **self._kwargs)
  File "/workspace/h1/RH/scripts/rh/day038_h1_3e10_gpu.py", line 569, in _chunk
    sr, si, br, bi, s_ar, dm = slabfn(
                               ^^^^^^^
  File "/workspace/h1/RH/scripts/rh/day038_h1_3e10_gpu.py", line 446, in slab_budget_gpu
    abs_g2t2 = cp.abs(g2 - t2)
               ^^^^^^^^^^^^^^^
  File "cupy/_core/_kernel.pyx", line 1374, in cupy._core._kernel.ufunc.__call__
  File "cupy/_core/_kernel.pyx", line 657, in cupy._core._kernel._get_out_args_from_optionals
  File "cupy/_core/core.pyx", line 3342, in cupy._core.core._ndarray_init
  File "cupy/_core/core.pyx", line 300, in cupy._core.core._ndarray_base._init_fast
  File "cupy/cuda/memory.pyx", line 904, in cupy.cuda.memory.alloc
  File "cupy/cuda/memory.pyx", line 1614, in cupy.cuda.memory.MemoryPool.malloc
  File "cupy/cuda/memory.pyx", line 1635, in cupy.cuda.memory.MemoryPool.malloc
  File "cupy/cuda/memory.pyx", line 1350, in cupy.cuda.memory.SingleDeviceMemoryPool.malloc
  File "cupy/cuda/memory.pyx", line 1376, in cupy.cuda.memory.SingleDeviceMemoryPool._malloc
  File "cupy/cuda/memory.pyx", line 1560, in cupy.cuda.memory.SingleDeviceMemoryPool._try_malloc
cupy.cuda.memory.OutOfMemoryError: Out of memory allocating 134,217,728 bytes (allocated so far: 5,637,144,576 bytes).
Exception in thread Thread-35 (_chunk):
Traceback (most recent call last):
  File "/usr/lib/python3.12/threading.py", line 1073, in _bootstrap_inner
    self.run()
  File "/usr/lib/python3.12/threading.py", line 1010, in run
    self._target(*self._args, **self._kwargs)
  File "/workspace/h1/RH/scripts/rh/day038_h1_3e10_gpu.py", line 569, in _chunk
    sr, si, br, bi, s_ar, dm = slabfn(
                               ^^^^^^^
  File "/workspace/h1/RH/scripts/rh/day038_h1_3e10_gpu.py", line 457, in slab_budget_gpu
    dimdg = tf * 2.0 * cc / (A * A)                # > 0
            ~~~~~~~~~~~~~~^~~~~~~~~
  File "cupy/_core/core.pyx", line 1606, in cupy._core.core._ndarray_base.__truediv__
  File "cupy/_core/_kernel.pyx", line 1374, in cupy._core._kernel.ufunc.__call__
  File "cupy/_core/_kernel.pyx", line 657, in cupy._core._kernel._get_out_args_from_optionals
  File "cupy/_core/core.pyx", line 3342, in cupy._core.core._ndarray_init
  File "cupy/_core/core.pyx", line 300, in cupy._core.core._ndarray_base._init_fast
  File "cupy/cuda/memory.pyx", line 904, in cupy.cuda.memory.alloc
  File "cupy/cuda/memory.pyx", line 1614, in cupy.cuda.memory.MemoryPool.malloc
  File "cupy/cuda/memory.pyx", line 1635, in cupy.cuda.memory.MemoryPool.malloc
  File "cupy/cuda/memory.pyx", line 1350, in cupy.cuda.memory.SingleDeviceMemoryPool.malloc
  File "cupy/cuda/memory.pyx", line 1376, in cupy.cuda.memory.SingleDeviceMemoryPool._malloc
  File "cupy/cuda/memory.pyx", line 1560, in cupy.cuda.memory.SingleDeviceMemoryPool._try_malloc
cupy.cuda.memory.OutOfMemoryError: Out of memory allocating 134,217,728 bytes (allocated so far: 6,174,015,488 bytes).
  ...t=1.107e+10 tail sweep 41% (2500 pieces, 8 threads)
  ...t=1.107e+10 tail sweep 8% (500 pieces, 8 threads)
  ...t=1.107e+10 tail sweep 41% (2500 pieces, 8 threads)
  ...t=1.107e+10 tail sweep 50% (3000 pieces, 8 threads)
  ...t=1.107e+10 tail sweep 50% (3000 pieces, 8 threads)
  ...t=1.107e+10 tail sweep 8% (500 pieces, 8 threads)
  ...t=1.107e+10 tail sweep 58% (3500 pieces, 8 threads)
  ...t=1.107e+10 tail sweep 58% (3500 pieces, 8 threads)
  ...t=1.107e+10 tail sweep 17% (1000 pieces, 8 threads)
  ...t=1.107e+10 tail sweep 17% (1000 pieces, 8 threads)
  ...t=1.107e+10 tail sweep 66% (4000 pieces, 8 threads)
  ...t=1.107e+10 tail sweep 66% (4000 pieces, 8 threads)
  ...t=1.107e+10 tail sweep 74% (4500 pieces, 8 threads)
  ...t=1.107e+10 tail sweep 74% (4500 pieces, 8 threads)
  ...t=1.107e+10 tail sweep 25% (1500 pieces, 8 threads)
  ...t=1.107e+10 tail sweep 25% (1500 pieces, 8 threads)
point  job  (win  0,  k  -2,  x=1.107323238e+10)  WORKER  FAILED:  TypeError('cannot unpack non-iterable NoneType object')  --  done  points  are  checkpointed;  supervisor  resumes
Exception in thread Thread-27 (_chunk):
Traceback (most recent call last):
  File "/usr/lib/python3.12/threading.py", line 1073, in _bootstrap_inner
    self.run()
  File "/usr/lib/python3.12/threading.py", line 1010, in run
    self._target(*self._args, **self._kwargs)
  File "/workspace/h1/RH/scripts/rh/day038_h1_3e10_gpu.py", line 569, in _chunk
    sr, si, br, bi, s_ar, dm = slabfn(
                               ^^^^^^^
  File "/workspace/h1/RH/scripts/rh/day038_h1_3e10_gpu.py", line 447, in slab_budget_gpu
    re_t = cp.log(abs_g2t2) - cp.log(A) + 0.5 / A
           ~~~~~~~~~~~~~~~~~^~~~~~~~~~~
  File "cupy/_core/core.pyx", line 1574, in cupy._core.core._ndarray_base.__sub__
  File "cupy/_core/_kernel.pyx", line 1374, in cupy._core._kernel.ufunc.__call__
  File "cupy/_core/_kernel.pyx", line 657, in cupy._core._kernel._get_out_args_from_optionals
  File "cupy/_core/core.pyx", line 3342, in cupy._core.core._ndarray_init
  File "cupy/_core/core.pyx", line 300, in cupy._core.core._ndarray_base._init_fast
  File "cupy/cuda/memory.pyx", line 904, in cupy.cuda.memory.alloc
  File "cupy/cuda/memory.pyx", line 1614, in cupy.cuda.memory.MemoryPool.malloc
  File "cupy/cuda/memory.pyx", line 1635, in cupy.cuda.memory.MemoryPool.malloc
  File "cupy/cuda/memory.pyx", line 1350, in cupy.cuda.memory.SingleDeviceMemoryPool.malloc
  File "cupy/cuda/memory.pyx", line 1376, in cupy.cuda.memory.SingleDeviceMemoryPool._malloc
  File "cupy/cuda/memory.pyx", line 1560, in cupy.cuda.memory.SingleDeviceMemoryPool._try_malloc
cupy.cuda.memory.OutOfMemoryError: Out of memory allocating 134,217,728 bytes (allocated so far: 3,489,660,928 bytes).
Exception in thread Thread-32 (_chunk):
Traceback (most recent call last):
  File "/usr/lib/python3.12/threading.py", line 1073, in _bootstrap_inner
    self.run()
  File "/usr/lib/python3.12/threading.py", line 1010, in run
    self._target(*self._args, **self._kwargs)
  File "/workspace/h1/RH/scripts/rh/day038_h1_3e10_gpu.py", line 569, in _chunk
    sr, si, br, bi, s_ar, dm = slabfn(
                               ^^^^^^^
  File "/workspace/h1/RH/scripts/rh/day038_h1_3e10_gpu.py", line 444, in slab_budget_gpu
    g2 = cc * cc
         ~~~^~~~
  File "cupy/_core/core.pyx", line 1582, in cupy._core.core._ndarray_base.__mul__
  File "cupy/_core/_kernel.pyx", line 1374, in cupy._core._kernel.ufunc.__call__
  File "cupy/_core/_kernel.pyx", line 657, in cupy._core._kernel._get_out_args_from_optionals
  File "cupy/_core/core.pyx", line 3342, in cupy._core.core._ndarray_init
  File "cupy/_core/core.pyx", line 300, in cupy._core.core._ndarray_base._init_fast
  File "cupy/cuda/memory.pyx", line 904, in cupy.cuda.memory.alloc
  File "cupy/cuda/memory.pyx", line 1614, in cupy.cuda.memory.MemoryPool.malloc
  File "cupy/cuda/memory.pyx", line 1635, in cupy.cuda.memory.MemoryPool.malloc
  File "cupy/cuda/memory.pyx", line 1350, in cupy.cuda.memory.SingleDeviceMemoryPool.malloc
  File "cupy/cuda/memory.pyx", line 1376, in cupy.cuda.memory.SingleDeviceMemoryPool._malloc
  File "cupy/cuda/memory.pyx", line 1560, in cupy.cuda.memory.SingleDeviceMemoryPool._try_malloc
cupy.cuda.memory.OutOfMemoryError: Out of memory allocating 134,217,728 bytes (allocated so far: 3,355,443,200 bytes).
Exception in thread Thread-28 (_chunk):
Traceback (most recent call last):
  File "/usr/lib/python3.12/threading.py", line 1073, in _bootstrap_inner
    self.run()
  File "/usr/lib/python3.12/threading.py", line 1010, in run
    self._target(*self._args, **self._kwargs)
  File "/workspace/h1/RH/scripts/rh/day038_h1_3e10_gpu.py", line 569, in _chunk
    sr, si, br, bi, s_ar, dm = slabfn(
                               ^^^^^^^
  File "/workspace/h1/RH/scripts/rh/day038_h1_3e10_gpu.py", line 446, in slab_budget_gpu
    abs_g2t2 = cp.abs(g2 - t2)
                      ~~~^~~~
  File "cupy/_core/core.pyx", line 1578, in cupy._core.core._ndarray_base.__sub__
  File "cupy/_core/core.pyx", line 2024, in cupy._core.core._ndarray_base.__array_ufunc__
  File "cupy/_core/_kernel.pyx", line 1374, in cupy._core._kernel.ufunc.__call__
  File "cupy/_core/_kernel.pyx", line 657, in cupy._core._kernel._get_out_args_from_optionals
  File "cupy/_core/core.pyx", line 3342, in cupy._core.core._ndarray_init
  File "cupy/_core/core.pyx", line 300, in cupy._core.core._ndarray_base._init_fast
  File "cupy/cuda/memory.pyx", line 904, in cupy.cuda.memory.alloc
  File "cupy/cuda/memory.pyx", line 1614, in cupy.cuda.memory.MemoryPool.malloc
  File "cupy/cuda/memory.pyx", line 1635, in cupy.cuda.memory.MemoryPool.malloc
  File "cupy/cuda/memory.pyx", line 1350, in cupy.cuda.memory.SingleDeviceMemoryPool.malloc
  File "cupy/cuda/memory.pyx", line 1376, in cupy.cuda.memory.SingleDeviceMemoryPool._malloc
  File "cupy/cuda/memory.pyx", line 1560, in cupy.cuda.memory.SingleDeviceMemoryPool._try_malloc
cupy.cuda.memory.OutOfMemoryError: Out of memory allocating 134,217,728 bytes (allocated so far: 3,489,660,928 bytes).
Exception in thread Thread-29 (_chunk):
Traceback (most recent call last):
  File "/usr/lib/python3.12/threading.py", line 1073, in _bootstrap_inner
    self.run()
  File "/usr/lib/python3.12/threading.py", line 1010, in run
    self._target(*self._args, **self._kwargs)
  File "/workspace/h1/RH/scripts/rh/day038_h1_3e10_gpu.py", line 569, in _chunk
    sr, si, br, bi, s_ar, dm = slabfn(
                               ^^^^^^^
  File "/workspace/h1/RH/scripts/rh/day038_h1_3e10_gpu.py", line 446, in slab_budget_gpu
    abs_g2t2 = cp.abs(g2 - t2)
                      ~~~^~~~
  File "cupy/_core/core.pyx", line 1578, in cupy._core.core._ndarray_base.__sub__
  File "cupy/_core/core.pyx", line 2024, in cupy._core.core._ndarray_base.__array_ufunc__
  File "cupy/_core/_kernel.pyx", line 1374, in cupy._core._kernel.ufunc.__call__
  File "cupy/_core/_kernel.pyx", line 657, in cupy._core._kernel._get_out_args_from_optionals
  File "cupy/_core/core.pyx", line 3342, in cupy._core.core._ndarray_init
  File "cupy/_core/core.pyx", line 300, in cupy._core.core._ndarray_base._init_fast
  File "cupy/cuda/memory.pyx", line 904, in cupy.cuda.memory.alloc
  File "cupy/cuda/memory.pyx", line 1614, in cupy.cuda.memory.MemoryPool.malloc
  File "cupy/cuda/memory.pyx", line 1635, in cupy.cuda.memory.MemoryPool.malloc
  File "cupy/cuda/memory.pyx", line 1350, in cupy.cuda.memory.SingleDeviceMemoryPool.malloc
  File "cupy/cuda/memory.pyx", line 1376, in cupy.cuda.memory.SingleDeviceMemoryPool._malloc
  File "cupy/cuda/memory.pyx", line 1560, in cupy.cuda.memory.SingleDeviceMemoryPool._try_malloc
cupy.cuda.memory.OutOfMemoryError: Out of memory allocating 134,217,728 bytes (allocated so far: 3,489,688,064 bytes).
Exception in thread Thread-31 (_chunk):
Traceback (most recent call last):
  File "/usr/lib/python3.12/threading.py", line 1073, in _bootstrap_inner
    self.run()
  File "/usr/lib/python3.12/threading.py", line 1010, in run
    self._target(*self._args, **self._kwargs)
  File "/workspace/h1/RH/scripts/rh/day038_h1_3e10_gpu.py", line 569, in _chunk
    sr, si, br, bi, s_ar, dm = slabfn(
                               ^^^^^^^
  File "/workspace/h1/RH/scripts/rh/day038_h1_3e10_gpu.py", line 452, in slab_budget_gpu
    S2 = float(cp.maximum(cp.abs(re_t), 0.5 / A).sum())
                                        ~~~~^~~
  File "cupy/_core/core.pyx", line 1606, in cupy._core.core._ndarray_base.__truediv__
  File "cupy/_core/_kernel.pyx", line 1374, in cupy._core._kernel.ufunc.__call__
  File "cupy/_core/_kernel.pyx", line 657, in cupy._core._kernel._get_out_args_from_optionals
  File "cupy/_core/core.pyx", line 3342, in cupy._core.core._ndarray_init
  File "cupy/_core/core.pyx", line 300, in cupy._core.core._ndarray_base._init_fast
  File "cupy/cuda/memory.pyx", line 904, in cupy.cuda.memory.alloc
  File "cupy/cuda/memory.pyx", line 1614, in cupy.cuda.memory.MemoryPool.malloc
  File "cupy/cuda/memory.pyx", line 1635, in cupy.cuda.memory.MemoryPool.malloc
  File "cupy/cuda/memory.pyx", line 1350, in cupy.cuda.memory.SingleDeviceMemoryPool.malloc
  File "cupy/cuda/memory.pyx", line 1376, in cupy.cuda.memory.SingleDeviceMemoryPool._malloc
  File "cupy/cuda/memory.pyx", line 1560, in cupy.cuda.memory.SingleDeviceMemoryPool._try_malloc
cupy.cuda.memory.OutOfMemoryError: Out of memory allocating 134,217,728 bytes (allocated so far: 3,489,687,552 bytes).
Exception in thread Thread-30 (_chunk):
Traceback (most recent call last):
  File "/usr/lib/python3.12/threading.py", line 1073, in _bootstrap_inner
    self.run()
  File "/usr/lib/python3.12/threading.py", line 1010, in run
    self._target(*self._args, **self._kwargs)
  File "/workspace/h1/RH/scripts/rh/day038_h1_3e10_gpu.py", line 569, in _chunk
    sr, si, br, bi, s_ar, dm = slabfn(
                               ^^^^^^^
  File "/workspace/h1/RH/scripts/rh/day038_h1_3e10_gpu.py", line 452, in slab_budget_gpu
    S2 = float(cp.maximum(cp.abs(re_t), 0.5 / A).sum())
               ^^^^^^^^^^^^^^^^^^^^^^^^^^^^^^^^^
  File "cupy/_core/_kernel.pyx", line 1374, in cupy._core._kernel.ufunc.__call__
  File "cupy/_core/_kernel.pyx", line 657, in cupy._core._kernel._get_out_args_from_optionals
  File "cupy/_core/core.pyx", line 3342, in cupy._core.core._ndarray_init
  File "cupy/_core/core.pyx", line 300, in cupy._core.core._ndarray_base._init_fast
  File "cupy/cuda/memory.pyx", line 904, in cupy.cuda.memory.alloc
  File "cupy/cuda/memory.pyx", line 1614, in cupy.cuda.memory.MemoryPool.malloc
  File "cupy/cuda/memory.pyx", line 1635, in cupy.cuda.memory.MemoryPool.malloc
  File "cupy/cuda/memory.pyx", line 1350, in cupy.cuda.memory.SingleDeviceMemoryPool.malloc
  File "cupy/cuda/memory.pyx", line 1376, in cupy.cuda.memory.SingleDeviceMemoryPool._malloc
  File "cupy/cuda/memory.pyx", line 1560, in cupy.cuda.memory.SingleDeviceMemoryPool._try_malloc
cupy.cuda.memory.OutOfMemoryError: Out of memory allocating 134,217,728 bytes (allocated so far: 3,355,443,200 bytes).
Exception in thread Thread-25 (_chunk):
Traceback (most recent call last):
  File "/usr/lib/python3.12/threading.py", line 1073, in _bootstrap_inner
    self.run()
  File "/usr/lib/python3.12/threading.py", line 1010, in run
    self._target(*self._args, **self._kwargs)
  File "/workspace/h1/RH/scripts/rh/day038_h1_3e10_gpu.py", line 569, in _chunk
    sr, si, br, bi, s_ar, dm = slabfn(
                               ^^^^^^^
  File "/workspace/h1/RH/scripts/rh/day038_h1_3e10_gpu.py", line 452, in slab_budget_gpu
    S2 = float(cp.maximum(cp.abs(re_t), 0.5 / A).sum())
                                        ~~~~^~~
  File "cupy/_core/core.pyx", line 1606, in cupy._core.core._ndarray_base.__truediv__
  File "cupy/_core/_kernel.pyx", line 1374, in cupy._core._kernel.ufunc.__call__
  File "cupy/_core/_kernel.pyx", line 657, in cupy._core._kernel._get_out_args_from_optionals
  File "cupy/_core/core.pyx", line 3342, in cupy._core.core._ndarray_init
  File "cupy/_core/core.pyx", line 300, in cupy._core.core._ndarray_base._init_fast
  File "cupy/cuda/memory.pyx", line 904, in cupy.cuda.memory.alloc
  File "cupy/cuda/memory.pyx", line 1614, in cupy.cuda.memory.MemoryPool.malloc
  File "cupy/cuda/memory.pyx", line 1635, in cupy.cuda.memory.MemoryPool.malloc
  File "cupy/cuda/memory.pyx", line 1350, in cupy.cuda.memory.SingleDeviceMemoryPool.malloc
  File "cupy/cuda/memory.pyx", line 1376, in cupy.cuda.memory.SingleDeviceMemoryPool._malloc
  File "cupy/cuda/memory.pyx", line 1560, in cupy.cuda.memory.SingleDeviceMemoryPool._try_malloc
cupy.cuda.memory.OutOfMemoryError: Out of memory allocating 134,217,728 bytes (allocated so far: 3,221,225,472 bytes).
H1_WINDOWS:  running  windows  16-17  (2  of  29)
resume:  window   0  (x=1.107323238e+10)  2/24  points  on disk
resume:  window   1  (x=1.195909097e+10)  0/24  points  on disk
memguard:  MemAvailable  740.9  GiB,  reserve  28  GiB,  ~2.5  GiB/thread  x  4  threads  ->  allow  <=  10  contexts  (=  40  slab  threads;  11  GPU  clients  incl.  Xorg  vs  budget  11)
day038  gpu  H1-3e10:  FULL,  46  point  jobs  remaining (2  windows,  4  contexts  x  4  threads)
pids: parent=4226 workers=4 written to ckpt_h1_3e10/run.pids
overlap: 152/12626784 zeros differ by <=1.00 ulp (last byte,  rounding-level) --  those indices certified with dg x3
stitch: B from element 12626784 (first zero 1006346000.166784); overlap cross-check 12626632/12626784 byte-equal
tail3e10: L 52290633 + A 2792198664 + B' 3053546936 + C 3142622346 + D 92577877714 = 101618536293 zeros (812.9 GB); G_LAST = 30001045999.981976
overlap: 152/12626784 zeros differ by <=1.00 ulp (last byte,  rounding-level) --  those indices certified with dg x3
stitch: B from element 12626784 (first zero 1006346000.166784); overlap cross-check 12626632/12626784 byte-equal
tail3e10: L 52290633 + A 2792198664 + B' 3053546936 + C 3142622346 + D 92577877714 = 101618536293 zeros (812.9 GB); G_LAST = 30001045999.981976
overlap: 152/12626784 zeros differ by <=1.00 ulp (last byte,  rounding-level) --  those indices certified with dg x3
stitch: B from element 12626784 (first zero 1006346000.166784); overlap cross-check 12626632/12626784 byte-equal
tail3e10: L 52290633 + A 2792198664 + B' 3053546936 + C 3142622346 + D 92577877714 = 101618536293 zeros (812.9 GB); G_LAST = 30001045999.981976
overlap: 152/12626784 zeros differ by <=1.00 ulp (last byte,  rounding-level) --  those indices certified with dg x3
stitch: B from element 12626784 (first zero 1006346000.166784); overlap cross-check 12626632/12626784 byte-equal
tail3e10: L 52290633 + A 2792198664 + B' 3053546936 + C 3142622346 + D 92577877714 = 101618536293 zeros (812.9 GB); G_LAST = 30001045999.981976
  ...t=1.107e+10 tail sweep 8% (500 pieces, 4 threads)
  ...t=1.107e+10 tail sweep 8% (500 pieces, 4 threads)
  ...t=1.107e+10 tail sweep 8% (500 pieces, 4 threads)
  ...t=1.107e+10 tail sweep 8% (500 pieces, 4 threads)
  ...t=1.107e+10 tail sweep 17% (1000 pieces, 4 threads)
  ...t=1.107e+10 tail sweep 17% (1000 pieces, 4 threads)
  ...t=1.107e+10 tail sweep 17% (1000 pieces, 4 threads)
  ...t=1.107e+10 tail sweep 17% (1000 pieces, 4 threads)
  ...t=1.107e+10 tail sweep 25% (1500 pieces, 4 threads)
  ...t=1.107e+10 tail sweep 25% (1500 pieces, 4 threads)
  ...t=1.107e+10 tail sweep 25% (1500 pieces, 4 threads)
  ...t=1.107e+10 tail sweep 25% (1500 pieces, 4 threads)
  ...t=1.107e+10 tail sweep 33% (2000 pieces, 4 threads)
  ...t=1.107e+10 tail sweep 33% (2000 pieces, 4 threads)
  ...t=1.107e+10 tail sweep 33% (2000 pieces, 4 threads)
  ...t=1.107e+10 tail sweep 33% (2000 pieces, 4 threads)
  ...t=1.107e+10 tail sweep 41% (2500 pieces, 4 threads)
  ...t=1.107e+10 tail sweep 41% (2500 pieces, 4 threads)
  ...t=1.107e+10 tail sweep 41% (2500 pieces, 4 threads)
  ...t=1.107e+10 tail sweep 41% (2500 pieces, 4 threads)
  ...t=1.107e+10 tail sweep 50% (3000 pieces, 4 threads)
  ...t=1.107e+10 tail sweep 50% (3000 pieces, 4 threads)
  ...t=1.107e+10 tail sweep 50% (3000 pieces, 4 threads)
  ...t=1.107e+10 tail sweep 50% (3000 pieces, 4 threads)
  ...t=1.107e+10 tail sweep 58% (3500 pieces, 4 threads)
  ...t=1.107e+10 tail sweep 58% (3500 pieces, 4 threads)
  ...t=1.107e+10 tail sweep 58% (3500 pieces, 4 threads)
  ...t=1.107e+10 tail sweep 58% (3500 pieces, 4 threads)
  ...t=1.107e+10 tail sweep 66% (4000 pieces, 4 threads)
  ...t=1.107e+10 tail sweep 66% (4000 pieces, 4 threads)
  ...t=1.107e+10 tail sweep 66% (4000 pieces, 4 threads)
  ...t=1.107e+10 tail sweep 66% (4000 pieces, 4 threads)
  ...t=1.107e+10 tail sweep 74% (4500 pieces, 4 threads)
  ...t=1.107e+10 tail sweep 74% (4500 pieces, 4 threads)
  ...t=1.107e+10 tail sweep 74% (4500 pieces, 4 threads)
  ...t=1.107e+10 tail sweep 74% (4500 pieces, 4 threads)
  ...t=1.107e+10 tail sweep 83% (5000 pieces, 4 threads)
  ...t=1.107e+10 tail sweep 83% (5000 pieces, 4 threads)
  ...t=1.107e+10 tail sweep 83% (5000 pieces, 4 threads)
  ...t=1.107e+10 tail sweep 83% (5000 pieces, 4 threads)
  ...t=1.107e+10 tail sweep 91% (5500 pieces, 4 threads)
  ...t=1.107e+10 tail sweep 91% (5500 pieces, 4 threads)
  ...t=1.107e+10 tail sweep 91% (5500 pieces, 4 threads)
  ...t=1.107e+10 tail sweep 91% (5500 pieces, 4 threads)
  ...t=1.107e+10 tail sweep 99% (6000 pieces, 4 threads)
  ...t=1.107e+10 tail sweep 99% (6000 pieces, 4 threads)
  ...t=1.107e+10 tail sweep 99% (6000 pieces, 4 threads)
  ...t=1.107e+10 tail sweep 99% (6000 pieces, 4 threads)
  pt win=0 k=-10 x=1.107e+10 t=11073232372.91079 mnew=1.0000 mcert=1.0000 bexp=1.17e-03
  pt win=0 k=-7 x=1.107e+10 t=11073232374.41079 mnew=1.0000 mcert=1.0000 bexp=1.17e-03
  pt win=0 k=-8 x=1.107e+10 t=11073232373.91079 mnew=1.0000 mcert=1.0000 bexp=1.17e-03
  ...t=1.107e+10 tail sweep 8% (500 pieces, 4 threads)
  ...t=1.107e+10 tail sweep 8% (500 pieces, 4 threads)
  ...t=1.107e+10 tail sweep 8% (500 pieces, 4 threads)
  ...t=1.107e+10 tail sweep 17% (1000 pieces, 4 threads)
  ...t=1.107e+10 tail sweep 17% (1000 pieces, 4 threads)
  pt win=0 k=-12 x=1.107e+10 t=11073232371.91079 mnew=1.0000 mcert=1.0000 bexp=1.17e-03
  ...t=1.107e+10 tail sweep 17% (1000 pieces, 4 threads)
  ...t=1.107e+10 tail sweep 25% (1500 pieces, 4 threads)
  ...t=1.107e+10 tail sweep 25% (1500 pieces, 4 threads)
  ...t=1.107e+10 tail sweep 25% (1500 pieces, 4 threads)
  ...t=1.107e+10 tail sweep 8% (500 pieces, 4 threads)
  ...t=1.107e+10 tail sweep 33% (2000 pieces, 4 threads)
  ...t=1.107e+10 tail sweep 33% (2000 pieces, 4 threads)
  ...t=1.107e+10 tail sweep 33% (2000 pieces, 4 threads)
  ...t=1.107e+10 tail sweep 17% (1000 pieces, 4 threads)
  ...t=1.107e+10 tail sweep 41% (2500 pieces, 4 threads)
  ...t=1.107e+10 tail sweep 41% (2500 pieces, 4 threads)
  ...t=1.107e+10 tail sweep 41% (2500 pieces, 4 threads)
  ...t=1.107e+10 tail sweep 25% (1500 pieces, 4 threads)
  ...t=1.107e+10 tail sweep 50% (3000 pieces, 4 threads)
  ...t=1.107e+10 tail sweep 50% (3000 pieces, 4 threads)
  ...t=1.107e+10 tail sweep 50% (3000 pieces, 4 threads)
  ...t=1.107e+10 tail sweep 33% (2000 pieces, 4 threads)
  ...t=1.107e+10 tail sweep 58% (3500 pieces, 4 threads)
  ...t=1.107e+10 tail sweep 58% (3500 pieces, 4 threads)
  ...t=1.107e+10 tail sweep 58% (3500 pieces, 4 threads)
  ...t=1.107e+10 tail sweep 41% (2500 pieces, 4 threads)
  ...t=1.107e+10 tail sweep 66% (4000 pieces, 4 threads)
  ...t=1.107e+10 tail sweep 66% (4000 pieces, 4 threads)
  ...t=1.107e+10 tail sweep 66% (4000 pieces, 4 threads)
  ...t=1.107e+10 tail sweep 50% (3000 pieces, 4 threads)
  ...t=1.107e+10 tail sweep 74% (4500 pieces, 4 threads)
  ...t=1.107e+10 tail sweep 74% (4500 pieces, 4 threads)
  ...t=1.107e+10 tail sweep 74% (4500 pieces, 4 threads)
  ...t=1.107e+10 tail sweep 58% (3500 pieces, 4 threads)
  ...t=1.107e+10 tail sweep 83% (5000 pieces, 4 threads)
  ...t=1.107e+10 tail sweep 83% (5000 pieces, 4 threads)
  ...t=1.107e+10 tail sweep 83% (5000 pieces, 4 threads)
  ...t=1.107e+10 tail sweep 66% (4000 pieces, 4 threads)
  ...t=1.107e+10 tail sweep 91% (5500 pieces, 4 threads)
  ...t=1.107e+10 tail sweep 91% (5500 pieces, 4 threads)
  ...t=1.107e+10 tail sweep 91% (5500 pieces, 4 threads)
  ...t=1.107e+10 tail sweep 74% (4500 pieces, 4 threads)
  ...t=1.107e+10 tail sweep 99% (6000 pieces, 4 threads)
  ...t=1.107e+10 tail sweep 99% (6000 pieces, 4 threads)
  ...t=1.107e+10 tail sweep 99% (6000 pieces, 4 threads)
  ...t=1.107e+10 tail sweep 83% (5000 pieces, 4 threads)
  ...t=1.107e+10 tail sweep 91% (5500 pieces, 4 threads)
  pt win=0 k=-6 x=1.107e+10 t=11073232374.91079 mnew=1.0000 mcert=1.0000 bexp=1.18e-03
  pt win=0 k=-5 x=1.107e+10 t=11073232375.41079 mnew=1.0000 mcert=1.0000 bexp=1.21e-03
  ...t=1.107e+10 tail sweep 99% (6000 pieces, 4 threads)
  pt win=0 k=-4 x=1.107e+10 t=11073232375.91079 mnew=1.0000 mcert=1.0000 bexp=1.19e-03
  ...t=1.107e+10 tail sweep 8% (500 pieces, 4 threads)
  ...t=1.107e+10 tail sweep 8% (500 pieces, 4 threads)
  ...t=1.107e+10 tail sweep 8% (500 pieces, 4 threads)
  pt win=0 k=-3 x=1.107e+10 t=11073232376.41079 mnew=1.0000 mcert=1.0000 bexp=1.17e-03
  ...t=1.107e+10 tail sweep 17% (1000 pieces, 4 threads)
  ...t=1.107e+10 tail sweep 17% (1000 pieces, 4 threads)
  ...t=1.107e+10 tail sweep 17% (1000 pieces, 4 threads)
  ...t=1.107e+10 tail sweep 8% (500 pieces, 4 threads)
  ...t=1.107e+10 tail sweep 25% (1500 pieces, 4 threads)
  ...t=1.107e+10 tail sweep 25% (1500 pieces, 4 threads)
  ...t=1.107e+10 tail sweep 25% (1500 pieces, 4 threads)
  ...t=1.107e+10 tail sweep 17% (1000 pieces, 4 threads)
  ...t=1.107e+10 tail sweep 33% (2000 pieces, 4 threads)
  ...t=1.107e+10 tail sweep 33% (2000 pieces, 4 threads)
  ...t=1.107e+10 tail sweep 33% (2000 pieces, 4 threads)
  ...t=1.107e+10 tail sweep 25% (1500 pieces, 4 threads)
  ...t=1.107e+10 tail sweep 41% (2500 pieces, 4 threads)
  ...t=1.107e+10 tail sweep 41% (2500 pieces, 4 threads)
  ...t=1.107e+10 tail sweep 41% (2500 pieces, 4 threads)
  ...t=1.107e+10 tail sweep 33% (2000 pieces, 4 threads)
  ...t=1.107e+10 tail sweep 50% (3000 pieces, 4 threads)
  ...t=1.107e+10 tail sweep 50% (3000 pieces, 4 threads)
  ...t=1.107e+10 tail sweep 50% (3000 pieces, 4 threads)
  ...t=1.107e+10 tail sweep 41% (2500 pieces, 4 threads)
  ...t=1.107e+10 tail sweep 58% (3500 pieces, 4 threads)
  ...t=1.107e+10 tail sweep 58% (3500 pieces, 4 threads)
  ...t=1.107e+10 tail sweep 58% (3500 pieces, 4 threads)
  ...t=1.107e+10 tail sweep 50% (3000 pieces, 4 threads)
  ...t=1.107e+10 tail sweep 66% (4000 pieces, 4 threads)
  ...t=1.107e+10 tail sweep 66% (4000 pieces, 4 threads)
  ...t=1.107e+10 tail sweep 66% (4000 pieces, 4 threads)
  ...t=1.107e+10 tail sweep 58% (3500 pieces, 4 threads)
  ...t=1.107e+10 tail sweep 74% (4500 pieces, 4 threads)
  ...t=1.107e+10 tail sweep 74% (4500 pieces, 4 threads)
  ...t=1.107e+10 tail sweep 74% (4500 pieces, 4 threads)
  ...t=1.107e+10 tail sweep 66% (4000 pieces, 4 threads)
  ...t=1.107e+10 tail sweep 83% (5000 pieces, 4 threads)
  ...t=1.107e+10 tail sweep 83% (5000 pieces, 4 threads)
  ...t=1.107e+10 tail sweep 83% (5000 pieces, 4 threads)
  ...t=1.107e+10 tail sweep 74% (4500 pieces, 4 threads)
  ...t=1.107e+10 tail sweep 91% (5500 pieces, 4 threads)
  ...t=1.107e+10 tail sweep 91% (5500 pieces, 4 threads)
  ...t=1.107e+10 tail sweep 91% (5500 pieces, 4 threads)
  ...t=1.107e+10 tail sweep 83% (5000 pieces, 4 threads)
  ...t=1.107e+10 tail sweep 99% (6000 pieces, 4 threads)
  ...t=1.107e+10 tail sweep 99% (6000 pieces, 4 threads)
  ...t=1.107e+10 tail sweep 99% (6000 pieces, 4 threads)
  ...t=1.107e+10 tail sweep 91% (5500 pieces, 4 threads)
  ...t=1.107e+10 tail sweep 99% (6000 pieces, 4 threads)
  pt win=0 k=-2 x=1.107e+10 t=11073232376.91079 mnew=1.0000 mcert=1.0000 bexp=1.17e-03
  pt win=0 k=+1 x=1.107e+10 t=11073232378.41079 mnew=1.0000 mcert=1.0000 bexp=1.17e-03
  pt win=0 k=-1 x=1.107e+10 t=11073232377.41079 mnew=1.0000 mcert=1.0000 bexp=1.17e-03
  ...t=1.107e+10 tail sweep 8% (500 pieces, 4 threads)
  pt win=0 k=+2 x=1.107e+10 t=11073232378.91079 mnew=1.0000 mcert=1.0000 bexp=1.21e-03
  ...t=1.107e+10 tail sweep 8% (500 pieces, 4 threads)
  ...t=1.107e+10 tail sweep 8% (500 pieces, 4 threads)
  ...t=1.107e+10 tail sweep 17% (1000 pieces, 4 threads)
  ...t=1.107e+10 tail sweep 8% (500 pieces, 4 threads)
  ...t=1.107e+10 tail sweep 17% (1000 pieces, 4 threads)
  ...t=1.107e+10 tail sweep 17% (1000 pieces, 4 threads)
  ...t=1.107e+10 tail sweep 25% (1500 pieces, 4 threads)
  ...t=1.107e+10 tail sweep 17% (1000 pieces, 4 threads)
  ...t=1.107e+10 tail sweep 25% (1500 pieces, 4 threads)
  ...t=1.107e+10 tail sweep 25% (1500 pieces, 4 threads)
  ...t=1.107e+10 tail sweep 33% (2000 pieces, 4 threads)
  ...t=1.107e+10 tail sweep 25% (1500 pieces, 4 threads)
  ...t=1.107e+10 tail sweep 33% (2000 pieces, 4 threads)
  ...t=1.107e+10 tail sweep 33% (2000 pieces, 4 threads)
  ...t=1.107e+10 tail sweep 41% (2500 pieces, 4 threads)
  ...t=1.107e+10 tail sweep 33% (2000 pieces, 4 threads)
  ...t=1.107e+10 tail sweep 41% (2500 pieces, 4 threads)
  ...t=1.107e+10 tail sweep 41% (2500 pieces, 4 threads)
  ...t=1.107e+10 tail sweep 50% (3000 pieces, 4 threads)
  ...t=1.107e+10 tail sweep 41% (2500 pieces, 4 threads)
  ...t=1.107e+10 tail sweep 50% (3000 pieces, 4 threads)
  ...t=1.107e+10 tail sweep 50% (3000 pieces, 4 threads)
  ...t=1.107e+10 tail sweep 58% (3500 pieces, 4 threads)
  ...t=1.107e+10 tail sweep 50% (3000 pieces, 4 threads)
  ...t=1.107e+10 tail sweep 58% (3500 pieces, 4 threads)
  ...t=1.107e+10 tail sweep 58% (3500 pieces, 4 threads)
  ...t=1.107e+10 tail sweep 66% (4000 pieces, 4 threads)
  ...t=1.107e+10 tail sweep 58% (3500 pieces, 4 threads)
  ...t=1.107e+10 tail sweep 66% (4000 pieces, 4 threads)
  ...t=1.107e+10 tail sweep 66% (4000 pieces, 4 threads)
  ...t=1.107e+10 tail sweep 74% (4500 pieces, 4 threads)
  ...t=1.107e+10 tail sweep 66% (4000 pieces, 4 threads)
  ...t=1.107e+10 tail sweep 74% (4500 pieces, 4 threads)
  ...t=1.107e+10 tail sweep 74% (4500 pieces, 4 threads)
  ...t=1.107e+10 tail sweep 83% (5000 pieces, 4 threads)
  ...t=1.107e+10 tail sweep 74% (4500 pieces, 4 threads)
  ...t=1.107e+10 tail sweep 83% (5000 pieces, 4 threads)
  ...t=1.107e+10 tail sweep 83% (5000 pieces, 4 threads)
  ...t=1.107e+10 tail sweep 91% (5500 pieces, 4 threads)
  ...t=1.107e+10 tail sweep 83% (5000 pieces, 4 threads)
  ...t=1.107e+10 tail sweep 91% (5500 pieces, 4 threads)
  ...t=1.107e+10 tail sweep 91% (5500 pieces, 4 threads)
  ...t=1.107e+10 tail sweep 99% (6000 pieces, 4 threads)
  ...t=1.107e+10 tail sweep 91% (5500 pieces, 4 threads)
  ...t=1.107e+10 tail sweep 99% (6000 pieces, 4 threads)
  ...t=1.107e+10 tail sweep 99% (6000 pieces, 4 threads)
  ...t=1.107e+10 tail sweep 99% (6000 pieces, 4 threads)
  pt win=0 k=+3 x=1.107e+10 t=11073232379.41079 mnew=1.0000 mcert=1.0000 bexp=1.16e-03
  pt win=0 k=+5 x=1.107e+10 t=11073232380.41079 mnew=1.0000 mcert=1.0000 bexp=1.18e-03
  pt win=0 k=+4 x=1.107e+10 t=11073232379.91079 mnew=1.0000 mcert=1.0000 bexp=1.39e-03
  pt win=0 k=+6 x=1.107e+10 t=11073232380.91079 mnew=1.0000 mcert=1.0000 bexp=1.16e-03
  ...t=1.107e+10 tail sweep 8% (500 pieces, 4 threads)
  ...t=1.107e+10 tail sweep 8% (500 pieces, 4 threads)
  ...t=1.107e+10 tail sweep 8% (500 pieces, 4 threads)
  ...t=1.107e+10 tail sweep 8% (500 pieces, 4 threads)
  ...t=1.107e+10 tail sweep 17% (1000 pieces, 4 threads)
  ...t=1.107e+10 tail sweep 17% (1000 pieces, 4 threads)
  ...t=1.107e+10 tail sweep 17% (1000 pieces, 4 threads)
  ...t=1.107e+10 tail sweep 17% (1000 pieces, 4 threads)
  ...t=1.107e+10 tail sweep 25% (1500 pieces, 4 threads)
  ...t=1.107e+10 tail sweep 25% (1500 pieces, 4 threads)
  ...t=1.107e+10 tail sweep 25% (1500 pieces, 4 threads)
  ...t=1.107e+10 tail sweep 25% (1500 pieces, 4 threads)
  ...t=1.107e+10 tail sweep 33% (2000 pieces, 4 threads)
  ...t=1.107e+10 tail sweep 33% (2000 pieces, 4 threads)
  ...t=1.107e+10 tail sweep 33% (2000 pieces, 4 threads)
  ...t=1.107e+10 tail sweep 33% (2000 pieces, 4 threads)
  ...t=1.107e+10 tail sweep 41% (2500 pieces, 4 threads)
  ...t=1.107e+10 tail sweep 41% (2500 pieces, 4 threads)
  ...t=1.107e+10 tail sweep 41% (2500 pieces, 4 threads)
  ...t=1.107e+10 tail sweep 41% (2500 pieces, 4 threads)
  ...t=1.107e+10 tail sweep 50% (3000 pieces, 4 threads)
  ...t=1.107e+10 tail sweep 50% (3000 pieces, 4 threads)
  ...t=1.107e+10 tail sweep 50% (3000 pieces, 4 threads)
  ...t=1.107e+10 tail sweep 50% (3000 pieces, 4 threads)
  ...t=1.107e+10 tail sweep 58% (3500 pieces, 4 threads)
  ...t=1.107e+10 tail sweep 58% (3500 pieces, 4 threads)
  ...t=1.107e+10 tail sweep 58% (3500 pieces, 4 threads)
  ...t=1.107e+10 tail sweep 58% (3500 pieces, 4 threads)
  ...t=1.107e+10 tail sweep 66% (4000 pieces, 4 threads)
  ...t=1.107e+10 tail sweep 66% (4000 pieces, 4 threads)
  ...t=1.107e+10 tail sweep 66% (4000 pieces, 4 threads)
  ...t=1.107e+10 tail sweep 66% (4000 pieces, 4 threads)
  ...t=1.107e+10 tail sweep 74% (4500 pieces, 4 threads)
  ...t=1.107e+10 tail sweep 74% (4500 pieces, 4 threads)
  ...t=1.107e+10 tail sweep 74% (4500 pieces, 4 threads)
  ...t=1.107e+10 tail sweep 74% (4500 pieces, 4 threads)
  ...t=1.107e+10 tail sweep 83% (5000 pieces, 4 threads)
  ...t=1.107e+10 tail sweep 83% (5000 pieces, 4 threads)
  ...t=1.107e+10 tail sweep 83% (5000 pieces, 4 threads)
  ...t=1.107e+10 tail sweep 83% (5000 pieces, 4 threads)
  ...t=1.107e+10 tail sweep 91% (5500 pieces, 4 threads)
  ...t=1.107e+10 tail sweep 91% (5500 pieces, 4 threads)
  ...t=1.107e+10 tail sweep 91% (5500 pieces, 4 threads)
  ...t=1.107e+10 tail sweep 91% (5500 pieces, 4 threads)
  ...t=1.107e+10 tail sweep 99% (6000 pieces, 4 threads)
  ...t=1.107e+10 tail sweep 99% (6000 pieces, 4 threads)
  ...t=1.107e+10 tail sweep 99% (6000 pieces, 4 threads)
  ...t=1.107e+10 tail sweep 99% (6000 pieces, 4 threads)
  pt win=0 k=+7 x=1.107e+10 t=11073232381.41079 mnew=1.0000 mcert=1.0000 bexp=1.16e-03
  pt win=0 k=+9 x=1.107e+10 t=11073232382.41079 mnew=1.0000 mcert=1.0000 bexp=1.19e-03
  pt win=0 k=+8 x=1.107e+10 t=11073232381.91079 mnew=1.0000 mcert=1.0000 bexp=1.17e-03
  ...t=1.107e+10 tail sweep 8% (500 pieces, 4 threads)
  pt win=0 k=+10 x=1.107e+10 t=11073232382.91079 mnew=1.0000 mcert=1.0000 bexp=1.16e-03
  ...t=1.107e+10 tail sweep 8% (500 pieces, 4 threads)
  ...t=1.196e+10 tail sweep 8% (500 pieces, 4 threads)
  ...t=1.107e+10 tail sweep 17% (1000 pieces, 4 threads)
  ...t=1.196e+10 tail sweep 8% (500 pieces, 4 threads)
  ...t=1.107e+10 tail sweep 17% (1000 pieces, 4 threads)
  ...t=1.196e+10 tail sweep 17% (1000 pieces, 4 threads)
  ...t=1.107e+10 tail sweep 25% (1500 pieces, 4 threads)
  ...t=1.196e+10 tail sweep 17% (1000 pieces, 4 threads)
  ...t=1.107e+10 tail sweep 25% (1500 pieces, 4 threads)
  ...t=1.196e+10 tail sweep 25% (1500 pieces, 4 threads)
  ...t=1.196e+10 tail sweep 25% (1500 pieces, 4 threads)
  ...t=1.107e+10 tail sweep 33% (2000 pieces, 4 threads)
  ...t=1.107e+10 tail sweep 33% (2000 pieces, 4 threads)
  ...t=1.196e+10 tail sweep 33% (2000 pieces, 4 threads)
  ...t=1.196e+10 tail sweep 33% (2000 pieces, 4 threads)
  ...t=1.107e+10 tail sweep 41% (2500 pieces, 4 threads)
  ...t=1.107e+10 tail sweep 41% (2500 pieces, 4 threads)
  ...t=1.196e+10 tail sweep 41% (2500 pieces, 4 threads)
  ...t=1.196e+10 tail sweep 41% (2500 pieces, 4 threads)
  ...t=1.107e+10 tail sweep 50% (3000 pieces, 4 threads)
  ...t=1.107e+10 tail sweep 50% (3000 pieces, 4 threads)
  ...t=1.196e+10 tail sweep 50% (3000 pieces, 4 threads)
  ...t=1.196e+10 tail sweep 50% (3000 pieces, 4 threads)
  ...t=1.107e+10 tail sweep 58% (3500 pieces, 4 threads)
  ...t=1.107e+10 tail sweep 58% (3500 pieces, 4 threads)
  ...t=1.196e+10 tail sweep 58% (3500 pieces, 4 threads)
  ...t=1.196e+10 tail sweep 58% (3500 pieces, 4 threads)
  ...t=1.107e+10 tail sweep 66% (4000 pieces, 4 threads)
  ...t=1.107e+10 tail sweep 66% (4000 pieces, 4 threads)
  ...t=1.196e+10 tail sweep 66% (4000 pieces, 4 threads)
  ...t=1.196e+10 tail sweep 66% (4000 pieces, 4 threads)
  ...t=1.107e+10 tail sweep 74% (4500 pieces, 4 threads)
  ...t=1.107e+10 tail sweep 74% (4500 pieces, 4 threads)
  ...t=1.196e+10 tail sweep 74% (4500 pieces, 4 threads)
  ...t=1.196e+10 tail sweep 74% (4500 pieces, 4 threads)
  ...t=1.107e+10 tail sweep 83% (5000 pieces, 4 threads)
  ...t=1.107e+10 tail sweep 83% (5000 pieces, 4 threads)
  ...t=1.196e+10 tail sweep 83% (5000 pieces, 4 threads)
  ...t=1.196e+10 tail sweep 83% (5000 pieces, 4 threads)
  ...t=1.107e+10 tail sweep 91% (5500 pieces, 4 threads)
  ...t=1.107e+10 tail sweep 91% (5500 pieces, 4 threads)
  ...t=1.196e+10 tail sweep 91% (5500 pieces, 4 threads)
  ...t=1.196e+10 tail sweep 91% (5500 pieces, 4 threads)
  ...t=1.107e+10 tail sweep 99% (6000 pieces, 4 threads)
  ...t=1.107e+10 tail sweep 99% (6000 pieces, 4 threads)
  ...t=1.196e+10 tail sweep 99% (6000 pieces, 4 threads)
  ...t=1.196e+10 tail sweep 99% (6000 pieces, 4 threads)
  pt win=0 k=+12 x=1.107e+10 t=11073232383.91079 mnew=1.0000 mcert=1.0000 bexp=1.17e-03
  pt win=0 k=+11 x=1.107e+10 t=11073232383.41079 mnew=1.0000 mcert=1.0000 bexp=1.17e-03
  pt win=1 k=-11 x=1.196e+10 t=11959090962.47968 mnew=1.0000 mcert=1.0000 bexp=1.27e-03
  ...t=1.196e+10 tail sweep 8% (500 pieces, 4 threads)
  ...t=1.196e+10 tail sweep 8% (500 pieces, 4 threads)
  ...t=1.196e+10 tail sweep 8% (500 pieces, 4 threads)
  ...t=1.196e+10 tail sweep 17% (1000 pieces, 4 threads)
  ...t=1.196e+10 tail sweep 17% (1000 pieces, 4 threads)
  pt win=1 k=-12 x=1.196e+10 t=11959090961.97968 mnew=1.0000 mcert=1.0000 bexp=1.25e-03
  ...t=1.196e+10 tail sweep 17% (1000 pieces, 4 threads)
  ...t=1.196e+10 tail sweep 25% (1500 pieces, 4 threads)
  ...t=1.196e+10 tail sweep 25% (1500 pieces, 4 threads)
  ...t=1.196e+10 tail sweep 8% (500 pieces, 4 threads)
  ...t=1.196e+10 tail sweep 25% (1500 pieces, 4 threads)
  ...t=1.196e+10 tail sweep 33% (2000 pieces, 4 threads)
  ...t=1.196e+10 tail sweep 33% (2000 pieces, 4 threads)
  ...t=1.196e+10 tail sweep 17% (1000 pieces, 4 threads)
  ...t=1.196e+10 tail sweep 33% (2000 pieces, 4 threads)
  ...t=1.196e+10 tail sweep 41% (2500 pieces, 4 threads)
  ...t=1.196e+10 tail sweep 41% (2500 pieces, 4 threads)
  ...t=1.196e+10 tail sweep 41% (2500 pieces, 4 threads)
  ...t=1.196e+10 tail sweep 25% (1500 pieces, 4 threads)
  ...t=1.196e+10 tail sweep 50% (3000 pieces, 4 threads)
  ...t=1.196e+10 tail sweep 50% (3000 pieces, 4 threads)
  ...t=1.196e+10 tail sweep 50% (3000 pieces, 4 threads)
  ...t=1.196e+10 tail sweep 33% (2000 pieces, 4 threads)
  ...t=1.196e+10 tail sweep 58% (3500 pieces, 4 threads)
  ...t=1.196e+10 tail sweep 58% (3500 pieces, 4 threads)
  ...t=1.196e+10 tail sweep 58% (3500 pieces, 4 threads)
  ...t=1.196e+10 tail sweep 41% (2500 pieces, 4 threads)
H1_WINDOWS:  running  windows  16-17  (2  of  29)
resume:  window   0  (x=1.107323238e+10)  24/24  points  on disk
resume:  window   1  (x=1.195909097e+10)  2/24  points  on disk
memguard:  MemAvailable  740.8  GiB,  reserve  28  GiB,  ~2.5  GiB/thread  x  4  threads  ->  allow  <=  10  contexts  (=  40  slab  threads;  11  GPU  clients  incl.  Xorg  vs  budget  11)
day038  gpu  H1-3e10:  FULL,  22  point  jobs  remaining (2  windows,  4  contexts  x  4  threads)
pids: parent=521 workers=4 written to ckpt_h1_3e10/run.pids
overlap: 152/12626784 zeros differ by <=1.00 ulp (last byte,  rounding-level) --  those indices certified with dg x3
stitch: B from element 12626784 (first zero 1006346000.166784); overlap cross-check 12626632/12626784 byte-equal
tail3e10: L 52290633 + A 2792198664 + B' 3053546936 + C 3142622346 + D 92577877714 = 101618536293 zeros (812.9 GB); G_LAST = 30001045999.981976
overlap: 152/12626784 zeros differ by <=1.00 ulp (last byte,  rounding-level) --  those indices certified with dg x3
stitch: B from element 12626784 (first zero 1006346000.166784); overlap cross-check 12626632/12626784 byte-equal
tail3e10: L 52290633 + A 2792198664 + B' 3053546936 + C 3142622346 + D 92577877714 = 101618536293 zeros (812.9 GB); G_LAST = 30001045999.981976
overlap: 152/12626784 zeros differ by <=1.00 ulp (last byte,  rounding-level) --  those indices certified with dg x3
stitch: B from element 12626784 (first zero 1006346000.166784); overlap cross-check 12626632/12626784 byte-equal
tail3e10: L 52290633 + A 2792198664 + B' 3053546936 + C 3142622346 + D 92577877714 = 101618536293 zeros (812.9 GB); G_LAST = 30001045999.981976
overlap: 152/12626784 zeros differ by <=1.00 ulp (last byte,  rounding-level) --  those indices certified with dg x3
stitch: B from element 12626784 (first zero 1006346000.166784); overlap cross-check 12626632/12626784 byte-equal
tail3e10: L 52290633 + A 2792198664 + B' 3053546936 + C 3142622346 + D 92577877714 = 101618536293 zeros (812.9 GB); G_LAST = 30001045999.981976
  ...t=1.196e+10 tail sweep 8% (500 pieces, 4 threads)
  ...t=1.196e+10 tail sweep 8% (500 pieces, 4 threads)
  ...t=1.196e+10 tail sweep 8% (500 pieces, 4 threads)
  ...t=1.196e+10 tail sweep 8% (500 pieces, 4 threads)
  ...t=1.196e+10 tail sweep 17% (1000 pieces, 4 threads)
  ...t=1.196e+10 tail sweep 17% (1000 pieces, 4 threads)
  ...t=1.196e+10 tail sweep 17% (1000 pieces, 4 threads)
  ...t=1.196e+10 tail sweep 17% (1000 pieces, 4 threads)
  ...t=1.196e+10 tail sweep 25% (1500 pieces, 4 threads)
  ...t=1.196e+10 tail sweep 25% (1500 pieces, 4 threads)
  ...t=1.196e+10 tail sweep 25% (1500 pieces, 4 threads)
  ...t=1.196e+10 tail sweep 25% (1500 pieces, 4 threads)
  ...t=1.196e+10 tail sweep 33% (2000 pieces, 4 threads)
  ...t=1.196e+10 tail sweep 33% (2000 pieces, 4 threads)
  ...t=1.196e+10 tail sweep 33% (2000 pieces, 4 threads)
  ...t=1.196e+10 tail sweep 33% (2000 pieces, 4 threads)
  ...t=1.196e+10 tail sweep 41% (2500 pieces, 4 threads)
  ...t=1.196e+10 tail sweep 41% (2500 pieces, 4 threads)
  ...t=1.196e+10 tail sweep 41% (2500 pieces, 4 threads)
  ...t=1.196e+10 tail sweep 41% (2500 pieces, 4 threads)
  ...t=1.196e+10 tail sweep 50% (3000 pieces, 4 threads)
  ...t=1.196e+10 tail sweep 50% (3000 pieces, 4 threads)
  ...t=1.196e+10 tail sweep 50% (3000 pieces, 4 threads)
  ...t=1.196e+10 tail sweep 50% (3000 pieces, 4 threads)
  ...t=1.196e+10 tail sweep 58% (3500 pieces, 4 threads)
  ...t=1.196e+10 tail sweep 58% (3500 pieces, 4 threads)
  ...t=1.196e+10 tail sweep 58% (3500 pieces, 4 threads)
  ...t=1.196e+10 tail sweep 58% (3500 pieces, 4 threads)
  ...t=1.196e+10 tail sweep 66% (4000 pieces, 4 threads)
  ...t=1.196e+10 tail sweep 66% (4000 pieces, 4 threads)
  ...t=1.196e+10 tail sweep 66% (4000 pieces, 4 threads)
  ...t=1.196e+10 tail sweep 66% (4000 pieces, 4 threads)
  ...t=1.196e+10 tail sweep 74% (4500 pieces, 4 threads)
  ...t=1.196e+10 tail sweep 74% (4500 pieces, 4 threads)
  ...t=1.196e+10 tail sweep 74% (4500 pieces, 4 threads)
  ...t=1.196e+10 tail sweep 74% (4500 pieces, 4 threads)
  ...t=1.196e+10 tail sweep 83% (5000 pieces, 4 threads)
  ...t=1.196e+10 tail sweep 83% (5000 pieces, 4 threads)
  ...t=1.196e+10 tail sweep 83% (5000 pieces, 4 threads)
  ...t=1.196e+10 tail sweep 83% (5000 pieces, 4 threads)
  ...t=1.196e+10 tail sweep 91% (5500 pieces, 4 threads)
  ...t=1.196e+10 tail sweep 91% (5500 pieces, 4 threads)
  ...t=1.196e+10 tail sweep 91% (5500 pieces, 4 threads)
  ...t=1.196e+10 tail sweep 91% (5500 pieces, 4 threads)
  ...t=1.196e+10 tail sweep 99% (6000 pieces, 4 threads)
  ...t=1.196e+10 tail sweep 99% (6000 pieces, 4 threads)
  ...t=1.196e+10 tail sweep 99% (6000 pieces, 4 threads)
  ...t=1.196e+10 tail sweep 99% (6000 pieces, 4 threads)
  pt win=1 k=-10 x=1.196e+10 t=11959090962.97968 mnew=1.0000 mcert=1.0000 bexp=1.25e-03
  pt win=1 k=-7 x=1.196e+10 t=11959090964.47968 mnew=1.0000 mcert=1.0000 bexp=1.24e-03
  pt win=1 k=-8 x=1.196e+10 t=11959090963.97968 mnew=1.0000 mcert=1.0000 bexp=1.25e-03
  pt win=1 k=-9 x=1.196e+10 t=11959090963.47968 mnew=1.0000 mcert=1.0000 bexp=1.28e-03
  ...t=1.196e+10 tail sweep 8% (500 pieces, 4 threads)
  ...t=1.196e+10 tail sweep 8% (500 pieces, 4 threads)
  ...t=1.196e+10 tail sweep 8% (500 pieces, 4 threads)
  ...t=1.196e+10 tail sweep 8% (500 pieces, 4 threads)
  ...t=1.196e+10 tail sweep 17% (1000 pieces, 4 threads)
  ...t=1.196e+10 tail sweep 17% (1000 pieces, 4 threads)  ...t=1.196e+10 tail sweep 17% (1000 pieces, 4 threads)

  ...t=1.196e+10 tail sweep 17% (1000 pieces, 4 threads)
  ...t=1.196e+10 tail sweep 25% (1500 pieces, 4 threads)
  ...t=1.196e+10 tail sweep 25% (1500 pieces, 4 threads)
  ...t=1.196e+10 tail sweep 25% (1500 pieces, 4 threads)
  ...t=1.196e+10 tail sweep 25% (1500 pieces, 4 threads)
  ...t=1.196e+10 tail sweep 33% (2000 pieces, 4 threads)
  ...t=1.196e+10 tail sweep 33% (2000 pieces, 4 threads)
  ...t=1.196e+10 tail sweep 33% (2000 pieces, 4 threads)
  ...t=1.196e+10 tail sweep 33% (2000 pieces, 4 threads)
  ...t=1.196e+10 tail sweep 41% (2500 pieces, 4 threads)
  ...t=1.196e+10 tail sweep 41% (2500 pieces, 4 threads)
  ...t=1.196e+10 tail sweep 41% (2500 pieces, 4 threads)
  ...t=1.196e+10 tail sweep 41% (2500 pieces, 4 threads)
  ...t=1.196e+10 tail sweep 50% (3000 pieces, 4 threads)
  ...t=1.196e+10 tail sweep 50% (3000 pieces, 4 threads)  ...t=1.196e+10 tail sweep 50% (3000 pieces, 4 threads)

  ...t=1.196e+10 tail sweep 50% (3000 pieces, 4 threads)
  ...t=1.196e+10 tail sweep 58% (3500 pieces, 4 threads)
  ...t=1.196e+10 tail sweep 58% (3500 pieces, 4 threads)
  ...t=1.196e+10 tail sweep 58% (3500 pieces, 4 threads)
  ...t=1.196e+10 tail sweep 58% (3500 pieces, 4 threads)
  ...t=1.196e+10 tail sweep 66% (4000 pieces, 4 threads)
  ...t=1.196e+10 tail sweep 66% (4000 pieces, 4 threads)
  ...t=1.196e+10 tail sweep 66% (4000 pieces, 4 threads)
  ...t=1.196e+10 tail sweep 66% (4000 pieces, 4 threads)
  ...t=1.196e+10 tail sweep 74% (4500 pieces, 4 threads)
  ...t=1.196e+10 tail sweep 74% (4500 pieces, 4 threads)
  ...t=1.196e+10 tail sweep 74% (4500 pieces, 4 threads)
  ...t=1.196e+10 tail sweep 74% (4500 pieces, 4 threads)
  ...t=1.196e+10 tail sweep 83% (5000 pieces, 4 threads)
  ...t=1.196e+10 tail sweep 83% (5000 pieces, 4 threads)
  ...t=1.196e+10 tail sweep 83% (5000 pieces, 4 threads)
  ...t=1.196e+10 tail sweep 83% (5000 pieces, 4 threads)
  ...t=1.196e+10 tail sweep 91% (5500 pieces, 4 threads)
  ...t=1.196e+10 tail sweep 91% (5500 pieces, 4 threads)
  ...t=1.196e+10 tail sweep 91% (5500 pieces, 4 threads)
  ...t=1.196e+10 tail sweep 91% (5500 pieces, 4 threads)
  ...t=1.196e+10 tail sweep 99% (6000 pieces, 4 threads)
  ...t=1.196e+10 tail sweep 99% (6000 pieces, 4 threads)
  ...t=1.196e+10 tail sweep 99% (6000 pieces, 4 threads)
  ...t=1.196e+10 tail sweep 99% (6000 pieces, 4 threads)
  pt win=1 k=-5 x=1.196e+10 t=11959090965.47968 mnew=1.0000 mcert=1.0000 bexp=1.26e-03
  pt win=1 k=-4 x=1.196e+10 t=11959090965.97968 mnew=1.0000 mcert=1.0000 bexp=1.29e-03
  pt win=1 k=-6 x=1.196e+10 t=11959090964.97968 mnew=1.0000 mcert=1.0000 bexp=1.26e-03
  pt win=1 k=-3 x=1.196e+10 t=11959090966.47968 mnew=1.0000 mcert=1.0000 bexp=1.25e-03
  ...t=1.196e+10 tail sweep 8% (500 pieces, 4 threads)
  ...t=1.196e+10 tail sweep 8% (500 pieces, 4 threads)
  ...t=1.196e+10 tail sweep 8% (500 pieces, 4 threads)
  ...t=1.196e+10 tail sweep 8% (500 pieces, 4 threads)
  ...t=1.196e+10 tail sweep 17% (1000 pieces, 4 threads)
  ...t=1.196e+10 tail sweep 17% (1000 pieces, 4 threads)
  ...t=1.196e+10 tail sweep 17% (1000 pieces, 4 threads)
  ...t=1.196e+10 tail sweep 17% (1000 pieces, 4 threads)
  ...t=1.196e+10 tail sweep 25% (1500 pieces, 4 threads)
  ...t=1.196e+10 tail sweep 25% (1500 pieces, 4 threads)
  ...t=1.196e+10 tail sweep 25% (1500 pieces, 4 threads)
  ...t=1.196e+10 tail sweep 25% (1500 pieces, 4 threads)
  ...t=1.196e+10 tail sweep 33% (2000 pieces, 4 threads)
  ...t=1.196e+10 tail sweep 33% (2000 pieces, 4 threads)  ...t=1.196e+10 tail sweep 33% (2000 pieces, 4 threads)

  ...t=1.196e+10 tail sweep 33% (2000 pieces, 4 threads)
  ...t=1.196e+10 tail sweep 41% (2500 pieces, 4 threads)
  ...t=1.196e+10 tail sweep 41% (2500 pieces, 4 threads)
  ...t=1.196e+10 tail sweep 41% (2500 pieces, 4 threads)
  ...t=1.196e+10 tail sweep 41% (2500 pieces, 4 threads)
  ...t=1.196e+10 tail sweep 50% (3000 pieces, 4 threads)
  ...t=1.196e+10 tail sweep 50% (3000 pieces, 4 threads)
  ...t=1.196e+10 tail sweep 50% (3000 pieces, 4 threads)
  ...t=1.196e+10 tail sweep 50% (3000 pieces, 4 threads)
  ...t=1.196e+10 tail sweep 58% (3500 pieces, 4 threads)
  ...t=1.196e+10 tail sweep 58% (3500 pieces, 4 threads)
  ...t=1.196e+10 tail sweep 58% (3500 pieces, 4 threads)
  ...t=1.196e+10 tail sweep 58% (3500 pieces, 4 threads)
  ...t=1.196e+10 tail sweep 66% (4000 pieces, 4 threads)
  ...t=1.196e+10 tail sweep 66% (4000 pieces, 4 threads)
  ...t=1.196e+10 tail sweep 66% (4000 pieces, 4 threads)
  ...t=1.196e+10 tail sweep 66% (4000 pieces, 4 threads)
  ...t=1.196e+10 tail sweep 74% (4500 pieces, 4 threads)
  ...t=1.196e+10 tail sweep 74% (4500 pieces, 4 threads)
  ...t=1.196e+10 tail sweep 74% (4500 pieces, 4 threads)
  ...t=1.196e+10 tail sweep 74% (4500 pieces, 4 threads)
  ...t=1.196e+10 tail sweep 83% (5000 pieces, 4 threads)
  ...t=1.196e+10 tail sweep 83% (5000 pieces, 4 threads)
  ...t=1.196e+10 tail sweep 83% (5000 pieces, 4 threads)
  ...t=1.196e+10 tail sweep 83% (5000 pieces, 4 threads)
  ...t=1.196e+10 tail sweep 91% (5500 pieces, 4 threads)
  ...t=1.196e+10 tail sweep 91% (5500 pieces, 4 threads)
  ...t=1.196e+10 tail sweep 91% (5500 pieces, 4 threads)
  ...t=1.196e+10 tail sweep 91% (5500 pieces, 4 threads)
  ...t=1.196e+10 tail sweep 99% (6000 pieces, 4 threads)
  ...t=1.196e+10 tail sweep 99% (6000 pieces, 4 threads)
  ...t=1.196e+10 tail sweep 99% (6000 pieces, 4 threads)
  ...t=1.196e+10 tail sweep 99% (6000 pieces, 4 threads)
  pt win=1 k=-1 x=1.196e+10 t=11959090967.47968 mnew=1.0000 mcert=1.0000 bexp=1.35e-03
  pt win=1 k=+1 x=1.196e+10 t=11959090968.47968 mnew=1.0000 mcert=1.0000 bexp=1.26e-03
  pt win=1 k=+2 x=1.196e+10 t=11959090968.97968 mnew=1.0000 mcert=1.0000 bexp=1.47e-03
  pt win=1 k=-2 x=1.196e+10 t=11959090966.97968 mnew=1.0000 mcert=1.0000 bexp=1.30e-03
  ...t=1.196e+10 tail sweep 8% (500 pieces, 4 threads)
  ...t=1.196e+10 tail sweep 8% (500 pieces, 4 threads)
  ...t=1.196e+10 tail sweep 8% (500 pieces, 4 threads)
  ...t=1.196e+10 tail sweep 8% (500 pieces, 4 threads)
  ...t=1.196e+10 tail sweep 17% (1000 pieces, 4 threads)
  ...t=1.196e+10 tail sweep 17% (1000 pieces, 4 threads)
  ...t=1.196e+10 tail sweep 17% (1000 pieces, 4 threads)
  ...t=1.196e+10 tail sweep 17% (1000 pieces, 4 threads)
  ...t=1.196e+10 tail sweep 25% (1500 pieces, 4 threads)
  ...t=1.196e+10 tail sweep 25% (1500 pieces, 4 threads)
  ...t=1.196e+10 tail sweep 25% (1500 pieces, 4 threads)
  ...t=1.196e+10 tail sweep 25% (1500 pieces, 4 threads)
  ...t=1.196e+10 tail sweep 33% (2000 pieces, 4 threads)
  ...t=1.196e+10 tail sweep 33% (2000 pieces, 4 threads)
  ...t=1.196e+10 tail sweep 33% (2000 pieces, 4 threads)
  ...t=1.196e+10 tail sweep 33% (2000 pieces, 4 threads)
  ...t=1.196e+10 tail sweep 41% (2500 pieces, 4 threads)
  ...t=1.196e+10 tail sweep 41% (2500 pieces, 4 threads)
  ...t=1.196e+10 tail sweep 41% (2500 pieces, 4 threads)
  ...t=1.196e+10 tail sweep 41% (2500 pieces, 4 threads)
  ...t=1.196e+10 tail sweep 50% (3000 pieces, 4 threads)
  ...t=1.196e+10 tail sweep 50% (3000 pieces, 4 threads)
  ...t=1.196e+10 tail sweep 50% (3000 pieces, 4 threads)
  ...t=1.196e+10 tail sweep 50% (3000 pieces, 4 threads)
  ...t=1.196e+10 tail sweep 58% (3500 pieces, 4 threads)
  ...t=1.196e+10 tail sweep 58% (3500 pieces, 4 threads)
  ...t=1.196e+10 tail sweep 58% (3500 pieces, 4 threads)
  ...t=1.196e+10 tail sweep 58% (3500 pieces, 4 threads)
  ...t=1.196e+10 tail sweep 66% (4000 pieces, 4 threads)
  ...t=1.196e+10 tail sweep 66% (4000 pieces, 4 threads)  ...t=1.196e+10 tail sweep 66% (4000 pieces, 4 threads)

  ...t=1.196e+10 tail sweep 66% (4000 pieces, 4 threads)
  ...t=1.196e+10 tail sweep 74% (4500 pieces, 4 threads)
  ...t=1.196e+10 tail sweep 74% (4500 pieces, 4 threads)
  ...t=1.196e+10 tail sweep 74% (4500 pieces, 4 threads)
  ...t=1.196e+10 tail sweep 74% (4500 pieces, 4 threads)
  ...t=1.196e+10 tail sweep 83% (5000 pieces, 4 threads)
  ...t=1.196e+10 tail sweep 83% (5000 pieces, 4 threads)
  ...t=1.196e+10 tail sweep 83% (5000 pieces, 4 threads)
  ...t=1.196e+10 tail sweep 83% (5000 pieces, 4 threads)
  ...t=1.196e+10 tail sweep 91% (5500 pieces, 4 threads)
  ...t=1.196e+10 tail sweep 91% (5500 pieces, 4 threads)
  ...t=1.196e+10 tail sweep 91% (5500 pieces, 4 threads)
  ...t=1.196e+10 tail sweep 91% (5500 pieces, 4 threads)
  ...t=1.196e+10 tail sweep 99% (6000 pieces, 4 threads)  ...t=1.196e+10 tail sweep 99% (6000 pieces, 4 threads)

  ...t=1.196e+10 tail sweep 99% (6000 pieces, 4 threads)
  ...t=1.196e+10 tail sweep 99% (6000 pieces, 4 threads)
  pt win=1 k=+4 x=1.196e+10 t=11959090969.97968 mnew=1.0000 mcert=1.0000 bexp=1.26e-03
  pt win=1 k=+3 x=1.196e+10 t=11959090969.47968 mnew=1.0000 mcert=1.0000 bexp=1.25e-03
  pt win=1 k=+5 x=1.196e+10 t=11959090970.47968 mnew=1.0000 mcert=1.0000 bexp=1.29e-03
  pt win=1 k=+6 x=1.196e+10 t=11959090970.97968 mnew=1.0000 mcert=1.0000 bexp=1.25e-03
  ...t=1.196e+10 tail sweep 8% (500 pieces, 4 threads)
  ...t=1.196e+10 tail sweep 8% (500 pieces, 4 threads)
  ...t=1.196e+10 tail sweep 8% (500 pieces, 4 threads)
  ...t=1.196e+10 tail sweep 8% (500 pieces, 4 threads)
  ...t=1.196e+10 tail sweep 17% (1000 pieces, 4 threads)
  ...t=1.196e+10 tail sweep 17% (1000 pieces, 4 threads)
  ...t=1.196e+10 tail sweep 17% (1000 pieces, 4 threads)
  ...t=1.196e+10 tail sweep 17% (1000 pieces, 4 threads)
  ...t=1.196e+10 tail sweep 25% (1500 pieces, 4 threads)
  ...t=1.196e+10 tail sweep 25% (1500 pieces, 4 threads)
  ...t=1.196e+10 tail sweep 25% (1500 pieces, 4 threads)
  ...t=1.196e+10 tail sweep 25% (1500 pieces, 4 threads)
  ...t=1.196e+10 tail sweep 33% (2000 pieces, 4 threads)
  ...t=1.196e+10 tail sweep 33% (2000 pieces, 4 threads)
  ...t=1.196e+10 tail sweep 33% (2000 pieces, 4 threads)
  ...t=1.196e+10 tail sweep 33% (2000 pieces, 4 threads)
  ...t=1.196e+10 tail sweep 41% (2500 pieces, 4 threads)
  ...t=1.196e+10 tail sweep 41% (2500 pieces, 4 threads)
  ...t=1.196e+10 tail sweep 41% (2500 pieces, 4 threads)
  ...t=1.196e+10 tail sweep 41% (2500 pieces, 4 threads)
  ...t=1.196e+10 tail sweep 50% (3000 pieces, 4 threads)
  ...t=1.196e+10 tail sweep 50% (3000 pieces, 4 threads)
  ...t=1.196e+10 tail sweep 50% (3000 pieces, 4 threads)
  ...t=1.196e+10 tail sweep 50% (3000 pieces, 4 threads)
  ...t=1.196e+10 tail sweep 58% (3500 pieces, 4 threads)
  ...t=1.196e+10 tail sweep 58% (3500 pieces, 4 threads)
  ...t=1.196e+10 tail sweep 58% (3500 pieces, 4 threads)
  ...t=1.196e+10 tail sweep 58% (3500 pieces, 4 threads)
  ...t=1.196e+10 tail sweep 66% (4000 pieces, 4 threads)
  ...t=1.196e+10 tail sweep 66% (4000 pieces, 4 threads)
  ...t=1.196e+10 tail sweep 66% (4000 pieces, 4 threads)
  ...t=1.196e+10 tail sweep 66% (4000 pieces, 4 threads)
  ...t=1.196e+10 tail sweep 74% (4500 pieces, 4 threads)
  ...t=1.196e+10 tail sweep 74% (4500 pieces, 4 threads)
  ...t=1.196e+10 tail sweep 74% (4500 pieces, 4 threads)
  ...t=1.196e+10 tail sweep 74% (4500 pieces, 4 threads)
  ...t=1.196e+10 tail sweep 83% (5000 pieces, 4 threads)
  ...t=1.196e+10 tail sweep 83% (5000 pieces, 4 threads)
  ...t=1.196e+10 tail sweep 83% (5000 pieces, 4 threads)
  ...t=1.196e+10 tail sweep 83% (5000 pieces, 4 threads)
  ...t=1.196e+10 tail sweep 91% (5500 pieces, 4 threads)
  ...t=1.196e+10 tail sweep 91% (5500 pieces, 4 threads)
  ...t=1.196e+10 tail sweep 91% (5500 pieces, 4 threads)
  ...t=1.196e+10 tail sweep 91% (5500 pieces, 4 threads)
  ...t=1.196e+10 tail sweep 99% (6000 pieces, 4 threads)
  ...t=1.196e+10 tail sweep 99% (6000 pieces, 4 threads)
  ...t=1.196e+10 tail sweep 99% (6000 pieces, 4 threads)
  ...t=1.196e+10 tail sweep 99% (6000 pieces, 4 threads)
  pt win=1 k=+8 x=1.196e+10 t=11959090971.97968 mnew=1.0000 mcert=1.0000 bexp=1.25e-03
  pt win=1 k=+7 x=1.196e+10 t=11959090971.47968 mnew=1.0000 mcert=1.0000 bexp=1.25e-03
  pt win=1 k=+10 x=1.196e+10 t=11959090972.97968 mnew=1.0000 mcert=1.0000 bexp=1.25e-03
  pt win=1 k=+9 x=1.196e+10 t=11959090972.47968 mnew=1.0000 mcert=1.0000 bexp=1.33e-03
  ...t=1.196e+10 tail sweep 8% (500 pieces, 4 threads)
  ...t=1.196e+10 tail sweep 8% (500 pieces, 4 threads)
  ...t=1.196e+10 tail sweep 17% (1000 pieces, 4 threads)
  ...t=1.196e+10 tail sweep 17% (1000 pieces, 4 threads)
  ...t=1.196e+10 tail sweep 25% (1500 pieces, 4 threads)
  ...t=1.196e+10 tail sweep 25% (1500 pieces, 4 threads)
  ...t=1.196e+10 tail sweep 33% (2000 pieces, 4 threads)
  ...t=1.196e+10 tail sweep 33% (2000 pieces, 4 threads)
  ...t=1.196e+10 tail sweep 41% (2500 pieces, 4 threads)
  ...t=1.196e+10 tail sweep 41% (2500 pieces, 4 threads)
  ...t=1.196e+10 tail sweep 50% (3000 pieces, 4 threads)
  ...t=1.196e+10 tail sweep 50% (3000 pieces, 4 threads)
  ...t=1.196e+10 tail sweep 58% (3500 pieces, 4 threads)
  ...t=1.196e+10 tail sweep 58% (3500 pieces, 4 threads)
  ...t=1.196e+10 tail sweep 66% (4000 pieces, 4 threads)
  ...t=1.196e+10 tail sweep 66% (4000 pieces, 4 threads)
  ...t=1.196e+10 tail sweep 74% (4500 pieces, 4 threads)
  ...t=1.196e+10 tail sweep 74% (4500 pieces, 4 threads)
  ...t=1.196e+10 tail sweep 83% (5000 pieces, 4 threads)
  ...t=1.196e+10 tail sweep 83% (5000 pieces, 4 threads)
  ...t=1.196e+10 tail sweep 91% (5500 pieces, 4 threads)
  ...t=1.196e+10 tail sweep 91% (5500 pieces, 4 threads)
  ...t=1.196e+10 tail sweep 99% (6000 pieces, 4 threads)
  ...t=1.196e+10 tail sweep 99% (6000 pieces, 4 threads)
  pt win=1 k=+11 x=1.196e+10 t=11959090973.47968 mnew=1.0000 mcert=1.0000 bexp=1.25e-03
  pt win=1 k=+12 x=1.196e+10 t=11959090973.97968 mnew=1.0000 mcert=1.0000 bexp=1.27e-03
           x            g best_mnew worst_mcert      btot      flag
 1.10732e+10 11073232377.9108  1.000000   1.000000  1.49e-03 -
 1.19591e+10 11959090967.9797  1.000000   1.000000  1.60e-03 -
worst certified margin = 1.000000 at t = 11073232371.91079 (computed 1.000000)
margin_cert < 1: [11073232372.411, 11073232373.411, 11073232372.911, 11073232374.411, 11073232373.911, 11073232371.911, 11073232374.911, 11073232375.411, 11073232375.911, 11073232376.411, 11073232376.911, 11073232377.411, 11959090962.48, 11959090961.98, 11959090962.98, 11959090964.48, 11959090963.98, 11959090963.48, 11959090965.48, 11959090965.98, 11959090964.98, 11959090966.48, 11959090967.48, 11959090966.98]
margin_new  < 1: [11073232372.411, 11073232373.411, 11073232372.911, 11073232374.411, 11073232373.911, 11073232371.911, 11073232374.911, 11073232375.411, 11073232375.911, 11073232376.411, 11073232376.911, 11073232377.411, 11959090962.48, 11959090961.98, 11959090962.98, 11959090964.48, 11959090963.98, 11959090963.48, 11959090965.48, 11959090965.98, 11959090964.98, 11959090966.48, 11959090967.48, 11959090966.98]
wall = 9775.3 s
STATUS: see the pre-registered reading C-2/C-3
H1  FULL-DONE:  2  windows,  48  points,  assembled  to  /workspace/h1/RH/scripts/rh/out_day038_full_pts.txt;  instance  wall  2.7  h
