H1_WINDOWS:  running  windows  1  (1  of  29)
resume:  window   0  (x=3490744654)  0/24  points  on disk
memguard:  MemAvailable  739.8  GiB,  reserve  28  GiB,  ~2.5  GiB/thread  x  8  threads  ->  allow  <=  10  contexts  (=  80  slab  threads;  11  GPU  clients  incl.  Xorg  vs  budget  11)
day038  gpu  H1-3e10:  FULL,  24  point  jobs  remaining (1  windows,  4  contexts  x  8  threads)
pids: parent=1651 workers=4 written to ckpt_h1_3e10/run.pids
overlap: 152/12626784 zeros differ by <=1.00 ulp (last byte,  rounding-level) --  those indices certified with dg x3
stitch: B from element 12626784 (first zero 1006346000.166784); overlap cross-check 12626632/12626784 byte-equal
tail3e10: L 52290633 + A 2792198664 + B' 3053546936 + C 3142622346 + D 92577877714 = 101618536293 zeros (812.9 GB); G_LAST = 30001045999.981976
overlap: 152/12626784 zeros differ by <=1.00 ulp (last byte,  rounding-level) --  those indices certified with dg x3
stitch: B from element 12626784 (first zero 1006346000.166784); overlap cross-check 12626632/12626784 byte-equal
tail3e10: L 52290633 + A 2792198664 + B' 3053546936 + C 3142622346 + D 92577877714 = 101618536293 zeros (812.9 GB); G_LAST = 30001045999.981976
overlap: 152/12626784 zeros differ by <=1.00 ulp (last byte,  rounding-level) --  those indices certified with dg x3
stitch: B from element 12626784 (first zero 1006346000.166784); overlap cross-check 12626632/12626784 byte-equal
tail3e10: L 52290633 + A 2792198664 + B' 3053546936 + C 3142622346 + D 92577877714 = 101618536293 zeros (812.9 GB); G_LAST = 30001045999.981976
Exception in thread Thread-8 (_chunk):
Traceback (most recent call last):
  File "/usr/lib/python3.12/threading.py", line 1073, in _bootstrap_inner
    self.run()
  File "/usr/lib/python3.12/threading.py", line 1010, in run
    self._target(*self._args, **self._kwargs)
  File "/workspace/h1/RH/scripts/rh/day038_h1_3e10_gpu.py", line 569, in _chunk
    sr, si, br, bi, s_ar, dm = slabfn(
                               ^^^^^^^
  File "/workspace/h1/RH/scripts/rh/day038_h1_3e10_gpu.py", line 457, in slab_budget_gpu
    dimdg = tf * 2.0 * cc / (A * A)                # > 0
            ~~~~~~~~~~~~~~^~~~~~~~~
  File "cupy/_core/core.pyx", line 1606, in cupy._core.core._ndarray_base.__truediv__
  File "cupy/_core/_kernel.pyx", line 1374, in cupy._core._kernel.ufunc.__call__
  File "cupy/_core/_kernel.pyx", line 657, in cupy._core._kernel._get_out_args_from_optionals
  File "cupy/_core/core.pyx", line 3342, in cupy._core.core._ndarray_init
  File "cupy/_core/core.pyx", line 300, in cupy._core.core._ndarray_base._init_fast
  File "cupy/cuda/memory.pyx", line 904, in cupy.cuda.memory.alloc
  File "cupy/cuda/memory.pyx", line 1614, in cupy.cuda.memory.MemoryPool.malloc
  File "cupy/cuda/memory.pyx", line 1635, in cupy.cuda.memory.MemoryPool.malloc
  File "cupy/cuda/memory.pyx", line 1350, in cupy.cuda.memory.SingleDeviceMemoryPool.malloc
  File "cupy/cuda/memory.pyx", line 1376, in cupy.cuda.memory.SingleDeviceMemoryPool._malloc
  File "cupy/cuda/memory.pyx", line 1560, in cupy.cuda.memory.SingleDeviceMemoryPool._try_malloc
cupy.cuda.memory.OutOfMemoryError: Out of memory allocating 134,217,728 bytes (allocated so far: 9,663,703,040 bytes).
overlap: 152/12626784 zeros differ by <=1.00 ulp (last byte,  rounding-level) --  those indices certified with dg x3
stitch: B from element 12626784 (first zero 1006346000.166784); overlap cross-check 12626632/12626784 byte-equal
tail3e10: L 52290633 + A 2792198664 + B' 3053546936 + C 3142622346 + D 92577877714 = 101618536293 zeros (812.9 GB); G_LAST = 30001045999.981976
Exception in thread Thread-6 (_chunk):
Traceback (most recent call last):
  File "/usr/lib/python3.12/threading.py", line 1073, in _bootstrap_inner
    self.run()
  File "/usr/lib/python3.12/threading.py", line 1010, in run
    self._target(*self._args, **self._kwargs)
  File "/workspace/h1/RH/scripts/rh/day038_h1_3e10_gpu.py", line 569, in _chunk
    sr, si, br, bi, s_ar, dm = slabfn(
                               ^^^^^^^
  File "/workspace/h1/RH/scripts/rh/day038_h1_3e10_gpu.py", line 444, in slab_budget_gpu
    g2 = cc * cc
         ~~~^~~~
  File "cupy/_core/core.pyx", line 1582, in cupy._core.core._ndarray_base.__mul__
  File "cupy/_core/_kernel.pyx", line 1374, in cupy._core._kernel.ufunc.__call__
  File "cupy/_core/_kernel.pyx", line 657, in cupy._core._kernel._get_out_args_from_optionals
  File "cupy/_core/core.pyx", line 3342, in cupy._core.core._ndarray_init
  File "cupy/_core/core.pyx", line 300, in cupy._core.core._ndarray_base._init_fast
  File "cupy/cuda/memory.pyx", line 904, in cupy.cuda.memory.alloc
  File "cupy/cuda/memory.pyx", line 1614, in cupy.cuda.memory.MemoryPool.malloc
  File "cupy/cuda/memory.pyx", line 1635, in cupy.cuda.memory.MemoryPool.malloc
  File "cupy/cuda/memory.pyx", line 1350, in cupy.cuda.memory.SingleDeviceMemoryPool.malloc
  File "cupy/cuda/memory.pyx", line 1376, in cupy.cuda.memory.SingleDeviceMemoryPool._malloc
  File "cupy/cuda/memory.pyx", line 1560, in cupy.cuda.memory.SingleDeviceMemoryPool._try_malloc
cupy.cuda.memory.OutOfMemoryError: Out of memory allocating 134,217,728 bytes (allocated so far: 1,073,741,824 bytes).
Exception in thread Thread-3 (_chunk):
Traceback (most recent call last):
  File "/usr/lib/python3.12/threading.py", line 1073, in _bootstrap_inner
    self.run()
  File "/usr/lib/python3.12/threading.py", line 1010, in run
    self._target(*self._args, **self._kwargs)
  File "/workspace/h1/RH/scripts/rh/day038_h1_3e10_gpu.py", line 569, in _chunk
    sr, si, br, bi, s_ar, dm = slabfn(
                               ^^^^^^^
  File "/workspace/h1/RH/scripts/rh/day038_h1_3e10_gpu.py", line 443, in slab_budget_gpu
    cc = cp.asarray(c)
         ^^^^^^^^^^^^^
  File "/opt/venvs/cupy/lib/python3.12/site-packages/cupy/_creation/from_data.py", line 94, in asarray
    return _core.array(a, dtype, copy, order, blocking=blocking)
           ^^^^^^^^^^^^^^^^^^^^^^^^^^^^^^^^^^^^^^^^^^^^^^^^^^^^^
  File "cupy/_core/core.pyx", line 2821, in cupy._core.core.array
  File "cupy/_core/core.pyx", line 2841, in cupy._core.core.array
  File "cupy/_core/core.pyx", line 3067, in cupy._core.core._array_default
  File "cupy/_core/core.pyx", line 176, in cupy._core.core.ndarray.__new__
  File "cupy/_core/core.pyx", line 282, in cupy._core.core._ndarray_base._init
  File "cupy/cuda/memory.pyx", line 904, in cupy.cuda.memory.alloc
  File "cupy/cuda/memory.pyx", line 1614, in cupy.cuda.memory.MemoryPool.malloc
  File "cupy/cuda/memory.pyx", line 1635, in cupy.cuda.memory.MemoryPool.malloc
  File "cupy/cuda/memory.pyx", line 1350, in cupy.cuda.memory.SingleDeviceMemoryPool.malloc
  File "cupy/cuda/memory.pyx", line 1376, in cupy.cuda.memory.SingleDeviceMemoryPool._malloc
  File "cupy/cuda/memory.pyx", line 1560, in cupy.cuda.memory.SingleDeviceMemoryPool._try_malloc
cupy.cuda.memory.OutOfMemoryError: Out of memory allocating 134,217,728 bytes (allocated so far: 939,524,096 bytes).
Exception in thread Thread-8 (_chunk):
Traceback (most recent call last):
  File "/usr/lib/python3.12/threading.py", line 1073, in _bootstrap_inner
Exception in thread     Thread-4 (_chunk)self.run()
  File "/usr/lib/python3.12/threading.py", line 1010, in run
Exception in thread Thread-2 (_chunk):
Traceback (most recent call last):
:
  File "/usr/lib/python3.12/threading.py", line 1073, in _bootstrap_inner
    self._target(*self._args, **self._kwargs)
  File "/workspace/h1/RH/scripts/rh/day038_h1_3e10_gpu.py", line 569, in _chunk
Traceback (most recent call last):
  File "/usr/lib/python3.12/threading.py", line 1073, in _bootstrap_inner
    self.run()
  File "/usr/lib/python3.12/threading.py", line 1010, in run
        sr, si, br, bi, s_ar, dm = slabfn(
                               ^^^^^^^
  File "/workspace/h1/RH/scripts/rh/day038_h1_3e10_gpu.py", line 443, in slab_budget_gpu
    cc = cp.asarray(c)
         ^^^^^^^^^^^^^
  File "/opt/venvs/cupy/lib/python3.12/site-packages/cupy/_creation/from_data.py", line 94, in asarray
    return _core.array(a, dtype, copy, order, blocking=blocking)
           ^^^^^^^^^^^^^^^^^^^^^^^^^^^^^^^^^^^^^^^^^^^^^^^^^^^^^
  File "cupy/_core/core.pyx", line 2821, in cupy._core.core.array
  File "cupy/_core/core.pyx", line 2841, in cupy._core.core.array
  File "cupy/_core/core.pyx", line 3067, in cupy._core.core._array_default
  File "cupy/_core/core.pyx", line 176, in cupy._core.core.ndarray.__new__
  File "cupy/_core/core.pyx", line 282, in cupy._core.core._ndarray_base._init
  File "cupy/cuda/memory.pyx", line 904, in cupy.cuda.memory.alloc
  File "cupy/cuda/memory.pyx", line 1614, in cupy.cuda.memory.MemoryPool.malloc
  File "cupy/cuda/memory.pyx", line 1635, in cupy.cuda.memory.MemoryPool.malloc
  File "cupy/cuda/memory.pyx", line 1350, in cupy.cuda.memory.SingleDeviceMemoryPool.malloc
  File "cupy/cuda/memory.pyx", line 1376, in cupy.cuda.memory.SingleDeviceMemoryPool._malloc
  File "cupy/cuda/memory.pyx", line 1560, in cupy.cuda.memory.SingleDeviceMemoryPool._try_malloc
cupy.cuda.memory.OutOfMemoryError: Out of memory allocating 134,217,728 bytes (allocated so far: 1,073,741,824 bytes).
    Exception in thread self._target(*self._args, **self._kwargs)
  File "/workspace/h1/RH/scripts/rh/day038_h1_3e10_gpu.py", line 569, in _chunk
Thread-5 (_chunk):
    sr, si, br, bi, s_ar, dm = slabfn(
self.run()Traceback (most recent call last):
   File "/usr/lib/python3.12/threading.py", line 1073, in _bootstrap_inner
        
 Exception in thread   Thread-7 (_chunk)    :
               File "/usr/lib/python3.12/threading.py", line 1010, in run
      self.run()    self._target(*self._args, **self._kwargs)
  File "/workspace/h1/RH/scripts/rh/day038_h1_3e10_gpu.py", line 569, in _chunk
    sr, si, br, bi, s_ar, dm = slabfn(
                               ^^^^^^^
  File "/workspace/h1/RH/scripts/rh/day038_h1_3e10_gpu.py", line 444, in slab_budget_gpu
    g2 = cc * cc
         ~~~^~~~
  File "cupy/_core/core.pyx", line 1582, in cupy._core.core._ndarray_base.__mul__
  File "cupy/_core/_kernel.pyx", line 1374, in cupy._core._kernel.ufunc.__call__
  File "cupy/_core/_kernel.pyx", line 657, in cupy._core._kernel._get_out_args_from_optionals
  File "cupy/_core/core.pyx", line 3342, in cupy._core.core._ndarray_init
  File "cupy/_core/core.pyx", line 300, in cupy._core.core._ndarray_base._init_fast
  File "cupy/cuda/memory.pyx", line 904, in cupy.cuda.memory.alloc
  File "cupy/cuda/memory.pyx", line 1614, in cupy.cuda.memory.MemoryPool.malloc
  File "cupy/cuda/memory.pyx", line 1635, in cupy.cuda.memory.MemoryPool.malloc
  File "cupy/cuda/memory.pyx", line 1350, in cupy.cuda.memory.SingleDeviceMemoryPool.malloc
  File "cupy/cuda/memory.pyx", line 1376, in cupy.cuda.memory.SingleDeviceMemoryPool._malloc
  File "cupy/cuda/memory.pyx", line 1560, in cupy.cuda.memory.SingleDeviceMemoryPool._try_malloc
cupy.cuda.memory.OutOfMemoryError: Out of memory allocating 134,217,728 bytes (allocated so far: 805,306,368 bytes).
Traceback (most recent call last):
^
^  File "/usr/lib/python3.12/threading.py", line 1010, in run
^^^^^
  File "/workspace/h1/RH/scripts/rh/day038_h1_3e10_gpu.py", line 444, in slab_budget_gpu
  File "/usr/lib/python3.12/threading.py", line 1073, in _bootstrap_inner
    self._target(*self._args, **self._kwargs)    
g2 = cc * cc  File "/workspace/h1/RH/scripts/rh/day038_h1_3e10_gpu.py", line 569, in _chunk

          sr, si, br, bi, s_ar, dm = slabfn( 
   ~ ~ ~ ^ ~ ~ ~ 
    File "cupy/_core/core.pyx", line 1582, in cupy._core.core._ndarray_base.__mul__
          File "cupy/_core/_kernel.pyx", line 1374, in cupy._core._kernel.ufunc.__call__
         File "cupy/_core/_kernel.pyx", line 657, in cupy._core._kernel._get_out_args_from_optionals
        File "cupy/_core/core.pyx", line 3342, in cupy._core.core._ndarray_init
^^^  File "cupy/_core/core.pyx", line 300, in cupy._core.core._ndarray_base._init_fast
^  File "cupy/cuda/memory.pyx", line 904, in cupy.cuda.memory.alloc
^^^
  File "/workspace/h1/RH/scripts/rh/day038_h1_3e10_gpu.py", line 444, in slab_budget_gpu
  File "cupy/cuda/memory.pyx", line 1614, in cupy.cuda.memory.MemoryPool.malloc
  File "cupy/cuda/memory.pyx", line 1635, in cupy.cuda.memory.MemoryPool.malloc
      File "cupy/cuda/memory.pyx", line 1350, in cupy.cuda.memory.SingleDeviceMemoryPool.malloc
g2 = cc * cc
     File "cupy/cuda/memory.pyx", line 1376, in cupy.cuda.memory.SingleDeviceMemoryPool._malloc
       File "cupy/cuda/memory.pyx", line 1560, in cupy.cuda.memory.SingleDeviceMemoryPool._try_malloc
 ~cupy.cuda.memory~.~OutOfMemoryError^: ~Out of memory allocating 134,217,728 bytes (allocated so far: 939,524,096 bytes).~
~
  File "cupy/_core/core.pyx", line 1582, in cupy._core.core._ndarray_base.__mul__
  File "cupy/_core/_kernel.pyx", line 1374, in cupy._core._kernel.ufunc.__call__
    self.run()
  File "/usr/lib/python3.12/threading.py", line 1010, in run
  File "cupy/_core/_kernel.pyx", line 657, in cupy._core._kernel._get_out_args_from_optionals
    self._target(*self._args, **self._kwargs)
  File "/workspace/h1/RH/scripts/rh/day038_h1_3e10_gpu.py", line 569, in _chunk
  File "cupy/_core/core.pyx", line 3342, in cupy._core.core._ndarray_init
    sr, si, br, bi, s_ar, dm = slabfn(
         File "cupy/_core/core.pyx", line 300, in cupy._core.core._ndarray_base._init_fast
                 File "cupy/cuda/memory.pyx", line 904, in cupy.cuda.memory.alloc
         ^^  File "cupy/cuda/memory.pyx", line 1614, in cupy.cuda.memory.MemoryPool.malloc
^^^^^
  File "/workspace/h1/RH/scripts/rh/day038_h1_3e10_gpu.py", line 444, in slab_budget_gpu
  File "cupy/cuda/memory.pyx", line 1635, in cupy.cuda.memory.MemoryPool.malloc
    g2 = cc * cc
       File "cupy/cuda/memory.pyx", line 1350, in cupy.cuda.memory.SingleDeviceMemoryPool.malloc
    ~  File "cupy/cuda/memory.pyx", line 1376, in cupy.cuda.memory.SingleDeviceMemoryPool._malloc
~~^~~~
  File "cupy/_core/core.pyx", line 1582, in cupy._core.core._ndarray_base.__mul__
  File "cupy/cuda/memory.pyx", line 1560, in cupy.cuda.memory.SingleDeviceMemoryPool._try_malloc
  File "cupy/_core/_kernel.pyx", line 1374, in cupy._core._kernel.ufunc.__call__
  File "cupy/_core/_kernel.pyx", line 657, in cupy._core._kernel._get_out_args_from_optionals
  File "cupy/_core/core.pyx", line 3342, in cupy._core.core._ndarray_init
  File "cupy/_core/core.pyx", line 300, in cupy._core.core._ndarray_base._init_fast
  File "cupy/cuda/memory.pyx", line 904, in cupy.cuda.memory.alloc
  File "cupy/cuda/memory.pyx", line 1614, in cupy.cuda.memory.MemoryPool.malloc
  File "cupy/cuda/memory.pyx", line 1635, in cupy.cuda.memory.MemoryPool.malloc
  File "cupy/cuda/memory.pyx", line 1350, in cupy.cuda.memory.SingleDeviceMemoryPool.malloc
  File "cupy/cuda/memory.pyx", line 1376, in cupy.cuda.memory.SingleDeviceMemoryPool._malloc
  File "cupy/cuda/memory.pyx", line 1560, in cupy.cuda.memory.SingleDeviceMemoryPool._try_malloc
cupy.cuda.memory.OutOfMemoryError: Out of memory allocating 134,217,728 bytes (allocated so far: 805,306,368 bytes).
cupy.cuda.memory.OutOfMemoryError: Out of memory allocating 134,217,728 bytes (allocated so far: 939,524,096 bytes).
Exception in thread Thread-1 (_chunk):
Traceback (most recent call last):
  File "/usr/lib/python3.12/threading.py", line 1073, in _bootstrap_inner
    self.run()
  File "/usr/lib/python3.12/threading.py", line 1010, in run
    self._target(*self._args, **self._kwargs)
  File "/workspace/h1/RH/scripts/rh/day038_h1_3e10_gpu.py", line 569, in _chunk
    sr, si, br, bi, s_ar, dm = slabfn(
                               ^^^^^^^
  File "/workspace/h1/RH/scripts/rh/day038_h1_3e10_gpu.py", line 447, in slab_budget_gpu
    re_t = cp.log(abs_g2t2) - cp.log(A) + 0.5 / A
           ~~~~~~~~~~~~~~~~~^~~~~~~~~~~
  File "cupy/_core/core.pyx", line 1574, in cupy._core.core._ndarray_base.__sub__
  File "cupy/_core/_kernel.pyx", line 1374, in cupy._core._kernel.ufunc.__call__
  File "cupy/_core/_kernel.pyx", line 657, in cupy._core._kernel._get_out_args_from_optionals
  File "cupy/_core/core.pyx", line 3342, in cupy._core.core._ndarray_init
  File "cupy/_core/core.pyx", line 300, in cupy._core.core._ndarray_base._init_fast
  File "cupy/cuda/memory.pyx", line 904, in cupy.cuda.memory.alloc
  File "cupy/cuda/memory.pyx", line 1614, in cupy.cuda.memory.MemoryPool.malloc
  File "cupy/cuda/memory.pyx", line 1635, in cupy.cuda.memory.MemoryPool.malloc
  File "cupy/cuda/memory.pyx", line 1350, in cupy.cuda.memory.SingleDeviceMemoryPool.malloc
  File "cupy/cuda/memory.pyx", line 1376, in cupy.cuda.memory.SingleDeviceMemoryPool._malloc
  File "cupy/cuda/memory.pyx", line 1560, in cupy.cuda.memory.SingleDeviceMemoryPool._try_malloc
cupy.cuda.memory.OutOfMemoryError: Out of memory allocating 134,217,728 bytes (allocated so far: 805,306,368 bytes).
point  job  (win  0,  k  -11,  x=3490744654)  WORKER  FAILED:  TypeError('cannot unpack non-iterable NoneType object')  --  done  points  are  checkpointed;  supervisor  resumes
Exception in thread Thread-9 (_chunk):
Traceback (most recent call last):
  File "/usr/lib/python3.12/threading.py", line 1073, in _bootstrap_inner
    self.run()
  File "/usr/lib/python3.12/threading.py", line 1010, in run
    self._target(*self._args, **self._kwargs)
  File "/workspace/h1/RH/scripts/rh/day038_h1_3e10_gpu.py", line 569, in _chunk
    sr, si, br, bi, s_ar, dm = slabfn(
                               ^^^^^^^
  File "/workspace/h1/RH/scripts/rh/day038_h1_3e10_gpu.py", line 447, in slab_budget_gpu
    re_t = cp.log(abs_g2t2) - cp.log(A) + 0.5 / A
           ~~~~~~~~~~~~~~~~~^~~~~~~~~~~
  File "cupy/_core/core.pyx", line 1574, in cupy._core.core._ndarray_base.__sub__
  File "cupy/_core/_kernel.pyx", line 1374, in cupy._core._kernel.ufunc.__call__
  File "cupy/_core/_kernel.pyx", line 657, in cupy._core._kernel._get_out_args_from_optionals
  File "cupy/_core/core.pyx", line 3342, in cupy._core.core._ndarray_init
  File "cupy/_core/core.pyx", line 300, in cupy._core.core._ndarray_base._init_fast
  File "cupy/cuda/memory.pyx", line 904, in cupy.cuda.memory.alloc
  File "cupy/cuda/memory.pyx", line 1614, in cupy.cuda.memory.MemoryPool.malloc
  File "cupy/cuda/memory.pyx", line 1635, in cupy.cuda.memory.MemoryPool.malloc
  File "cupy/cuda/memory.pyx", line 1350, in cupy.cuda.memory.SingleDeviceMemoryPool.malloc
  File "cupy/cuda/memory.pyx", line 1376, in cupy.cuda.memory.SingleDeviceMemoryPool._malloc
  File "cupy/cuda/memory.pyx", line 1560, in cupy.cuda.memory.SingleDeviceMemoryPool._try_malloc
cupy.cuda.memory.OutOfMemoryError: Out of memory allocating 134,217,728 bytes (allocated so far: 939,524,096 bytes).
Exception in thread Thread-12 (_chunk):
Traceback (most recent call last):
  File "/usr/lib/python3.12/threading.py", line 1073, in _bootstrap_inner
    self.run()
  File "/usr/lib/python3.12/threading.py", line 1010, in run
    self._target(*self._args, **self._kwargs)
  File "/workspace/h1/RH/scripts/rh/day038_h1_3e10_gpu.py", line 569, in _chunk
    sr, si, br, bi, s_ar, dm = slabfn(
                               ^^^^^^^
  File "/workspace/h1/RH/scripts/rh/day038_h1_3e10_gpu.py", line 443, in slab_budget_gpu
    cc = cp.asarray(c)
         ^^^^^^^^^^^^^
  File "/opt/venvs/cupy/lib/python3.12/site-packages/cupy/_creation/from_data.py", line 94, in asarray
    return _core.array(a, dtype, copy, order, blocking=blocking)
           ^^^^^^^^^^^^^^^^^^^^^^^^^^^^^^^^^^^^^^^^^^^^^^^^^^^^^
  File "cupy/_core/core.pyx", line 2821, in cupy._core.core.array
  File "cupy/_core/core.pyx", line 2841, in cupy._core.core.array
  File "cupy/_core/core.pyx", line 3067, in cupy._core.core._array_default
  File "cupy/_core/core.pyx", line 176, in cupy._core.core.ndarray.__new__
  File "cupy/_core/core.pyx", line 282, in cupy._core.core._ndarray_base._init
  File "cupy/cuda/memory.pyx", line 904, in cupy.cuda.memory.alloc
  File "cupy/cuda/memory.pyx", line 1614, in cupy.cuda.memory.MemoryPool.malloc
  File "cupy/cuda/memory.pyx", line 1635, in cupy.cuda.memory.MemoryPool.malloc
  File "cupy/cuda/memory.pyx", line 1350, in cupy.cuda.memory.SingleDeviceMemoryPool.malloc
  File "cupy/cuda/memory.pyx", line 1376, in cupy.cuda.memory.SingleDeviceMemoryPool._malloc
  File "cupy/cuda/memory.pyx", line 1560, in cupy.cuda.memory.SingleDeviceMemoryPool._try_malloc
cupy.cuda.memory.OutOfMemoryError: Out of memory allocating 134,217,728 bytes (allocated so far: 805,306,368 bytes).
Exception in thread Thread-2 (_chunk):
Traceback (most recent call last):
  File "/usr/lib/python3.12/threading.py", line 1073, in _bootstrap_inner
    self.run()
  File "/usr/lib/python3.12/threading.py", line 1010, in run
    self._target(*self._args, **self._kwargs)
  File "/workspace/h1/RH/scripts/rh/day038_h1_3e10_gpu.py", line 569, in _chunk
    sr, si, br, bi, s_ar, dm = slabfn(
                               ^^^^^^^
  File "/workspace/h1/RH/scripts/rh/day038_h1_3e10_gpu.py", line 452, in slab_budget_gpu
    S2 = float(cp.maximum(cp.abs(re_t), 0.5 / A).sum())
                                        ~~~~^~~
  File "cupy/_core/core.pyx", line 1606, in cupy._core.core._ndarray_base.__truediv__
  File "cupy/_core/_kernel.pyx", line 1374, in cupy._core._kernel.ufunc.__call__
  File "cupy/_core/_kernel.pyx", line 657, in cupy._core._kernel._get_out_args_from_optionals
  File "cupy/_core/core.pyx", line 3342, in cupy._core.core._ndarray_init
  File "cupy/_core/core.pyx", line 300, in cupy._core.core._ndarray_base._init_fast
  File "cupy/cuda/memory.pyx", line 904, in cupy.cuda.memory.alloc
  File "cupy/cuda/memory.pyx", line 1614, in cupy.cuda.memory.MemoryPool.malloc
  File "cupy/cuda/memory.pyx", line 1635, in cupy.cuda.memory.MemoryPool.malloc
  File "cupy/cuda/memory.pyx", line 1350, in cupy.cuda.memory.SingleDeviceMemoryPool.malloc
  File "cupy/cuda/memory.pyx", line 1376, in cupy.cuda.memory.SingleDeviceMemoryPool._malloc
  File "cupy/cuda/memory.pyx", line 1560, in cupy.cuda.memory.SingleDeviceMemoryPool._try_malloc
cupy.cuda.memory.OutOfMemoryError: Out of memory allocating 134,217,728 bytes (allocated so far: 8,321,499,136 bytes).
Exception in thread Thread-15 (_chunk):
Traceback (most recent call last):
  File "/usr/lib/python3.12/threading.py", line 1073, in _bootstrap_inner
    self.run()
  File "/usr/lib/python3.12/threading.py", line 1010, in run
    self._target(*self._args, **self._kwargs)
  File "/workspace/h1/RH/scripts/rh/day038_h1_3e10_gpu.py", line 569, in _chunk
    sr, si, br, bi, s_ar, dm = slabfn(
                               ^^^^^^^
  File "/workspace/h1/RH/scripts/rh/day038_h1_3e10_gpu.py", line 447, in slab_budget_gpu
    re_t = cp.log(abs_g2t2) - cp.log(A) + 0.5 / A
                              ^^^^^^^^^
  File "cupy/_core/_kernel.pyx", line 1374, in cupy._core._kernel.ufunc.__call__
  File "cupy/_core/_kernel.pyx", line 657, in cupy._core._kernel._get_out_args_from_optionals
  File "cupy/_core/core.pyx", line 3342, in cupy._core.core._ndarray_init
  File "cupy/_core/core.pyx", line 300, in cupy._core.core._ndarray_base._init_fast
  File "cupy/cuda/memory.pyx", line 904, in cupy.cuda.memory.alloc
  File "cupy/cuda/memory.pyx", line 1614, in cupy.cuda.memory.MemoryPool.malloc
  File "cupy/cuda/memory.pyx", line 1635, in cupy.cuda.memory.MemoryPool.malloc
  File "cupy/cuda/memory.pyx", line 1350, in cupy.cuda.memory.SingleDeviceMemoryPool.malloc
  File "cupy/cuda/memory.pyx", line 1376, in cupy.cuda.memory.SingleDeviceMemoryPool._malloc
  File "cupy/cuda/memory.pyx", line 1560, in cupy.cuda.memory.SingleDeviceMemoryPool._try_malloc
cupy.cuda.memory.OutOfMemoryError: Out of memory allocating 134,217,728 bytes (allocated so far: 4,294,967,296 bytes).
Exception in thread Thread-10 (_chunk):
Traceback (most recent call last):
  File "/usr/lib/python3.12/threading.py", line 1073, in _bootstrap_inner
    self.run()
  File "/usr/lib/python3.12/threading.py", line 1010, in run
    self._target(*self._args, **self._kwargs)
  File "/workspace/h1/RH/scripts/rh/day038_h1_3e10_gpu.py", line 569, in _chunk
    sr, si, br, bi, s_ar, dm = slabfn(
                               ^^^^^^^
  File "/workspace/h1/RH/scripts/rh/day038_h1_3e10_gpu.py", line 452, in slab_budget_gpu
    S2 = float(cp.maximum(cp.abs(re_t), 0.5 / A).sum())
                                        ~~~~^~~
  File "cupy/_core/core.pyx", line 1606, in cupy._core.core._ndarray_base.__truediv__
  File "cupy/_core/_kernel.pyx", line 1374, in cupy._core._kernel.ufunc.__call__
  File "cupy/_core/_kernel.pyx", line 657, in cupy._core._kernel._get_out_args_from_optionals
  File "cupy/_core/core.pyx", line 3342, in cupy._core.core._ndarray_init
  File "cupy/_core/core.pyx", line 300, in cupy._core.core._ndarray_base._init_fast
  File "cupy/cuda/memory.pyx", line 904, in cupy.cuda.memory.alloc
  File "cupy/cuda/memory.pyx", line 1614, in cupy.cuda.memory.MemoryPool.malloc
  File "cupy/cuda/memory.pyx", line 1635, in cupy.cuda.memory.MemoryPool.malloc
  File "cupy/cuda/memory.pyx", line 1350, in cupy.cuda.memory.SingleDeviceMemoryPool.malloc
  File "cupy/cuda/memory.pyx", line 1376, in cupy.cuda.memory.SingleDeviceMemoryPool._malloc
  File "cupy/cuda/memory.pyx", line 1560, in cupy.cuda.memory.SingleDeviceMemoryPool._try_malloc
cupy.cuda.memory.OutOfMemoryError: Out of memory allocating 134,217,728 bytes (allocated so far: 3,892,314,112 bytes).
Exception in thread Thread-14 (_chunk):
Traceback (most recent call last):
  File "/usr/lib/python3.12/threading.py", line 1073, in _bootstrap_inner
    self.run()
  File "/usr/lib/python3.12/threading.py", line 1010, in run
    self._target(*self._args, **self._kwargs)
  File "/workspace/h1/RH/scripts/rh/day038_h1_3e10_gpu.py", line 569, in _chunk
    sr, si, br, bi, s_ar, dm = slabfn(
                               ^^^^^^^
  File "/workspace/h1/RH/scripts/rh/day038_h1_3e10_gpu.py", line 447, in slab_budget_gpu
    re_t = cp.log(abs_g2t2) - cp.log(A) + 0.5 / A
           ~~~~~~~~~~~~~~~~~^~~~~~~~~~~
  File "cupy/_core/core.pyx", line 1574, in cupy._core.core._ndarray_base.__sub__
  File "cupy/_core/_kernel.pyx", line 1374, in cupy._core._kernel.ufunc.__call__
  File "cupy/_core/_kernel.pyx", line 657, in cupy._core._kernel._get_out_args_from_optionals
  File "cupy/_core/core.pyx", line 3342, in cupy._core.core._ndarray_init
  File "cupy/_core/core.pyx", line 300, in cupy._core.core._ndarray_base._init_fast
  File "cupy/cuda/memory.pyx", line 904, in cupy.cuda.memory.alloc
  File "cupy/cuda/memory.pyx", line 1614, in cupy.cuda.memory.MemoryPool.malloc
  File "cupy/cuda/memory.pyx", line 1635, in cupy.cuda.memory.MemoryPool.malloc
  File "cupy/cuda/memory.pyx", line 1350, in cupy.cuda.memory.SingleDeviceMemoryPool.malloc
  File "cupy/cuda/memory.pyx", line 1376, in cupy.cuda.memory.SingleDeviceMemoryPool._malloc
  File "cupy/cuda/memory.pyx", line 1560, in cupy.cuda.memory.SingleDeviceMemoryPool._try_malloc
cupy.cuda.memory.OutOfMemoryError: Out of memory allocating 134,217,728 bytes (allocated so far: 4,160,749,568 bytes).
Exception in thread Thread-3 (_chunk):
Traceback (most recent call last):
  File "/usr/lib/python3.12/threading.py", line 1073, in _bootstrap_inner
    self.run()
  File "/usr/lib/python3.12/threading.py", line 1010, in run
    self._target(*self._args, **self._kwargs)
  File "/workspace/h1/RH/scripts/rh/day038_h1_3e10_gpu.py", line 569, in _chunk
    sr, si, br, bi, s_ar, dm = slabfn(
                               ^^^^^^^
  File "/workspace/h1/RH/scripts/rh/day038_h1_3e10_gpu.py", line 451, in slab_budget_gpu
    S1 = float(cp.abs(re_t).sum())
               ^^^^^^^^^^^^^^^^^^
  File "cupy/_core/core.pyx", line 1391, in cupy._core.core._ndarray_base.sum
  File "cupy/_core/core.pyx", line 1400, in cupy._core.core._ndarray_base.sum
  File "cupy/_core/_routines_math.pyx", line 115, in cupy._core._routines_math._ndarray_sum
  File "cupy/cuda/cub.pyx", line 446, in cupy.cuda.cub.cub_reduction
  File "cupy/cuda/cub.pyx", line 495, in cupy.cuda.cub.cub_reduction
  File "cupy/cuda/cub.pyx", line 171, in cupy.cuda.cub.device_reduce
  File "cupy/_core/core.pyx", line 176, in cupy._core.core.ndarray.__new__
  File "cupy/_core/core.pyx", line 282, in cupy._core.core._ndarray_base._init
  File "cupy/cuda/memory.pyx", line 904, in cupy.cuda.memory.alloc
  File "cupy/cuda/memory.pyx", line 1614, in cupy.cuda.memory.MemoryPool.malloc
  File "cupy/cuda/memory.pyx", line 1635, in cupy.cuda.memory.MemoryPool.malloc
  File "cupy/cuda/memory.pyx", line 1350, in cupy.cuda.memory.SingleDeviceMemoryPool.malloc
  File "cupy/cuda/memory.pyx", line 1376, in cupy.cuda.memory.SingleDeviceMemoryPool._malloc
  File "cupy/cuda/memory.pyx", line 1560, in cupy.cuda.memory.SingleDeviceMemoryPool._try_malloc
cupy.cuda.memory.OutOfMemoryError: Out of memory allocating 512 bytes (allocated so far: 5,368,709,120 bytes).
Exception in thread Thread-5 (_chunk):
Traceback (most recent call last):
  File "/usr/lib/python3.12/threading.py", line 1073, in _bootstrap_inner
    self.run()
  File "/usr/lib/python3.12/threading.py", line 1010, in run
    self._target(*self._args, **self._kwargs)
  File "/workspace/h1/RH/scripts/rh/day038_h1_3e10_gpu.py", line 569, in _chunk
    sr, si, br, bi, s_ar, dm = slabfn(
                               ^^^^^^^
  File "/workspace/h1/RH/scripts/rh/day038_h1_3e10_gpu.py", line 447, in slab_budget_gpu
    re_t = cp.log(abs_g2t2) - cp.log(A) + 0.5 / A
                              ^^^^^^^^^
  File "cupy/_core/_kernel.pyx", line 1374, in cupy._core._kernel.ufunc.__call__
  File "cupy/_core/_kernel.pyx", line 657, in cupy._core._kernel._get_out_args_from_optionals
  File "cupy/_core/core.pyx", line 3342, in cupy._core.core._ndarray_init
  File "cupy/_core/core.pyx", line 300, in cupy._core.core._ndarray_base._init_fast
  File "cupy/cuda/memory.pyx", line 904, in cupy.cuda.memory.alloc
  File "cupy/cuda/memory.pyx", line 1614, in cupy.cuda.memory.MemoryPool.malloc
  File "cupy/cuda/memory.pyx", line 1635, in cupy.cuda.memory.MemoryPool.malloc
  File "cupy/cuda/memory.pyx", line 1350, in cupy.cuda.memory.SingleDeviceMemoryPool.malloc
  File "cupy/cuda/memory.pyx", line 1376, in cupy.cuda.memory.SingleDeviceMemoryPool._malloc
  File "cupy/cuda/memory.pyx", line 1560, in cupy.cuda.memory.SingleDeviceMemoryPool._try_malloc
cupy.cuda.memory.OutOfMemoryError: Out of memory allocating 134,217,728 bytes (allocated so far: 5,234,491,392 bytes).
Exception in thread Thread-7 (_chunk):
Traceback (most recent call last):
  File "/usr/lib/python3.12/threading.py", line 1073, in _bootstrap_inner
    self.run()
  File "/usr/lib/python3.12/threading.py", line 1010, in run
    self._target(*self._args, **self._kwargs)
  File "/workspace/h1/RH/scripts/rh/day038_h1_3e10_gpu.py", line 569, in _chunk
    sr, si, br, bi, s_ar, dm = slabfn(
                               ^^^^^^^
  File "/workspace/h1/RH/scripts/rh/day038_h1_3e10_gpu.py", line 452, in slab_budget_gpu
    S2 = float(cp.maximum(cp.abs(re_t), 0.5 / A).sum())
               ^^^^^^^^^^^^^^^^^^^^^^^^^^^^^^^^^
  File "cupy/_core/_kernel.pyx", line 1374, in cupy._core._kernel.ufunc.__call__
  File "cupy/_core/_kernel.pyx", line 657, in cupy._core._kernel._get_out_args_from_optionals
  File "cupy/_core/core.pyx", line 3342, in cupy._core.core._ndarray_init
  File "cupy/_core/core.pyx", line 300, in cupy._core.core._ndarray_base._init_fast
  File "cupy/cuda/memory.pyx", line 904, in cupy.cuda.memory.alloc
  File "cupy/cuda/memory.pyx", line 1614, in cupy.cuda.memory.MemoryPool.malloc
  File "cupy/cuda/memory.pyx", line 1635, in cupy.cuda.memory.MemoryPool.malloc
  File "cupy/cuda/memory.pyx", line 1350, in cupy.cuda.memory.SingleDeviceMemoryPool.malloc
  File "cupy/cuda/memory.pyx", line 1376, in cupy.cuda.memory.SingleDeviceMemoryPool._malloc
  File "cupy/cuda/memory.pyx", line 1560, in cupy.cuda.memory.SingleDeviceMemoryPool._try_malloc
cupy.cuda.memory.OutOfMemoryError: Out of memory allocating 134,217,728 bytes (allocated so far: 4,697,620,480 bytes).
  ...t=3.491e+09 tail sweep 8% (500 pieces, 8 threads)
  ...t=3.491e+09 tail sweep 8% (500 pieces, 8 threads)
  ...t=3.491e+09 tail sweep 8% (500 pieces, 8 threads)
  ...t=3.491e+09 tail sweep 8% (500 pieces, 8 threads)
  ...t=3.491e+09 tail sweep 17% (1000 pieces, 8 threads)
  ...t=3.491e+09 tail sweep 17% (1000 pieces, 8 threads)
  ...t=3.491e+09 tail sweep 25% (1500 pieces, 8 threads)
  ...t=3.491e+09 tail sweep 25% (1500 pieces, 8 threads)
  ...t=3.491e+09 tail sweep 17% (1000 pieces, 8 threads)
  ...t=3.491e+09 tail sweep 17% (1000 pieces, 8 threads)
  ...t=3.491e+09 tail sweep 33% (2000 pieces, 8 threads)
  ...t=3.491e+09 tail sweep 33% (2000 pieces, 8 threads)
  ...t=3.491e+09 tail sweep 25% (1500 pieces, 8 threads)
  ...t=3.491e+09 tail sweep 41% (2500 pieces, 8 threads)
  ...t=3.491e+09 tail sweep 41% (2500 pieces, 8 threads)
  ...t=3.491e+09 tail sweep 25% (1500 pieces, 8 threads)
  ...t=3.491e+09 tail sweep 50% (3000 pieces, 8 threads)
  ...t=3.491e+09 tail sweep 50% (3000 pieces, 8 threads)
  ...t=3.491e+09 tail sweep 33% (2000 pieces, 8 threads)
  ...t=3.491e+09 tail sweep 33% (2000 pieces, 8 threads)
  ...t=3.491e+09 tail sweep 58% (3500 pieces, 8 threads)
  ...t=3.491e+09 tail sweep 58% (3500 pieces, 8 threads)
point  job  (win  0,  k  -9,  x=3490744654)  WORKER  FAILED:  TypeError('cannot unpack non-iterable NoneType object')  --  done  points  are  checkpointed;  supervisor  resumes
Exception in thread Thread-10 (_chunk):
Traceback (most recent call last):
  File "/usr/lib/python3.12/threading.py", line 1073, in _bootstrap_inner
    self.run()
  File "/usr/lib/python3.12/threading.py", line 1010, in run
    self._target(*self._args, **self._kwargs)
  File "/workspace/h1/RH/scripts/rh/day038_h1_3e10_gpu.py", line 569, in _chunk
    sr, si, br, bi, s_ar, dm = slabfn(
                               ^^^^^^^
  File "/workspace/h1/RH/scripts/rh/day038_h1_3e10_gpu.py", line 446, in slab_budget_gpu
    abs_g2t2 = cp.abs(g2 - t2)
               ^^^^^^^^^^^^^^^
  File "cupy/_core/_kernel.pyx", line 1374, in cupy._core._kernel.ufunc.__call__
  File "cupy/_core/_kernel.pyx", line 657, in cupy._core._kernel._get_out_args_from_optionals
  File "cupy/_core/core.pyx", line 3342, in cupy._core.core._ndarray_init
  File "cupy/_core/core.pyx", line 300, in cupy._core.core._ndarray_base._init_fast
  File "cupy/cuda/memory.pyx", line 904, in cupy.cuda.memory.alloc
  File "cupy/cuda/memory.pyx", line 1614, in cupy.cuda.memory.MemoryPool.malloc
  File "cupy/cuda/memory.pyx", line 1635, in cupy.cuda.memory.MemoryPool.malloc
  File "cupy/cuda/memory.pyx", line 1350, in cupy.cuda.memory.SingleDeviceMemoryPool.malloc
  File "cupy/cuda/memory.pyx", line 1376, in cupy.cuda.memory.SingleDeviceMemoryPool._malloc
  File "cupy/cuda/memory.pyx", line 1560, in cupy.cuda.memory.SingleDeviceMemoryPool._try_malloc
cupy.cuda.memory.OutOfMemoryError: Out of memory allocating 134,217,728 bytes (allocated so far: 5,234,491,392 bytes).
Exception in thread Thread-13 (_chunk):
Traceback (most recent call last):
  File "/usr/lib/python3.12/threading.py", line 1073, in _bootstrap_inner
    self.run()
  File "/usr/lib/python3.12/threading.py", line 1010, in run
    self._target(*self._args, **self._kwargs)
  File "/workspace/h1/RH/scripts/rh/day038_h1_3e10_gpu.py", line 569, in _chunk
    sr, si, br, bi, s_ar, dm = slabfn(
                               ^^^^^^^
  File "/workspace/h1/RH/scripts/rh/day038_h1_3e10_gpu.py", line 443, in slab_budget_gpu
    cc = cp.asarray(c)
         ^^^^^^^^^^^^^
  File "/opt/venvs/cupy/lib/python3.12/site-packages/cupy/_creation/from_data.py", line 94, in asarray
    return _core.array(a, dtype, copy, order, blocking=blocking)
           ^^^^^^^^^^^^^^^^^^^^^^^^^^^^^^^^^^^^^^^^^^^^^^^^^^^^^
  File "cupy/_core/core.pyx", line 2821, in cupy._core.core.array
  File "cupy/_core/core.pyx", line 2841, in cupy._core.core.array
  File "cupy/_core/core.pyx", line 3067, in cupy._core.core._array_default
  File "cupy/_core/core.pyx", line 176, in cupy._core.core.ndarray.__new__
  File "cupy/_core/core.pyx", line 282, in cupy._core.core._ndarray_base._init
  File "cupy/cuda/memory.pyx", line 904, in cupy.cuda.memory.alloc
  File "cupy/cuda/memory.pyx", line 1614, in cupy.cuda.memory.MemoryPool.malloc
  File "cupy/cuda/memory.pyx", line 1635, in cupy.cuda.memory.MemoryPool.malloc
  File "cupy/cuda/memory.pyx", line 1350, in cupy.cuda.memory.SingleDeviceMemoryPool.malloc
  File "cupy/cuda/memory.pyx", line 1376, in cupy.cuda.memory.SingleDeviceMemoryPool._malloc
  File "cupy/cuda/memory.pyx", line 1560, in cupy.cuda.memory.SingleDeviceMemoryPool._try_malloc
cupy.cuda.memory.OutOfMemoryError: Out of memory allocating 134,217,728 bytes (allocated so far: 5,100,273,664 bytes).
Exception in thread Thread-15 (_chunk):
Traceback (most recent call last):
  File "/usr/lib/python3.12/threading.py", line 1073, in _bootstrap_inner
    self.run()
  File "/usr/lib/python3.12/threading.py", line 1010, in run
    self._target(*self._args, **self._kwargs)
  File "/workspace/h1/RH/scripts/rh/day038_h1_3e10_gpu.py", line 569, in _chunk
    sr, si, br, bi, s_ar, dm = slabfn(
                               ^^^^^^^
  File "/workspace/h1/RH/scripts/rh/day038_h1_3e10_gpu.py", line 452, in slab_budget_gpu
    S2 = float(cp.maximum(cp.abs(re_t), 0.5 / A).sum())
                                        ~~~~^~~
  File "cupy/_core/core.pyx", line 1606, in cupy._core.core._ndarray_base.__truediv__
  File "cupy/_core/_kernel.pyx", line 1374, in cupy._core._kernel.ufunc.__call__
  File "cupy/_core/_kernel.pyx", line 657, in cupy._core._kernel._get_out_args_from_optionals
  File "cupy/_core/core.pyx", line 3342, in cupy._core.core._ndarray_init
  File "cupy/_core/core.pyx", line 300, in cupy._core.core._ndarray_base._init_fast
  File "cupy/cuda/memory.pyx", line 904, in cupy.cuda.memory.alloc
  File "cupy/cuda/memory.pyx", line 1614, in cupy.cuda.memory.MemoryPool.malloc
  File "cupy/cuda/memory.pyx", line 1635, in cupy.cuda.memory.MemoryPool.malloc
  File "cupy/cuda/memory.pyx", line 1350, in cupy.cuda.memory.SingleDeviceMemoryPool.malloc
  File "cupy/cuda/memory.pyx", line 1376, in cupy.cuda.memory.SingleDeviceMemoryPool._malloc
  File "cupy/cuda/memory.pyx", line 1560, in cupy.cuda.memory.SingleDeviceMemoryPool._try_malloc
cupy.cuda.memory.OutOfMemoryError: Out of memory allocating 134,217,728 bytes (allocated so far: 4,831,838,208 bytes).
Exception in thread Thread-12 (_chunk):
Traceback (most recent call last):
  File "/usr/lib/python3.12/threading.py", line 1073, in _bootstrap_inner
    self.run()
  File "/usr/lib/python3.12/threading.py", line 1010, in run
    self._target(*self._args, **self._kwargs)
  File "/workspace/h1/RH/scripts/rh/day038_h1_3e10_gpu.py", line 569, in _chunk
    sr, si, br, bi, s_ar, dm = slabfn(
                               ^^^^^^^
  File "/workspace/h1/RH/scripts/rh/day038_h1_3e10_gpu.py", line 452, in slab_budget_gpu
    S2 = float(cp.maximum(cp.abs(re_t), 0.5 / A).sum())
               ^^^^^^^^^^^^^^^^^^^^^^^^^^^^^^^^^
  File "cupy/_core/_kernel.pyx", line 1374, in cupy._core._kernel.ufunc.__call__
  File "cupy/_core/_kernel.pyx", line 657, in cupy._core._kernel._get_out_args_from_optionals
  File "cupy/_core/core.pyx", line 3342, in cupy._core.core._ndarray_init
  File "cupy/_core/core.pyx", line 300, in cupy._core.core._ndarray_base._init_fast
  File "cupy/cuda/memory.pyx", line 904, in cupy.cuda.memory.alloc
  File "cupy/cuda/memory.pyx", line 1614, in cupy.cuda.memory.MemoryPool.malloc
  File "cupy/cuda/memory.pyx", line 1635, in cupy.cuda.memory.MemoryPool.malloc
  File "cupy/cuda/memory.pyx", line 1350, in cupy.cuda.memory.SingleDeviceMemoryPool.malloc
  File "cupy/cuda/memory.pyx", line 1376, in cupy.cuda.memory.SingleDeviceMemoryPool._malloc
  File "cupy/cuda/memory.pyx", line 1560, in cupy.cuda.memory.SingleDeviceMemoryPool._try_malloc
cupy.cuda.memory.OutOfMemoryError: Out of memory allocating 134,217,728 bytes (allocated so far: 4,697,620,480 bytes).
point  job  (win  0,  k  -8,  x=3490744654)  WORKER  FAILED:  TypeError('cannot unpack non-iterable NoneType object')  --  done  points  are  checkpointed;  supervisor  resumes
Exception in thread Thread-11 (_chunk):
Traceback (most recent call last):
  File "/usr/lib/python3.12/threading.py", line 1073, in _bootstrap_inner
    self.run()
  File "/usr/lib/python3.12/threading.py", line 1010, in run
    self._target(*self._args, **self._kwargs)
  File "/workspace/h1/RH/scripts/rh/day038_h1_3e10_gpu.py", line 569, in _chunk
    sr, si, br, bi, s_ar, dm = slabfn(
                               ^^^^^^^
  File "/workspace/h1/RH/scripts/rh/day038_h1_3e10_gpu.py", line 446, in slab_budget_gpu
    abs_g2t2 = cp.abs(g2 - t2)
               ^^^^^^^^^^^^^^^
  File "cupy/_core/_kernel.pyx", line 1374, in cupy._core._kernel.ufunc.__call__
  File "cupy/_core/_kernel.pyx", line 657, in cupy._core._kernel._get_out_args_from_optionals
  File "cupy/_core/core.pyx", line 3342, in cupy._core.core._ndarray_init
  File "cupy/_core/core.pyx", line 300, in cupy._core.core._ndarray_base._init_fast
  File "cupy/cuda/memory.pyx", line 904, in cupy.cuda.memory.alloc
  File "cupy/cuda/memory.pyx", line 1614, in cupy.cuda.memory.MemoryPool.malloc
  File "cupy/cuda/memory.pyx", line 1635, in cupy.cuda.memory.MemoryPool.malloc
  File "cupy/cuda/memory.pyx", line 1350, in cupy.cuda.memory.SingleDeviceMemoryPool.malloc
  File "cupy/cuda/memory.pyx", line 1376, in cupy.cuda.memory.SingleDeviceMemoryPool._malloc
  File "cupy/cuda/memory.pyx", line 1560, in cupy.cuda.memory.SingleDeviceMemoryPool._try_malloc
cupy.cuda.memory.OutOfMemoryError: Out of memory allocating 134,217,728 bytes (allocated so far: 3,087,034,368 bytes).
Exception in thread Thread-22 (_chunk):
Traceback (most recent call last):
  File "/usr/lib/python3.12/threading.py", line 1073, in _bootstrap_inner
    self.run()
  File "/usr/lib/python3.12/threading.py", line 1010, in run
    self._target(*self._args, **self._kwargs)
  File "/workspace/h1/RH/scripts/rh/day038_h1_3e10_gpu.py", line 569, in _chunk
Exception in thread Thread-23 (_chunk):
Traceback (most recent call last):
  File "/usr/lib/python3.12/threading.py", line 1073, in _bootstrap_inner
    sr, si, br, bi, s_ar, dm = slabfn(
                               ^^^^^^^
  File "/workspace/h1/RH/scripts/rh/day038_h1_3e10_gpu.py", line 447, in slab_budget_gpu
    re_t = cp.log(abs_g2t2) - cp.log(A) + 0.5 / A
                              ^^^^^^^^^
  File "cupy/_core/_kernel.pyx", line 1374, in cupy._core._kernel.ufunc.__call__
  File "cupy/_core/_kernel.pyx", line 657, in cupy._core._kernel._get_out_args_from_optionals
  File "cupy/_core/core.pyx", line 3342, in cupy._core.core._ndarray_init
  File "cupy/_core/core.pyx", line 300, in cupy._core.core._ndarray_base._init_fast
  File "cupy/cuda/memory.pyx", line 904, in cupy.cuda.memory.alloc
  File "cupy/cuda/memory.pyx", line 1614, in cupy.cuda.memory.MemoryPool.malloc
  File "cupy/cuda/memory.pyx", line 1635, in cupy.cuda.memory.MemoryPool.malloc
  File "cupy/cuda/memory.pyx", line 1350, in cupy.cuda.memory.SingleDeviceMemoryPool.malloc
  File "cupy/cuda/memory.pyx", line 1376, in cupy.cuda.memory.SingleDeviceMemoryPool._malloc
  File "cupy/cuda/memory.pyx", line 1560, in cupy.cuda.memory.SingleDeviceMemoryPool._try_malloc
cupy.cuda.memory.OutOfMemoryError: Out of memory allocating 134,217,728 bytes (allocated so far: 6,308,233,216 bytes).
    self.run()
  File "/usr/lib/python3.12/threading.py", line 1010, in run
    self._target(*self._args, **self._kwargs)
  File "/workspace/h1/RH/scripts/rh/day038_h1_3e10_gpu.py", line 569, in _chunk
    sr, si, br, bi, s_ar, dm = slabfn(
                               ^^^^^^^
  File "/workspace/h1/RH/scripts/rh/day038_h1_3e10_gpu.py", line 446, in slab_budget_gpu
    abs_g2t2 = cp.abs(g2 - t2)
                      ~~~^~~~
  File "cupy/_core/core.pyx", line 1578, in cupy._core.core._ndarray_base.__sub__
  File "cupy/_core/core.pyx", line 2024, in cupy._core.core._ndarray_base.__array_ufunc__
  File "cupy/_core/_kernel.pyx", line 1374, in cupy._core._kernel.ufunc.__call__
  File "cupy/_core/_kernel.pyx", line 657, in cupy._core._kernel._get_out_args_from_optionals
  File "cupy/_core/core.pyx", line 3342, in cupy._core.core._ndarray_init
  File "cupy/_core/core.pyx", line 300, in cupy._core.core._ndarray_base._init_fast
  File "cupy/cuda/memory.pyx", line 904, in cupy.cuda.memory.alloc
  File "cupy/cuda/memory.pyx", line 1614, in cupy.cuda.memory.MemoryPool.malloc
  File "cupy/cuda/memory.pyx", line 1635, in cupy.cuda.memory.MemoryPool.malloc
  File "cupy/cuda/memory.pyx", line 1350, in cupy.cuda.memory.SingleDeviceMemoryPool.malloc
  File "cupy/cuda/memory.pyx", line 1376, in cupy.cuda.memory.SingleDeviceMemoryPool._malloc
  File "cupy/cuda/memory.pyx", line 1560, in cupy.cuda.memory.SingleDeviceMemoryPool._try_malloc
cupy.cuda.memory.OutOfMemoryError: Out of memory allocating 134,217,728 bytes (allocated so far: 6,174,015,488 bytes).
Exception in thread Thread-20 (_chunk):
Traceback (most recent call last):
  File "/usr/lib/python3.12/threading.py", line 1073, in _bootstrap_inner
    self.run()
  File "/usr/lib/python3.12/threading.py", line 1010, in run
    self._target(*self._args, **self._kwargs)
  File "/workspace/h1/RH/scripts/rh/day038_h1_3e10_gpu.py", line 569, in _chunk
    sr, si, br, bi, s_ar, dm = slabfn(
                               ^^^^^^^
  File "/workspace/h1/RH/scripts/rh/day038_h1_3e10_gpu.py", line 451, in slab_budget_gpu
    S1 = float(cp.abs(re_t).sum())
               ^^^^^^^^^^^^^^^^^^
  File "cupy/_core/core.pyx", line 1391, in cupy._core.core._ndarray_base.sum
  File "cupy/_core/core.pyx", line 1400, in cupy._core.core._ndarray_base.sum
  File "cupy/_core/_routines_math.pyx", line 115, in cupy._core._routines_math._ndarray_sum
  File "cupy/cuda/cub.pyx", line 446, in cupy.cuda.cub.cub_reduction
  File "cupy/cuda/cub.pyx", line 495, in cupy.cuda.cub.cub_reduction
  File "cupy/cuda/cub.pyx", line 171, in cupy.cuda.cub.device_reduce
  File "cupy/_core/core.pyx", line 176, in cupy._core.core.ndarray.__new__
  File "cupy/_core/core.pyx", line 282, in cupy._core.core._ndarray_base._init
  File "cupy/cuda/memory.pyx", line 904, in cupy.cuda.memory.alloc
  File "cupy/cuda/memory.pyx", line 1614, in cupy.cuda.memory.MemoryPool.malloc
  File "cupy/cuda/memory.pyx", line 1635, in cupy.cuda.memory.MemoryPool.malloc
  File "cupy/cuda/memory.pyx", line 1350, in cupy.cuda.memory.SingleDeviceMemoryPool.malloc
  File "cupy/cuda/memory.pyx", line 1376, in cupy.cuda.memory.SingleDeviceMemoryPool._malloc
  File "cupy/cuda/memory.pyx", line 1560, in cupy.cuda.memory.SingleDeviceMemoryPool._try_malloc
cupy.cuda.memory.OutOfMemoryError: Out of memory allocating 512 bytes (allocated so far: 4,831,838,208 bytes).
Exception in thread Thread-24 (_chunk):
Traceback (most recent call last):
  File "/usr/lib/python3.12/threading.py", line 1073, in _bootstrap_inner
    self.run()
  File "/usr/lib/python3.12/threading.py", line 1010, in run
    self._target(*self._args, **self._kwargs)
  File "/workspace/h1/RH/scripts/rh/day038_h1_3e10_gpu.py", line 569, in _chunk
    sr, si, br, bi, s_ar, dm = slabfn(
                               ^^^^^^^
  File "/workspace/h1/RH/scripts/rh/day038_h1_3e10_gpu.py", line 451, in slab_budget_gpu
    S1 = float(cp.abs(re_t).sum())
               ^^^^^^^^^^^^^^^^^^
  File "cupy/_core/core.pyx", line 1391, in cupy._core.core._ndarray_base.sum
  File "cupy/_core/core.pyx", line 1400, in cupy._core.core._ndarray_base.sum
  File "cupy/_core/_routines_math.pyx", line 115, in cupy._core._routines_math._ndarray_sum
  File "cupy/cuda/cub.pyx", line 446, in cupy.cuda.cub.cub_reduction
  File "cupy/cuda/cub.pyx", line 495, in cupy.cuda.cub.cub_reduction
  File "cupy/cuda/cub.pyx", line 171, in cupy.cuda.cub.device_reduce
  File "cupy/_core/core.pyx", line 176, in cupy._core.core.ndarray.__new__
  File "cupy/_core/core.pyx", line 282, in cupy._core.core._ndarray_base._init
  File "cupy/cuda/memory.pyx", line 904, in cupy.cuda.memory.alloc
  File "cupy/cuda/memory.pyx", line 1614, in cupy.cuda.memory.MemoryPool.malloc
  File "cupy/cuda/memory.pyx", line 1635, in cupy.cuda.memory.MemoryPool.malloc
  File "cupy/cuda/memory.pyx", line 1350, in cupy.cuda.memory.SingleDeviceMemoryPool.malloc
  File "cupy/cuda/memory.pyx", line 1376, in cupy.cuda.memory.SingleDeviceMemoryPool._malloc
  File "cupy/cuda/memory.pyx", line 1560, in cupy.cuda.memory.SingleDeviceMemoryPool._try_malloc
cupy.cuda.memory.OutOfMemoryError: Out of memory allocating 512 bytes (allocated so far: 4,831,838,208 bytes).
Exception in thread Thread-17 (_chunk):
Traceback (most recent call last):
  File "/usr/lib/python3.12/threading.py", line 1073, in _bootstrap_inner
    self.run()
  File "/usr/lib/python3.12/threading.py", line 1010, in run
    self._target(*self._args, **self._kwargs)
  File "/workspace/h1/RH/scripts/rh/day038_h1_3e10_gpu.py", line 569, in _chunk
    sr, si, br, bi, s_ar, dm = slabfn(
                               ^^^^^^^
  File "/workspace/h1/RH/scripts/rh/day038_h1_3e10_gpu.py", line 457, in slab_budget_gpu
    dimdg = tf * 2.0 * cc / (A * A)                # > 0
            ~~~~~~~~~~~~~~^~~~~~~~~
  File "cupy/_core/core.pyx", line 1606, in cupy._core.core._ndarray_base.__truediv__
  File "cupy/_core/_kernel.pyx", line 1374, in cupy._core._kernel.ufunc.__call__
  File "cupy/_core/_kernel.pyx", line 657, in cupy._core._kernel._get_out_args_from_optionals
  File "cupy/_core/core.pyx", line 3342, in cupy._core.core._ndarray_init
  File "cupy/_core/core.pyx", line 300, in cupy._core.core._ndarray_base._init_fast
  File "cupy/cuda/memory.pyx", line 904, in cupy.cuda.memory.alloc
  File "cupy/cuda/memory.pyx", line 1614, in cupy.cuda.memory.MemoryPool.malloc
  File "cupy/cuda/memory.pyx", line 1635, in cupy.cuda.memory.MemoryPool.malloc
  File "cupy/cuda/memory.pyx", line 1350, in cupy.cuda.memory.SingleDeviceMemoryPool.malloc
  File "cupy/cuda/memory.pyx", line 1376, in cupy.cuda.memory.SingleDeviceMemoryPool._malloc
  File "cupy/cuda/memory.pyx", line 1560, in cupy.cuda.memory.SingleDeviceMemoryPool._try_malloc
cupy.cuda.memory.OutOfMemoryError: Out of memory allocating 134,217,728 bytes (allocated so far: 4,697,620,480 bytes).
  ...t=3.491e+09 tail sweep 66% (4000 pieces, 8 threads)
  ...t=3.491e+09 tail sweep 66% (4000 pieces, 8 threads)
  ...t=3.491e+09 tail sweep 74% (4500 pieces, 8 threads)
  ...t=3.491e+09 tail sweep 74% (4500 pieces, 8 threads)
  ...t=3.491e+09 tail sweep 8% (500 pieces, 8 threads)
  ...t=3.491e+09 tail sweep 8% (500 pieces, 8 threads)
  ...t=3.491e+09 tail sweep 83% (5000 pieces, 8 threads)
  ...t=3.491e+09 tail sweep 83% (5000 pieces, 8 threads)
  ...t=3.491e+09 tail sweep 91% (5500 pieces, 8 threads)
  ...t=3.491e+09 tail sweep 91% (5500 pieces, 8 threads)
  ...t=3.491e+09 tail sweep 17% (1000 pieces, 8 threads)
  ...t=3.491e+09 tail sweep 17% (1000 pieces, 8 threads)
  ...t=3.491e+09 tail sweep 99% (6000 pieces, 8 threads)
  ...t=3.491e+09 tail sweep 99% (6000 pieces, 8 threads)
  ...t=3.491e+09 tail sweep 25% (1500 pieces, 8 threads)
  ...t=3.491e+09 tail sweep 25% (1500 pieces, 8 threads)
  pt win=0 k=-10 x=3.491e+09 t=3490744649.31855 mnew=1.0000 mcert=1.0000 bexp=4.12e-04
  ...t=3.491e+09 tail sweep 33% (2000 pieces, 8 threads)
  ...t=3.491e+09 tail sweep 33% (2000 pieces, 8 threads)
  ...t=3.491e+09 tail sweep 8% (500 pieces, 8 threads)
point  job  (win  0,  k  -6,  x=3490744654)  WORKER  FAILED:  TypeError('cannot unpack non-iterable NoneType object')  --  done  points  are  checkpointed;  supervisor  resumes
Exception in thread Thread-30 (_chunk):
Traceback (most recent call last):
  File "/usr/lib/python3.12/threading.py", line 1073, in _bootstrap_inner
    self.run()
  File "/usr/lib/python3.12/threading.py", line 1010, in run
    self._target(*self._args, **self._kwargs)
  File "/workspace/h1/RH/scripts/rh/day038_h1_3e10_gpu.py", line 569, in _chunk
    sr, si, br, bi, s_ar, dm = slabfn(
                               ^^^^^^^
  File "/workspace/h1/RH/scripts/rh/day038_h1_3e10_gpu.py", line 446, in slab_budget_gpu
    abs_g2t2 = cp.abs(g2 - t2)
               ^^^^^^^^^^^^^^^
  File "cupy/_core/_kernel.pyx", line 1374, in cupy._core._kernel.ufunc.__call__
  File "cupy/_core/_kernel.pyx", line 657, in cupy._core._kernel._get_out_args_from_optionals
  File "cupy/_core/core.pyx", line 3342, in cupy._core.core._ndarray_init
  File "cupy/_core/core.pyx", line 300, in cupy._core.core._ndarray_base._init_fast
  File "cupy/cuda/memory.pyx", line 904, in cupy.cuda.memory.alloc
  File "cupy/cuda/memory.pyx", line 1614, in cupy.cuda.memory.MemoryPool.malloc
  File "cupy/cuda/memory.pyx", line 1635, in cupy.cuda.memory.MemoryPool.malloc
  File "cupy/cuda/memory.pyx", line 1350, in cupy.cuda.memory.SingleDeviceMemoryPool.malloc
  File "cupy/cuda/memory.pyx", line 1376, in cupy.cuda.memory.SingleDeviceMemoryPool._malloc
  File "cupy/cuda/memory.pyx", line 1560, in cupy.cuda.memory.SingleDeviceMemoryPool._try_malloc
cupy.cuda.memory.OutOfMemoryError: Out of memory allocating 134,217,728 bytes (allocated so far: 4,966,055,936 bytes).
Exception in thread Thread-28 (_chunk):
Traceback (most recent call last):
  File "/usr/lib/python3.12/threading.py", line 1073, in _bootstrap_inner
    self.run()
  File "/usr/lib/python3.12/threading.py", line 1010, in run
    self._target(*self._args, **self._kwargs)
  File "/workspace/h1/RH/scripts/rh/day038_h1_3e10_gpu.py", line 569, in _chunk
    sr, si, br, bi, s_ar, dm = slabfn(
                               ^^^^^^^
  File "/workspace/h1/RH/scripts/rh/day038_h1_3e10_gpu.py", line 446, in slab_budget_gpu
    abs_g2t2 = cp.abs(g2 - t2)
               ^^^^^^^^^^^^^^^
  File "cupy/_core/_kernel.pyx", line 1374, in cupy._core._kernel.ufunc.__call__
  File "cupy/_core/_kernel.pyx", line 657, in cupy._core._kernel._get_out_args_from_optionals
  File "cupy/_core/core.pyx", line 3342, in cupy._core.core._ndarray_init
  File "cupy/_core/core.pyx", line 300, in cupy._core.core._ndarray_base._init_fast
  File "cupy/cuda/memory.pyx", line 904, in cupy.cuda.memory.alloc
  File "cupy/cuda/memory.pyx", line 1614, in cupy.cuda.memory.MemoryPool.malloc
  File "cupy/cuda/memory.pyx", line 1635, in cupy.cuda.memory.MemoryPool.malloc
  File "cupy/cuda/memory.pyx", line 1350, in cupy.cuda.memory.SingleDeviceMemoryPool.malloc
  File "cupy/cuda/memory.pyx", line 1376, in cupy.cuda.memory.SingleDeviceMemoryPool._malloc
  File "cupy/cuda/memory.pyx", line 1560, in cupy.cuda.memory.SingleDeviceMemoryPool._try_malloc
cupy.cuda.memory.OutOfMemoryError: Out of memory allocating 134,217,728 bytes (allocated so far: 4,831,838,208 bytes).
Exception in thread Thread-26 (_chunk):
Traceback (most recent call last):
  File "/usr/lib/python3.12/threading.py", line 1073, in _bootstrap_inner
    self.run()
  File "/usr/lib/python3.12/threading.py", line 1010, in run
    self._target(*self._args, **self._kwargs)
  File "/workspace/h1/RH/scripts/rh/day038_h1_3e10_gpu.py", line 569, in _chunk
    sr, si, br, bi, s_ar, dm = slabfn(
                               ^^^^^^^
  File "/workspace/h1/RH/scripts/rh/day038_h1_3e10_gpu.py", line 455, in slab_budget_gpu
    dredg = (2.0 * cc / cp.maximum(abs_g2t2, 1e-30)
             ~~~~~~~~~^~~~~~~~~~~~~~~~~~~~~~~~~~~~~
  File "cupy/_core/core.pyx", line 1606, in cupy._core.core._ndarray_base.__truediv__
  File "cupy/_core/_kernel.pyx", line 1374, in cupy._core._kernel.ufunc.__call__
  File "cupy/_core/_kernel.pyx", line 657, in cupy._core._kernel._get_out_args_from_optionals
  File "cupy/_core/core.pyx", line 3342, in cupy._core.core._ndarray_init
  File "cupy/_core/core.pyx", line 300, in cupy._core.core._ndarray_base._init_fast
  File "cupy/cuda/memory.pyx", line 904, in cupy.cuda.memory.alloc
  File "cupy/cuda/memory.pyx", line 1614, in cupy.cuda.memory.MemoryPool.malloc
  File "cupy/cuda/memory.pyx", line 1635, in cupy.cuda.memory.MemoryPool.malloc
  File "cupy/cuda/memory.pyx", line 1350, in cupy.cuda.memory.SingleDeviceMemoryPool.malloc
  File "cupy/cuda/memory.pyx", line 1376, in cupy.cuda.memory.SingleDeviceMemoryPool._malloc
  File "cupy/cuda/memory.pyx", line 1560, in cupy.cuda.memory.SingleDeviceMemoryPool._try_malloc
cupy.cuda.memory.OutOfMemoryError: Out of memory allocating 134,217,728 bytes (allocated so far: 5,100,273,664 bytes).
Exception in thread Thread-25 (_chunk):
Traceback (most recent call last):
  File "/usr/lib/python3.12/threading.py", line 1073, in _bootstrap_inner
    self.run()
  File "/usr/lib/python3.12/threading.py", line 1010, in run
    self._target(*self._args, **self._kwargs)
  File "/workspace/h1/RH/scripts/rh/day038_h1_3e10_gpu.py", line 569, in _chunk
    sr, si, br, bi, s_ar, dm = slabfn(
                               ^^^^^^^
  File "/workspace/h1/RH/scripts/rh/day038_h1_3e10_gpu.py", line 452, in slab_budget_gpu
    S2 = float(cp.maximum(cp.abs(re_t), 0.5 / A).sum())
               ^^^^^^^^^^^^^^^^^^^^^^^^^^^^^^^^^
  File "cupy/_core/_kernel.pyx", line 1374, in cupy._core._kernel.ufunc.__call__
  File "cupy/_core/_kernel.pyx", line 657, in cupy._core._kernel._get_out_args_from_optionals
  File "cupy/_core/core.pyx", line 3342, in cupy._core.core._ndarray_init
  File "cupy/_core/core.pyx", line 300, in cupy._core.core._ndarray_base._init_fast
  File "cupy/cuda/memory.pyx", line 904, in cupy.cuda.memory.alloc
  File "cupy/cuda/memory.pyx", line 1614, in cupy.cuda.memory.MemoryPool.malloc
  File "cupy/cuda/memory.pyx", line 1635, in cupy.cuda.memory.MemoryPool.malloc
  File "cupy/cuda/memory.pyx", line 1350, in cupy.cuda.memory.SingleDeviceMemoryPool.malloc
  File "cupy/cuda/memory.pyx", line 1376, in cupy.cuda.memory.SingleDeviceMemoryPool._malloc
  File "cupy/cuda/memory.pyx", line 1560, in cupy.cuda.memory.SingleDeviceMemoryPool._try_malloc
cupy.cuda.memory.OutOfMemoryError: Out of memory allocating 134,217,728 bytes (allocated so far: 4,697,620,480 bytes).
point  job  (win  0,  k  -7,  x=3490744654)  WORKER  FAILED:  TypeError('cannot unpack non-iterable NoneType object')  --  done  points  are  checkpointed;  supervisor  resumes
Exception in thread Thread-22 (_chunk):
Traceback (most recent call last):
  File "/usr/lib/python3.12/threading.py", line 1073, in _bootstrap_inner
Exception in thread Thread-24 (_chunk):
Traceback (most recent call last):
  File "/usr/lib/python3.12/threading.py", line 1073, in _bootstrap_inner
    self.run()
  File "/usr/lib/python3.12/threading.py", line 1010, in run
    self._target(*self._args, **self._kwargs)
  File "/workspace/h1/RH/scripts/rh/day038_h1_3e10_gpu.py", line 569, in _chunk
    sr, si, br, bi, s_ar, dm = slabfn(
                               ^^^^^^^
  File "/workspace/h1/RH/scripts/rh/day038_h1_3e10_gpu.py", line 447, in slab_budget_gpu
    re_t = cp.log(abs_g2t2) - cp.log(A) + 0.5 / A
                              ^^^^^^^^^
  File "cupy/_core/_kernel.pyx", line 1374, in cupy._core._kernel.ufunc.__call__
  File "cupy/_core/_kernel.pyx", line 657, in cupy._core._kernel._get_out_args_from_optionals
  File "cupy/_core/core.pyx", line 3342, in cupy._core.core._ndarray_init
  File "cupy/_core/core.pyx", line 300, in cupy._core.core._ndarray_base._init_fast
  File "cupy/cuda/memory.pyx", line 904, in cupy.cuda.memory.alloc
  File "cupy/cuda/memory.pyx", line 1614, in cupy.cuda.memory.MemoryPool.malloc
  File "cupy/cuda/memory.pyx", line 1635, in cupy.cuda.memory.MemoryPool.malloc
  File "cupy/cuda/memory.pyx", line 1350, in cupy.cuda.memory.SingleDeviceMemoryPool.malloc
  File "cupy/cuda/memory.pyx", line 1376, in cupy.cuda.memory.SingleDeviceMemoryPool._malloc
  File "cupy/cuda/memory.pyx", line 1560, in cupy.cuda.memory.SingleDeviceMemoryPool._try_malloc
cupy.cuda.memory.OutOfMemoryError: Out of memory allocating 134,217,728 bytes (allocated so far: 4,563,402,752 bytes).
Exception in thread Exception in thread Thread-18 (_chunk):
Traceback (most recent call last):
  File "/usr/lib/python3.12/threading.py", line 1073, in _bootstrap_inner
Exception in thread Thread-19 (_chunk):
Traceback (most recent call last):
  File "/usr/lib/python3.12/threading.py", line 1073, in _bootstrap_inner
    self.run()
  File "/usr/lib/python3.12/threading.py", line 1010, in run
    self._target(*self._args, **self._kwargs)
  File "/workspace/h1/RH/scripts/rh/day038_h1_3e10_gpu.py", line 569, in _chunk
    sr, si, br, bi, s_ar, dm = slabfn(
                               ^^^^^^^
  File "/workspace/h1/RH/scripts/rh/day038_h1_3e10_gpu.py", line 443, in slab_budget_gpu
    cc = cp.asarray(c)
         ^^^^^^^^^^^^^
  File "/opt/venvs/cupy/lib/python3.12/site-packages/cupy/_creation/from_data.py", line 94, in asarray
    return _core.array(a, dtype, copy, order, blocking=blocking)
           ^^^^^^^^^^^^^^^^^^^^^^^^^^^^^^^^^^^^^^^^^^^^^^^^^^^^^
  File "cupy/_core/core.pyx", line 2821, in cupy._core.core.array
  File "cupy/_core/core.pyx", line 2841, in cupy._core.core.array
  File "cupy/_core/core.pyx", line 3067, in cupy._core.core._array_default
  File "cupy/_core/core.pyx", line 176, in cupy._core.core.ndarray.__new__
  File "cupy/_core/core.pyx", line 282, in cupy._core.core._ndarray_base._init
  File "cupy/cuda/memory.pyx", line 904, in cupy.cuda.memory.alloc
  File "cupy/cuda/memory.pyx", line 1614, in cupy.cuda.memory.MemoryPool.malloc
  File "cupy/cuda/memory.pyx", line 1635, in cupy.cuda.memory.MemoryPool.malloc
  File "cupy/cuda/memory.pyx", line 1350, in cupy.cuda.memory.SingleDeviceMemoryPool.malloc
  File "cupy/cuda/memory.pyx", line 1376, in cupy.cuda.memory.SingleDeviceMemoryPool._malloc
  File "cupy/cuda/memory.pyx", line 1560, in cupy.cuda.memory.SingleDeviceMemoryPool._try_malloc
cupy.cuda.memory.OutOfMemoryError: Out of memory allocating 134,217,728 bytes (allocated so far: 4,026,531,840 bytes).
Thread-21 (_chunk):
Traceback (most recent call last):
  File "/usr/lib/python3.12/threading.py", line 1073, in _bootstrap_inner
    self.run()
  File "/usr/lib/python3.12/threading.py", line 1010, in run
    self._target(*self._args, **self._kwargs)
  File "/workspace/h1/RH/scripts/rh/day038_h1_3e10_gpu.py", line 569, in _chunk
    sr, si, br, bi, s_ar, dm = slabfn(
                               ^^^^^^^
  File "/workspace/h1/RH/scripts/rh/day038_h1_3e10_gpu.py", line 444, in slab_budget_gpu
    g2 = cc * cc
         ~~~^~~~
  File "cupy/_core/core.pyx", line 1582, in cupy._core.core._ndarray_base.__mul__
  File "cupy/_core/_kernel.pyx", line 1374, in cupy._core._kernel.ufunc.__call__
  File "cupy/_core/_kernel.pyx", line 657, in cupy._core._kernel._get_out_args_from_optionals
  File "cupy/_core/core.pyx", line 3342, in cupy._core.core._ndarray_init
  File "cupy/_core/core.pyx", line 300, in cupy._core.core._ndarray_base._init_fast
  File "cupy/cuda/memory.pyx", line 904, in cupy.cuda.memory.alloc
  File "cupy/cuda/memory.pyx", line 1614, in cupy.cuda.memory.MemoryPool.malloc
  File "cupy/cuda/memory.pyx", line 1635, in cupy.cuda.memory.MemoryPool.malloc
  File "cupy/cuda/memory.pyx", line 1350, in cupy.cuda.memory.SingleDeviceMemoryPool.malloc
  File "cupy/cuda/memory.pyx", line 1376, in cupy.cuda.memory.SingleDeviceMemoryPool._malloc
  File "cupy/cuda/memory.pyx", line 1560, in cupy.cuda.memory.SingleDeviceMemoryPool._try_malloc
cupy.cuda.memory.OutOfMemoryError: Out of memory allocating 134,217,728 bytes (allocated so far: 4,294,967,296 bytes).
    self.run()
  File "/usr/lib/python3.12/threading.py", line 1010, in run
    self._target(*self._args, **self._kwargs)
  File "/workspace/h1/RH/scripts/rh/day038_h1_3e10_gpu.py", line 569, in _chunk
    sr, si, br, bi, s_ar, dm = slabfn(
                               ^^^^^^^
  File "/workspace/h1/RH/scripts/rh/day038_h1_3e10_gpu.py", line 447, in slab_budget_gpu
    re_t = cp.log(abs_g2t2) - cp.log(A) + 0.5 / A
           ~~~~~~~~~~~~~~~~~~~~~~~~~~~~~^~~~~~~~~
  File "cupy/_core/core.pyx", line 1566, in cupy._core.core._ndarray_base.__add__
  File "cupy/_core/_kernel.pyx", line 1374, in cupy._core._kernel.ufunc.__call__
  File "cupy/_core/_kernel.pyx", line 657, in cupy._core._kernel._get_out_args_from_optionals
  File "cupy/_core/core.pyx", line 3342, in cupy._core.core._ndarray_init
  File "cupy/_core/core.pyx", line 300, in cupy._core.core._ndarray_base._init_fast
  File "cupy/cuda/memory.pyx", line 904, in cupy.cuda.memory.alloc
  File "cupy/cuda/memory.pyx", line 1614, in cupy.cuda.memory.MemoryPool.malloc
  File "cupy/cuda/memory.pyx", line 1635, in cupy.cuda.memory.MemoryPool.malloc
  File "cupy/cuda/memory.pyx", line 1350, in cupy.cuda.memory.SingleDeviceMemoryPool.malloc
  File "cupy/cuda/memory.pyx", line 1376, in cupy.cuda.memory.SingleDeviceMemoryPool._malloc
  File "cupy/cuda/memory.pyx", line 1560, in cupy.cuda.memory.SingleDeviceMemoryPool._try_malloc
cupy.cuda.memory.OutOfMemoryError: Out of memory allocating 134,217,728 bytes (allocated so far: 4,160,749,568 bytes).
    self.run()
  File "/usr/lib/python3.12/threading.py", line 1010, in run
    self._target(*self._args, **self._kwargs)
  File "/workspace/h1/RH/scripts/rh/day038_h1_3e10_gpu.py", line 569, in _chunk
    sr, si, br, bi, s_ar, dm = slabfn(
                               ^^^^^^^
  File "/workspace/h1/RH/scripts/rh/day038_h1_3e10_gpu.py", line 447, in slab_budget_gpu
    re_t = cp.log(abs_g2t2) - cp.log(A) + 0.5 / A
                              ^^^^^^^^^
  File "cupy/_core/_kernel.pyx", line 1374, in cupy._core._kernel.ufunc.__call__
  File "cupy/_core/_kernel.pyx", line 657, in cupy._core._kernel._get_out_args_from_optionals
  File "cupy/_core/core.pyx", line 3342, in cupy._core.core._ndarray_init
  File "cupy/_core/core.pyx", line 300, in cupy._core.core._ndarray_base._init_fast
  File "cupy/cuda/memory.pyx", line 904, in cupy.cuda.memory.alloc
  File "cupy/cuda/memory.pyx", line 1614, in cupy.cuda.memory.MemoryPool.malloc
  File "cupy/cuda/memory.pyx", line 1635, in cupy.cuda.memory.MemoryPool.malloc
  File "cupy/cuda/memory.pyx", line 1350, in cupy.cuda.memory.SingleDeviceMemoryPool.malloc
  File "cupy/cuda/memory.pyx", line 1376, in cupy.cuda.memory.SingleDeviceMemoryPool._malloc
  File "cupy/cuda/memory.pyx", line 1560, in cupy.cuda.memory.SingleDeviceMemoryPool._try_malloc
cupy.cuda.memory.OutOfMemoryError: Out of memory allocating 134,217,728 bytes (allocated so far: 4,429,185,024 bytes).
Exception in thread Thread-32 (_chunk):
Traceback (most recent call last):
  File "/usr/lib/python3.12/threading.py", line 1073, in _bootstrap_inner
    self.run()
  File "/usr/lib/python3.12/threading.py", line 1010, in run
    self._target(*self._args, **self._kwargs)
  File "/workspace/h1/RH/scripts/rh/day038_h1_3e10_gpu.py", line 569, in _chunk
    sr, si, br, bi, s_ar, dm = slabfn(
                               ^^^^^^^
  File "/workspace/h1/RH/scripts/rh/day038_h1_3e10_gpu.py", line 457, in slab_budget_gpu
    dimdg = tf * 2.0 * cc / (A * A)                # > 0
            ~~~~~~~~~~~~~~^~~~~~~~~
  File "cupy/_core/core.pyx", line 1606, in cupy._core.core._ndarray_base.__truediv__
  File "cupy/_core/_kernel.pyx", line 1374, in cupy._core._kernel.ufunc.__call__
  File "cupy/_core/_kernel.pyx", line 657, in cupy._core._kernel._get_out_args_from_optionals
  File "cupy/_core/core.pyx", line 3342, in cupy._core.core._ndarray_init
  File "cupy/_core/core.pyx", line 300, in cupy._core.core._ndarray_base._init_fast
  File "cupy/cuda/memory.pyx", line 904, in cupy.cuda.memory.alloc
  File "cupy/cuda/memory.pyx", line 1614, in cupy.cuda.memory.MemoryPool.malloc
  File "cupy/cuda/memory.pyx", line 1635, in cupy.cuda.memory.MemoryPool.malloc
  File "cupy/cuda/memory.pyx", line 1350, in cupy.cuda.memory.SingleDeviceMemoryPool.malloc
  File "cupy/cuda/memory.pyx", line 1376, in cupy.cuda.memory.SingleDeviceMemoryPool._malloc
  File "cupy/cuda/memory.pyx", line 1560, in cupy.cuda.memory.SingleDeviceMemoryPool._try_malloc
cupy.cuda.memory.OutOfMemoryError: Out of memory allocating 134,217,728 bytes (allocated so far: 3,489,687,552 bytes).
  ...t=3.491e+09 tail sweep 17% (1000 pieces, 8 threads)
  pt win=0 k=-12 x=3.491e+09 t=3490744648.31855 mnew=1.0000 mcert=1.0000 bexp=4.02e-04
  ...t=3.491e+09 tail sweep 25% (1500 pieces, 8 threads)
  ...t=3.491e+09 tail sweep 8% (500 pieces, 8 threads)
  ...t=3.491e+09 tail sweep 8% (500 pieces, 8 threads)
  ...t=3.491e+09 tail sweep 8% (500 pieces, 8 threads)
  ...t=3.491e+09 tail sweep 33% (2000 pieces, 8 threads)
  ...t=3.491e+09 tail sweep 17% (1000 pieces, 8 threads)
  ...t=3.491e+09 tail sweep 17% (1000 pieces, 8 threads)
  ...t=3.491e+09 tail sweep 41% (2500 pieces, 8 threads)
  ...t=3.491e+09 tail sweep 17% (1000 pieces, 8 threads)
  ...t=3.491e+09 tail sweep 25% (1500 pieces, 8 threads)
  ...t=3.491e+09 tail sweep 50% (3000 pieces, 8 threads)
  ...t=3.491e+09 tail sweep 33% (2000 pieces, 8 threads)
  ...t=3.491e+09 tail sweep 25% (1500 pieces, 8 threads)
  ...t=3.491e+09 tail sweep 25% (1500 pieces, 8 threads)
  ...t=3.491e+09 tail sweep 58% (3500 pieces, 8 threads)
  ...t=3.491e+09 tail sweep 41% (2500 pieces, 8 threads)
  ...t=3.491e+09 tail sweep 66% (4000 pieces, 8 threads)
  ...t=3.491e+09 tail sweep 33% (2000 pieces, 8 threads)
  ...t=3.491e+09 tail sweep 33% (2000 pieces, 8 threads)
  ...t=3.491e+09 tail sweep 50% (3000 pieces, 8 threads)
  ...t=3.491e+09 tail sweep 74% (4500 pieces, 8 threads)
point  job  (win  0,  k  -4,  x=3490744654)  WORKER  FAILED:  TypeError('cannot unpack non-iterable NoneType object')  --  done  points  are  checkpointed;  supervisor  resumes
Exception in thread Thread-39 (_chunk):
Traceback (most recent call last):
  File "/usr/lib/python3.12/threading.py", line 1073, in _bootstrap_inner
Exception in thread Thread-35 (_chunk):
Traceback (most recent call last):
  File "/usr/lib/python3.12/threading.py", line 1073, in _bootstrap_inner
Exception in thread Thread-40 (_chunk)    self.run()
  File "/usr/lib/python3.12/threading.py", line 1010, in run
    self._target(*self._args, **self._kwargs)
  File "/workspace/h1/RH/scripts/rh/day038_h1_3e10_gpu.py", line 569, in _chunk
    self.run()
  File "/usr/lib/python3.12/threading.py", line 1010, in run
    sr, si, br, bi, s_ar, dm = slabfn(
                               ^^^^^^^
  File "/workspace/h1/RH/scripts/rh/day038_h1_3e10_gpu.py", line 447, in slab_budget_gpu
    re_t = cp.log(abs_g2t2) - cp.log(A) + 0.5 / A
           ~~~~~~~~~~~~~~~~~^~~~~~~~~~~
  File "cupy/_core/core.pyx", line 1574, in cupy._core.core._ndarray_base.__sub__
  File "cupy/_core/_kernel.pyx", line 1374, in cupy._core._kernel.ufunc.__call__
  File "cupy/_core/_kernel.pyx", line 657, in cupy._core._kernel._get_out_args_from_optionals
  File "cupy/_core/core.pyx", line 3342, in cupy._core.core._ndarray_init
  File "cupy/_core/core.pyx", line 300, in cupy._core.core._ndarray_base._init_fast
  File "cupy/cuda/memory.pyx", line 904, in cupy.cuda.memory.alloc
  File "cupy/cuda/memory.pyx", line 1614, in cupy.cuda.memory.MemoryPool.malloc
  File "cupy/cuda/memory.pyx", line 1635, in cupy.cuda.memory.MemoryPool.malloc
  File "cupy/cuda/memory.pyx", line 1350, in cupy.cuda.memory.SingleDeviceMemoryPool.malloc
  File "cupy/cuda/memory.pyx", line 1376, in cupy.cuda.memory.SingleDeviceMemoryPool._malloc
  File "cupy/cuda/memory.pyx", line 1560, in cupy.cuda.memory.SingleDeviceMemoryPool._try_malloc
cupy.cuda.memory.OutOfMemoryError: Out of memory allocating 134,217,728 bytes (allocated so far: 5,234,491,392 bytes).
    self._target(*self._args, **self._kwargs)
  File "/workspace/h1/RH/scripts/rh/day038_h1_3e10_gpu.py", line 569, in _chunk
    sr, si, br, bi, s_ar, dm = slabfn(
                               ^^^^^^^
  File "/workspace/h1/RH/scripts/rh/day038_h1_3e10_gpu.py", line 446, in slab_budget_gpu
    abs_g2t2 = cp.abs(g2 - t2)
                      ~~~^~~~
  File "cupy/_core/core.pyx", line 1578, in cupy._core.core._ndarray_base.__sub__
  File "cupy/_core/core.pyx", line 2024, in cupy._core.core._ndarray_base.__array_ufunc__
  File "cupy/_core/_kernel.pyx", line 1374, in cupy._core._kernel.ufunc.__call__
  File "cupy/_core/_kernel.pyx", line 657, in cupy._core._kernel._get_out_args_from_optionals
  File "cupy/_core/core.pyx", line 3342, in cupy._core.core._ndarray_init
  File "cupy/_core/core.pyx", line 300, in cupy._core.core._ndarray_base._init_fast
  File "cupy/cuda/memory.pyx", line 904, in cupy.cuda.memory.alloc
  File "cupy/cuda/memory.pyx", line 1614, in cupy.cuda.memory.MemoryPool.malloc
  File "cupy/cuda/memory.pyx", line 1635, in cupy.cuda.memory.MemoryPool.malloc
  File "cupy/cuda/memory.pyx", line 1350, in cupy.cuda.memory.SingleDeviceMemoryPool.malloc
  File "cupy/cuda/memory.pyx", line 1376, in cupy.cuda.memory.SingleDeviceMemoryPool._malloc
  File "cupy/cuda/memory.pyx", line 1560, in cupy.cuda.memory.SingleDeviceMemoryPool._try_malloc
cupy.cuda.memory.OutOfMemoryError: Out of memory allocating 134,217,728 bytes (allocated so far: 4,966,055,936 bytes).
:
Traceback (most recent call last):
  File "/usr/lib/python3.12/threading.py", line 1073, in _bootstrap_inner
    self.run()
  File "/usr/lib/python3.12/threading.py", line 1010, in run
    self._target(*self._args, **self._kwargs)
  File "/workspace/h1/RH/scripts/rh/day038_h1_3e10_gpu.py", line 569, in _chunk
    sr, si, br, bi, s_ar, dm = slabfn(
                               ^^^^^^^
  File "/workspace/h1/RH/scripts/rh/day038_h1_3e10_gpu.py", line 446, in slab_budget_gpu
    abs_g2t2 = cp.abs(g2 - t2)
               ^^^^^^^^^^^^^^^
  File "cupy/_core/_kernel.pyx", line 1374, in cupy._core._kernel.ufunc.__call__
  File "cupy/_core/_kernel.pyx", line 657, in cupy._core._kernel._get_out_args_from_optionals
  File "cupy/_core/core.pyx", line 3342, in cupy._core.core._ndarray_init
  File "cupy/_core/core.pyx", line 300, in cupy._core.core._ndarray_base._init_fast
  File "cupy/cuda/memory.pyx", line 904, in cupy.cuda.memory.alloc
  File "cupy/cuda/memory.pyx", line 1614, in cupy.cuda.memory.MemoryPool.malloc
  File "cupy/cuda/memory.pyx", line 1635, in cupy.cuda.memory.MemoryPool.malloc
  File "cupy/cuda/memory.pyx", line 1350, in cupy.cuda.memory.SingleDeviceMemoryPool.malloc
  File "cupy/cuda/memory.pyx", line 1376, in cupy.cuda.memory.SingleDeviceMemoryPool._malloc
  File "cupy/cuda/memory.pyx", line 1560, in cupy.cuda.memory.SingleDeviceMemoryPool._try_malloc
cupy.cuda.memory.OutOfMemoryError: Out of memory allocating 134,217,728 bytes (allocated so far: 5,100,273,664 bytes).
Exception in thread Thread-33 (_chunk):
Traceback (most recent call last):
  File "/usr/lib/python3.12/threading.py", line 1073, in _bootstrap_inner
    self.run()
  File "/usr/lib/python3.12/threading.py", line 1010, in run
    self._target(*self._args, **self._kwargs)
  File "/workspace/h1/RH/scripts/rh/day038_h1_3e10_gpu.py", line 569, in _chunk
    sr, si, br, bi, s_ar, dm = slabfn(
                               ^^^^^^^
  File "/workspace/h1/RH/scripts/rh/day038_h1_3e10_gpu.py", line 452, in slab_budget_gpu
    S2 = float(cp.maximum(cp.abs(re_t), 0.5 / A).sum())
               ^^^^^^^^^^^^^^^^^^^^^^^^^^^^^^^^^
  File "cupy/_core/_kernel.pyx", line 1374, in cupy._core._kernel.ufunc.__call__
  File "cupy/_core/_kernel.pyx", line 657, in cupy._core._kernel._get_out_args_from_optionals
  File "cupy/_core/core.pyx", line 3342, in cupy._core.core._ndarray_init
  File "cupy/_core/core.pyx", line 300, in cupy._core.core._ndarray_base._init_fast
  File "cupy/cuda/memory.pyx", line 904, in cupy.cuda.memory.alloc
  File "cupy/cuda/memory.pyx", line 1614, in cupy.cuda.memory.MemoryPool.malloc
  File "cupy/cuda/memory.pyx", line 1635, in cupy.cuda.memory.MemoryPool.malloc
  File "cupy/cuda/memory.pyx", line 1350, in cupy.cuda.memory.SingleDeviceMemoryPool.malloc
  File "cupy/cuda/memory.pyx", line 1376, in cupy.cuda.memory.SingleDeviceMemoryPool._malloc
  File "cupy/cuda/memory.pyx", line 1560, in cupy.cuda.memory.SingleDeviceMemoryPool._try_malloc
cupy.cuda.memory.OutOfMemoryError: Out of memory allocating 134,217,728 bytes (allocated so far: 4,697,620,480 bytes).
Exception in thread Thread-34 (_chunk):
Traceback (most recent call last):
  File "/usr/lib/python3.12/threading.py", line 1073, in _bootstrap_inner
    self.run()
  File "/usr/lib/python3.12/threading.py", line 1010, in run
    self._target(*self._args, **self._kwargs)
  File "/workspace/h1/RH/scripts/rh/day038_h1_3e10_gpu.py", line 569, in _chunk
    sr, si, br, bi, s_ar, dm = slabfn(
                               ^^^^^^^
  File "/workspace/h1/RH/scripts/rh/day038_h1_3e10_gpu.py", line 452, in slab_budget_gpu
    S2 = float(cp.maximum(cp.abs(re_t), 0.5 / A).sum())
               ^^^^^^^^^^^^^^^^^^^^^^^^^^^^^^^^^
  File "cupy/_core/_kernel.pyx", line 1374, in cupy._core._kernel.ufunc.__call__
  File "cupy/_core/_kernel.pyx", line 657, in cupy._core._kernel._get_out_args_from_optionals
  File "cupy/_core/core.pyx", line 3342, in cupy._core.core._ndarray_init
  File "cupy/_core/core.pyx", line 300, in cupy._core.core._ndarray_base._init_fast
  File "cupy/cuda/memory.pyx", line 904, in cupy.cuda.memory.alloc
  File "cupy/cuda/memory.pyx", line 1614, in cupy.cuda.memory.MemoryPool.malloc
  File "cupy/cuda/memory.pyx", line 1635, in cupy.cuda.memory.MemoryPool.malloc
  File "cupy/cuda/memory.pyx", line 1350, in cupy.cuda.memory.SingleDeviceMemoryPool.malloc
  File "cupy/cuda/memory.pyx", line 1376, in cupy.cuda.memory.SingleDeviceMemoryPool._malloc
  File "cupy/cuda/memory.pyx", line 1560, in cupy.cuda.memory.SingleDeviceMemoryPool._try_malloc
cupy.cuda.memory.OutOfMemoryError: Out of memory allocating 134,217,728 bytes (allocated so far: 4,697,620,480 bytes).
  ...t=3.491e+09 tail sweep 58% (3500 pieces, 8 threads)
point  job  (win  0,  k  -3,  x=3490744654)  WORKER  FAILED:  TypeError('cannot unpack non-iterable NoneType object')  --  done  points  are  checkpointed;  supervisor  resumes
Exception in thread Thread-26 (_chunk):
Traceback (most recent call last):
  File "/usr/lib/python3.12/threading.py", line 1073, in _bootstrap_inner
Exception in thread Thread-28 (_chunk):
Traceback (most recent call last):
  File "/usr/lib/python3.12/threading.py", line 1073, in _bootstrap_inner
    self.run()
  File "/usr/lib/python3.12/threading.py", line 1010, in run
    self._target(*self._args, **self._kwargs)
Exception in thread   File "/workspace/h1/RH/scripts/rh/day038_h1_3e10_gpu.py", line 569, in _chunk
    sr, si, br, bi, s_ar, dm = slabfn(
                               ^^^^^^^
  File "/workspace/h1/RH/scripts/rh/day038_h1_3e10_gpu.py", line 444, in slab_budget_gpu
    g2 = cc * cc
         ~~~^~~~
  File "cupy/_core/core.pyx", line 1582, in cupy._core.core._ndarray_base.__mul__
  File "cupy/_core/_kernel.pyx", line 1374, in cupy._core._kernel.ufunc.__call__
  File "cupy/_core/_kernel.pyx", line 657, in cupy._core._kernel._get_out_args_from_optionals
  File "cupy/_core/core.pyx", line 3342, in cupy._core.core._ndarray_init
  File "cupy/_core/core.pyx", line 300, in cupy._core.core._ndarray_base._init_fast
  File "cupy/cuda/memory.pyx", line 904, in cupy.cuda.memory.alloc
  File "cupy/cuda/memory.pyx", line 1614, in cupy.cuda.memory.MemoryPool.malloc
  File "cupy/cuda/memory.pyx", line 1635, in cupy.cuda.memory.MemoryPool.malloc
  File "cupy/cuda/memory.pyx", line 1350, in cupy.cuda.memory.SingleDeviceMemoryPool.malloc
  File "cupy/cuda/memory.pyx", line 1376, in cupy.cuda.memory.SingleDeviceMemoryPool._malloc
  File "cupy/cuda/memory.pyx", line 1560, in cupy.cuda.memory.SingleDeviceMemoryPool._try_malloc
cupy.cuda.memory.OutOfMemoryError: Out of memory allocating 134,217,728 bytes (allocated so far: 4,966,056,448 bytes).
Thread-27 (_chunk):
Traceback (most recent call last):
  File "/usr/lib/python3.12/threading.py", line 1073, in _bootstrap_inner
    self.run()
  File "/usr/lib/python3.12/threading.py", line 1010, in run
    self._target(*self._args, **self._kwargs)
  File "/workspace/h1/RH/scripts/rh/day038_h1_3e10_gpu.py", line 569, in _chunk
    sr, si, br, bi, s_ar, dm = slabfn(
                               ^^^^^^^
  File "/workspace/h1/RH/scripts/rh/day038_h1_3e10_gpu.py", line 458, in slab_budget_gpu
    S4 = float((dg * dredg).sum())
               ^^^^^^^^^^^^^^^^^^
  File "cupy/_core/core.pyx", line 1391, in cupy._core.core._ndarray_base.sum
  File "cupy/_core/core.pyx", line 1400, in cupy._core.core._ndarray_base.sum
  File "cupy/_core/_routines_math.pyx", line 115, in cupy._core._routines_math._ndarray_sum
  File "cupy/cuda/cub.pyx", line 446, in cupy.cuda.cub.cub_reduction
  File "cupy/cuda/cub.pyx", line 495, in cupy.cuda.cub.cub_reduction
  File "cupy/cuda/cub.pyx", line 171, in cupy.cuda.cub.device_reduce
  File "cupy/_core/core.pyx", line 176, in cupy._core.core.ndarray.__new__
  File "cupy/_core/core.pyx", line 282, in cupy._core.core._ndarray_base._init
  File "cupy/cuda/memory.pyx", line 904, in cupy.cuda.memory.alloc
  File "cupy/cuda/memory.pyx", line 1614, in cupy.cuda.memory.MemoryPool.malloc
  File "cupy/cuda/memory.pyx", line 1635, in cupy.cuda.memory.MemoryPool.malloc
  File "cupy/cuda/memory.pyx", line 1350, in cupy.cuda.memory.SingleDeviceMemoryPool.malloc
  File "cupy/cuda/memory.pyx", line 1376, in cupy.cuda.memory.SingleDeviceMemoryPool._malloc
  File "cupy/cuda/memory.pyx", line 1560, in cupy.cuda.memory.SingleDeviceMemoryPool._try_malloc
cupy.cuda.memory.OutOfMemoryError: Out of memory allocating 512 bytes (allocated so far: 4,966,055,936 bytes).
    self.run()
  File "/usr/lib/python3.12/threading.py", line 1010, in run
    self._target(*self._args, **self._kwargs)
  File "/workspace/h1/RH/scripts/rh/day038_h1_3e10_gpu.py", line 569, in _chunk
    sr, si, br, bi, s_ar, dm = slabfn(
                               ^^^^^^^
  File "/workspace/h1/RH/scripts/rh/day038_h1_3e10_gpu.py", line 452, in slab_budget_gpu
    S2 = float(cp.maximum(cp.abs(re_t), 0.5 / A).sum())
                                        ~~~~^~~
  File "cupy/_core/core.pyx", line 1606, in cupy._core.core._ndarray_base.__truediv__
  File "cupy/_core/_kernel.pyx", line 1374, in cupy._core._kernel.ufunc.__call__
  File "cupy/_core/_kernel.pyx", line 657, in cupy._core._kernel._get_out_args_from_optionals
  File "cupy/_core/core.pyx", line 3342, in cupy._core.core._ndarray_init
  File "cupy/_core/core.pyx", line 300, in cupy._core.core._ndarray_base._init_fast
  File "cupy/cuda/memory.pyx", line 904, in cupy.cuda.memory.alloc
  File "cupy/cuda/memory.pyx", line 1614, in cupy.cuda.memory.MemoryPool.malloc
  File "cupy/cuda/memory.pyx", line 1635, in cupy.cuda.memory.MemoryPool.malloc
  File "cupy/cuda/memory.pyx", line 1350, in cupy.cuda.memory.SingleDeviceMemoryPool.malloc
  File "cupy/cuda/memory.pyx", line 1376, in cupy.cuda.memory.SingleDeviceMemoryPool._malloc
  File "cupy/cuda/memory.pyx", line 1560, in cupy.cuda.memory.SingleDeviceMemoryPool._try_malloc
cupy.cuda.memory.OutOfMemoryError: Out of memory allocating 134,217,728 bytes (allocated so far: 5,100,274,176 bytes).
Exception in thread Thread-32 (_chunk):
Traceback (most recent call last):
  File "/usr/lib/python3.12/threading.py", line 1073, in _bootstrap_inner
    self.run()
  File "/usr/lib/python3.12/threading.py", line 1010, in run
    self._target(*self._args, **self._kwargs)
  File "/workspace/h1/RH/scripts/rh/day038_h1_3e10_gpu.py", line 569, in _chunk
    sr, si, br, bi, s_ar, dm = slabfn(
                               ^^^^^^^
  File "/workspace/h1/RH/scripts/rh/day038_h1_3e10_gpu.py", line 454, in slab_budget_gpu
    dg = U64 * cp.abs(cc)
         ~~~~^~~~~~~~~~~~
  File "cupy/_core/core.pyx", line 1582, in cupy._core.core._ndarray_base.__mul__
  File "cupy/_core/_kernel.pyx", line 1374, in cupy._core._kernel.ufunc.__call__
  File "cupy/_core/_kernel.pyx", line 657, in cupy._core._kernel._get_out_args_from_optionals
  File "cupy/_core/core.pyx", line 3342, in cupy._core.core._ndarray_init
  File "cupy/_core/core.pyx", line 300, in cupy._core.core._ndarray_base._init_fast
  File "cupy/cuda/memory.pyx", line 904, in cupy.cuda.memory.alloc
  File "cupy/cuda/memory.pyx", line 1614, in cupy.cuda.memory.MemoryPool.malloc
  File "cupy/cuda/memory.pyx", line 1635, in cupy.cuda.memory.MemoryPool.malloc
  File "cupy/cuda/memory.pyx", line 1350, in cupy.cuda.memory.SingleDeviceMemoryPool.malloc
  File "cupy/cuda/memory.pyx", line 1376, in cupy.cuda.memory.SingleDeviceMemoryPool._malloc
  File "cupy/cuda/memory.pyx", line 1560, in cupy.cuda.memory.SingleDeviceMemoryPool._try_malloc
cupy.cuda.memory.OutOfMemoryError: Out of memory allocating 134,217,728 bytes (allocated so far: 4,966,055,936 bytes).
Exception in thread Thread-31 (_chunk):
Traceback (most recent call last):
  File "/usr/lib/python3.12/threading.py", line 1073, in _bootstrap_inner
    self.run()
  File "/usr/lib/python3.12/threading.py", line 1010, in run
    self._target(*self._args, **self._kwargs)
  File "/workspace/h1/RH/scripts/rh/day038_h1_3e10_gpu.py", line 569, in _chunk
    sr, si, br, bi, s_ar, dm = slabfn(
                               ^^^^^^^
  File "/workspace/h1/RH/scripts/rh/day038_h1_3e10_gpu.py", line 451, in slab_budget_gpu
    S1 = float(cp.abs(re_t).sum())
               ^^^^^^^^^^^^^^^^^^
  File "cupy/_core/core.pyx", line 1391, in cupy._core.core._ndarray_base.sum
  File "cupy/_core/core.pyx", line 1400, in cupy._core.core._ndarray_base.sum
  File "cupy/_core/_routines_math.pyx", line 115, in cupy._core._routines_math._ndarray_sum
  File "cupy/cuda/cub.pyx", line 446, in cupy.cuda.cub.cub_reduction
  File "cupy/cuda/cub.pyx", line 495, in cupy.cuda.cub.cub_reduction
  File "cupy/cuda/cub.pyx", line 171, in cupy.cuda.cub.device_reduce
  File "cupy/_core/core.pyx", line 176, in cupy._core.core.ndarray.__new__
  File "cupy/_core/core.pyx", line 282, in cupy._core.core._ndarray_base._init
  File "cupy/cuda/memory.pyx", line 904, in cupy.cuda.memory.alloc
  File "cupy/cuda/memory.pyx", line 1614, in cupy.cuda.memory.MemoryPool.malloc
  File "cupy/cuda/memory.pyx", line 1635, in cupy.cuda.memory.MemoryPool.malloc
  File "cupy/cuda/memory.pyx", line 1350, in cupy.cuda.memory.SingleDeviceMemoryPool.malloc
  File "cupy/cuda/memory.pyx", line 1376, in cupy.cuda.memory.SingleDeviceMemoryPool._malloc
  File "cupy/cuda/memory.pyx", line 1560, in cupy.cuda.memory.SingleDeviceMemoryPool._try_malloc
cupy.cuda.memory.OutOfMemoryError: Out of memory allocating 512 bytes (allocated so far: 4,831,838,208 bytes).
Exception in thread Thread-25 (_chunk):
Traceback (most recent call last):
  File "/usr/lib/python3.12/threading.py", line 1073, in _bootstrap_inner
    self.run()
  File "/usr/lib/python3.12/threading.py", line 1010, in run
    self._target(*self._args, **self._kwargs)
  File "/workspace/h1/RH/scripts/rh/day038_h1_3e10_gpu.py", line 569, in _chunk
    sr, si, br, bi, s_ar, dm = slabfn(
                               ^^^^^^^
  File "/workspace/h1/RH/scripts/rh/day038_h1_3e10_gpu.py", line 457, in slab_budget_gpu
    dimdg = tf * 2.0 * cc / (A * A)                # > 0
            ~~~~~~~~~~~~~~^~~~~~~~~
  File "cupy/_core/core.pyx", line 1606, in cupy._core.core._ndarray_base.__truediv__
  File "cupy/_core/_kernel.pyx", line 1374, in cupy._core._kernel.ufunc.__call__
  File "cupy/_core/_kernel.pyx", line 657, in cupy._core._kernel._get_out_args_from_optionals
  File "cupy/_core/core.pyx", line 3342, in cupy._core.core._ndarray_init
  File "cupy/_core/core.pyx", line 300, in cupy._core.core._ndarray_base._init_fast
  File "cupy/cuda/memory.pyx", line 904, in cupy.cuda.memory.alloc
  File "cupy/cuda/memory.pyx", line 1614, in cupy.cuda.memory.MemoryPool.malloc
  File "cupy/cuda/memory.pyx", line 1635, in cupy.cuda.memory.MemoryPool.malloc
  File "cupy/cuda/memory.pyx", line 1350, in cupy.cuda.memory.SingleDeviceMemoryPool.malloc
  File "cupy/cuda/memory.pyx", line 1376, in cupy.cuda.memory.SingleDeviceMemoryPool._malloc
  File "cupy/cuda/memory.pyx", line 1560, in cupy.cuda.memory.SingleDeviceMemoryPool._try_malloc
cupy.cuda.memory.OutOfMemoryError: Out of memory allocating 134,217,728 bytes (allocated so far: 4,697,620,480 bytes).
  ...t=3.491e+09 tail sweep 83% (5000 pieces, 8 threads)
H1_WINDOWS:  running  windows  1  (1  of  29)
resume:  window   0  (x=3490744654)  2/24  points  on disk
memguard:  MemAvailable  740.9  GiB,  reserve  28  GiB,  ~2.5  GiB/thread  x  4  threads  ->  allow  <=  10  contexts  (=  40  slab  threads;  11  GPU  clients  incl.  Xorg  vs  budget  11)
day038  gpu  H1-3e10:  FULL,  22  point  jobs  remaining (1  windows,  4  contexts  x  4  threads)
pids: parent=4222 workers=4 written to ckpt_h1_3e10/run.pids
overlap: 152/12626784 zeros differ by <=1.00 ulp (last byte,  rounding-level) --  those indices certified with dg x3
stitch: B from element 12626784 (first zero 1006346000.166784); overlap cross-check 12626632/12626784 byte-equal
tail3e10: L 52290633 + A 2792198664 + B' 3053546936 + C 3142622346 + D 92577877714 = 101618536293 zeros (812.9 GB); G_LAST = 30001045999.981976
overlap: 152/12626784 zeros differ by <=1.00 ulp (last byte,  rounding-level) --  those indices certified with dg x3
stitch: B from element 12626784 (first zero 1006346000.166784); overlap cross-check 12626632/12626784 byte-equal
tail3e10: L 52290633 + A 2792198664 + B' 3053546936 + C 3142622346 + D 92577877714 = 101618536293 zeros (812.9 GB); G_LAST = 30001045999.981976
overlap: 152/12626784 zeros differ by <=1.00 ulp (last byte,  rounding-level) --  those indices certified with dg x3
stitch: B from element 12626784 (first zero 1006346000.166784); overlap cross-check 12626632/12626784 byte-equal
tail3e10: L 52290633 + A 2792198664 + B' 3053546936 + C 3142622346 + D 92577877714 = 101618536293 zeros (812.9 GB); G_LAST = 30001045999.981976
overlap: 152/12626784 zeros differ by <=1.00 ulp (last byte,  rounding-level) --  those indices certified with dg x3
stitch: B from element 12626784 (first zero 1006346000.166784); overlap cross-check 12626632/12626784 byte-equal
tail3e10: L 52290633 + A 2792198664 + B' 3053546936 + C 3142622346 + D 92577877714 = 101618536293 zeros (812.9 GB); G_LAST = 30001045999.981976
  ...t=3.491e+09 tail sweep 8% (500 pieces, 4 threads)
  ...t=3.491e+09 tail sweep 8% (500 pieces, 4 threads)
  ...t=3.491e+09 tail sweep 8% (500 pieces, 4 threads)
  ...t=3.491e+09 tail sweep 8% (500 pieces, 4 threads)
  ...t=3.491e+09 tail sweep 17% (1000 pieces, 4 threads)
  ...t=3.491e+09 tail sweep 17% (1000 pieces, 4 threads)
  ...t=3.491e+09 tail sweep 17% (1000 pieces, 4 threads)
  ...t=3.491e+09 tail sweep 17% (1000 pieces, 4 threads)
  ...t=3.491e+09 tail sweep 25% (1500 pieces, 4 threads)
  ...t=3.491e+09 tail sweep 25% (1500 pieces, 4 threads)
  ...t=3.491e+09 tail sweep 25% (1500 pieces, 4 threads)
  ...t=3.491e+09 tail sweep 25% (1500 pieces, 4 threads)
  ...t=3.491e+09 tail sweep 33% (2000 pieces, 4 threads)
  ...t=3.491e+09 tail sweep 33% (2000 pieces, 4 threads)
  ...t=3.491e+09 tail sweep 33% (2000 pieces, 4 threads)
  ...t=3.491e+09 tail sweep 33% (2000 pieces, 4 threads)
  ...t=3.491e+09 tail sweep 41% (2500 pieces, 4 threads)
  ...t=3.491e+09 tail sweep 41% (2500 pieces, 4 threads)
  ...t=3.491e+09 tail sweep 41% (2500 pieces, 4 threads)
  ...t=3.491e+09 tail sweep 41% (2500 pieces, 4 threads)
  ...t=3.491e+09 tail sweep 50% (3000 pieces, 4 threads)
  ...t=3.491e+09 tail sweep 50% (3000 pieces, 4 threads)
  ...t=3.491e+09 tail sweep 50% (3000 pieces, 4 threads)
  ...t=3.491e+09 tail sweep 50% (3000 pieces, 4 threads)
  ...t=3.491e+09 tail sweep 58% (3500 pieces, 4 threads)
  ...t=3.491e+09 tail sweep 58% (3500 pieces, 4 threads)
  ...t=3.491e+09 tail sweep 58% (3500 pieces, 4 threads)
  ...t=3.491e+09 tail sweep 58% (3500 pieces, 4 threads)
  ...t=3.491e+09 tail sweep 66% (4000 pieces, 4 threads)
  ...t=3.491e+09 tail sweep 66% (4000 pieces, 4 threads)
  ...t=3.491e+09 tail sweep 66% (4000 pieces, 4 threads)
  ...t=3.491e+09 tail sweep 66% (4000 pieces, 4 threads)
  ...t=3.491e+09 tail sweep 74% (4500 pieces, 4 threads)
  ...t=3.491e+09 tail sweep 74% (4500 pieces, 4 threads)
  ...t=3.491e+09 tail sweep 74% (4500 pieces, 4 threads)
  ...t=3.491e+09 tail sweep 74% (4500 pieces, 4 threads)
  ...t=3.491e+09 tail sweep 83% (5000 pieces, 4 threads)
  ...t=3.491e+09 tail sweep 83% (5000 pieces, 4 threads)
  ...t=3.491e+09 tail sweep 83% (5000 pieces, 4 threads)
  ...t=3.491e+09 tail sweep 83% (5000 pieces, 4 threads)
  ...t=3.491e+09 tail sweep 91% (5500 pieces, 4 threads)
  ...t=3.491e+09 tail sweep 91% (5500 pieces, 4 threads)
  ...t=3.491e+09 tail sweep 91% (5500 pieces, 4 threads)
  ...t=3.491e+09 tail sweep 91% (5500 pieces, 4 threads)
  ...t=3.491e+09 tail sweep 99% (6000 pieces, 4 threads)
  ...t=3.491e+09 tail sweep 99% (6000 pieces, 4 threads)
  ...t=3.491e+09 tail sweep 99% (6000 pieces, 4 threads)
  ...t=3.491e+09 tail sweep 99% (6000 pieces, 4 threads)
  pt win=0 k=-11 x=3.491e+09 t=3490744648.81855 mnew=1.0000 mcert=1.0000 bexp=4.17e-04
  pt win=0 k=-7 x=3.491e+09 t=3490744650.81855 mnew=1.0000 mcert=1.0000 bexp=4.09e-04
  pt win=0 k=-9 x=3.491e+09 t=3490744649.81855 mnew=1.0000 mcert=1.0000 bexp=4.01e-04
  pt win=0 k=-8 x=3.491e+09 t=3490744650.31855 mnew=1.0000 mcert=1.0000 bexp=4.00e-04
  ...t=3.491e+09 tail sweep 8% (500 pieces, 4 threads)
  ...t=3.491e+09 tail sweep 8% (500 pieces, 4 threads)
  ...t=3.491e+09 tail sweep 8% (500 pieces, 4 threads)
  ...t=3.491e+09 tail sweep 8% (500 pieces, 4 threads)
  ...t=3.491e+09 tail sweep 17% (1000 pieces, 4 threads)
  ...t=3.491e+09 tail sweep 17% (1000 pieces, 4 threads)
  ...t=3.491e+09 tail sweep 17% (1000 pieces, 4 threads)
  ...t=3.491e+09 tail sweep 17% (1000 pieces, 4 threads)
  ...t=3.491e+09 tail sweep 25% (1500 pieces, 4 threads)
  ...t=3.491e+09 tail sweep 25% (1500 pieces, 4 threads)
  ...t=3.491e+09 tail sweep 25% (1500 pieces, 4 threads)
  ...t=3.491e+09 tail sweep 25% (1500 pieces, 4 threads)
  ...t=3.491e+09 tail sweep 33% (2000 pieces, 4 threads)
  ...t=3.491e+09 tail sweep 33% (2000 pieces, 4 threads)
  ...t=3.491e+09 tail sweep 33% (2000 pieces, 4 threads)
  ...t=3.491e+09 tail sweep 33% (2000 pieces, 4 threads)
  ...t=3.491e+09 tail sweep 41% (2500 pieces, 4 threads)
  ...t=3.491e+09 tail sweep 41% (2500 pieces, 4 threads)
  ...t=3.491e+09 tail sweep 41% (2500 pieces, 4 threads)
  ...t=3.491e+09 tail sweep 41% (2500 pieces, 4 threads)
  ...t=3.491e+09 tail sweep 50% (3000 pieces, 4 threads)
  ...t=3.491e+09 tail sweep 50% (3000 pieces, 4 threads)
  ...t=3.491e+09 tail sweep 50% (3000 pieces, 4 threads)
  ...t=3.491e+09 tail sweep 50% (3000 pieces, 4 threads)
  ...t=3.491e+09 tail sweep 58% (3500 pieces, 4 threads)
  ...t=3.491e+09 tail sweep 58% (3500 pieces, 4 threads)
  ...t=3.491e+09 tail sweep 58% (3500 pieces, 4 threads)
  ...t=3.491e+09 tail sweep 58% (3500 pieces, 4 threads)
  ...t=3.491e+09 tail sweep 66% (4000 pieces, 4 threads)
  ...t=3.491e+09 tail sweep 66% (4000 pieces, 4 threads)
  ...t=3.491e+09 tail sweep 66% (4000 pieces, 4 threads)
  ...t=3.491e+09 tail sweep 66% (4000 pieces, 4 threads)
  ...t=3.491e+09 tail sweep 74% (4500 pieces, 4 threads)
  ...t=3.491e+09 tail sweep 74% (4500 pieces, 4 threads)
  ...t=3.491e+09 tail sweep 74% (4500 pieces, 4 threads)
  ...t=3.491e+09 tail sweep 74% (4500 pieces, 4 threads)
  ...t=3.491e+09 tail sweep 83% (5000 pieces, 4 threads)
  ...t=3.491e+09 tail sweep 83% (5000 pieces, 4 threads)
  ...t=3.491e+09 tail sweep 83% (5000 pieces, 4 threads)
  ...t=3.491e+09 tail sweep 83% (5000 pieces, 4 threads)
  ...t=3.491e+09 tail sweep 91% (5500 pieces, 4 threads)
  ...t=3.491e+09 tail sweep 91% (5500 pieces, 4 threads)
  ...t=3.491e+09 tail sweep 91% (5500 pieces, 4 threads)
  ...t=3.491e+09 tail sweep 91% (5500 pieces, 4 threads)
  ...t=3.491e+09 tail sweep 99% (6000 pieces, 4 threads)
  ...t=3.491e+09 tail sweep 99% (6000 pieces, 4 threads)
  ...t=3.491e+09 tail sweep 99% (6000 pieces, 4 threads)
  ...t=3.491e+09 tail sweep 99% (6000 pieces, 4 threads)
  pt win=0 k=-5 x=3.491e+09 t=3490744651.81855 mnew=1.0000 mcert=1.0000 bexp=4.02e-04
  pt win=0 k=-6 x=3.491e+09 t=3490744651.31855 mnew=1.0000 mcert=1.0000 bexp=4.18e-04
  pt win=0 k=-4 x=3.491e+09 t=3490744652.31855 mnew=1.0000 mcert=1.0000 bexp=4.04e-04
  pt win=0 k=-3 x=3.491e+09 t=3490744652.81855 mnew=1.0000 mcert=1.0000 bexp=4.04e-04
  ...t=3.491e+09 tail sweep 8% (500 pieces, 4 threads)
  ...t=3.491e+09 tail sweep 8% (500 pieces, 4 threads)
  ...t=3.491e+09 tail sweep 8% (500 pieces, 4 threads)
  ...t=3.491e+09 tail sweep 8% (500 pieces, 4 threads)
  ...t=3.491e+09 tail sweep 17% (1000 pieces, 4 threads)
  ...t=3.491e+09 tail sweep 17% (1000 pieces, 4 threads)
  ...t=3.491e+09 tail sweep 17% (1000 pieces, 4 threads)
  ...t=3.491e+09 tail sweep 17% (1000 pieces, 4 threads)
  ...t=3.491e+09 tail sweep 25% (1500 pieces, 4 threads)
  ...t=3.491e+09 tail sweep 25% (1500 pieces, 4 threads)
  ...t=3.491e+09 tail sweep 25% (1500 pieces, 4 threads)
  ...t=3.491e+09 tail sweep 25% (1500 pieces, 4 threads)
  ...t=3.491e+09 tail sweep 33% (2000 pieces, 4 threads)
  ...t=3.491e+09 tail sweep 33% (2000 pieces, 4 threads)
  ...t=3.491e+09 tail sweep 33% (2000 pieces, 4 threads)
  ...t=3.491e+09 tail sweep 33% (2000 pieces, 4 threads)
  ...t=3.491e+09 tail sweep 41% (2500 pieces, 4 threads)
  ...t=3.491e+09 tail sweep 41% (2500 pieces, 4 threads)
  ...t=3.491e+09 tail sweep 41% (2500 pieces, 4 threads)
  ...t=3.491e+09 tail sweep 41% (2500 pieces, 4 threads)
  ...t=3.491e+09 tail sweep 50% (3000 pieces, 4 threads)
  ...t=3.491e+09 tail sweep 50% (3000 pieces, 4 threads)
  ...t=3.491e+09 tail sweep 50% (3000 pieces, 4 threads)
  ...t=3.491e+09 tail sweep 50% (3000 pieces, 4 threads)
  ...t=3.491e+09 tail sweep 58% (3500 pieces, 4 threads)
  ...t=3.491e+09 tail sweep 58% (3500 pieces, 4 threads)
  ...t=3.491e+09 tail sweep 58% (3500 pieces, 4 threads)
  ...t=3.491e+09 tail sweep 58% (3500 pieces, 4 threads)
  ...t=3.491e+09 tail sweep 66% (4000 pieces, 4 threads)
  ...t=3.491e+09 tail sweep 66% (4000 pieces, 4 threads)
  ...t=3.491e+09 tail sweep 66% (4000 pieces, 4 threads)
  ...t=3.491e+09 tail sweep 66% (4000 pieces, 4 threads)
  ...t=3.491e+09 tail sweep 74% (4500 pieces, 4 threads)
  ...t=3.491e+09 tail sweep 74% (4500 pieces, 4 threads)
  ...t=3.491e+09 tail sweep 74% (4500 pieces, 4 threads)
  ...t=3.491e+09 tail sweep 74% (4500 pieces, 4 threads)
  ...t=3.491e+09 tail sweep 83% (5000 pieces, 4 threads)
  ...t=3.491e+09 tail sweep 83% (5000 pieces, 4 threads)
  ...t=3.491e+09 tail sweep 83% (5000 pieces, 4 threads)
  ...t=3.491e+09 tail sweep 83% (5000 pieces, 4 threads)
  ...t=3.491e+09 tail sweep 91% (5500 pieces, 4 threads)
  ...t=3.491e+09 tail sweep 91% (5500 pieces, 4 threads)
  ...t=3.491e+09 tail sweep 91% (5500 pieces, 4 threads)
  ...t=3.491e+09 tail sweep 91% (5500 pieces, 4 threads)
  ...t=3.491e+09 tail sweep 99% (6000 pieces, 4 threads)
  ...t=3.491e+09 tail sweep 99% (6000 pieces, 4 threads)
  ...t=3.491e+09 tail sweep 99% (6000 pieces, 4 threads)
  ...t=3.491e+09 tail sweep 99% (6000 pieces, 4 threads)
  pt win=0 k=-2 x=3.491e+09 t=3490744653.31855 mnew=1.0000 mcert=1.0000 bexp=4.02e-04
  pt win=0 k=-1 x=3.491e+09 t=3490744653.81855 mnew=1.0000 mcert=1.0000 bexp=4.09e-04
  pt win=0 k=+1 x=3.491e+09 t=3490744654.81855 mnew=1.0000 mcert=1.0000 bexp=4.01e-04
  pt win=0 k=+2 x=3.491e+09 t=3490744655.31855 mnew=1.0000 mcert=1.0000 bexp=4.00e-04
  ...t=3.491e+09 tail sweep 8% (500 pieces, 4 threads)
  ...t=3.491e+09 tail sweep 8% (500 pieces, 4 threads)
  ...t=3.491e+09 tail sweep 8% (500 pieces, 4 threads)
  ...t=3.491e+09 tail sweep 8% (500 pieces, 4 threads)
  ...t=3.491e+09 tail sweep 17% (1000 pieces, 4 threads)
  ...t=3.491e+09 tail sweep 17% (1000 pieces, 4 threads)
  ...t=3.491e+09 tail sweep 17% (1000 pieces, 4 threads)
  ...t=3.491e+09 tail sweep 17% (1000 pieces, 4 threads)
  ...t=3.491e+09 tail sweep 25% (1500 pieces, 4 threads)
  ...t=3.491e+09 tail sweep 25% (1500 pieces, 4 threads)
  ...t=3.491e+09 tail sweep 25% (1500 pieces, 4 threads)
  ...t=3.491e+09 tail sweep 25% (1500 pieces, 4 threads)
  ...t=3.491e+09 tail sweep 33% (2000 pieces, 4 threads)
  ...t=3.491e+09 tail sweep 33% (2000 pieces, 4 threads)
  ...t=3.491e+09 tail sweep 33% (2000 pieces, 4 threads)
  ...t=3.491e+09 tail sweep 33% (2000 pieces, 4 threads)
  ...t=3.491e+09 tail sweep 41% (2500 pieces, 4 threads)
  ...t=3.491e+09 tail sweep 41% (2500 pieces, 4 threads)
  ...t=3.491e+09 tail sweep 41% (2500 pieces, 4 threads)
  ...t=3.491e+09 tail sweep 41% (2500 pieces, 4 threads)
  ...t=3.491e+09 tail sweep 50% (3000 pieces, 4 threads)
  ...t=3.491e+09 tail sweep 50% (3000 pieces, 4 threads)
  ...t=3.491e+09 tail sweep 50% (3000 pieces, 4 threads)
  ...t=3.491e+09 tail sweep 50% (3000 pieces, 4 threads)
  ...t=3.491e+09 tail sweep 58% (3500 pieces, 4 threads)
  ...t=3.491e+09 tail sweep 58% (3500 pieces, 4 threads)
  ...t=3.491e+09 tail sweep 58% (3500 pieces, 4 threads)
  ...t=3.491e+09 tail sweep 58% (3500 pieces, 4 threads)
  ...t=3.491e+09 tail sweep 66% (4000 pieces, 4 threads)
  ...t=3.491e+09 tail sweep 66% (4000 pieces, 4 threads)
  ...t=3.491e+09 tail sweep 66% (4000 pieces, 4 threads)
  ...t=3.491e+09 tail sweep 66% (4000 pieces, 4 threads)
  ...t=3.491e+09 tail sweep 74% (4500 pieces, 4 threads)
  ...t=3.491e+09 tail sweep 74% (4500 pieces, 4 threads)
  ...t=3.491e+09 tail sweep 74% (4500 pieces, 4 threads)
  ...t=3.491e+09 tail sweep 74% (4500 pieces, 4 threads)
  ...t=3.491e+09 tail sweep 83% (5000 pieces, 4 threads)
  ...t=3.491e+09 tail sweep 83% (5000 pieces, 4 threads)
  ...t=3.491e+09 tail sweep 83% (5000 pieces, 4 threads)
  ...t=3.491e+09 tail sweep 83% (5000 pieces, 4 threads)
  ...t=3.491e+09 tail sweep 91% (5500 pieces, 4 threads)
  ...t=3.491e+09 tail sweep 91% (5500 pieces, 4 threads)
  ...t=3.491e+09 tail sweep 91% (5500 pieces, 4 threads)
  ...t=3.491e+09 tail sweep 91% (5500 pieces, 4 threads)
  ...t=3.491e+09 tail sweep 99% (6000 pieces, 4 threads)
  ...t=3.491e+09 tail sweep 99% (6000 pieces, 4 threads)
  ...t=3.491e+09 tail sweep 99% (6000 pieces, 4 threads)
  ...t=3.491e+09 tail sweep 99% (6000 pieces, 4 threads)
  pt win=0 k=+4 x=3.491e+09 t=3490744656.31855 mnew=1.0000 mcert=1.0000 bexp=4.03e-04
  pt win=0 k=+3 x=3.491e+09 t=3490744655.81855 mnew=1.0000 mcert=1.0000 bexp=4.01e-04
  pt win=0 k=+5 x=3.491e+09 t=3490744656.81855 mnew=1.0000 mcert=1.0000 bexp=4.04e-04
  pt win=0 k=+6 x=3.491e+09 t=3490744657.31855 mnew=1.0000 mcert=1.0000 bexp=4.11e-04
  ...t=3.491e+09 tail sweep 8% (500 pieces, 4 threads)
  ...t=3.491e+09 tail sweep 8% (500 pieces, 4 threads)
  ...t=3.491e+09 tail sweep 8% (500 pieces, 4 threads)
  ...t=3.491e+09 tail sweep 8% (500 pieces, 4 threads)
  ...t=3.491e+09 tail sweep 17% (1000 pieces, 4 threads)
  ...t=3.491e+09 tail sweep 17% (1000 pieces, 4 threads)
  ...t=3.491e+09 tail sweep 17% (1000 pieces, 4 threads)
  ...t=3.491e+09 tail sweep 17% (1000 pieces, 4 threads)
  ...t=3.491e+09 tail sweep 25% (1500 pieces, 4 threads)
  ...t=3.491e+09 tail sweep 25% (1500 pieces, 4 threads)
  ...t=3.491e+09 tail sweep 25% (1500 pieces, 4 threads)
  ...t=3.491e+09 tail sweep 25% (1500 pieces, 4 threads)
  ...t=3.491e+09 tail sweep 33% (2000 pieces, 4 threads)
  ...t=3.491e+09 tail sweep 33% (2000 pieces, 4 threads)
  ...t=3.491e+09 tail sweep 33% (2000 pieces, 4 threads)
  ...t=3.491e+09 tail sweep 33% (2000 pieces, 4 threads)
  ...t=3.491e+09 tail sweep 41% (2500 pieces, 4 threads)
  ...t=3.491e+09 tail sweep 41% (2500 pieces, 4 threads)
  ...t=3.491e+09 tail sweep 41% (2500 pieces, 4 threads)
  ...t=3.491e+09 tail sweep 41% (2500 pieces, 4 threads)
  ...t=3.491e+09 tail sweep 50% (3000 pieces, 4 threads)
  ...t=3.491e+09 tail sweep 50% (3000 pieces, 4 threads)
  ...t=3.491e+09 tail sweep 50% (3000 pieces, 4 threads)
  ...t=3.491e+09 tail sweep 50% (3000 pieces, 4 threads)
  ...t=3.491e+09 tail sweep 58% (3500 pieces, 4 threads)
  ...t=3.491e+09 tail sweep 58% (3500 pieces, 4 threads)
  ...t=3.491e+09 tail sweep 58% (3500 pieces, 4 threads)
  ...t=3.491e+09 tail sweep 58% (3500 pieces, 4 threads)
  ...t=3.491e+09 tail sweep 66% (4000 pieces, 4 threads)
  ...t=3.491e+09 tail sweep 66% (4000 pieces, 4 threads)
  ...t=3.491e+09 tail sweep 66% (4000 pieces, 4 threads)
  ...t=3.491e+09 tail sweep 66% (4000 pieces, 4 threads)
  ...t=3.491e+09 tail sweep 74% (4500 pieces, 4 threads)
  ...t=3.491e+09 tail sweep 74% (4500 pieces, 4 threads)
  ...t=3.491e+09 tail sweep 74% (4500 pieces, 4 threads)
  ...t=3.491e+09 tail sweep 74% (4500 pieces, 4 threads)
  ...t=3.491e+09 tail sweep 83% (5000 pieces, 4 threads)
  ...t=3.491e+09 tail sweep 83% (5000 pieces, 4 threads)
  ...t=3.491e+09 tail sweep 83% (5000 pieces, 4 threads)
  ...t=3.491e+09 tail sweep 83% (5000 pieces, 4 threads)
  ...t=3.491e+09 tail sweep 91% (5500 pieces, 4 threads)
  ...t=3.491e+09 tail sweep 91% (5500 pieces, 4 threads)
  ...t=3.491e+09 tail sweep 91% (5500 pieces, 4 threads)
  ...t=3.491e+09 tail sweep 91% (5500 pieces, 4 threads)
  ...t=3.491e+09 tail sweep 99% (6000 pieces, 4 threads)
  ...t=3.491e+09 tail sweep 99% (6000 pieces, 4 threads)
  ...t=3.491e+09 tail sweep 99% (6000 pieces, 4 threads)
  ...t=3.491e+09 tail sweep 99% (6000 pieces, 4 threads)
  pt win=0 k=+10 x=3.491e+09 t=3490744659.31855 mnew=1.0000 mcert=1.0000 bexp=4.08e-04
  pt win=0 k=+7 x=3.491e+09 t=3490744657.81855 mnew=1.0000 mcert=1.0000 bexp=4.10e-04
  pt win=0 k=+9 x=3.491e+09 t=3490744658.81855 mnew=1.0000 mcert=1.0000 bexp=4.01e-04
  pt win=0 k=+8 x=3.491e+09 t=3490744658.31855 mnew=1.0000 mcert=1.0000 bexp=4.03e-04
  ...t=3.491e+09 tail sweep 8% (500 pieces, 4 threads)
  ...t=3.491e+09 tail sweep 8% (500 pieces, 4 threads)
  ...t=3.491e+09 tail sweep 17% (1000 pieces, 4 threads)
  ...t=3.491e+09 tail sweep 17% (1000 pieces, 4 threads)
  ...t=3.491e+09 tail sweep 25% (1500 pieces, 4 threads)
  ...t=3.491e+09 tail sweep 25% (1500 pieces, 4 threads)
  ...t=3.491e+09 tail sweep 33% (2000 pieces, 4 threads)
  ...t=3.491e+09 tail sweep 33% (2000 pieces, 4 threads)
  ...t=3.491e+09 tail sweep 41% (2500 pieces, 4 threads)
  ...t=3.491e+09 tail sweep 41% (2500 pieces, 4 threads)
  ...t=3.491e+09 tail sweep 50% (3000 pieces, 4 threads)
  ...t=3.491e+09 tail sweep 50% (3000 pieces, 4 threads)
  ...t=3.491e+09 tail sweep 58% (3500 pieces, 4 threads)
  ...t=3.491e+09 tail sweep 58% (3500 pieces, 4 threads)
  ...t=3.491e+09 tail sweep 66% (4000 pieces, 4 threads)
  ...t=3.491e+09 tail sweep 66% (4000 pieces, 4 threads)
  ...t=3.491e+09 tail sweep 74% (4500 pieces, 4 threads)
  ...t=3.491e+09 tail sweep 74% (4500 pieces, 4 threads)
  ...t=3.491e+09 tail sweep 83% (5000 pieces, 4 threads)
  ...t=3.491e+09 tail sweep 83% (5000 pieces, 4 threads)
  ...t=3.491e+09 tail sweep 91% (5500 pieces, 4 threads)
  ...t=3.491e+09 tail sweep 91% (5500 pieces, 4 threads)
  ...t=3.491e+09 tail sweep 99% (6000 pieces, 4 threads)
  ...t=3.491e+09 tail sweep 99% (6000 pieces, 4 threads)
  pt win=0 k=+12 x=3.491e+09 t=3490744660.31855 mnew=1.0000 mcert=1.0000 bexp=4.03e-04
  pt win=0 k=+11 x=3.491e+09 t=3490744659.81855 mnew=1.0000 mcert=1.0000 bexp=4.07e-04
           x            g best_mnew worst_mcert      btot      flag
 3.49074e+09 3490744654.3186  1.000000   1.000000  5.02e-04 -
worst certified margin = 1.000000 at t = 3490744648.31855 (computed 1.000000)
margin_cert < 1: [3490744649.319, 3490744648.319, 3490744648.819, 3490744650.819, 3490744649.819, 3490744650.319, 3490744651.819, 3490744651.319, 3490744652.319, 3490744652.819, 3490744653.319, 3490744653.819]
margin_new  < 1: [3490744649.319, 3490744648.319, 3490744648.819, 3490744650.819, 3490744649.819, 3490744650.319, 3490744651.819, 3490744651.319, 3490744652.319, 3490744652.819, 3490744653.319, 3490744653.819]
wall = 23645.5 s
STATUS: see the pre-registered reading C-2/C-3
H1  FULL-DONE:  1  windows,  24  points,  assembled  to  /workspace/h1/RH/scripts/rh/out_day038_full_pts.txt;  instance  wall  6.6  h
